docID,edinetCode,secCode,filerName,periodEnd,submitDateTime,scanDate
S100WKVQ,E05527,24590,アウンコンサルティング株式会社,2025-05-31,2025-08-25 09:04,2025-08-25
S100WKOH,E05289,23030,株式会社ドーン,2025-05-31,2025-08-25 09:30,2025-08-25
S100WKVW,E00687,38920,株式会社岡山製紙,2025-05-31,2025-08-25 10:34,2025-08-25
S100WL0T,E03386,27220,株式会社ＩＫホールディングス,2025-05-31,2025-08-25 11:21,2025-08-25
S100WKJF,E03424,27920,株式会社ハニーズホールディングス,2025-05-31,2025-08-25 11:48,2025-08-25
S100WKTA,E05313,89080,株式会社毎日コムネット,2025-05-31,2025-08-25 11:56,2025-08-25
S100WKS0,E39646,189A0,株式会社Ｄ＆Ｍカンパニー,2025-05-31,2025-08-25 13:04,2025-08-25
S100WKUS,E02842,74870,小津産業株式会社,2025-05-31,2025-08-25 13:30,2025-08-25
S100WKLV,E04764,97650,株式会社オオバ,2025-05-31,2025-08-25 13:42,2025-08-25
S100WKV4,E30598,32970,株式会社東武住販,2025-05-31,2025-08-25 14:31,2025-08-25
S100WL4W,E05379,27960,ファーマライズホールディングス株式会社,2025-05-31,2025-08-25 15:09,2025-08-25
S100WKSN,E00006,13770,株式会社　サカタのタネ,2025-05-31,2025-08-25 15:23,2025-08-25
S100WL3G,E38662,55750,株式会社Ｇｌｏｂｅｅ,2025-05-31,2025-08-25 15:30,2025-08-25
S100WKZJ,E34960,44430,Ｓａｎｓａｎ株式会社,2025-05-31,2025-08-25 15:30,2025-08-25
S100WL64,E34995,70680,フィードフォースグループ株式会社,2025-05-31,2025-08-25 15:58,2025-08-25
S100WL5W,E02336,77250,株式会社インターアクション,2025-05-31,2025-08-25 16:03,2025-08-25
S100WL8B,E03169,98120,株式会社テーオーホールディングス,2025-05-31,2025-08-26 09:20,2025-08-26
S100WL0G,E00890,44650,株式会社ニイタカ,2025-05-31,2025-08-26 10:07,2025-08-26
S100WL9D,E36350,48850,室町ケミカル株式会社,2025-05-31,2025-08-26 10:40,2025-08-26
S100WL6X,E01742,65050,東洋電機製造株式会社,2025-05-31,2025-08-26 10:51,2025-08-26
S100WLAZ,E05176,48340,キャリアバンク株式会社,2025-05-31,2025-08-26 12:26,2025-08-26
S100WL4U,E00004,13760,カネコ種苗株式会社,2025-05-31,2025-08-26 13:10,2025-08-26
S100WL6P,E33800,29340,ジェイフロンティア株式会社,2025-05-31,2025-08-26 14:18,2025-08-26
S100WL79,E05162,48250,株式会社ウェザーニューズ,2025-05-31,2025-08-26 15:07,2025-08-26
S100WJUP,E26831,59320,三協立山株式会社,2025-05-31,2025-08-26 16:00,2025-08-26
S100WLAB,E33254,65520,株式会社ＧａｍｅＷｉｔｈ,2025-05-31,2025-08-26 16:00,2025-08-26
S100WL3S,E04036,89400,株式会社インテリックス,2025-05-31,2025-08-26 16:06,2025-08-26
S100WLC9,E31306,14300,ファーストコーポレーション株式会社,2025-05-31,2025-08-27 09:23,2025-08-27
S100WKIB,E33393,92650,ヤマシタヘルスケアホールディングス株式会社,2025-05-31,2025-08-27 10:00,2025-08-27
S100WL1X,E02480,37910,株式会社ＩＧポート,2025-05-31,2025-08-27 10:30,2025-08-27
S100WLJ8,E05706,21530,Ｅ・Ｊホールディングス株式会社,2025-05-31,2025-08-27 10:49,2025-08-27
S100WLI3,E03465,30210,株式会社パシフィックネット,2025-05-31,2025-08-27 11:00,2025-08-27
S100WLLK,E40189,340A0,株式会社ジグザグ,2025-05-31,2025-08-27 13:07,2025-08-27
S100WLIX,E36840,40760,株式会社シイエヌエス,2025-05-31,2025-08-27 13:15,2025-08-27
S100WLIK,E39137,55950,株式会社ＱＰＳ研究所,2025-05-31,2025-08-27 14:23,2025-08-27
S100WKLO,E02323,77130,シグマ光機株式会社,2025-05-31,2025-08-27 14:41,2025-08-27
S100WLJD,E01649,64960,株式会社中北製作所,2025-05-31,2025-08-27 14:42,2025-08-27
S100WLEX,E00574,35010,ＳＵＭＩＮＯＥ株式会社,2025-05-31,2025-08-27 15:03,2025-08-27
S100WL8L,E05641,38240,メディアファイブ株式会社,2025-05-31,2025-08-27 15:04,2025-08-27
S100WLMY,E24187,45770,ダイト株式会社,2025-05-31,2025-08-27 15:13,2025-08-27
S100WLNY,E04767,,互助会保証株式会社,2025-05-31,2025-08-27 15:15,2025-08-27
S100WLMH,E31454,60470,株式会社Ｇｕｎｏｓｙ,2025-05-31,2025-08-27 15:30,2025-08-27
S100WL4I,E27305,14190,タマホーム株式会社,2025-05-31,2025-08-27 15:30,2025-08-27
S100WLO0,E40500,402A0,株式会社アクセルスペースホールディングス,2025-05-31,2025-08-27 15:30,2025-08-27
S100WLO9,E24982,36450,株式会社メディカルネット,2025-05-31,2025-08-27 15:31,2025-08-27
S100WLH6,E00323,14010,株式会社エムビーエス,2025-05-31,2025-08-27 15:39,2025-08-27
S100WLGP,E36637,41980,株式会社テンダ,2025-05-31,2025-08-27 15:42,2025-08-27
S100WLGA,E27855,60830,ＥＲＩホールディングス株式会社,2025-05-31,2025-08-27 15:42,2025-08-27
S100WKXB,E01672,64890,前澤工業株式会社,2025-05-31,2025-08-27 15:44,2025-08-27
S100WL4H,E04873,96510,日本プロセス株式会社,2025-05-31,2025-08-27 15:47,2025-08-27
S100WLO4,E05169,48290,日本エンタープライズ株式会社,2025-05-31,2025-08-27 16:21,2025-08-27
S100WLM8,E39671,205A0,株式会社ロゴスホールディングス,2025-05-31,2025-08-27 16:28,2025-08-27
S100WLPO,E33928,65780,株式会社コレックホールディングス,2025-02-28,2025-08-27 16:55,2025-08-27
S100WLHT,E02803,74340,株式会社オータケ,2025-05-31,2025-08-28 10:41,2025-08-28
S100WLRT,E05536,24620,ライク株式会社,2025-05-31,2025-08-28 11:42,2025-08-28
S100WLV7,E01380,59670,ＴＯＮＥ株式会社,2025-05-31,2025-08-28 12:07,2025-08-28
S100WLJK,E40147,277A0,グロービング株式会社,2025-05-31,2025-08-28 13:08,2025-08-28
S100WLI2,E04685,,株式会社金太郎温泉,2025-05-31,2025-08-28 13:27,2025-08-28
S100WLY9,E39708,198A0,ＰｏｓｔＰｒｉｍｅ株式会社,2025-05-31,2025-08-28 15:03,2025-08-28
S100WLXE,E34663,44300,東海ソフト株式会社,2025-05-31,2025-08-28 15:17,2025-08-28
S100WLYW,E03989,88870,株式会社シーラホールディングス,2025-05-31,2025-08-28 15:30,2025-08-28
S100WLW2,E04064,32360,株式会社プロパスト,2025-05-31,2025-08-28 15:38,2025-08-28
S100WL3H,E05449,37600,株式会社ケイブ,2025-05-31,2025-08-28 15:49,2025-08-28
S100WLSP,E03446,33490,株式会社コスモス薬品,2025-05-31,2025-08-28 17:02,2025-08-28
S100WK6A,E03189,,株式会社ドミー,2025-05-31,2025-08-29 09:02,2025-08-29
S100WLYT,E33497,78080,株式会社シー・エス・ランバー,2025-05-31,2025-08-29 09:05,2025-08-29
S100WLZJ,E00866,78880,三光合成株式会社,2025-05-31,2025-08-29 09:12,2025-08-29
S100WLZA,E05053,47350,株式会社京進,2025-05-31,2025-08-29 10:24,2025-08-29
S100WM4B,E04601,,新橋演舞場株式会社,2025-05-31,2025-08-29 10:41,2025-08-29
S100WM3R,E34644,76730,ダイコー通産株式会社,2025-05-31,2025-08-29 10:44,2025-08-29
S100WLR3,E01508,61500,タケダ機械株式会社,2025-05-31,2025-08-29 11:15,2025-08-29
S100WM1E,E03310,75960,株式会社魚力,2025-03-31,2025-08-29 11:51,2025-08-29
S100WLY3,E37399,92160,ビーウィズ株式会社,2025-05-31,2025-08-29 12:06,2025-08-29
S100VW9D,E05600,,モジュレ株式会社,2025-05-31,2025-08-29 13:00,2025-08-29
S100WLX8,E37627,192A0,インテグループ株式会社,2025-05-31,2025-08-29 14:48,2025-08-29
S100WM70,E05601,38100,サイバーステップ株式会社,2025-05-31,2025-08-29 15:00,2025-08-29
S100WM8S,E38690,55770,株式会社アイデミー,2025-05-31,2025-08-29 15:30,2025-08-29
S100WM4T,E05450,24370,Ｓｈｉｎｗａ　Ｗｉｓｅ　Ｈｏｌｄｉｎｇｓ株式会社,2025-05-31,2025-08-29 15:32,2025-08-29
S100WLAF,E31379,60440,株式会社三機サービス,2025-05-31,2025-08-29 15:32,2025-08-29
S100WM3J,E40516,353A0,エレベーターコミュニケーションズ株式会社,2025-05-31,2025-08-29 15:35,2025-08-29
S100WLQL,E03409,27690,株式会社ヴィレッジヴァンガードコーポレーション,2025-05-31,2025-08-29 15:35,2025-08-29
S100WMBE,E40662,372A0,株式会社レント,2025-05-31,2025-09-01 11:30,2025-09-01
S100WNI1,E39505,208A0,株式会社構造計画研究所ホールディングス,2025-06-30,2025-09-05 16:02,2025-09-05
S100WNXO,E33416,92670,Ｇｅｎｋｙ　ＤｒｕｇＳｔｏｒｅｓ株式会社,2025-06-20,2025-09-10 10:53,2025-09-10
S100WO68,E30501,31910,株式会社ジョイフル本田,2025-06-20,2025-09-16 11:06,2025-09-16
S100WOXW,E38202,71160,ダイワ通信株式会社,2025-03-31,2025-09-16 11:56,2025-09-16
S100WP0H,E01420,59660,京都機械工具株式会社,2025-03-31,2025-09-16 15:23,2025-09-16
S100WOVG,E03196,99420,株式会社ジョイフル,2025-06-30,2025-09-16 17:00,2025-09-16
S100WOZY,E02398,79620,株式会社キングジム,2025-06-20,2025-09-17 10:01,2025-09-17
S100WP1M,E05191,48470,株式会社インテリジェント　ウェイブ,2025-06-30,2025-09-17 11:55,2025-09-17
S100WPIP,E33026,39840,株式会社ユーザーローカル,2025-06-30,2025-09-17 15:31,2025-09-17
S100WOO0,E05163,48260,株式会社ＣＩＪ,2025-06-30,2025-09-17 15:53,2025-09-17
S100WP45,E02448,59030,シンポ株式会社,2025-06-30,2025-09-18 09:16,2025-09-18
S100WPSG,E00009,13810,株式会社アクシーズ,2025-06-30,2025-09-18 17:09,2025-09-18
S100WPOP,E05663,38360,株式会社アバントグループ,2025-06-30,2025-09-19 12:59,2025-09-19
S100WPID,E34111,43960,株式会社システムサポート,2025-06-30,2025-09-19 14:12,2025-09-19
S100WOJI,E36393,93460,株式会社ココルポート,2025-06-30,2025-09-19 15:22,2025-09-19
S100WPQK,E34288,43980,株式会社ブロードバンドセキュリティ,2025-06-30,2025-09-19 15:30,2025-09-19
S100WQ16,E04972,46570,株式会社環境管理センター,2025-06-30,2025-09-22 09:24,2025-09-22
S100WPSX,E30071,60900,ヒューマン・メタボローム・テクノロジーズ株式会社,2025-06-30,2025-09-22 09:28,2025-09-22
S100WQ1K,E00476,29040,一正蒲鉾株式会社,2025-06-30,2025-09-22 10:02,2025-09-22
S100WQ81,E38452,93440,アクシスコンサルティング株式会社,2025-06-30,2025-09-22 10:18,2025-09-22
S100WPVC,E05576,24810,株式会社タウンニュース社,2025-06-30,2025-09-22 10:40,2025-09-22
S100WQ8N,E37796,95570,株式会社エアークローゼット,2025-06-30,2025-09-22 10:46,2025-09-22
S100WQCA,E05695,21540,株式会社オープンアップグループ,2025-06-30,2025-09-22 15:30,2025-09-22
S100WPWK,E34045,43910,ロジザード株式会社,2025-06-30,2025-09-22 15:30,2025-09-22
S100WPS5,E35578,44950,株式会社アイキューブドシステムズ,2025-06-30,2025-09-22 16:00,2025-09-22
S100WQAH,E02492,78210,前田工繊株式会社,2025-06-30,2025-09-22 16:16,2025-09-22
S100WQGP,E01208,52830,株式会社高見澤,2025-06-30,2025-09-24 09:08,2025-09-24
S100WQDH,E02847,75000,西川計測株式会社,2025-06-30,2025-09-24 09:26,2025-09-24
S100WQ4P,E33838,65710,キュービーネットホールディングス株式会社,2025-06-30,2025-09-24 09:49,2025-09-24
S100WQ48,E02928,26890,オルバヘルスケアホールディングス株式会社,2025-06-30,2025-09-24 10:00,2025-09-24
S100WQN6,E01666,63400,澁谷工業株式会社,2025-06-30,2025-09-24 10:19,2025-09-24
S100WQIM,E05100,47670,株式会社テー・オー・ダブリュー,2025-06-30,2025-09-24 10:30,2025-09-24
S100WQF8,E04008,89120,株式会社エリアクエスト,2025-06-30,2025-09-24 10:58,2025-09-24
S100WP4G,E04680,,各務原開発株式会社,2025-06-30,2025-09-24 11:02,2025-09-24
S100WQAL,E05367,23850,株式会社総医研ホールディングス,2025-06-30,2025-09-24 11:07,2025-09-24
S100WQ31,E02039,68740,協立電機株式会社,2025-06-30,2025-09-24 11:27,2025-09-24
S100WQPA,E32988,65470,株式会社グリーンズ,2025-06-30,2025-09-24 11:49,2025-09-24
S100WQEO,E31575,62390,株式会社ナガオカ,2025-06-30,2025-09-24 11:53,2025-09-24
S100WQQ5,E31573,39160,デジタル・インフォメーション・テクノロジー株式会社,2025-06-30,2025-09-24 13:15,2025-09-24
S100WQQU,E31343,60380,株式会社イード,2025-06-30,2025-09-24 13:49,2025-09-24
S100WQO9,E26444,60620,株式会社チャーム・ケア・コーポレーション,2025-06-30,2025-09-24 13:55,2025-09-24
S100WPZQ,E01219,53800,新東株式会社,2025-06-30,2025-09-24 14:06,2025-09-24
S100WQR9,E39408,157A0,グリーンモンスター株式会社,2025-06-30,2025-09-24 14:32,2025-09-24
S100WQOK,E36412,50740,テスホールディングス株式会社,2025-06-30,2025-09-24 14:48,2025-09-24
S100WPAF,E00010,13820,株式会社ホーブ,2025-06-30,2025-09-24 14:50,2025-09-24
S100WQRU,E36621,73690,株式会社メイホーホールディングス,2025-06-30,2025-09-24 14:57,2025-09-24
S100WQFJ,E30880,33000,株式会社アンビションＤＸホールディングス,2025-06-30,2025-09-24 15:00,2025-09-24
S100WQNM,E02349,77470,朝日インテック株式会社,2025-06-30,2025-09-24 15:00,2025-09-24
S100WQFV,E02324,68880,アクモス株式会社,2025-06-30,2025-09-24 15:08,2025-09-24
S100WQCJ,E39476,151A0,株式会社ダイブ,2025-06-30,2025-09-24 15:30,2025-09-24
S100WQSX,E38687,91590,株式会社Ｗ　ＴＯＫＹＯ,2025-06-30,2025-09-24 15:30,2025-09-24
S100WQDW,E34064,43850,株式会社メルカリ,2025-06-30,2025-09-24 15:30,2025-09-24
S100WQAK,E05239,43260,株式会社インテージホールディングス,2025-06-30,2025-09-24 15:30,2025-09-24
S100WQEC,E03475,30280,株式会社アルペン,2025-06-30,2025-09-24 15:30,2025-09-24
S100WQQH,E35004,78030,株式会社ブシロード,2025-06-30,2025-09-24 15:31,2025-09-24
S100WQAV,E27421,36750,株式会社クロス・マーケティンググループ,2025-06-30,2025-09-24 15:32,2025-09-24
S100WQ92,E03404,27620,株式会社ＳＡＮＫＯ　ＭＡＲＫＥＴＩＮＧ　ＦＯＯＤＳ,2025-06-30,2025-09-24 15:34,2025-09-24
S100WQLE,E05742,36250,テックファームホールディングス株式会社,2025-06-30,2025-09-24 15:36,2025-09-24
S100WQT7,E04069,32420,株式会社アーバネットコーポレーション,2025-06-30,2025-09-24 15:38,2025-09-24
S100WQNU,E31614,14310,株式会社Ｌｉｂ　Ｗｏｒｋ,2025-06-30,2025-09-24 15:40,2025-09-24
S100WQ94,E33839,94500,株式会社ファイバーゲート,2025-06-30,2025-09-24 15:48,2025-09-24
S100WQMM,E37546,92190,株式会社ギックス,2025-06-30,2025-09-24 16:00,2025-09-24
S100WQTJ,E37175,44180,株式会社ＪＤＳＣ,2025-06-30,2025-09-24 16:00,2025-09-24
S100WQCF,E24465,73710,Ｚｅｎｋｅｎ株式会社,2025-06-30,2025-09-24 16:00,2025-09-24
S100WQGU,E38460,52560,株式会社Ｆｕｓｉｃ,2025-06-30,2025-09-24 16:00,2025-09-24
S100WOVL,E05570,94210,株式会社エヌジェイホールディングス,2025-06-30,2025-09-24 16:05,2025-09-24
S100WQTF,E27464,32860,トラストホールディングス株式会社,2025-06-30,2025-09-24 16:11,2025-09-24
S100WQBH,E32181,35380,株式会社ウイルプラスホールディングス,2025-06-30,2025-09-24 16:29,2025-09-24
S100WQPM,E35821,40540,日本情報クリエイト株式会社,2025-06-30,2025-09-24 16:30,2025-09-24
S100WQS8,E00329,14140,ショーボンドホールディングス株式会社,2025-06-30,2025-09-25 09:10,2025-09-25
S100WQYW,E01215,,株式会社武井工業所,2025-06-30,2025-09-25 09:23,2025-09-25
S100WM9C,E38693,91650,株式会社クオルテック,2025-06-30,2025-09-25 09:44,2025-09-25
S100WQTA,E40715,378A0,株式会社ヒット,2025-06-30,2025-09-25 10:00,2025-09-25
S100WQZC,E04025,89280,穴吹興産株式会社,2025-06-30,2025-09-25 10:22,2025-09-25
S100WR0H,E38512,55300,日本システムバンク株式会社,2025-06-30,2025-09-25 10:30,2025-09-25
S100WQP5,E22995,31540,メディアスホールディングス株式会社,2025-06-30,2025-09-25 11:06,2025-09-25
S100WR11,E01068,49760,東洋ドライルーブ株式会社,2025-06-30,2025-09-25 11:27,2025-09-25
S100WQZF,E05505,89450,サンネクスタグループ株式会社,2025-06-30,2025-09-25 12:00,2025-09-25
S100WQD6,E02058,67850,株式会社鈴木,2025-06-30,2025-09-25 12:23,2025-09-25
S100WR24,E38139,93400,株式会社アソインターナショナル,2025-06-30,2025-09-25 13:00,2025-09-25
S100WQST,E21381,21800,株式会社サニーサイドアップグループ,2025-06-30,2025-09-25 13:12,2025-09-25
S100WR05,E03280,75320,株式会社パン・パシフィック・インターナショナルホールディングス,2025-06-30,2025-09-25 13:20,2025-09-25
S100WQWW,E38695,74090,ＡｅｒｏＥｄｇｅ株式会社,2025-06-30,2025-09-25 13:23,2025-09-25
S100WQN3,E02491,34390,株式会社三ツ知,2025-06-30,2025-09-25 13:52,2025-09-25
S100WR57,E03528,30970,株式会社物語コーポレーション,2025-06-30,2025-09-25 14:16,2025-09-25
S100WR5J,E31602,77810,株式会社平山ホールディングス,2025-06-30,2025-09-25 14:19,2025-09-25
S100WQJ2,E36969,71350,ジャパンクラフトホールディングス株式会社,2025-06-30,2025-09-25 15:04,2025-09-25
S100WQYI,E25817,36550,株式会社ブレインパッド,2025-06-30,2025-09-25 15:04,2025-09-25
S100WQQN,E31622,78120,株式会社クレステック,2025-06-30,2025-09-25 15:09,2025-09-25
S100WR7P,E36659,40680,ベイシス株式会社,2025-06-30,2025-09-25 15:16,2025-09-25
S100WQUM,E32364,28200,株式会社やまみ,2025-06-30,2025-09-25 15:24,2025-09-25
S100WR5N,E38698,91620,株式会社ブリーチ,2025-06-30,2025-09-25 15:30,2025-09-25
S100WQVK,E05458,24280,ウェルネット株式会社,2025-06-30,2025-09-25 15:30,2025-09-25
S100WPSD,E05187,48450,株式会社スカラ,2025-06-30,2025-09-25 15:31,2025-09-25
S100WQZW,E31524,94170,株式会社スマートバリュー,2025-06-30,2025-09-25 15:31,2025-09-25
S100WQOA,E05564,24770,手間いらず株式会社,2025-06-30,2025-09-25 15:31,2025-09-25
S100WQWR,E31284,34570,株式会社Ａｎｄ　Ｄｏホールディングス,2025-06-30,2025-09-25 15:33,2025-09-25
S100WQR3,E35325,44780,フリー株式会社,2025-06-30,2025-09-25 15:34,2025-09-25
S100WR44,E02485,78260,株式会社フルヤ金属,2025-06-30,2025-09-25 15:35,2025-09-25
S100WQU3,E33392,78090,株式会社壽屋,2025-06-30,2025-09-25 15:37,2025-09-25
S100WQVH,E36750,62270,ＡＩメカテック株式会社,2025-06-30,2025-09-25 15:38,2025-09-25
S100WQXY,E36312,40180,株式会社Ｇｅｏｌｏｃａｔｉｏｎ　Ｔｅｃｈｎｏｌｏｇｙ,2025-06-30,2025-09-25 15:42,2025-09-25
S100WQ7F,E01991,69200,レーザーテック株式会社,2025-06-30,2025-09-25 15:48,2025-09-25
S100WR5V,E03306,75850,株式会社かんなん丸,2025-06-30,2025-09-25 16:00,2025-09-25
S100WQWB,E38898,39580,笹徳印刷株式会社,2025-06-30,2025-09-25 16:00,2025-09-25
S100WQ3S,E36539,73770,ＤＮホールディングス株式会社,2025-06-30,2025-09-25 16:02,2025-09-25
S100WR6T,E27868,56980,株式会社エンビプロ・ホールディングス,2025-06-30,2025-09-25 16:26,2025-09-25
S100WR7B,E31216,60360,ＫｅｅＰｅｒ技研株式会社,2025-06-30,2025-09-25 16:33,2025-09-25
S100WQ2M,E38683,55820,株式会社グリッド,2025-06-30,2025-09-25 16:38,2025-09-25
S100WQ59,E05055,94390,株式会社エム・エイチ・グループ,2025-06-30,2025-09-25 16:45,2025-09-25
S100WRAR,E39645,197A0,株式会社タウンズ,2025-06-30,2025-09-25 16:47,2025-09-25
S100WQVV,E38979,29380,株式会社オカムラ食品工業,2025-06-30,2025-09-25 16:50,2025-09-25
S100WQNZ,E36666,40730,株式会社ジィ・シィ企画,2025-06-30,2025-09-25 17:00,2025-09-25
S100WQMF,E01713,63270,北川精機株式会社,2025-06-30,2025-09-26 09:09,2025-09-26
S100WQMZ,E00362,,新中糖産業株式会社,2025-06-30,2025-09-26 09:13,2025-09-26
S100WQ9V,E02920,34260,アトムリビンテック株式会社,2025-06-30,2025-09-26 10:10,2025-09-26
S100WQSP,E04339,93610,伏木海陸運送株式会社,2025-06-30,2025-09-26 10:28,2025-09-26
S100WRCV,E32683,65420,株式会社ＦＣホールディングス,2025-06-30,2025-09-26 11:21,2025-09-26
S100WRCI,E05740,21720,株式会社インサイト,2025-06-30,2025-09-26 11:55,2025-09-26
S100WRL1,E33777,34460,株式会社ジェイテックコーポレーション,2025-06-30,2025-09-26 13:14,2025-09-26
S100WRGF,E39488,176A0,レジル株式会社,2025-06-30,2025-09-26 13:18,2025-09-26
S100WRM2,E03006,30760,あいホールディングス株式会社,2025-06-30,2025-09-26 13:43,2025-09-26
S100WRK2,E31030,60280,テクノプロ・ホールディングス株式会社,2025-06-30,2025-09-26 14:17,2025-09-26
S100WQUS,E38722,387A0,フラー株式会社,2025-06-30,2025-09-26 15:30,2025-09-26
S100WR1U,E37207,42630,サスメド株式会社,2025-06-30,2025-09-26 15:31,2025-09-26
S100WRPW,E38682,58840,株式会社クラダシ,2025-06-30,2025-09-26 15:32,2025-09-26
S100WRPN,E05255,43350,ＩＰＳホールディングス株式会社,2025-06-30,2025-09-26 15:37,2025-09-26
S100WRA0,E05470,95140,株式会社エフオン,2025-06-30,2025-09-26 15:40,2025-09-26
S100WRDT,E31551,31350,株式会社マーケットエンタープライズ,2025-06-30,2025-09-26 15:43,2025-09-26
S100WRCU,E26301,36600,株式会社アイスタイル,2025-06-30,2025-09-26 15:46,2025-09-26
S100WQX1,E01589,67280,株式会社　アルバック,2025-06-30,2025-09-26 15:47,2025-09-26
S100WRQK,E39668,196A0,株式会社ＭＦＳ,2025-06-30,2025-09-26 15:47,2025-09-26
S100WRES,E05597,30410,株式会社ビューティカダンホールディングス,2025-06-30,2025-09-26 15:50,2025-09-26
S100WQWX,E22012,36320,グリーホールディングス株式会社,2025-06-30,2025-09-26 15:58,2025-09-26
S100WRLD,E39936,246A0,株式会社アスア,2025-06-30,2025-09-26 16:00,2025-09-26
S100WRQP,E32468,34690,株式会社デュアルタップ,2025-06-30,2025-09-26 16:00,2025-09-26
S100WRQT,E38525,141A0,株式会社トライアルホールディングス,2025-06-30,2025-09-26 16:00,2025-09-26
S100WLVW,E31344,78130,株式会社プラッツ,2025-06-30,2025-09-26 16:00,2025-09-26
S100WR4M,E03512,30820,株式会社きちりホールディングス,2025-06-30,2025-09-26 16:00,2025-09-26
S100WRCL,E37815,50340,株式会社ｕｎｅｒｒｙ,2025-06-30,2025-09-26 16:01,2025-09-26
S100WR75,E40756,386A0,株式会社みのや,2025-06-30,2025-09-26 16:01,2025-09-26
S100WR2U,E33232,39860,株式会社ビーブレイクシステムズ,2025-06-30,2025-09-26 16:06,2025-09-26
S100WRPQ,E38523,29620,株式会社テクニスコ,2025-06-30,2025-09-26 16:20,2025-09-26
S100WRAY,E04740,,株式会社リオフジワラカントリー,2025-06-30,2025-09-26 16:25,2025-09-26
S100WRP5,E26446,60610,株式会社ユニバーサル園芸社,2025-06-30,2025-09-26 16:26,2025-09-26
S100WRRL,E39640,194A0,株式会社ＷＯＬＶＥＳ　ＨＡＮＤ,2025-06-30,2025-09-26 16:28,2025-09-26
S100WRH7,E01975,65940,ニデック株式会社,2025-03-31,2025-09-26 16:44,2025-09-26
S100WRNQ,E38472,52540,株式会社Ａｒｅｎｔ,2025-06-30,2025-09-26 16:45,2025-09-26
S100WQRX,E02343,61560,株式会社エーワン精密,2025-06-30,2025-09-29 09:01,2025-09-29
S100WROP,E00259,17880,株式会社三東工業社,2025-06-30,2025-09-29 09:15,2025-09-29
S100WRVO,E01446,59870,株式会社オーネックス,2025-06-30,2025-09-29 09:24,2025-09-29
S100WRTP,E02100,66620,株式会社ユビテック,2025-06-30,2025-09-29 09:38,2025-09-29
S100WRNH,E04230,90280,株式会社ゼロ,2025-06-30,2025-09-29 09:45,2025-09-29
S100WN39,E00248,19990,サイタホールディングス株式会社,2025-06-30,2025-09-29 10:47,2025-09-29
S100WRYM,E00365,,北部製糖株式会社,2025-06-30,2025-09-29 11:17,2025-09-29
S100WRQD,E03331,76360,株式会社ハンズマン,2025-06-30,2025-09-29 11:55,2025-09-29
S100WRYE,E24392,36390,株式会社ボルテージ,2025-06-30,2025-09-29 12:19,2025-09-29
S100WRWI,E34071,92730,コーア商事ホールディングス株式会社,2025-06-30,2025-09-29 13:00,2025-09-29
S100WS0W,E34281,73250,株式会社アイリックコーポレーション,2025-06-30,2025-09-29 13:27,2025-09-29
S100WS12,E21259,31400,ＢＲＵＮＯ株式会社,2025-06-30,2025-09-29 13:45,2025-09-29
S100WRZ3,E00320,17160,第一カッター興業株式会社,2025-06-30,2025-09-29 13:51,2025-09-29
S100WRTG,E04664,,瀬戸内開発株式会社,2025-06-30,2025-09-29 14:13,2025-09-29
S100WRZI,E00282,17640,工藤建設株式会社,2025-06-30,2025-09-29 14:20,2025-09-29
S100WRSF,E00607,35970,株式会社自重堂,2025-06-30,2025-09-29 14:51,2025-09-29
S100WS3N,E02338,77070,プレシジョン・システム・サイエンス株式会社,2025-06-30,2025-09-29 15:06,2025-09-29
S100WS3E,E05587,38080,株式会社オウケイウェイヴ,2025-06-30,2025-09-29 15:10,2025-09-29
S100WS3O,E35114,65970,ＨＰＣシステムズ株式会社,2025-06-30,2025-09-29 15:11,2025-09-29
S100WQRS,E23487,45750,株式会社キャンバス,2025-06-30,2025-09-29 15:46,2025-09-29
S100WS5A,E04189,,株式会社ニヤクコーポレーション,2025-06-30,2025-09-29 15:54,2025-09-29
S100WS5Q,E24340,32710,株式会社　ＴＨＥグローバル社,2025-06-30,2025-09-29 16:02,2025-09-29
S100WS69,E34748,70630,株式会社Ｂｉｒｄｍａｎ,2025-06-30,2025-09-29 16:06,2025-09-29
S100WS33,E37482,51250,株式会社ファインズ,2025-06-30,2025-09-29 17:05,2025-09-29
S100WS54,E40865,,株式会社ＵＮＩＣＯＮホールディングス,2025-06-30,2025-09-30 10:20,2025-09-30
S100WSAY,E00366,,株式会社　りゅうとう,2025-06-30,2025-09-30 10:29,2025-09-30
S100WRZV,E30164,,株式会社日本能率協会マネジメントセンター,2025-06-30,2025-09-30 14:52,2025-09-30
S100WQ82,E35758,40520,フィーチャ株式会社,2025-06-30,2025-09-30 15:30,2025-09-30
S100WS5X,E36478,73750,株式会社リファインバースグループ,2025-06-30,2025-09-30 15:32,2025-09-30
S100WSE9,E00367,,久米島製糖株式会社,2025-06-30,2025-09-30 15:40,2025-09-30
S100WSFJ,E33854,73200,Ｓｏｌｖｖｙ株式会社,2025-06-30,2025-09-30 16:53,2025-09-30
S100WU0J,E02174,72560,河西工業株式会社,2025-03-31,2025-10-08 13:28,2025-10-08
S100WU40,E02515,80570,株式会社内田洋行,2025-07-20,2025-10-10 15:29,2025-10-10
S100WVK4,E05705,38540,株式会社アイル,2025-07-31,2025-10-17 09:20,2025-10-17
S100WVTP,E02060,63870,サムコ　株式会社,2025-07-31,2025-10-20 11:22,2025-10-20
S100WW30,E39729,211A0,株式会社カドス・コーポレーション,2025-07-31,2025-10-21 10:17,2025-10-21
S100WW19,E34999,45990,株式会社ステムリム,2025-07-31,2025-10-21 15:10,2025-10-21
S100WW86,E35989,40140,株式会社カラダノート,2025-07-31,2025-10-21 15:29,2025-10-21
S100WW38,E02484,29290,株式会社ファーマフーズ,2025-07-31,2025-10-21 15:32,2025-10-21
S100WW8R,E36886,92420,メディア総研株式会社,2025-07-31,2025-10-22 09:03,2025-10-22
S100WW9E,E05378,23910,株式会社プラネット,2025-07-31,2025-10-22 11:17,2025-10-22
S100WW0V,E36484,41940,ビジョナル株式会社,2025-07-31,2025-10-22 15:30,2025-10-22
S100WW40,E05327,23530,日本駐車場開発株式会社,2025-07-31,2025-10-22 15:30,2025-10-22
S100WW0E,E33966,43840,ラクスル株式会社,2025-07-31,2025-10-22 16:09,2025-10-22
S100WWGS,E31408,60400,日本スキー場開発株式会社,2025-07-31,2025-10-22 16:18,2025-10-22
S100WW4T,E32687,65350,株式会社アイモバイル,2025-07-31,2025-10-23 12:00,2025-10-23
S100WWME,E36321,49360,株式会社アクシージア,2025-07-31,2025-10-23 12:32,2025-10-23
S100WWIC,E26322,31720,ティーライフ株式会社,2025-07-31,2025-10-23 13:01,2025-10-23
S100WW7U,E02342,67780,株式会社アルチザネットワークス,2025-07-31,2025-10-23 13:09,2025-10-23
S100WWCW,E02469,62670,ゼネラルパッカー株式会社,2025-07-31,2025-10-23 13:30,2025-10-23
S100WWNJ,E33313,78100,株式会社クロスフォー,2025-07-31,2025-10-23 13:32,2025-10-23
S100WWO9,E31248,60370,楽待株式会社,2025-07-31,2025-10-23 15:30,2025-10-23
S100WWJN,E37987,51310,リンカーズ株式会社,2025-07-31,2025-10-23 16:00,2025-10-23
S100WWP5,E35611,70970,株式会社さくらさくプラス,2025-07-31,2025-10-23 16:08,2025-10-23
S100WWVI,E38483,62250,株式会社エコム,2025-07-31,2025-10-24 13:58,2025-10-24
S100WWVV,E38567,55720,株式会社Ｒｉｄｇｅ－ｉ,2025-07-31,2025-10-24 14:04,2025-10-24
S100WWWK,E36046,49340,プレミアアンチエイジング株式会社,2025-07-31,2025-10-24 15:30,2025-10-24
S100WWX1,E35614,29910,株式会社ランドネット,2025-07-31,2025-10-24 15:49,2025-10-24
S100WVWR,E36658,71260,グローバルスタイル株式会社,2025-07-31,2025-10-24 15:51,2025-10-24
S100WWED,E33282,92620,株式会社シルバーライフ,2025-07-31,2025-10-24 16:00,2025-10-24
S100WWG0,E01451,34210,株式会社稲葉製作所,2025-07-31,2025-10-27 09:34,2025-10-27
S100WWUT,E30042,60910,株式会社ウエスコホールディングス,2025-07-31,2025-10-27 10:00,2025-10-27
S100WWVN,E02121,34410,株式会社山王,2025-07-31,2025-10-27 11:51,2025-10-27
S100WX0H,E31815,34180,株式会社バルニバービ,2025-07-31,2025-10-27 12:45,2025-10-27
S100WW3R,E33948,65770,株式会社ベストワンドットコム,2025-07-31,2025-10-27 13:13,2025-10-27
S100WWYA,E35932,76920,株式会社アースインフィニティ,2025-07-31,2025-10-27 15:01,2025-10-27
S100WX3D,E37779,95560,ＩＮＴＬＯＯＰ株式会社,2025-07-31,2025-10-27 15:51,2025-10-27
S100WX4A,E36421,92350,売れるネット広告社グループ株式会社,2025-07-31,2025-10-27 17:00,2025-10-27
S100WWZA,E00239,18440,株式会社大盛工業,2025-07-31,2025-10-28 10:39,2025-10-28
S100WX02,E32119,24240,株式会社ブラス,2025-07-31,2025-10-28 14:23,2025-10-28
S100WX9N,E32141,39300,株式会社はてな,2025-07-31,2025-10-28 14:45,2025-10-28
S100WWX8,E30699,31930,株式会社エターナルホスピタリティグループ,2025-07-31,2025-10-28 14:48,2025-10-28
S100WX6F,E33910,14440,株式会社ニッソウ,2025-07-31,2025-10-28 15:30,2025-10-28
S100WX5A,E36722,40750,ブレインズテクノロジー株式会社,2025-07-31,2025-10-28 15:30,2025-10-28
S100WWW2,E37848,71100,株式会社クラシコム,2025-07-31,2025-10-28 15:44,2025-10-28
S100WXAF,E26369,36620,株式会社エイチームホールディングス,2025-07-31,2025-10-28 16:00,2025-10-28
S100WVYP,E04696,,株式会社　藤ケ谷カントリー倶楽部,2025-07-31,2025-10-29 14:40,2025-10-29
S100WXEV,E05635,38160,株式会社大和コンピューター,2025-07-31,2025-10-29 14:55,2025-10-29
S100WXDJ,E34853,44460,Ｌｉｎｋ－Ｕグループ株式会社,2025-07-31,2025-10-29 15:51,2025-10-29
S100WXH6,E00735,78500,総合商研株式会社,2025-07-31,2025-10-29 16:33,2025-10-29
S100WXFC,E35028,29780,株式会社ツクルバ,2025-07-31,2025-10-29 17:01,2025-10-29
S100WXMD,E33235,39880,株式会社ＳＹＳホールディングス,2025-07-31,2025-10-30 15:00,2025-10-30
S100WXPT,E35125,76820,株式会社浜木綿,2025-07-31,2025-10-30 15:30,2025-10-30
S100WX4G,E34114,44220,ＶＡＬＵＥＮＥＸ株式会社,2025-07-31,2025-10-30 15:30,2025-10-30
S100WXSN,E03212,,株式会社一や,2025-07-31,2025-10-30 15:40,2025-10-30
S100WXET,E40505,350A0,デジタルグリッド株式会社,2025-07-31,2025-10-30 15:41,2025-10-30
S100WWAM,E32254,35390,株式会社ＪＭホールディングス,2025-07-31,2025-10-30 16:00,2025-10-30
S100WXTF,E36711,92400,株式会社デリバリーコンサルティング,2025-07-31,2025-10-30 16:16,2025-10-30
S100WXQ6,E04024,89270,株式会社明豊エンタープライズ,2025-07-31,2025-10-31 09:23,2025-10-31
S100WY33,E39788,218A0,株式会社Ｌｉｂｅｒａｗａｒｅ,2025-07-31,2025-10-31 15:35,2025-10-31
S100WY01,E33110,65480,株式会社旅工房,2025-06-30,2025-10-31 15:44,2025-10-31
S100WXVU,E31036,60300,株式会社アドベンチャー,2025-06-30,2025-10-31 15:50,2025-10-31
S100WXOA,E05137,94440,株式会社トーシンホールディングス,2025-04-30,2025-10-31 17:03,2025-10-31
S100WXKZ,E02995,30350,ケイティケイ株式会社,2025-08-20,2025-11-11 14:02,2025-11-11
S100X17L,E00722,78700,福島印刷株式会社,2025-08-20,2025-11-14 15:33,2025-11-14
S100X50A,E03270,75130,株式会社コジマ,2025-08-31,2025-11-17 15:31,2025-11-17
S100X59Q,E02340,77300,マニー株式会社,2025-08-31,2025-11-18 14:51,2025-11-18
S100X54M,E30454,94140,日本ＢＳ放送株式会社,2025-08-31,2025-11-18 15:30,2025-11-18
S100X51A,E03044,82540,株式会社さいか屋,2025-08-31,2025-11-19 10:17,2025-11-19
S100X59V,E00246,19970,暁飯島工業株式会社,2025-08-31,2025-11-19 10:34,2025-11-19
S100X5J8,E03481,30480,株式会社ビックカメラ,2025-08-31,2025-11-19 13:09,2025-11-19
S100X5L9,E02896,76070,株式会社進和,2025-08-31,2025-11-19 13:32,2025-11-19
S100X5AK,E02809,74470,ナガイレーベン株式会社,2025-08-31,2025-11-19 15:34,2025-11-19
S100X5JM,E05042,47280,株式会社トーセ,2025-08-31,2025-11-20 09:39,2025-11-20
S100X5M8,E02478,61590,ミクロン精密株式会社,2025-08-31,2025-11-20 13:31,2025-11-20
S100X5JB,E04981,46680,株式会社明光ネットワークジャパン,2025-08-31,2025-11-20 15:10,2025-11-20
S100X5W6,E36351,41760,株式会社ココナラ,2025-08-31,2025-11-20 15:29,2025-11-20
S100X5IF,E00600,81270,ヤマトインターナショナル株式会社,2025-08-31,2025-11-20 15:31,2025-11-20
S100X5OB,E25443,31680,株式会社ＭＥＲＦ,2025-08-31,2025-11-20 15:34,2025-11-20
S100X5OA,E32397,61990,株式会社セラク,2025-08-31,2025-11-20 15:41,2025-11-20
S100X5NI,E03248,74530,株式会社　良品計画,2025-08-31,2025-11-21 10:13,2025-11-21
S100X5IQ,E00617,36070,株式会社クラウディアホールディングス,2025-08-31,2025-11-21 11:26,2025-11-21
S100X63V,E38905,190A0,Ｃｈｏｒｄｉａ　Ｔｈｅｒａｐｅｕｔｉｃｓ株式会社,2025-08-31,2025-11-21 13:00,2025-11-21
S100X61U,E35488,70850,株式会社カーブスホールディングス,2025-08-31,2025-11-21 13:00,2025-11-21
S100X62P,E05622,38150,株式会社メディア工房,2025-08-31,2025-11-21 16:04,2025-11-21
S100X63F,E30969,36970,株式会社ＳＨＩＦＴ,2025-08-31,2025-11-21 16:52,2025-11-21
S100X6CU,E01465,62640,株式会社マルマエ,2025-08-31,2025-11-25 09:00,2025-11-25
S100X67D,E03271,75140,株式会社　ヒマラヤ,2025-08-31,2025-11-25 10:30,2025-11-25
S100X6EM,E04706,,株式会社　高滝リンクス倶楽部,2025-08-31,2025-11-25 10:59,2025-11-25
S100X6F1,E30999,60250,日本ＰＣサービス株式会社,2025-08-31,2025-11-25 11:35,2025-11-25
S100X68L,E00327,14070,株式会社ウエストホールディングス,2025-08-31,2025-11-25 12:01,2025-11-25
S100X5DP,E03223,99790,株式会社大庄,2025-08-31,2025-11-25 12:36,2025-11-25
S100X626,E03391,27350,株式会社ワッツ,2025-08-31,2025-11-25 12:55,2025-11-25
S100X6G1,E35234,29990,ホームポジション株式会社,2025-08-31,2025-11-25 13:27,2025-11-25
S100X6GX,E34729,44390,株式会社東名,2025-08-31,2025-11-25 14:21,2025-11-25
S100X6HK,E40904,414A0,株式会社オーバーラップホールディングス,2025-08-31,2025-11-25 15:01,2025-11-25
S100X5MX,E36070,40150,ペイクラウドホールディングス株式会社,2025-08-31,2025-11-25 15:03,2025-11-25
S100X5TH,E33514,92640,ポエック株式会社,2025-08-31,2025-11-25 15:30,2025-11-25
S100X6IA,E38109,55740,株式会社ＡＢＥＪＡ,2025-08-31,2025-11-25 15:30,2025-11-25
S100X5Z0,E03305,75810,株式会社サイゼリヤ,2025-08-31,2025-11-25 15:30,2025-11-25
S100X6HU,E33364,39910,ウォンテッドリー株式会社,2025-08-31,2025-11-25 15:31,2025-11-25
S100X6EQ,E38654,55780,ＡＲアドバンストテクノロジ株式会社,2025-08-31,2025-11-25 16:00,2025-11-25
S100X6BK,E33807,92700,バリュエンスホールディングス株式会社,2025-08-31,2025-11-25 16:35,2025-11-25
S100X6HQ,E03000,30450,株式会社カワサキ,2025-08-31,2025-11-25 16:46,2025-11-25
S100X6AI,E34238,70350,ａｎｄ　ｆａｃｔｏｒｙ株式会社,2025-08-31,2025-11-25 17:04,2025-11-25
S100X6JZ,E02238,72190,株式会社エッチ・ケー・エス,2025-08-31,2025-11-26 09:11,2025-11-26
S100X5LJ,E05083,47600,株式会社アルファ,2025-08-31,2025-11-26 09:29,2025-11-26
S100X68N,E34363,78050,プリントネット株式会社,2025-08-31,2025-11-26 09:46,2025-11-26
S100X6JF,E01690,62890,株式会社技研製作所,2025-08-31,2025-11-26 10:00,2025-11-26
S100X6MC,E02493,34400,日創グループ株式会社,2025-08-31,2025-11-26 10:05,2025-11-26
S100X6EF,E31052,94180,株式会社Ｕ－ＮＥＸＴ　ＨＯＬＤＩＮＧＳ,2025-08-31,2025-11-26 10:23,2025-11-26
S100X6ND,E34739,44400,株式会社ヴィッツ,2025-08-31,2025-11-26 11:06,2025-11-26
S100X6CC,E01031,79280,旭化学工業株式会社,2025-08-31,2025-11-26 11:21,2025-11-26
S100X6JA,E31968,35360,アクサスホールディングス株式会社,2025-08-31,2025-11-26 11:35,2025-11-26
S100X6MF,E36795,43700,モビルス株式会社,2025-08-31,2025-11-26 12:17,2025-11-26
S100X6JN,E34225,43970,株式会社チームスピリット,2025-08-31,2025-11-26 13:06,2025-11-26
S100X6QO,E03392,27360,フェスタリアホールディングス株式会社,2025-08-31,2025-11-26 13:22,2025-11-26
S100X6MS,E24753,78180,株式会社トランザクション,2025-08-31,2025-11-26 13:32,2025-11-26
S100X6SE,E03221,99780,株式会社文教堂グループホールディングス,2025-08-31,2025-11-26 14:49,2025-11-26
S100X6QU,E31743,70650,ユーピーアール株式会社,2025-08-31,2025-11-26 15:00,2025-11-26
S100X6ST,E39961,244A0,グロースエクスパートナーズ株式会社,2025-08-31,2025-11-26 15:00,2025-11-26
S100X6SQ,E39473,156A0,マテリアルグループ株式会社,2025-08-31,2025-11-26 15:30,2025-11-26
S100X6O3,E05498,24490,株式会社プラップジャパン,2025-08-31,2025-11-26 15:30,2025-11-26
S100X6NP,E40640,373A0,株式会社リップス,2025-08-31,2025-11-26 15:30,2025-11-26
S100X6TZ,E40398,325A0,株式会社ＴＥＮＴＩＡＬ,2025-08-31,2025-11-26 15:30,2025-11-26
S100X6TA,E34289,34980,霞ヶ関キャピタル株式会社,2025-08-31,2025-11-26 15:30,2025-11-26
S100X6RU,E26579,31740,株式会社ハピネス・アンド・ディ,2025-08-31,2025-11-26 15:32,2025-11-26
S100X6P1,E40130,276A0,ククレブ・アドバイザーズ株式会社,2025-08-31,2025-11-26 15:32,2025-11-26
S100X6FE,E36661,41990,ワンダープラネット株式会社,2025-08-31,2025-11-26 15:47,2025-11-26
S100X66L,E40648,367A0,プリモグローバルホールディングス株式会社,2025-08-31,2025-11-26 15:48,2025-11-26
S100X6GM,E31741,14340,ＪＥＳＣＯホールディングス株式会社,2025-08-31,2025-11-26 15:57,2025-11-26
S100X1KO,E38651,93310,株式会社キャスター,2025-08-31,2025-11-26 16:00,2025-11-26
S100X6R9,E00311,89040,株式会社ＡＶＡＮＴＩＡ,2025-08-31,2025-11-26 16:01,2025-11-26
S100X6VP,E24998,36470,株式会社ジー・スリーホールディングス,2025-08-31,2025-11-26 16:30,2025-11-26
S100X153,E05584,24840,株式会社出前館,2025-08-31,2025-11-26 16:31,2025-11-26
S100X6W8,E01064,29270,株式会社ＡＦＣ－ＨＤアムスライフサイエンス,2025-08-31,2025-11-26 16:38,2025-11-26
S100X6VA,E02092,66680,株式会社アドテックプラズマテクノロジー,2025-08-31,2025-11-26 16:54,2025-11-26
S100X6X1,E05716,21640,株式会社地域新聞社,2025-08-31,2025-11-26 17:13,2025-11-26
S100X6R1,E04656,,鳴門ゴルフ株式会社,2025-08-31,2025-11-27 09:02,2025-11-27
S100X72V,E33237,39870,エコモット株式会社,2025-08-31,2025-11-27 12:04,2025-11-27
S100X6WC,E04677,,御調観光開発株式会社,2025-08-31,2025-11-27 12:28,2025-11-27
S100X6V7,E03240,74450,株式会社ライトオン,2025-08-31,2025-11-27 14:00,2025-11-27
S100X72L,E39928,245A0,株式会社ＩＮＧＳ,2025-08-31,2025-11-27 15:00,2025-11-27
S100X66T,E36860,65220,株式会社アスタリスク,2025-08-31,2025-11-27 15:30,2025-11-27
S100X6Y2,E38641,55800,株式会社プロディライト,2025-08-31,2025-11-27 15:30,2025-11-27
S100X6RV,E37095,44120,株式会社サイエンスアーツ,2025-08-31,2025-11-27 15:30,2025-11-27
S100X76V,E37936,95600,株式会社プログリット,2025-08-31,2025-11-27 15:30,2025-11-27
S100X6Y8,E35773,73510,株式会社グッドパッチ,2025-08-31,2025-11-27 15:32,2025-11-27
S100X770,E37959,51290,株式会社ＦＩＸＥＲ,2025-08-31,2025-11-27 15:40,2025-11-27
S100X747,E35767,73520,株式会社ＴＷＯＳＴＯＮＥ＆Ｓｏｎｓ,2025-08-31,2025-11-27 15:44,2025-11-27
S100X74E,E03471,30460,株式会社ジンズホールディングス,2025-08-31,2025-11-27 16:00,2025-11-27
S100X793,E38190,,めぶくグラウンド株式会社,2025-08-31,2025-11-27 16:06,2025-11-27
S100X6V1,E34538,44330,株式会社ヒト・コミュニケーションズ・ホールディングス,2025-08-31,2025-11-27 16:26,2025-11-27
S100X79I,E03740,87830,ａｂｃ株式会社,2025-08-31,2025-11-27 16:34,2025-11-27
S100X7C2,E00471,29010,株式会社ウェルディッシュ,2025-08-31,2025-11-28 09:20,2025-11-28
S100X7EY,E36667,369A0,株式会社エータイ,2025-08-31,2025-11-28 10:12,2025-11-28
S100X6PR,E01734,62550,株式会社エヌ・ピー・シー,2025-08-31,2025-11-28 10:23,2025-11-28
S100X7D0,E37098,92520,株式会社ラストワンマイル,2025-08-31,2025-11-28 10:39,2025-11-28
S100X7HS,E36801,92410,株式会社フューチャーリンクネットワーク,2025-08-31,2025-11-28 12:49,2025-11-28
S100X6X6,E03217,99830,株式会社ファーストリテイリング,2025-08-31,2025-11-28 13:04,2025-11-28
S100X7DQ,E04751,21570,株式会社コシダカホールディングス,2025-08-31,2025-11-28 13:21,2025-11-28
S100X7I8,E04608,,株式会社明治座,2025-08-31,2025-11-28 13:37,2025-11-28
S100X7DA,E36648,73730,株式会社アイドマ・ホールディングス,2025-08-31,2025-11-28 14:19,2025-11-28
S100X7IQ,E05409,24040,株式会社鉄人化ホールディングス,2025-08-31,2025-11-28 14:23,2025-11-28
S100X725,E04675,,菊陽緑化興産株式会社,2025-08-31,2025-11-28 15:28,2025-11-28
S100X7KP,E40917,428A0,サイプレス・ホールディングス株式会社,2025-08-31,2025-11-28 15:30,2025-11-28
S100X6M7,E32991,35600,株式会社ほぼ日,2025-08-31,2025-11-28 15:30,2025-11-28
S100X7ID,E32351,35410,株式会社農業総合研究所,2025-08-31,2025-11-28 15:31,2025-11-28
S100X79V,E37458,50260,株式会社トリプルアイズ,2025-08-31,2025-11-28 15:32,2025-11-28
S100X7LO,E05630,38230,ＴＨＥ　ＷＨＹ　ＨＯＷ　ＤＯ　ＣＯＭＰＡＮＹ株式会社,2025-08-31,2025-11-28 16:18,2025-11-28
S100X7OR,E30020,31890,株式会社ＡＮＡＰホールディングス,2025-08-31,2025-12-01 10:15,2025-12-01
S100X8TQ,E24991,49280,株式会社ノエビアホールディングス,2025-09-30,2025-12-08 17:00,2025-12-08
S100X9BV,E23492,36360,株式会社三菱総合研究所,2025-09-30,2025-12-10 11:38,2025-12-10
S100X9H5,E24917,60500,イー・ガーディアン株式会社,2025-09-30,2025-12-10 13:23,2025-12-10
S100X9C6,E04925,97950,株式会社ステップ,2025-09-30,2025-12-10 14:43,2025-12-10
S100X9BR,E34557,44790,株式会社マクアケ,2025-09-30,2025-12-10 15:30,2025-12-10
S100X978,E00422,25510,マルサンアイ株式会社,2025-09-20,2025-12-10 16:00,2025-12-10
S100X9LY,E04807,97460,株式会社　ＴＫＣ,2025-09-30,2025-12-11 14:30,2025-12-11
S100X9V9,E38667,55320,株式会社リアルゲイト,2025-09-30,2025-12-11 16:02,2025-12-11
S100X9E8,E22042,21850,株式会社シイエム・シイ,2025-09-30,2025-12-12 15:00,2025-12-12
S100X9ZE,E35642,40510,ＧＭＯフィナンシャルゲート株式会社,2025-09-30,2025-12-12 15:40,2025-12-12
S100X9RU,E05476,37690,ＧＭＯペイメントゲートウェイ株式会社,2025-09-30,2025-12-12 15:52,2025-12-12
S100XAAS,E00515,29260,株式会社　篠崎屋,2025-09-30,2025-12-15 11:58,2025-12-15
S100XAGE,E01997,77110,助川電気工業株式会社,2025-09-30,2025-12-15 14:49,2025-12-15
S100XAF9,E31776,61760,株式会社ブランジスタ,2025-09-30,2025-12-15 15:30,2025-12-15
S100XAHG,E33367,39920,株式会社ニーズウェル,2025-09-30,2025-12-15 15:38,2025-12-15
S100XAH0,E30996,36980,株式会社ＣＲＩ・ミドルウェア,2025-09-30,2025-12-15 17:04,2025-12-15
S100XAHE,E01034,49580,長谷川香料株式会社,2025-09-30,2025-12-16 10:03,2025-12-16
S100XAOQ,E32495,62000,株式会社インソース,2025-09-30,2025-12-16 14:01,2025-12-16
S100XAQJ,E30537,36870,株式会社フィックスターズ,2025-09-30,2025-12-16 14:29,2025-12-16
S100XAEN,E31681,34610,株式会社パルマ,2025-09-30,2025-12-16 14:43,2025-12-16
S100XA5Q,E34965,49310,新日本製薬株式会社,2025-09-30,2025-12-16 15:30,2025-12-16
S100XAOR,E05492,87890,フィンテック　グローバル株式会社,2025-09-30,2025-12-16 15:30,2025-12-16
S100XADZ,E34285,34960,株式会社アズーム,2025-09-30,2025-12-16 15:31,2025-12-16
S100XAFO,E30836,36900,株式会社イルグルム,2025-09-30,2025-12-16 15:33,2025-12-16
S100XAG9,E04691,96790,ホウライ株式会社,2025-09-30,2025-12-16 15:55,2025-12-16
S100XAUW,E04072,32450,株式会社ディア・ライフ,2025-09-30,2025-12-16 16:04,2025-12-16
S100XALI,E35258,70760,名南Ｍ＆Ａ株式会社,2025-09-30,2025-12-16 17:12,2025-12-16
S100XAQS,E03264,75050,扶桑電通株式会社,2025-09-30,2025-12-17 09:00,2025-12-17
S100XAZ4,E32603,39390,株式会社カナミックネットワーク,2025-09-30,2025-12-17 09:48,2025-12-17
S100XAZ6,E32400,61940,株式会社アトラエ,2025-09-30,2025-12-17 09:50,2025-12-17
S100XACD,E34455,76810,株式会社レオクラン,2025-09-30,2025-12-17 10:05,2025-12-17
S100XAQD,E01568,63160,株式会社丸山製作所,2025-09-30,2025-12-17 10:05,2025-12-17
S100XAX3,E34973,41650,株式会社プレイド,2025-09-30,2025-12-17 10:49,2025-12-17
S100XAO8,E02865,75390,株式会社アイナボホールディングス,2025-09-30,2025-12-17 11:09,2025-12-17
S100XAN1,E32380,61960,株式会社ストライク,2025-09-30,2025-12-17 12:18,2025-12-17
S100XAET,E03343,76460,株式会社ＰＬＡＮＴ,2025-09-20,2025-12-17 12:21,2025-12-17
S100XAMG,E02810,74460,東北化学薬品株式会社,2025-09-30,2025-12-17 13:05,2025-12-17
S100XAIS,E04275,92330,アジア航測株式会社,2025-09-30,2025-12-17 15:27,2025-12-17
S100XB0H,E05351,23700,株式会社メディネット,2025-09-30,2025-12-17 15:32,2025-12-17
S100XB0Y,E05424,37470,株式会社インタートレード,2025-09-30,2025-12-17 15:32,2025-12-17
S100XAXC,E32156,61890,株式会社グローバルキッズＣＯＭＰＡＮＹ,2025-09-30,2025-12-17 15:37,2025-12-17
S100XB5U,E05280,87980,株式会社アドバンスクリエイト,2025-09-30,2025-12-17 15:53,2025-12-17
S100XAQC,E05340,37120,株式会社情報企画,2025-09-30,2025-12-17 15:55,2025-12-17
S100XABQ,E02548,31760,三洋貿易株式会社,2025-09-30,2025-12-17 16:10,2025-12-17
S100XB7G,E27062,36680,株式会社コロプラ,2025-09-30,2025-12-17 17:08,2025-12-17
S100X93C,E02672,81510,株式会社東陽テクニカ,2025-09-30,2025-12-18 09:00,2025-12-18
S100XB6O,E02346,66770,株式会社エスケーエレクトロニクス,2025-09-30,2025-12-18 09:11,2025-12-18
S100XB09,E04848,96990,ニシオホールディングス株式会社,2025-09-30,2025-12-18 09:16,2025-12-18
S100XAWU,E01955,69650,浜松ホトニクス株式会社,2025-09-30,2025-12-18 09:18,2025-12-18
S100XAPZ,E34271,34940,株式会社マリオン,2025-09-30,2025-12-18 09:30,2025-12-18
S100XAU2,E00975,45540,富士製薬工業株式会社,2025-09-30,2025-12-18 11:00,2025-12-18
S100XARO,E27043,60870,株式会社アビスト,2025-09-30,2025-12-18 13:24,2025-12-18
S100XBF5,E05073,47540,株式会社トスネット,2025-09-30,2025-12-18 13:31,2025-12-18
S100XB9Q,E32619,39650,株式会社キャピタル・アセット・プランニング,2025-09-30,2025-12-18 13:32,2025-12-18
S100XBFS,E03173,98230,株式会社マミーマートホールディングス,2025-09-30,2025-12-18 13:58,2025-12-18
S100XB87,E01682,62840,日精エー・エス・ビー機械株式会社,2025-09-30,2025-12-18 15:14,2025-12-18
S100XAKV,E23465,78190,粧美堂株式会社,2025-09-30,2025-12-18 15:30,2025-12-18
S100XB2A,E05233,43200,株式会社ＣＥホールディングス,2025-09-30,2025-12-18 15:30,2025-12-18
S100XB8X,E37833,50360,日本ビジネスシステムズ株式会社,2025-09-30,2025-12-18 15:30,2025-12-18
S100XBFK,E01715,63380,株式会社タカトリ,2025-09-30,2025-12-18 15:34,2025-12-18
S100XB94,E38906,91700,成友興業株式会社,2025-09-30,2025-12-18 15:39,2025-12-18
S100XB7R,E05181,94460,株式会社サカイホールディングス,2025-09-30,2025-12-18 15:51,2025-12-18
S100XBCH,E38200,93420,株式会社スマサポ,2025-09-30,2025-12-18 16:00,2025-12-18
S100XBEJ,E05419,24100,株式会社キャリアデザインセンター,2025-09-30,2025-12-18 16:00,2025-12-18
S100XBEF,E05268,43460,株式会社ＮＥＸＹＺ．Ｇｒｏｕｐ,2025-09-30,2025-12-18 16:13,2025-12-18
S100XAL6,E02352,77600,ＩＭＶ株式会社,2025-09-30,2025-12-18 16:14,2025-12-18
S100XB82,E36420,73610,株式会社ヒューマンクリエイションホールディングス,2025-09-30,2025-12-18 16:15,2025-12-18
S100XB9B,E00276,17710,日本乾溜工業株式会社,2025-09-30,2025-12-18 16:16,2025-12-18
S100XBI1,E00707,94700,株式会社学研ホールディングス,2025-09-30,2025-12-18 16:35,2025-12-18
S100XB7E,E00723,94760,株式会社中央経済社ホールディングス,2025-09-30,2025-12-18 16:43,2025-12-18
S100XBM8,E31754,39200,アイビーシー株式会社,2025-09-30,2025-12-19 09:19,2025-12-19
S100XBL7,E05360,37230,日本ファルコム株式会社,2025-09-30,2025-12-19 09:50,2025-12-19
S100XBJI,E35993,73560,Ｒｅｔｔｙ株式会社,2025-09-30,2025-12-19 10:59,2025-12-19
S100XBPL,E04648,,呉羽観光株式会社,2025-09-30,2025-12-19 11:15,2025-12-19
S100XB3E,E05414,48090,パラカ株式会社,2025-09-30,2025-12-19 11:22,2025-12-19
S100XB4O,E01676,62770,ホソカワミクロン株式会社,2025-09-30,2025-12-19 13:33,2025-12-19
S100XBLK,E05049,94380,株式会社エムティーアイ,2025-09-30,2025-12-19 14:00,2025-12-19
S100XBKO,E39259,166A0,株式会社タスキホールディングス,2025-09-30,2025-12-19 14:20,2025-12-19
S100XBIV,E02858,75270,株式会社システムソフト,2025-09-30,2025-12-19 14:23,2025-12-19
S100XBJD,E36129,48840,クリングルファーマ株式会社,2025-09-30,2025-12-19 14:31,2025-12-19
S100X9MO,E04038,89440,株式会社ランドビジネス,2025-09-30,2025-12-19 14:37,2025-12-19
S100XBSF,E02576,28740,横浜冷凍株式会社,2025-09-30,2025-12-19 14:47,2025-12-19
S100XBVP,E05585,24850,株式会社ティア,2025-09-30,2025-12-19 15:10,2025-12-19
S100XBQ8,E35089,70690,株式会社サイバー・バズ,2025-09-30,2025-12-19 15:29,2025-12-19
S100XBLU,E37199,92580,株式会社ＣＳ－Ｃ,2025-09-30,2025-12-19 15:30,2025-12-19
S100XBUR,E31448,60460,株式会社リンクバル,2025-09-30,2025-12-19 15:31,2025-12-19
S100XBWA,E37192,42600,株式会社ハイブリッドテクノロジーズ,2025-09-30,2025-12-19 15:33,2025-12-19
S100XBLH,E38864,55870,株式会社インバウンドプラットフォーム,2025-09-30,2025-12-19 15:37,2025-12-19
S100XBWH,E37742,95530,株式会社マイクロアド,2025-09-30,2025-12-19 15:39,2025-12-19
S100XBWT,E39968,269A0,株式会社Ｓａｐｅｅｔ,2025-09-30,2025-12-19 16:01,2025-12-19
S100XBX1,E34054,78060,株式会社ＭＴＧ,2025-09-30,2025-12-19 16:03,2025-12-19
S100XBVM,E38755,55860,株式会社Ｌａｂｏｒｏ．ＡＩ,2025-09-30,2025-12-19 16:13,2025-12-19
S100XBN5,E36629,73720,株式会社デコルテ・ホールディングス,2025-09-30,2025-12-19 16:41,2025-12-19
S100XBXT,E24651,71480,株式会社ＦＰＧ,2025-09-30,2025-12-19 17:01,2025-12-19
S100XBNE,E05101,47690,株式会社ＩＣ,2025-09-30,2025-12-22 09:04,2025-12-22
S100XB5N,E02040,68770,ＯＢＡＲＡ　ＧＲＯＵＰ株式会社,2025-09-30,2025-12-22 09:06,2025-12-22
S100XBQE,E04635,,株式会社花屋敷ゴルフ倶楽部,2025-09-30,2025-12-22 09:08,2025-12-22
S100XBYD,E01609,64920,岡野バルブ製造株式会社,2025-09-30,2025-12-22 09:25,2025-12-22
S100XC1P,E02494,42430,株式会社ニックス,2025-09-30,2025-12-22 09:25,2025-12-22
S100XA3X,E02719,98690,加藤産業株式会社,2025-09-30,2025-12-22 09:36,2025-12-22
S100XBNR,E00495,29170,株式会社大森屋,2025-09-30,2025-12-22 09:41,2025-12-22
S100XBTQ,E35157,70720,株式会社インティメート・マージャー,2025-09-30,2025-12-22 10:00,2025-12-22
S100XC2D,E03340,76430,株式会社ダイイチ,2025-09-30,2025-12-22 10:15,2025-12-22
S100XBSY,E33357,65540,株式会社エスユーエス,2025-09-30,2025-12-22 10:52,2025-12-22
S100XBZW,E36670,77920,株式会社コラントッテ,2025-09-30,2025-12-22 10:54,2025-12-22
S100XC3I,E37744,95540,株式会社ＡＶｉＣ,2025-09-30,2025-12-22 10:55,2025-12-22
S100XC4P,E33391,39930,株式会社ＰＫＳＨＡ　Ｔｅｃｈｎｏｌｏｇｙ,2025-09-30,2025-12-22 12:18,2025-12-22
S100XC55,E02470,78390,株式会社ＳＨＯＥＩ,2025-09-30,2025-12-22 12:27,2025-12-22
S100XC53,E34944,29740,大英産業株式会社,2025-09-30,2025-12-22 12:32,2025-12-22
S100XBJH,E01381,59210,川岸工業株式会社,2025-09-30,2025-12-22 13:21,2025-12-22
S100XC5E,E05623,21220,株式会社インタースペース,2025-09-30,2025-12-22 13:48,2025-12-22
S100XAR7,E04729,,株式会社小原カントリークラブ,2025-09-30,2025-12-22 14:01,2025-12-22
S100XBJQ,E02982,33590,株式会社ｃｏｔｔａ,2025-09-30,2025-12-22 15:11,2025-12-22
S100XC7V,E05288,23040,株式会社ＣＳＳホールディングス,2025-09-30,2025-12-22 15:24,2025-12-22
S100XBTY,E33000,35630,株式会社ＦＯＯＤ　＆　ＬＩＦＥ　ＣＯＭＰＡＮＩＥＳ,2025-09-30,2025-12-22 15:30,2025-12-22
S100XC79,E00263,17830,株式会社ｆａｎｔａｓｉｓｔａ,2025-09-30,2025-12-22 15:30,2025-12-22
S100XBTG,E27842,32880,株式会社オープンハウスグループ,2025-09-30,2025-12-22 15:31,2025-12-22
S100X8TY,E05624,21200,株式会社ＬＩＦＵＬＬ,2025-09-30,2025-12-22 15:39,2025-12-22
S100XBSH,E34273,62330,ＫＬＡＳＳ株式会社,2025-09-30,2025-12-22 15:39,2025-12-22
S100XBZH,E34095,14460,株式会社キャンディル,2025-09-30,2025-12-22 15:40,2025-12-22
S100XBUA,E39778,220A0,株式会社Ｆａｂｅｒ　Ｃｏｍｐａｎｙ,2025-09-30,2025-12-22 15:42,2025-12-22
S100XC8W,E38541,55700,株式会社ジェノバ,2025-09-30,2025-12-22 15:48,2025-12-22
S100XBZI,E33601,65630,株式会社みらいワークス,2025-09-30,2025-12-22 15:55,2025-12-22
S100XC6R,E36733,43760,株式会社くふうカンパニーホールディングス,2025-09-30,2025-12-22 16:00,2025-12-22
S100XC4O,E33242,39890,シェアリングテクノロジー株式会社,2025-09-30,2025-12-22 16:00,2025-12-22
S100XBTL,E33040,39850,テモナ株式会社,2025-09-30,2025-12-22 16:00,2025-12-22
S100XC8K,E37810,92250,ブリッジコンサルティンググループ株式会社,2025-09-30,2025-12-22 16:00,2025-12-22
S100XC0B,E04186,,九州産業交通ホールディングス株式会社,2025-09-30,2025-12-22 16:01,2025-12-22
S100XBLZ,E31019,39000,株式会社クラウドワークス,2025-09-30,2025-12-22 16:07,2025-12-22
S100XC5Q,E38205,51370,株式会社スマートドライブ,2025-09-30,2025-12-22 16:09,2025-12-22
S100XCAD,E40477,335A0,株式会社ミライロ,2025-09-30,2025-12-22 16:38,2025-12-22
S100XC4C,E35632,44990,株式会社Ｓｐｅｅｅ,2025-09-30,2025-12-22 16:41,2025-12-22
S100XCA9,E33272,65510,株式会社ツナググループ・ホールディングス,2025-09-30,2025-12-22 16:43,2025-12-22
S100XCAO,E05395,37260,株式会社フォーシーズＨＤ,2025-09-30,2025-12-22 16:55,2025-12-22
S100XCA4,E38716,58430,ニッポンインシュア株式会社,2025-09-30,2025-12-23 09:00,2025-12-23
S100XC0P,E20810,,株式会社秋津原,2025-09-30,2025-12-23 09:13,2025-12-23
S100XC7N,E36655,73760,ＢＣＣ株式会社,2025-09-30,2025-12-23 10:26,2025-12-23
S100XCGP,E39864,231A0,Ｃｒｏｓｓ　Ｅホールディングス株式会社,2025-09-30,2025-12-23 11:28,2025-12-23
S100XC1F,E03259,74940,株式会社コナカ,2025-09-30,2025-12-23 11:31,2025-12-23
S100XCEC,E38288,52590,ＢＢＤイニシアティブ株式会社,2025-09-30,2025-12-23 12:11,2025-12-23
S100XCAJ,E36697,49370,株式会社Ｗａｑｏｏ,2025-09-30,2025-12-23 12:31,2025-12-23
S100XBK6,E01716,64660,株式会社ＴＶＥ,2025-09-30,2025-12-23 14:47,2025-12-23
S100XCIO,E34335,44210,株式会社ディ・アイ・システム,2025-09-30,2025-12-23 15:30,2025-12-23
S100XCE0,E36968,92490,日本エコシステム株式会社,2025-09-30,2025-12-23 15:37,2025-12-23
S100XBHA,E05646,24980,株式会社オリエンタルコンサルタンツホールディングス,2025-09-30,2025-12-23 15:48,2025-12-23
S100XBJN,E05707,36240,アクセルマーク株式会社,2025-09-30,2025-12-23 15:51,2025-12-23
S100XAH7,E02922,26670,株式会社イメージワン,2025-09-30,2025-12-23 15:52,2025-12-23
S100XC32,E37153,92120,Ｇｒｅｅｎ　Ｅａｒｔｈ　Ｉｎｓｔｉｔｕｔｅ株式会社,2025-09-30,2025-12-23 16:01,2025-12-23
S100XBZX,E35945,40590,株式会社まぐまぐ,2025-09-30,2025-12-23 16:07,2025-12-23
S100XCLW,E21649,57240,株式会社アサカ理研,2025-09-30,2025-12-23 16:22,2025-12-23
S100XBUH,E36223,92480,人・夢・技術グループ株式会社,2025-09-30,2025-12-23 16:58,2025-12-23
S100XCN2,E32194,61910,株式会社エアトリ,2025-09-30,2025-12-23 17:02,2025-12-23
S100XCIM,E04683,,株式会社明智ゴルフ倶楽部,2025-09-30,2025-12-24 09:05,2025-12-24
S100XCJ8,E36991,29610,日本調理機株式会社,2025-09-30,2025-12-24 09:28,2025-12-24
S100XCR2,E04739,,株式会社　明世カントリークラブ,2025-09-30,2025-12-24 10:37,2025-12-24
S100XCQ3,E38634,55330,株式会社エリッツホールディングス,2025-09-30,2025-12-24 10:37,2025-12-24
S100XCQ7,E36002,41720,東和ハイシステム株式会社,2025-09-30,2025-12-24 11:00,2025-12-24
S100XCGX,E34028,78000,株式会社アミファ,2025-09-30,2025-12-24 11:29,2025-12-24
S100X8S3,E02537,,株式会社日教販,2025-09-30,2025-12-24 12:19,2025-12-24
S100XCIW,E36961,92440,株式会社デジタリフト,2025-09-30,2025-12-24 13:21,2025-12-24
S100XCMA,E34256,34950,香陵住販株式会社,2025-09-30,2025-12-24 13:24,2025-12-24
S100XCIB,E00254,17950,株式会社マサル,2025-09-30,2025-12-24 13:34,2025-12-24
S100XCUO,E04365,93760,株式会社ユーラシア旅行社,2025-09-30,2025-12-24 13:59,2025-12-24
S100XCV7,E38849,93300,株式会社揚羽,2025-09-30,2025-12-24 14:18,2025-12-24
S100XCS6,E30022,60800,Ｍ＆Ａキャピタルパートナーズ株式会社,2025-09-30,2025-12-24 15:30,2025-12-24
S100XCX0,E40018,264A0,株式会社Ｓｃｈｏｏ,2025-09-30,2025-12-24 15:30,2025-12-24
S100XCIN,E39751,206A0,株式会社ＰＲＩＳＭ　ＢｉｏＬａｂ,2025-09-30,2025-12-24 15:30,2025-12-24
S100XCQC,E34497,44240,株式会社Ａｍａｚｉａ,2025-09-30,2025-12-24 15:32,2025-12-24
S100XCNC,E34352,70410,ＣＲＧホールディングス株式会社,2025-09-30,2025-12-24 15:33,2025-12-24
S100XCC9,E35150,44750,ＨＥＮＮＧＥ株式会社,2025-09-30,2025-12-24 15:34,2025-12-24
S100XCY2,E33384,44470,株式会社ピー・ビーシステムズ,2025-09-30,2025-12-24 15:59,2025-12-24
S100XCVT,E30648,60940,株式会社フリークアウト・ホールディングス,2025-09-30,2025-12-24 15:59,2025-12-24
S100XCY4,E32682,14380,株式会社岐阜造園,2025-09-30,2025-12-24 16:00,2025-12-24
S100XCJL,E36532,41960,株式会社ネオマーケティング,2025-09-30,2025-12-24 16:00,2025-12-24
S100XCKW,E27815,31870,株式会社ミラタップ,2025-09-30,2025-12-24 16:01,2025-12-24
S100XCU9,E05072,47510,株式会社サイバーエージェント,2025-09-30,2025-12-24 16:11,2025-12-24
S100XCYG,E34544,44270,株式会社ＥｄｕＬａｂ,2025-09-30,2025-12-24 16:27,2025-12-24
S100XCZ7,E30856,36910,株式会社デジタルプラス,2025-09-30,2025-12-24 16:48,2025-12-24
S100X8UN,E03928,,ＫＯＮＯＩＫＥ　Ｃｏ．株式会社,2025-09-30,2025-12-25 09:22,2025-12-25
S100XD1M,E04667,,道後観光ゴルフ株式会社,2025-09-30,2025-12-25 09:33,2025-12-25
S100XC0Z,E04646,,株式会社松永カントリークラブ,2025-09-30,2025-12-25 10:22,2025-12-25
S100XCZ1,E03485,30670,株式会社東京一番フーズ,2025-09-30,2025-12-25 11:57,2025-12-25
S100XCYM,E04618,,北陸観光開発株式会社,2025-09-30,2025-12-25 12:07,2025-12-25
S100XCRL,E02604,423A0,株式会社ライオン事務器,2025-09-30,2025-12-25 13:41,2025-12-25
S100XD4C,E02971,33230,レカム株式会社,2025-09-30,2025-12-25 13:54,2025-12-25
S100XD0A,E36635,40710,株式会社プラスアルファ・コンサルティング,2025-09-30,2025-12-25 15:30,2025-12-25
S100XCST,E37957,95620,ビジネスコーチ株式会社,2025-09-30,2025-12-25 15:30,2025-12-25
S100XCNH,E27280,36720,株式会社オルトプラス,2025-09-30,2025-12-25 15:31,2025-12-25
S100XD2T,E35824,40550,ティアンドエスグループ株式会社,2025-09-30,2025-12-25 15:33,2025-12-25
S100XD95,E34954,70660,株式会社ピアズ,2025-09-30,2025-12-25 15:39,2025-12-25
S100XD0Z,E03347,26520,株式会社まんだらけ,2025-09-30,2025-12-25 15:44,2025-12-25
S100XD1A,E35140,70710,株式会社アンビスホールディングス,2025-09-30,2025-12-25 16:00,2025-12-25
S100XD0G,E32193,61980,株式会社キャリア,2025-09-30,2025-12-25 16:02,2025-12-25
S100XD6Y,E34116,43930,株式会社バンク・オブ・イノベーション,2025-09-30,2025-12-25 16:17,2025-12-25
S100XD30,E02762,99410,太洋物産株式会社,2025-09-30,2025-12-25 16:28,2025-12-25
S100XDAL,E38007,95640,株式会社ＦＣＥ,2025-09-30,2025-12-25 16:34,2025-12-25
S100XCWL,E39906,241A0,株式会社ＲＯＸＸ,2025-09-30,2025-12-25 16:57,2025-12-25
S100XDCJ,E04644,,内海観光開発株式会社,2025-09-30,2025-12-25 17:14,2025-12-25
S100XD85,E04165,,南国交通株式会社,2025-09-30,2025-12-26 09:06,2025-12-26
S100XDDC,E39920,242A0,株式会社リプライオリティ,2025-09-30,2025-12-26 10:07,2025-12-26
S100XCO8,E02075,67310,株式会社ピクセラ,2025-09-30,2025-12-26 10:54,2025-12-26
S100XDGQ,E33382,41240,大阪油化工業株式会社,2025-09-30,2025-12-26 11:27,2025-12-26
S100XCQX,E31751,35560,リネットジャパングループ株式会社,2025-09-30,2025-12-26 11:30,2025-12-26
S100XCCN,E39677,253A0,株式会社ＥＴＳグループ,2025-09-30,2025-12-26 12:12,2025-12-26
S100XC0Y,E04684,,株式会社笠間ゴルフクラブ,2025-09-30,2025-12-26 13:08,2025-12-26
S100XDIK,E00745,23880,株式会社ウェッジホールディングス,2025-09-30,2025-12-26 13:39,2025-12-26
S100XDE3,E27394,36740,株式会社オークファン,2025-09-30,2025-12-26 15:00,2025-12-26
S100XDG9,E05336,37100,ジョルダン株式会社,2025-09-30,2025-12-26 15:00,2025-12-26
S100XCTM,E34053,70300,株式会社スプリックス,2025-09-30,2025-12-26 15:11,2025-12-26
S100XDJI,E34513,44450,リビン・テクノロジーズ株式会社,2025-09-30,2025-12-26 15:18,2025-12-26
S100XDKZ,E39945,259A0,株式会社ケイ・ウノ,2025-09-30,2025-12-26 15:43,2025-12-26
S100XDEA,E40991,,辻・本郷ＩＴコンサルティング株式会社,2025-09-30,2025-12-26 15:48,2025-12-26
S100XCXG,E37197,92590,株式会社タカヨシホールディングス,2025-09-30,2025-12-26 16:34,2025-12-26
S100XDNQ,E37733,95520,株式会社Ｍ＆Ａ総研ホールディングス,2025-09-30,2026-01-05 16:00,2026-01-05
S100XE31,E05633,,株式会社アルファクス・フード・システム,2025-09-30,2026-01-05 16:43,2026-01-05
S100XFRF,E05015,47070,株式会社キタック,2025-10-20,2026-01-19 09:38,2026-01-19
S100XGQC,E00555,,太陽毛絲紡績株式会社,2025-10-31,2026-01-21 13:00,2026-01-21
S100XGOW,E04862,96780,株式会社カナモト,2025-10-31,2026-01-21 13:13,2026-01-21
S100XGG2,E05286,23010,株式会社学情,2025-10-31,2026-01-22 09:20,2026-01-22
S100XH4J,E04013,89170,ファースト住建株式会社,2025-10-31,2026-01-22 17:12,2026-01-22
S100XGCL,E02204,72790,株式会社ハイレックスコーポレーション,2025-10-31,2026-01-23 15:33,2026-01-23
S100XH8O,E04077,32480,株式会社アールエイジ,2025-10-31,2026-01-23 16:21,2026-01-23
S100XHCP,E05376,37330,株式会社ソフトウェア・サービス,2025-10-31,2026-01-26 12:18,2026-01-26
S100XH0G,E02232,72650,エイケン工業株式会社,2025-10-31,2026-01-26 13:07,2026-01-26
S100XHE7,E37082,71310,のむら産業株式会社,2025-10-31,2026-01-26 14:00,2026-01-26
S100XH69,E00915,46270,ナトコ株式会社,2025-10-31,2026-01-26 14:38,2026-01-26
S100XHBD,E00240,18400,株式会社土屋ホールディングス,2025-10-31,2026-01-26 14:45,2026-01-26
S100XH65,E24550,21980,アイ・ケイ・ケイホールディングス株式会社,2025-10-31,2026-01-26 15:00,2026-01-26
S100XH0H,E32814,39740,ＳＣＡＴ株式会社,2025-10-31,2026-01-26 15:02,2026-01-26
S100XH5R,E38036,51340,株式会社ＰＯＰＥＲ,2025-10-31,2026-01-26 15:30,2026-01-26
S100XHEY,E38008,51320,株式会社ｐｌｕｓｚｅｒｏ,2025-10-31,2026-01-26 15:30,2026-01-26
S100XH92,E38072,51360,ｔｒｉｐｌａ株式会社,2025-10-31,2026-01-26 15:39,2026-01-26
S100XHE2,E25148,34800,株式会社ジェイ・エス・ビー,2025-10-31,2026-01-26 15:55,2026-01-26
S100XH6J,E34814,44410,トビラシステムズ株式会社,2025-10-31,2026-01-26 16:00,2026-01-26
S100XH23,E00828,49960,クミアイ化学工業株式会社,2025-10-31,2026-01-27 09:15,2026-01-27
S100XHK4,E34336,92790,株式会社ギフトホールディングス,2025-10-31,2026-01-27 13:30,2026-01-27
S100XHE6,E02376,79830,株式会社ミロク,2025-10-31,2026-01-27 13:42,2026-01-27
S100XHO2,E34994,73780,株式会社アシロ,2025-10-31,2026-01-27 15:27,2026-01-27
S100XHI8,E37038,92510,株式会社ＡＢ＆Ｃｏｍｐａｎｙ,2025-10-31,2026-01-27 15:30,2026-01-27
S100XHDP,E04358,96030,株式会社エイチ・アイ・エス,2025-10-31,2026-01-27 15:31,2026-01-27
S100XHL0,E41086,460A0,ＢＲＡＮＵ株式会社,2025-10-31,2026-01-27 15:31,2026-01-27
S100XHKO,E37159,92540,株式会社ラバブルマーケティンググループ,2025-10-31,2026-01-27 15:41,2026-01-27
S100XHNU,E34148,70340,株式会社プロレド・パートナーズ,2025-10-31,2026-01-27 15:42,2026-01-27
S100XHJG,E02570,80770,トルク株式会社,2025-10-31,2026-01-27 16:08,2026-01-27
S100XHP5,E03375,26950,くら寿司株式会社,2025-10-31,2026-01-27 17:09,2026-01-27
S100XHGC,E05516,38040,株式会社システム　ディ,2025-10-31,2026-01-28 09:20,2026-01-28
S100XHFP,E00639,78270,株式会社オービス,2025-10-31,2026-01-28 09:37,2026-01-28
S100XHSU,E01053,78560,萩原工業株式会社,2025-10-31,2026-01-28 10:23,2026-01-28
S100XHQ6,E01705,63090,巴工業株式会社,2025-10-31,2026-01-28 10:58,2026-01-28
S100XHUJ,E02999,30380,株式会社神戸物産,2025-10-31,2026-01-28 12:24,2026-01-28
S100XHU7,E02681,80790,正栄食品工業株式会社,2025-10-31,2026-01-28 13:04,2026-01-28
S100XHVC,E34800,78040,株式会社ビーアンドピー,2025-10-31,2026-01-28 13:15,2026-01-28
S100XHR6,E38155,95650,ＧＬＯＥ株式会社,2025-10-31,2026-01-28 13:17,2026-01-28
S100XHVV,E02742,98240,泉州電業株式会社,2025-10-31,2026-01-28 13:19,2026-01-28
S100XGYG,E38728,91630,株式会社ナレルグループ,2025-10-31,2026-01-28 13:30,2026-01-28
S100XHDT,E39008,92360,ジャパンＭ＆Ａソリューション株式会社,2025-10-31,2026-01-28 13:53,2026-01-28
S100XHRP,E05356,23750,ギグワークス株式会社,2025-10-31,2026-01-28 15:24,2026-01-28
S100XHS4,E30726,34750,株式会社グッドコムアセット,2025-10-31,2026-01-28 15:25,2026-01-28
S100XHWF,E35169,48800,セルソース株式会社,2025-10-31,2026-01-28 15:37,2026-01-28
S100XHNB,E36989,43780,株式会社ＣＩＮＣ,2025-10-31,2026-01-28 15:59,2026-01-28
S100XHMO,E04979,46660,パーク二四株式会社（定款上の商号　パーク２４株式会社）,2025-10-31,2026-01-28 16:00,2026-01-28
S100XHQ8,E00545,31210,マーチャント・バンカーズ株式会社,2025-10-31,2026-01-28 16:03,2026-01-28
S100XHX5,E25969,13830,ベルグアース株式会社,2025-10-31,2026-01-28 16:08,2026-01-28
S100XHR9,E01864,68380,株式会社多摩川ホールディングス,2025-10-31,2026-01-28 16:15,2026-01-28
S100XHZH,E25682,36530,株式会社モルフォ,2025-10-31,2026-01-28 16:28,2026-01-28
S100XHWU,E34177,34910,株式会社ＧＡ　ｔｅｃｈｎｏｌｏｇｉｅｓ,2025-10-31,2026-01-28 17:12,2026-01-28
S100XHNL,E05353,23730,株式会社ケア２１,2025-10-31,2026-01-28 17:14,2026-01-28
S100XI3C,E03993,88940,株式会社ＲＥＶＯＬＵＴＩＯＮ,2025-10-31,2026-01-29 11:33,2026-01-29
S100XI2U,E00748,78310,株式会社ウイルコホールディングス,2025-10-31,2026-01-29 11:44,2026-01-29
S100XI5B,E41081,462A0,株式会社ＦＵＮＤＩＮＮＯ,2025-10-31,2026-01-29 13:52,2026-01-29
S100XI4U,E04654,,株式会社三好ゴルフ倶楽部,2025-10-31,2026-01-29 14:07,2026-01-29
S100XHU3,E30881,31950,株式会社ジェネレーションパス,2025-10-31,2026-01-29 15:23,2026-01-29
S100XI4H,E03336,76400,株式会社トップカルチャー,2025-10-31,2026-01-29 15:31,2026-01-29
S100XHTP,E01170,52180,株式会社オハラ,2025-10-31,2026-01-29 15:42,2026-01-29
S100XHWN,E39732,212A0,フィットイージー株式会社,2025-10-31,2026-01-29 16:05,2026-01-29
S100XHYM,E31918,34190,アートグリーン株式会社,2025-10-31,2026-01-29 16:12,2026-01-29
S100XHQT,E05331,23150,株式会社ＣＡＩＣＡ　ＤＩＧＩＴＡＬ,2025-10-31,2026-01-29 16:51,2026-01-29
S100XHX1,E31424,60490,株式会社イトクロ,2025-10-31,2026-01-30 13:11,2026-01-30
S100XIHR,E05320,23450,株式会社クシム,2025-10-31,2026-01-30 14:39,2026-01-30
S100XII9,E33345,66950,株式会社キャストリコ,2025-10-31,2026-01-30 15:13,2026-01-30
S100XI7V,E41030,442A0,クラシコ株式会社,2025-10-31,2026-01-30 15:30,2026-01-30
S100XI0W,E39760,215A0,株式会社タイミー,2025-10-31,2026-01-30 15:30,2026-01-30
S100XIBW,E05481,94250,ＲｅＹｕｕ　Ｊａｐａｎ株式会社,2025-10-31,2026-01-30 16:00,2026-01-30
S100XIJD,E38969,92370,株式会社笑美面,2025-10-31,2026-01-30 16:29,2026-01-30
S100XL6L,E03408,27340,株式会社サーラコーポレーション,2025-11-30,2026-02-16 10:09,2026-02-16
S100XL0K,E02395,79650,象印マホービン株式会社,2025-11-20,2026-02-18 09:19,2026-02-18
S100XM1D,E02722,98720,北恵株式会社,2025-11-20,2026-02-18 13:43,2026-02-18
S100XLTO,E02988,33770,株式会社バイク王＆カンパニー,2025-11-30,2026-02-18 15:19,2026-02-18
S100XM3S,E01377,61360,オーエスジー株式会社,2025-11-30,2026-02-19 10:01,2026-02-19
S100XM43,E34707,29750,スター・マイカ・ホールディングス株式会社,2025-11-30,2026-02-19 11:21,2026-02-19
S100XM4Q,E33390,39940,株式会社マネーフォワード,2025-11-30,2026-02-19 15:30,2026-02-19
S100XM1X,E27693,31860,株式会社ネクステージ,2025-11-30,2026-02-19 15:30,2026-02-19
S100XMEJ,E27761,60760,株式会社アメイズ,2025-11-30,2026-02-20 15:30,2026-02-20
S100XMF0,E01001,49920,北興化学工業株式会社,2025-11-30,2026-02-20 15:30,2026-02-20
S100XLV8,E00552,32010,日本毛織株式会社,2025-11-30,2026-02-20 15:58,2026-02-20
S100XMOI,E00896,46160,川上塗料株式会社,2025-11-30,2026-02-20 16:18,2026-02-20
S100XLSD,E01006,43610,川口化学工業株式会社,2025-11-30,2026-02-20 16:42,2026-02-20
S100XLS3,E00855,41870,大阪有機化学工業株式会社,2025-11-30,2026-02-24 09:06,2026-02-24
S100XMO8,E04213,93690,株式会社キユーソー流通システム,2025-11-30,2026-02-24 12:49,2026-02-24
S100XMJD,E01524,62170,津田駒工業株式会社,2025-11-30,2026-02-24 13:20,2026-02-24
S100XMJE,E00464,28090,キユーピー株式会社,2025-11-30,2026-02-24 13:25,2026-02-24
S100XMVG,E36077,40160,ＭＩＴホールディングス株式会社,2025-11-30,2026-02-24 13:30,2026-02-24
S100XMUD,E31729,31390,株式会社ラクト・ジャパン,2025-11-30,2026-02-24 14:17,2026-02-24
S100XMFU,E02703,98370,モリト株式会社,2025-11-30,2026-02-24 14:42,2026-02-24
S100XMRN,E01603,64740,株式会社不二越,2025-11-30,2026-02-24 15:03,2026-02-24
S100XMTU,E36132,73600,株式会社オンデック,2025-11-30,2026-02-24 15:04,2026-02-24
S100XMNZ,E02774,99720,アルテック株式会社,2025-11-30,2026-02-24 15:21,2026-02-24
S100XMX3,E39377,138A0,光フードサービス株式会社,2025-11-30,2026-02-24 15:25,2026-02-24
S100XMZE,E32571,32670,株式会社フィル・カンパニー,2025-11-30,2026-02-25 09:13,2026-02-25
S100XN0E,E38129,55270,株式会社ｐｒｏｐｅｒｔｙ　ｔｅｃｈｎｏｌｏｇｉｅｓ,2025-11-30,2026-02-25 10:00,2026-02-25
S100XN26,E39846,228A0,株式会社オプロ,2025-11-30,2026-02-25 10:30,2026-02-25
S100XN1B,E04296,93130,丸八倉庫株式会社,2025-11-30,2026-02-25 10:45,2026-02-25
S100XN3A,E34140,43940,株式会社エクスモーション,2025-11-30,2026-02-25 11:47,2026-02-25
S100XN00,E05555,24710,株式会社エスプール,2025-11-30,2026-02-25 12:14,2026-02-25
S100XN3N,E02372,79970,株式会社くろがね工作所,2025-11-30,2026-02-25 12:34,2026-02-25
S100XMSL,E04566,97200,株式会社ホテル、ニューグランド,2025-11-30,2026-02-25 13:20,2026-02-25
S100XN4S,E03007,30890,テクノアルファ株式会社,2025-11-30,2026-02-25 13:27,2026-02-25
S100XMRB,E01370,59420,日本フイルコン株式会社,2025-11-30,2026-02-25 14:00,2026-02-25
S100XMC1,E04021,89230,トーセイ株式会社,2025-11-30,2026-02-25 14:30,2026-02-25
S100XN61,E37911,95580,ジャパニアス株式会社,2025-11-30,2026-02-25 15:03,2026-02-25
S100XN2T,E02585,80950,アステナホールディングス株式会社,2025-11-30,2026-02-25 15:05,2026-02-25
S100XMWH,E34221,42500,株式会社フロンティア,2025-11-30,2026-02-25 15:30,2026-02-25
S100XMWX,E38043,52430,ｎｏｔｅ株式会社,2025-11-30,2026-02-25 15:31,2026-02-25
S100XMYW,E00636,78790,株式会社ノダ,2025-11-30,2026-02-25 15:46,2026-02-25
S100XMVL,E22612,32660,株式会社ファンドクリエーショングループ,2025-11-30,2026-02-25 16:02,2026-02-25
S100XMZ1,E35250,70830,ＡＨＣグループ株式会社,2025-11-30,2026-02-25 16:03,2026-02-25
S100XMUN,E38169,52460,株式会社ＥＬＥＭＥＮＴＳ,2025-11-30,2026-02-25 16:09,2026-02-25
S100XMR5,E05607,34540,ファーストブラザーズ株式会社,2025-11-30,2026-02-25 16:12,2026-02-25
S100XN95,E03505,30770,ホリイフードサービス株式会社,2025-11-30,2026-02-25 16:31,2026-02-25
S100XN3U,E04987,46730,川崎地質株式会社,2025-11-30,2026-02-25 16:35,2026-02-25
S100XN24,E32592,35470,株式会社串カツ田中ホールディングス,2025-11-30,2026-02-25 16:37,2026-02-25
S100XN9A,E38367,52500,プライム・ストラテジー株式会社,2025-11-30,2026-02-25 16:39,2026-02-25
S100XMVS,E37432,92150,株式会社ＣａＳｙ,2025-11-30,2026-02-25 16:44,2026-02-25
S100XN0W,E05702,66340,株式会社ネクスグループ,2025-11-30,2026-02-25 16:59,2026-02-25
S100XNCR,E01009,49950,サンケイ化学株式会社,2025-11-30,2026-02-26 09:17,2026-02-26
S100XNBS,E05611,24930,イーサポートリンク株式会社,2025-11-30,2026-02-26 09:24,2026-02-26
S100XNA6,E02233,72270,アスカ株式会社,2025-11-30,2026-02-26 10:00,2026-02-26
S100XNEI,E36988,92500,株式会社ＧＲＣＳ,2025-11-30,2026-02-26 10:47,2026-02-26
S100XNDR,E00698,,株式会社神戸新聞社,2025-11-30,2026-02-26 13:06,2026-02-26
S100XMV5,E02848,75010,株式会社ティムコ,2025-11-30,2026-02-26 13:07,2026-02-26
S100XN8S,E37913,73880,株式会社ＦＰパートナー,2025-11-30,2026-02-26 14:06,2026-02-26
S100XNL3,E31256,39070,シリコンスタジオ株式会社,2025-11-30,2026-02-26 15:12,2026-02-26
S100XNDX,E33515,65580,クックビズ株式会社,2025-11-30,2026-02-26 15:30,2026-02-26
S100XN60,E40919,418A0,ウリドキ株式会社,2025-11-30,2026-02-26 15:30,2026-02-26
S100XMZO,E04884,96470,株式会社協和コンサルタンツ,2025-11-30,2026-02-26 15:32,2026-02-26
S100XMWM,E35238,70740,株式会社トゥエンティーフォーセブンホールディングス,2025-11-30,2026-02-26 16:00,2026-02-26
S100XNIW,E02095,66640,株式会社オプトエレクトロニクス,2025-11-30,2026-02-26 16:37,2026-02-26
S100XNR4,E01176,53410,ＡＳＡＨＩ　ＥＩＴＯホールディングス株式会社,2025-11-30,2026-02-27 10:11,2026-02-27
S100XMLH,E04733,,大松産業株式会社,2025-11-30,2026-02-27 11:53,2026-02-27
S100XNO2,E01375,,株式会社山本製作所,2025-11-30,2026-02-27 12:01,2026-02-27
S100XNPA,E37502,41970,株式会社アスマーク,2025-11-30,2026-02-27 12:18,2026-02-27
S100XNNG,E01999,68660,日置電機株式会社,2025-12-31,2026-02-27 12:52,2026-02-27
S100XNNH,E40175,280A0,株式会社ＴＭＨ,2025-11-30,2026-02-27 15:35,2026-02-27
S100XO08,E41055,469A0,株式会社フィットクルー,2025-11-30,2026-02-27 16:54,2026-02-27
S100XN0D,E30504,31920,株式会社白鳩,2025-11-30,2026-02-27 16:56,2026-02-27
S100XOKI,E02378,79360,株式会社アシックス,2025-12-31,2026-03-04 09:01,2026-03-04
S100XNYW,E01834,79440,ローランド株式会社,2025-12-31,2026-03-05 12:30,2026-03-05
S100XPFN,E05416,24080,株式会社ＫＧ情報,2025-12-20,2026-03-09 11:06,2026-03-09
S100XPJL,E01714,63280,荏原実業株式会社,2025-12-31,2026-03-09 16:57,2026-03-09
S100XPTY,E00816,41510,協和キリン株式会社,2025-12-31,2026-03-10 15:30,2026-03-10
S100XQ8M,E31331,39120,株式会社モバイルファクトリー,2025-12-31,2026-03-13 14:16,2026-03-13
S100XQN0,E00444,28110,カゴメ株式会社,2025-12-31,2026-03-13 15:43,2026-03-13
S100XQT8,E01971,68170,スミダコーポレーション株式会社,2025-12-31,2026-03-16 10:00,2026-03-16
S100XQHI,E00474,22680,Ｂ－Ｒ　サーティワン　アイスクリーム株式会社,2025-12-31,2026-03-16 13:30,2026-03-16
S100XR40,E31854,61800,ＧＭＯメディア株式会社,2025-12-31,2026-03-16 14:20,2026-03-16
S100XR0M,E01267,63260,株式会社　クボタ,2025-12-31,2026-03-16 15:00,2026-03-16
S100XR70,E38192,93380,株式会社ＩＮＦＯＲＩＣＨ,2025-12-31,2026-03-16 15:52,2026-03-16
S100XR77,E02306,68580,株式会社小野測器,2025-12-31,2026-03-16 16:01,2026-03-16
S100XQSE,E02257,73090,株式会社シマノ,2025-12-31,2026-03-17 09:25,2026-03-17
S100XQYR,E00559,33020,帝国繊維株式会社,2025-12-31,2026-03-17 09:57,2026-03-17
S100XRD8,E02794,74220,東邦レマック株式会社,2025-12-20,2026-03-17 13:19,2026-03-17
S100XRF9,E02097,66630,太洋テクノレックス株式会社,2025-12-20,2026-03-17 13:36,2026-03-17
S100XR5L,E00523,30030,ヒューリック株式会社,2025-12-31,2026-03-17 15:30,2026-03-17
S100XR0F,E40916,410A0,ＧＭＯコマース株式会社,2025-12-31,2026-03-17 15:31,2026-03-17
S100XQP3,E01613,63950,株式会社タダノ,2025-12-31,2026-03-18 09:21,2026-03-18
S100XRMD,E05123,47840,ＧＭＯインターネット株式会社,2025-12-31,2026-03-18 09:31,2026-03-18
S100XRBT,E01350,58190,カナレ電気株式会社,2025-12-31,2026-03-18 09:42,2026-03-18
S100XRJW,E02701,98300,トラスコ中山株式会社,2025-12-31,2026-03-18 10:00,2026-03-18
S100XRH4,E01659,59460,株式会社長府製作所,2025-12-31,2026-03-18 10:07,2026-03-18
S100XRR0,E02991,33860,コスモ・バイオ株式会社,2025-12-31,2026-03-18 11:33,2026-03-18
S100XQKR,E38162,93370,株式会社トリドリ,2025-12-31,2026-03-18 12:19,2026-03-18
S100XRJK,E05147,48120,株式会社電通総研,2025-12-31,2026-03-18 13:23,2026-03-18
S100XRDM,E01114,51840,株式会社ニチリン,2025-12-31,2026-03-18 13:32,2026-03-18
S100XRA9,E30857,36950,ＧＭＯプロダクトプラットフォーム株式会社,2025-12-31,2026-03-18 13:42,2026-03-18
S100XREJ,E05545,37880,ＧＭＯグローバルサイン・ホールディングス株式会社,2025-12-31,2026-03-18 14:14,2026-03-18
S100XRE0,E03482,30470,株式会社ＴＲＵＣＫ－ＯＮＥ,2025-12-31,2026-03-18 15:05,2026-03-18
S100XRPR,E01086,51080,株式会社ブリヂストン,2025-12-31,2026-03-18 15:24,2026-03-18
S100XRIU,E02371,79720,株式会社イトーキ,2025-12-31,2026-03-18 15:30,2026-03-18
S100XRRA,E30841,71720,株式会社ジャパンインベストメントアドバイザー,2025-12-31,2026-03-18 15:30,2026-03-18
S100XRWE,E02389,79890,立川ブラインド工業株式会社,2025-12-31,2026-03-18 16:00,2026-03-18
S100XRUO,E05467,24290,株式会社ワールドホールディングス,2025-12-31,2026-03-18 16:16,2026-03-18
S100XRP4,E27486,45870,ペプチドリーム株式会社,2025-12-31,2026-03-18 16:38,2026-03-18
S100XRWN,E01678,64810,ＴＨＫ株式会社,2025-12-31,2026-03-18 16:58,2026-03-18
S100XRPZ,E00664,39440,古林紙工株式会社,2025-12-31,2026-03-19 09:55,2026-03-19
S100XS2Y,E38078,58670,株式会社エスネットワークス,2025-12-31,2026-03-19 10:44,2026-03-19
S100XRLA,E00903,46340,ａｒｔｉｅｎｃｅ株式会社,2025-12-31,2026-03-19 11:14,2026-03-19
S100XS40,E02404,79560,ピジョン株式会社,2025-12-31,2026-03-19 11:35,2026-03-19
S100XRU1,E35307,44860,ユナイトアンドグロウ株式会社,2025-12-31,2026-03-19 11:35,2026-03-19
S100XS5R,E22101,36330,ＧＭＯペパボ株式会社,2025-12-31,2026-03-19 12:49,2026-03-19
S100XS3C,E02322,77440,ノーリツ鋼機株式会社,2025-12-31,2026-03-19 13:01,2026-03-19
S100XS6L,E35323,70800,株式会社スポーツフィールド,2025-12-31,2026-03-19 13:28,2026-03-19
S100WZGB,E05494,37760,株式会社ブロードバンドタワー,2025-12-31,2026-03-19 13:39,2026-03-19
S100XRYQ,E34276,70370,株式会社テノ．ホールディングス,2025-12-31,2026-03-19 13:59,2026-03-19
S100XR06,E02081,67230,ルネサスエレクトロニクス株式会社,2025-12-31,2026-03-19 14:22,2026-03-19
S100XRFQ,E00397,25330,オエノンホールディングス株式会社,2025-12-31,2026-03-19 15:00,2026-03-19
S100XS5K,E35340,29820,株式会社ＡＤワークスグループ,2025-12-31,2026-03-19 15:01,2026-03-19
S100XRXN,E00373,22060,江崎グリコ株式会社,2025-12-31,2026-03-19 15:30,2026-03-19
S100XR7V,E35967,40130,勤次郎株式会社,2025-12-31,2026-03-19 15:31,2026-03-19
S100XS7V,E27208,45860,株式会社メドレックス,2025-12-31,2026-03-19 15:32,2026-03-19
S100XOZ3,E25156,58420,インテグラル株式会社,2025-12-31,2026-03-19 15:45,2026-03-19
S100XS6X,E01660,64980,株式会社キッツ,2025-12-31,2026-03-19 15:59,2026-03-19
S100XR9Z,E33039,39830,株式会社オロ,2025-12-31,2026-03-19 16:05,2026-03-19
S100XSAX,E32664,91600,株式会社ノバレーゼ,2025-12-31,2026-03-19 16:06,2026-03-19
S100XS22,E03366,27020,日本マクドナルドホールディングス株式会社,2025-12-31,2026-03-19 16:10,2026-03-19
S100XS80,E40792,415A0,ＧＭＯ　ＴＥＣＨホールディングス株式会社,2025-12-31,2026-03-19 16:14,2026-03-19
S100XR1L,E00417,25790,コカ・コーラボトラーズジャパンホールディングス株式会社,2025-12-31,2026-03-19 16:26,2026-03-19
S100XS04,E35959,40120,株式会社アクシス,2025-12-31,2026-03-19 16:36,2026-03-19
S100XRW5,E05474,37650,ガンホー・オンライン・エンターテイメント株式会社,2025-12-31,2026-03-19 16:57,2026-03-19
S100XSEU,E00678,81130,ユニ・チャーム株式会社,2025-12-31,2026-03-23 09:00,2026-03-23
S100XRW4,E33588,65600,株式会社エル・ティー・エス,2025-12-31,2026-03-23 09:02,2026-03-23
S100XS0N,E04626,,株式会社武蔵カントリー倶楽部,2025-12-31,2026-03-23 09:49,2026-03-23
S100XS06,E00703,79150,ＮＩＳＳＨＡ株式会社,2025-12-31,2026-03-23 10:00,2026-03-23
S100XS9W,E00374,22110,株式会社不二家,2025-12-31,2026-03-23 10:05,2026-03-23
S100XSCO,E04801,85940,中道リース株式会社,2025-12-31,2026-03-23 10:08,2026-03-23
S100XSIT,E39268,130A0,株式会社Ｖｅｒｉｔａｓ　Ｉｎ　Ｓｉｌｉｃｏ,2025-12-31,2026-03-23 10:36,2026-03-23
S100XS94,E04048,89960,株式会社ハウスフリーダム,2025-12-31,2026-03-23 10:51,2026-03-23
S100XS2D,E38440,93430,株式会社アイビス,2025-12-31,2026-03-23 11:00,2026-03-23
S100XS43,E27361,36730,株式会社ブロードリーフ,2025-12-31,2026-03-23 11:40,2026-03-23
S100XS3W,E36883,92450,株式会社リベロ,2025-12-31,2026-03-23 11:54,2026-03-23
S100XSML,E31037,42480,竹本容器株式会社,2025-12-31,2026-03-23 12:32,2026-03-23
S100XSGJ,E31023,39010,マークラインズ株式会社,2025-12-31,2026-03-23 13:09,2026-03-23
S100XSIJ,E01901,68560,株式会社堀場製作所,2025-12-31,2026-03-23 13:31,2026-03-23
S100XSOA,E27622,25870,サントリー食品インターナショナル株式会社,2025-12-31,2026-03-23 13:44,2026-03-23
S100XSO1,E05609,24920,株式会社インフォマート,2025-12-31,2026-03-23 13:47,2026-03-23
S100XS2N,E00901,46310,ＤＩＣ株式会社,2025-12-31,2026-03-23 14:02,2026-03-23
S100XSOR,E22559,,サントリーホールディングス株式会社,2025-12-31,2026-03-23 14:06,2026-03-23
S100XSOI,E31723,61710,株式会社土木管理総合試験所,2025-12-31,2026-03-23 14:08,2026-03-23
S100XSP4,E38453,48930,ノイルイミューン・バイオテック株式会社,2025-12-31,2026-03-23 14:21,2026-03-23
S100XSP9,E00905,46330,サカタインクス株式会社,2025-12-31,2026-03-23 14:36,2026-03-23
S100XSPB,E00736,78490,スターツ出版株式会社,2025-12-31,2026-03-23 14:37,2026-03-23
S100XSJU,E01596,64400,ＪＵＫＩ株式会社,2025-12-31,2026-03-23 15:08,2026-03-23
S100XSK6,E34130,56990,株式会社イボキン,2025-12-31,2026-03-23 15:22,2026-03-23
S100XSDA,E21122,39640,株式会社オークネット,2025-12-31,2026-03-23 15:30,2026-03-23
S100XSQX,E25269,45790,ラクオリア創薬株式会社,2025-12-31,2026-03-23 15:30,2026-03-23
S100XS4G,E22024,45760,株式会社デ・ウエスタン・セラピテクス研究所,2025-12-31,2026-03-23 15:30,2026-03-23
S100XS71,E04560,97220,藤田観光株式会社,2025-12-31,2026-03-23 15:31,2026-03-23
S100XSOH,E37926,51260,ポーターズ株式会社,2025-12-31,2026-03-23 15:32,2026-03-23
S100XSJP,E35124,44480,株式会社ｋｕｂｅｌｌ,2025-12-31,2026-03-23 15:33,2026-03-23
S100XRVX,E02366,79760,三菱鉛筆株式会社,2025-12-31,2026-03-23 15:34,2026-03-23
S100XS0T,E05692,32520,地主株式会社,2025-12-31,2026-03-23 15:35,2026-03-23
S100XSMS,E35163,44770,ＢＡＳＥ株式会社,2025-12-31,2026-03-23 15:39,2026-03-23
S100XS15,E02350,62660,タツモ株式会社,2025-12-31,2026-03-23 15:40,2026-03-23
S100XSCU,E00990,49110,株式会社資生堂,2025-12-31,2026-03-23 15:45,2026-03-23
S100XSQQ,E41149,471A0,ＮＳグループ株式会社,2025-12-31,2026-03-23 15:45,2026-03-23
S100XSFM,E26815,71770,ＧＭＯフィナンシャルホールディングス株式会社,2025-12-31,2026-03-23 15:49,2026-03-23
S100XSKF,E03859,88040,東京建物株式会社,2025-12-31,2026-03-23 15:53,2026-03-23
S100XSSA,E00492,29140,日本たばこ産業株式会社,2025-12-31,2026-03-23 16:00,2026-03-23
S100XSR6,E31071,60340,ＭＲＴ株式会社,2025-12-31,2026-03-23 16:00,2026-03-23
S100XRJV,E01054,49710,メック株式会社,2025-12-31,2026-03-23 16:00,2026-03-23
S100XSNI,E00834,42210,大倉工業株式会社,2025-12-31,2026-03-23 16:01,2026-03-23
S100XSGS,E37115,44150,株式会社ブロードエンタープライズ,2025-12-31,2026-03-23 16:03,2026-03-23
S100XS6E,E01542,63610,株式会社荏原製作所,2025-12-31,2026-03-23 16:13,2026-03-23
S100XSJZ,E37902,50380,株式会社ｅＷｅＬＬ,2025-12-31,2026-03-23 16:30,2026-03-23
S100XSG3,E05041,94490,ＧＭＯインターネットグループ株式会社,2025-12-31,2026-03-23 16:33,2026-03-23
S100XRTH,E02168,72720,ヤマハ発動機株式会社,2025-12-31,2026-03-23 16:41,2026-03-23
S100XSL3,E27054,29310,株式会社ユーグレナ,2025-12-31,2026-03-23 16:48,2026-03-23
S100XS6Z,E35220,42510,恵和株式会社,2025-12-31,2026-03-23 16:50,2026-03-23
S100XSRU,E05741,36230,ビリングシステム株式会社,2025-12-31,2026-03-23 16:55,2026-03-23
S100XSV4,E34508,70480,ベルトラ株式会社,2025-12-31,2026-03-23 17:00,2026-03-23
S100XRAK,E04699,,山陽開発株式会社,2025-12-31,2026-03-24 09:03,2026-03-24
S100XS6R,E04700,,株式会社四日市カンツリー倶楽部,2025-12-31,2026-03-24 09:14,2026-03-24
S100XSUV,E05647,43440,ソースネクスト株式会社,2025-12-31,2026-03-24 09:23,2026-03-24
S100XSL6,E04783,81790,ロイヤルホールディングス株式会社,2025-12-31,2026-03-24 09:25,2026-03-24
S100XSUO,E26675,94190,株式会社ワイヤレスゲート,2025-12-31,2026-03-24 09:42,2026-03-24
S100XSJW,E36460,40720,株式会社電算システムホールディングス,2025-12-31,2026-03-24 09:43,2026-03-24
S100XSV5,E05727,21700,株式会社リンクアンドモチベーション,2025-12-31,2026-03-24 10:06,2026-03-24
S100XSP5,E04011,89140,エリアリンク株式会社,2025-12-31,2026-03-24 10:09,2026-03-24
S100XT1E,E38118,71150,株式会社アルファパーチェス,2025-12-31,2026-03-24 10:27,2026-03-24
S100XQ5C,E00375,22120,山崎製パン株式会社,2025-12-31,2026-03-24 10:28,2026-03-24
S100XSVP,E38985,48960,株式会社ケイファーマ,2025-12-31,2026-03-24 10:30,2026-03-24
S100XT1W,E31354,39130,ＧｒｅｅｎＢｅｅ株式会社,2025-12-31,2026-03-24 10:52,2026-03-24
S100XT2X,E39487,175A0,株式会社Ｗｉｌｌ　Ｓｍａｒｔ,2025-12-31,2026-03-24 10:55,2026-03-24
S100XSNC,E01692,61490,株式会社小田原エンジニアリング,2025-12-31,2026-03-24 11:07,2026-03-24
S100XRPJ,E05592,30400,株式会社ソリトンシステムズ,2025-12-31,2026-03-24 11:42,2026-03-24
S100XSHI,E30697,49790,ＯＡＴアグリオ株式会社,2025-12-31,2026-03-24 12:43,2026-03-24
S100XSPG,E05293,23110,株式会社エプコ,2025-12-31,2026-03-24 12:44,2026-03-24
S100XT1L,E30649,32990,株式会社ムゲンエステート,2025-12-31,2026-03-24 12:59,2026-03-24
S100XT68,E33044,45970,ソレイジア・ファーマ株式会社,2025-12-31,2026-03-24 13:07,2026-03-24
S100XSTU,E01122,52010,ＡＧＣ株式会社,2025-12-31,2026-03-24 13:32,2026-03-24
S100XS8C,E02644,80600,キヤノンマーケティングジャパン株式会社,2025-12-31,2026-03-24 13:40,2026-03-24
S100XSVW,E26086,32770,株式会社サンセイランディック,2025-12-31,2026-03-24 14:01,2026-03-24
S100XSY8,E00881,44040,ミヨシ油脂株式会社,2025-12-31,2026-03-24 14:44,2026-03-24
S100XT7A,E01110,51100,住友ゴム工業株式会社,2025-12-31,2026-03-24 14:45,2026-03-24
S100XSPO,E00841,40990,四国化成ホールディングス株式会社,2025-12-31,2026-03-24 15:00,2026-03-24
S100XT5I,E22554,73140,株式会社小田原機器,2025-12-31,2026-03-24 15:12,2026-03-24
S100XS1A,E35911,40580,トヨクモ株式会社,2025-12-31,2026-03-24 15:30,2026-03-24
S100XRTM,E39409,145A0,株式会社Ｌ　ｉｓ　Ｂ,2025-12-31,2026-03-24 15:30,2026-03-24
S100XRZ8,E23634,21950,アミタホールディングス株式会社,2025-12-31,2026-03-24 15:30,2026-03-24
S100XSYD,E31925,14350,株式会社ｒｏｂｏｔ　ｈｏｍｅ,2025-12-31,2026-03-24 15:30,2026-03-24
S100XTB1,E39892,268A0,リガク・ホールディングス株式会社,2025-12-31,2026-03-24 15:30,2026-03-24
S100XT2Q,E03492,262A0,株式会社インターメスティック,2025-12-31,2026-03-24 15:30,2026-03-24
S100XSXU,E05599,24890,株式会社アドウェイズ,2025-12-31,2026-03-24 15:30,2026-03-24
S100XSRL,E40925,421A0,株式会社ムービン・ストラテジック・キャリア,2025-12-31,2026-03-24 15:30,2026-03-24
S100XT9C,E04902,96220,株式会社スペース,2025-12-31,2026-03-24 15:30,2026-03-24
S100XSCJ,E40253,298A0,ＧＶＡ　ＴＥＣＨ株式会社,2025-12-31,2026-03-24 15:30,2026-03-24
S100XSBE,E32770,57040,株式会社ＪＭＣ,2025-12-31,2026-03-24 15:31,2026-03-24
S100XSVU,E05020,47120,株式会社ＫｅｙＨｏｌｄｅｒ,2025-12-31,2026-03-24 15:31,2026-03-24
S100XSRQ,E35790,73530,ＫＩＹＯラーニング株式会社,2025-12-31,2026-03-24 15:31,2026-03-24
S100XSUL,E05282,43560,応用技術株式会社,2025-12-31,2026-03-24 15:31,2026-03-24
S100XSMG,E37506,50280,セカンドサイトアナリティカ株式会社,2025-12-31,2026-03-24 15:31,2026-03-24
S100XT4W,E01551,63830,株式会社ダイフク,2025-12-31,2026-03-24 15:31,2026-03-24
S100XSUW,E01049,49220,株式会社コーセーホールディングス,2025-12-31,2026-03-24 15:35,2026-03-24
S100XT2K,E04754,97310,株式会社白洋舍,2025-12-31,2026-03-24 15:39,2026-03-24
S100XSJ2,E22560,45740,大幸薬品株式会社,2025-12-31,2026-03-24 15:39,2026-03-24
S100XTBP,E31335,45930,株式会社ヘリオス,2025-12-31,2026-03-24 15:39,2026-03-24
S100XSLS,E01015,49850,アース製薬株式会社,2025-12-31,2026-03-24 15:40,2026-03-24
S100XTBZ,E39133,58910,株式会社魁力屋,2025-12-31,2026-03-24 15:43,2026-03-24
S100XT2O,E34142,70330,株式会社マネジメントソリューションズ,2025-12-31,2026-03-24 15:57,2026-03-24
S100XT1Y,E36140,91450,株式会社ビーイングホールディングス,2025-12-31,2026-03-24 15:58,2026-03-24
S100XRYC,E02120,66330,株式会社ＣＧＳホールディングス,2025-12-31,2026-03-24 16:00,2026-03-24
S100XT2J,E34498,70430,アルー株式会社,2025-12-31,2026-03-24 16:00,2026-03-24
S100XT30,E36410,41920,スパイダープラス株式会社,2025-12-31,2026-03-24 16:00,2026-03-24
S100XTAQ,E38919,55890,株式会社オートサーバー,2025-12-31,2026-03-24 16:00,2026-03-24
S100XT0N,E00854,41860,東京応化工業株式会社,2025-12-31,2026-03-24 16:00,2026-03-24
S100XSVD,E31436,39140,ＪＩＧ－ＳＡＷ株式会社,2025-12-31,2026-03-24 16:00,2026-03-24
S100XSU7,E01505,62780,ユニオンツール株式会社,2025-12-31,2026-03-24 16:00,2026-03-24
S100XSDT,E03724,85080,Ｊトラスト株式会社,2025-12-31,2026-03-24 16:02,2026-03-24
S100XSYR,E21258,62500,株式会社やまびこ,2025-12-31,2026-03-24 16:04,2026-03-24
S100XT60,E22470,60780,株式会社バリューＨＲ,2025-12-31,2026-03-24 16:06,2026-03-24
S100XTDI,E38180,51390,オープンワーク株式会社,2025-12-31,2026-03-24 16:10,2026-03-24
S100XSM4,E25850,36590,株式会社ネクソン,2025-12-31,2026-03-24 16:14,2026-03-24
S100XTDG,E00505,25970,株式会社ユニカフェ,2025-12-31,2026-03-24 16:14,2026-03-24
S100XTDE,E05407,89290,株式会社青山財産ネットワークス,2025-12-31,2026-03-24 16:20,2026-03-24
S100XS7T,E36366,41780,株式会社Ｓｈａｒｉｎｇ　Ｉｎｎｏｖａｔｉｏｎｓ,2025-12-31,2026-03-24 16:24,2026-03-24
S100XSXL,E04224,23840,ＳＢＳホールディングス株式会社,2025-12-31,2026-03-24 16:33,2026-03-24
S100XSN5,E31056,39020,メディカル・データ・ビジョン株式会社,2025-12-31,2026-03-24 16:34,2026-03-24
S100XNE5,E24682,45820,シンバイオ製薬株式会社,2025-12-31,2026-03-24 16:37,2026-03-24
S100XTDT,E32989,48810,株式会社ファンペップ,2025-12-31,2026-03-24 17:00,2026-03-24
S100XT6D,E38335,52570,ノバシステム株式会社,2025-12-31,2026-03-25 09:00,2026-03-25
S100XTDL,E27047,36670,株式会社ｅｎｉｓｈ,2025-12-31,2026-03-25 09:00,2026-03-25
S100XS6V,E00762,40250,多木化学株式会社,2025-12-31,2026-03-25 09:02,2026-03-25
S100XT6G,E00883,44520,花王株式会社,2025-12-31,2026-03-25 09:14,2026-03-25
S100XTLN,E00887,44630,日華化学株式会社,2025-12-31,2026-03-25 09:19,2026-03-25
S100XTFR,E34290,70380,フロンティア・マネジメント株式会社,2025-12-31,2026-03-25 09:20,2026-03-25
S100XSYM,E02301,77390,キヤノン電子株式会社,2025-12-31,2026-03-25 09:28,2026-03-25
S100XS73,E00773,,北海道曹達株式会社,2025-12-31,2026-03-25 09:38,2026-03-25
S100XTFP,E05033,47220,フューチャー株式会社,2025-12-31,2026-03-25 09:46,2026-03-25
S100XSXS,E01047,49670,小林製薬株式会社,2025-12-31,2026-03-25 10:00,2026-03-25
S100XTJV,E04816,97550,応用地質株式会社,2025-12-31,2026-03-25 10:01,2026-03-25
S100XT0W,E00133,18970,金下建設株式会社,2025-12-31,2026-03-25 10:03,2026-03-25
S100XTMG,E30058,45880,オンコリスバイオファーマ株式会社,2025-12-31,2026-03-25 10:04,2026-03-25
S100XTMQ,E05301,45630,アンジェス株式会社,2025-12-31,2026-03-25 10:06,2026-03-25
S100XSS6,E02861,75310,清和中央ホールディングス株式会社,2025-12-31,2026-03-25 10:15,2026-03-25
S100XSX2,E02877,72280,株式会社デイトナ,2025-12-31,2026-03-25 10:30,2026-03-25
S100XSJ5,E39136,58680,株式会社ロココ,2025-12-31,2026-03-25 10:38,2026-03-25
S100XTNM,E22663,21930,クックパッド株式会社,2025-12-31,2026-03-25 10:38,2026-03-25
S100XTDX,E04516,95430,静岡ガス株式会社,2025-12-31,2026-03-25 10:40,2026-03-25
S100XSVY,E00708,39480,光ビジネスフォーム株式会社,2025-12-31,2026-03-25 10:54,2026-03-25
S100XTNK,E25283,36490,株式会社ファインデックス,2025-12-31,2026-03-25 11:18,2026-03-25
S100XTGV,E26596,36640,株式会社モブキャストホールディングス,2025-12-31,2026-03-25 11:26,2026-03-25
S100XTP9,E01223,53100,東洋炭素株式会社,2025-12-31,2026-03-25 11:28,2026-03-25
S100XRKS,E03092,81650,株式会社千趣会,2025-12-31,2026-03-25 11:30,2026-03-25
S100XTGC,E27046,32610,株式会社グランディーズ,2025-12-31,2026-03-25 11:31,2026-03-25
S100XTPB,E00315,17180,美樹工業株式会社,2025-12-31,2026-03-25 11:33,2026-03-25
S100XTD8,E02030,68710,株式会社日本マイクロニクス,2025-12-31,2026-03-25 11:42,2026-03-25
S100XRYY,E05533,24610,株式会社ファンコミュニケーションズ,2025-12-31,2026-03-25 11:51,2026-03-25
S100XTHD,E36172,41710,株式会社グローバルインフォメーション,2025-12-31,2026-03-25 12:00,2026-03-25
S100XTPW,E40019,261A0,株式会社日水コン,2025-12-31,2026-03-25 12:00,2026-03-25
S100XSDL,E24951,49270,株式会社ポーラ・オルビスホールディングス,2025-12-31,2026-03-25 12:04,2026-03-25
S100XT5G,E03342,94410,株式会社ベルパーク,2025-12-31,2026-03-25 12:08,2026-03-25
S100XTC0,E05411,24180,株式会社ツカダ・グローバルホールディング,2025-12-31,2026-03-25 12:11,2026-03-25
S100XS86,E36905,43720,ユミルリンク株式会社,2025-12-31,2026-03-25 12:30,2026-03-25
S100XSGM,E01921,68530,株式会社共和電業,2025-12-31,2026-03-25 12:48,2026-03-25
S100XSQ8,E02934,27000,木徳神糧株式会社,2025-12-31,2026-03-25 12:55,2026-03-25
S100XTGN,E04954,46410,株式会社アルプス技研,2025-12-31,2026-03-25 12:57,2026-03-25
S100XTH1,E01459,78410,株式会社遠藤製作所,2025-12-31,2026-03-25 13:00,2026-03-25
S100XT40,E01379,58510,リョービ株式会社,2025-12-31,2026-03-25 13:04,2026-03-25
S100XTT0,E05088,47720,株式会社ＳＭ　ＥＮＴＥＲＴＡＩＮＭＥＮＴ　ＪＡＰＡＮ,2025-12-31,2026-03-25 13:08,2026-03-25
S100XT0V,E00196,18990,株式会社福田組,2025-12-31,2026-03-25 13:09,2026-03-25
S100XTT8,E00751,40040,株式会社レゾナック・ホールディングス,2025-12-31,2026-03-25 13:14,2026-03-25
S100XTIP,E32591,39400,株式会社ノムラシステムコーポレーション,2025-12-31,2026-03-25 13:17,2026-03-25
S100XTTR,E37160,42580,株式会社網屋,2025-12-31,2026-03-25 13:27,2026-03-25
S100XT97,E05326,17240,シンクレイヤ株式会社,2025-12-31,2026-03-25 13:28,2026-03-25
S100XTUB,E01005,50100,日本精蝋株式会社,2025-12-31,2026-03-25 13:44,2026-03-25
S100XTBY,E35116,76850,株式会社ＢｕｙＳｅｌｌ　Ｔｅｃｈｎｏｌｏｇｉｅｓ,2025-12-31,2026-03-25 14:03,2026-03-25
S100XT3M,E01140,53020,日本カーボン株式会社,2025-12-31,2026-03-25 14:07,2026-03-25
S100XTSL,E33594,62350,株式会社オプトラン,2025-12-31,2026-03-25 14:18,2026-03-25
S100XSWN,E01141,53370,ダントーホールディングス株式会社,2025-12-31,2026-03-25 14:27,2026-03-25
S100XTVO,E00011,19110,住友林業株式会社,2025-12-31,2026-03-25 14:31,2026-03-25
S100XSHO,E35518,48830,株式会社モダリス,2025-12-31,2026-03-25 14:32,2026-03-25
S100XT28,E32642,41890,ＫＨネオケム株式会社,2025-12-31,2026-03-25 14:35,2026-03-25
S100XTI8,E00770,40450,東亞合成株式会社,2025-12-31,2026-03-25 14:37,2026-03-25
S100XTJA,E04603,96720,東京都競馬株式会社,2025-12-31,2026-03-25 14:45,2026-03-25
S100XSLT,E02932,26930,ＹＫＴ株式会社,2025-12-31,2026-03-25 14:53,2026-03-25
S100XRPQ,E05198,42840,株式会社　ソルクシーズ,2025-12-31,2026-03-25 14:57,2026-03-25
S100XTX9,E35827,40530,株式会社Ｓｕｎ　Ａｓｔｅｒｉｓｋ,2025-12-31,2026-03-25 14:59,2026-03-25
S100XTH9,E02396,79630,興研株式会社,2025-12-31,2026-03-25 15:00,2026-03-25
S100XTCV,E01988,69290,日本セラミック株式会社,2025-12-31,2026-03-25 15:00,2026-03-25
S100XTTY,E30930,78140,株式会社日本創発グループ,2025-12-31,2026-03-25 15:04,2026-03-25
S100XTY1,E03896,,株式会社全国旅館会館,2025-12-31,2026-03-25 15:08,2026-03-25
S100XTM0,E00393,25010,サッポロホールディングス株式会社,2025-12-31,2026-03-25 15:08,2026-03-25
S100XTP6,E01675,62760,シリウスビジョン株式会社,2025-12-31,2026-03-25 15:10,2026-03-25
S100XSMJ,E01085,51010,横浜ゴム株式会社,2025-12-31,2026-03-25 15:11,2026-03-25
S100XTG9,E02979,33550,クリヤマホールディングス株式会社,2025-12-31,2026-03-25 15:13,2026-03-25
S100XSYQ,E00337,22660,六甲バター株式会社,2025-12-31,2026-03-25 15:15,2026-03-25
S100XTN4,E39449,248A0,株式会社キッズスター,2025-12-31,2026-03-25 15:30,2026-03-25
S100XTGG,E34522,29700,ＧＬＣ　ＧＲＯＵＰ株式会社,2025-12-31,2026-03-25 15:30,2026-03-25
S100XTGZ,E38957,55900,株式会社ネットスターズ,2025-12-31,2026-03-25 15:30,2026-03-25
S100XTLJ,E02274,77510,キヤノン株式会社,2025-12-31,2026-03-25 15:30,2026-03-25
S100XSOT,E01654,64650,ホシザキ株式会社,2025-12-31,2026-03-25 15:30,2026-03-25
S100XTYS,E40964,431A0,ユーソナー株式会社,2025-12-31,2026-03-25 15:30,2026-03-25
S100XTY6,E35354,44930,株式会社サイバーセキュリティクラウド,2025-12-31,2026-03-25 15:30,2026-03-25
S100XTK0,E35908,73580,株式会社ポピンズ,2025-12-31,2026-03-25 15:30,2026-03-25
S100XQSG,E34565,76750,セントラルフォレストグループ株式会社,2025-12-31,2026-03-25 15:30,2026-03-25
S100XSEW,E40934,485A0,株式会社パワーエックス,2025-12-31,2026-03-25 15:30,2026-03-25
S100XTMW,E34735,70610,日本ホスピスホールディングス株式会社,2025-12-31,2026-03-25 15:30,2026-03-25
S100XTAR,E41191,479A0,ＰＲＯＮＩ株式会社,2025-12-31,2026-03-25 15:31,2026-03-25
S100XTWQ,E39405,155A0,株式会社情報戦略テクノロジー,2025-12-31,2026-03-25 15:31,2026-03-25
S100XTGF,E38373,52410,株式会社日本オーエー研究所,2025-12-31,2026-03-25 15:33,2026-03-25
S100XTA7,E32796,65400,株式会社船場,2025-12-31,2026-03-25 15:34,2026-03-25
S100XT6S,E01995,69150,千代田インテグレ株式会社,2025-12-31,2026-03-25 15:34,2026-03-25
S100XTG8,E36706,91470,ＮＩＰＰＯＮ　ＥＸＰＲＥＳＳホールディングス株式会社,2025-12-31,2026-03-25 15:35,2026-03-25
S100XTKE,E37105,42550,ＴＨＥＣＯＯ株式会社,2025-12-31,2026-03-25 15:36,2026-03-25
S100XTT5,E01563,63100,井関農機株式会社,2025-12-31,2026-03-25 15:38,2026-03-25
S100XT7F,E05206,42930,株式会社セプテーニ・ホールディングス,2025-12-31,2026-03-25 15:39,2026-03-25
S100XTZB,E40058,265A0,Ｈｍｃｏｍｍ株式会社,2025-12-31,2026-03-25 15:39,2026-03-25
S100XTBJ,E00932,45190,中外製薬株式会社,2025-12-31,2026-03-25 15:42,2026-03-25
S100XSYP,E03497,30640,株式会社ＭｏｎｏｔａＲＯ,2025-12-31,2026-03-25 15:43,2026-03-25
S100XTL0,E36031,77900,株式会社バルコス,2025-12-31,2026-03-25 15:44,2026-03-25
S100XTYD,E35139,70810,コーユーレンティア株式会社,2025-12-31,2026-03-25 15:45,2026-03-25
S100XT4I,E41154,480A0,株式会社リブ・コンサルティング,2025-12-31,2026-03-25 15:47,2026-03-25
S100XTR2,E32601,65330,株式会社Ｏｒｃｈｅｓｔｒａ　Ｈｏｌｄｉｎｇｓ,2025-12-31,2026-03-25 15:49,2026-03-25
S100XTWJ,E35289,70820,株式会社ジモティー,2025-12-31,2026-03-25 15:56,2026-03-25
S100XTSA,E38178,93390,株式会社コーチ・エィ,2025-12-31,2026-03-25 15:59,2026-03-25
S100XU0K,E41108,478A0,株式会社フツパー,2025-12-31,2026-03-25 16:00,2026-03-25
S100XU06,E33579,34860,株式会社グローバル・リンク・マネジメント,2025-12-31,2026-03-25 16:00,2026-03-25
S100XTRE,E36174,41660,かっこ株式会社,2025-12-31,2026-03-25 16:00,2026-03-25
S100XTOY,E01726,62680,ナブテスコ株式会社,2025-12-31,2026-03-25 16:00,2026-03-25
S100XTL6,E37960,71120,株式会社キューブ,2025-12-31,2026-03-25 16:00,2026-03-25
S100XSRF,E35118,58710,ＳＯＬＩＺＥ　Ｈｏｌｄｉｎｇｓ株式会社,2025-12-31,2026-03-25 16:00,2026-03-25
S100XTLM,E31954,64640,株式会社ツバキ・ナカシマ,2025-12-31,2026-03-25 16:00,2026-03-25
S100XTYN,E00981,45650,ネクセラファーマ株式会社,2025-12-31,2026-03-25 16:01,2026-03-25
S100XU05,E05183,48400,株式会社トライアイズ,2025-12-31,2026-03-25 16:02,2026-03-25
S100XTA9,E04515,95390,京葉瓦斯株式会社,2025-12-31,2026-03-25 16:02,2026-03-25
S100XTY8,E05413,37440,サイオス株式会社,2025-12-31,2026-03-25 16:04,2026-03-25
S100XSXA,E05036,47250,株式会社ＣＡＣ　Ｈｏｌｄｉｎｇｓ,2025-12-31,2026-03-25 16:06,2026-03-25
S100XU0E,E37985,95630,Ａｔｌａｓ　Ｔｅｃｈｎｏｌｏｇｉｅｓ株式会社,2025-12-31,2026-03-25 16:09,2026-03-25
S100XTE7,E31093,39040,株式会社カヤック,2025-12-31,2026-03-25 16:12,2026-03-25
S100XTCP,E36091,66120,バルミューダ株式会社,2025-12-31,2026-03-25 16:20,2026-03-25
S100XT84,E34471,14490,株式会社ＦＵＪＩジャパン,2025-12-31,2026-03-25 16:22,2026-03-25
S100XT8X,E03517,30910,株式会社ブロンコビリー,2025-12-31,2026-03-25 16:26,2026-03-25
S100XU0T,E40512,377A0,株式会社エージェントＩＧホールディングス,2025-12-31,2026-03-25 16:29,2026-03-25
S100XTOJ,E24994,66270,株式会社テラプローブ,2025-12-31,2026-03-25 16:29,2026-03-25
S100XT5L,E02800,50150,ビーピー・カストロール株式会社,2025-12-31,2026-03-25 16:30,2026-03-25
S100XTYP,E02177,72440,市光工業株式会社,2025-12-31,2026-03-25 16:39,2026-03-25
S100XSSZ,E00876,34050,株式会社クラレ,2025-12-31,2026-03-25 16:52,2026-03-25
S100XU2H,E00674,39500,ザ・パック株式会社,2025-12-31,2026-03-25 17:02,2026-03-25
S100XU72,E39171,56190,マーソ株式会社,2025-12-31,2026-03-26 09:00,2026-03-26
S100XSM3,E04693,96560,グリーンランドリゾート株式会社,2025-12-31,2026-03-26 09:00,2026-03-26
S100XTV5,E38926,62230,株式会社　西部技研,2025-12-31,2026-03-26 09:03,2026-03-26
S100XT3I,E02797,74250,初穂商事株式会社,2025-12-31,2026-03-26 09:04,2026-03-26
S100XTF0,E31946,45950,株式会社ミズホメディー,2025-12-31,2026-03-26 09:10,2026-03-26
S100XU17,E01190,52140,日本電気硝子株式会社,2025-12-31,2026-03-26 09:10,2026-03-26
S100XU1U,E04721,,株式会社紫雲ゴルフ倶楽部,2025-12-31,2026-03-26 09:13,2026-03-26
S100XTTL,E04674,,株式会社小樽ゴルフ場,2025-12-31,2026-03-26 09:13,2026-03-26
S100XTWS,E00378,22160,カンロ株式会社,2025-12-31,2026-03-26 09:14,2026-03-26
S100XT3K,E37156,65240,湖北工業株式会社,2025-12-31,2026-03-26 09:27,2026-03-26
S100XT1R,E01533,63020,住友重機械工業株式会社,2025-12-31,2026-03-26 09:29,2026-03-26
S100XU8Z,E30898,31960,株式会社ホットランドホールディングス,2025-12-31,2026-03-26 09:38,2026-03-26
S100XTTU,E05182,48480,株式会社フルキャストホールディングス,2025-12-31,2026-03-26 09:43,2026-03-26
S100XTZY,E04634,,株式会社相模原ゴルフクラブ,2025-12-31,2026-03-26 09:46,2026-03-26
S100XU5I,E02466,78460,株式会社パイロットコーポレーション,2025-12-31,2026-03-26 10:01,2026-03-26
S100XTR8,E33305,35660,ユニフォームネクスト株式会社,2025-12-31,2026-03-26 10:02,2026-03-26
S100XTWL,E04795,97680,いであ株式会社,2025-12-31,2026-03-26 10:02,2026-03-26
S100XSWS,E26032,60540,株式会社リブセンス,2025-12-31,2026-03-26 10:04,2026-03-26
S100XU5J,E05149,24910,バリューコマース株式会社,2025-12-31,2026-03-26 10:06,2026-03-26
S100XU3R,E01591,63760,日機装株式会社,2025-12-31,2026-03-26 10:06,2026-03-26
S100XTN7,E00556,32040,株式会社トーア紡コーポレーション,2025-12-31,2026-03-26 10:13,2026-03-26
S100XUA7,E21183,45780,大塚ホールディングス株式会社,2025-12-31,2026-03-26 10:13,2026-03-26
S100XTAP,E00351,20090,鳥越製粉株式会社,2025-12-31,2026-03-26 10:22,2026-03-26
S100XUAR,E04728,,小金井ゴルフ株式会社,2025-12-31,2026-03-26 10:34,2026-03-26
S100XS9S,E01421,59500,日本パワーファスニング株式会社,2025-12-31,2026-03-26 10:36,2026-03-26
S100XT8Q,E04663,,株式会社旭川国際ゴルフ場,2025-12-31,2026-03-26 10:42,2026-03-26
S100XUB4,E02308,77400,株式会社タムロン,2025-12-31,2026-03-26 10:42,2026-03-26
S100XTWY,E02978,33500,株式会社メタプラネット,2025-12-31,2026-03-26 11:00,2026-03-26
S100XUAO,E00222,19940,高橋カーテンウォール工業株式会社,2025-12-31,2026-03-26 11:06,2026-03-26
S100XU2F,E33602,65610,株式会社ＨＡＮＡＴＯＵＲ　ＪＡＰＡＮ,2025-12-31,2026-03-26 11:10,2026-03-26
S100XU39,E38163,52420,株式会社アイズ,2025-12-31,2026-03-26 11:11,2026-03-26
S100XSSJ,E23829,66300,ヤーマン株式会社,2025-12-31,2026-03-26 11:17,2026-03-26
S100XU3Y,E38157,52400,ｍｏｎｏＡＩ　ｔｅｃｈｎｏｌｏｇｙ株式会社,2025-12-31,2026-03-26 11:18,2026-03-26
S100XU87,E30929,60990,株式会社エラン,2025-12-31,2026-03-26 11:28,2026-03-26
S100XRR5,E02103,34360,株式会社ＳＵＭＣＯ,2025-12-31,2026-03-26 11:30,2026-03-26
S100XUCR,E02365,79920,セーラー万年筆株式会社,2025-12-31,2026-03-26 11:31,2026-03-26
S100XTYE,E01090,51050,ＴＯＹＯ　ＴＩＲＥ株式会社,2025-12-31,2026-03-26 11:44,2026-03-26
S100XTPA,E04256,91730,東海汽船株式会社,2025-12-31,2026-03-26 11:50,2026-03-26
S100XSFK,E00987,45720,カルナバイオサイエンス株式会社,2025-12-31,2026-03-26 11:54,2026-03-26
S100XUDU,E04903,96210,株式会社建設技術研究所,2025-12-31,2026-03-26 11:59,2026-03-26
S100XUDS,E02116,66350,株式会社大日光・エンジニアリング,2025-12-31,2026-03-26 12:01,2026-03-26
S100XU2G,E04846,97020,株式会社アイ・エス・ビー,2025-12-31,2026-03-26 12:28,2026-03-26
S100XUDW,E31625,31380,株式会社富士山マガジンサービス,2025-12-31,2026-03-26 12:31,2026-03-26
S100XUF0,E35631,29860,株式会社ＬＡホールディングス,2025-12-31,2026-03-26 12:53,2026-03-26
S100XT1X,E00668,39470,ダイナパック株式会社,2025-12-31,2026-03-26 12:54,2026-03-26
S100XU6C,E01725,62690,三井海洋開発株式会社,2025-12-31,2026-03-26 12:59,2026-03-26
S100XU1E,E00991,49120,ライオン株式会社,2025-12-31,2026-03-26 13:00,2026-03-26
S100XU5A,E01961,64590,大和冷機工業株式会社,2025-12-31,2026-03-26 13:01,2026-03-26
S100XU8N,E01205,52160,株式会社倉元製作所,2025-12-31,2026-03-26 13:04,2026-03-26
S100XTK8,E00524,30010,片倉工業株式会社,2025-12-31,2026-03-26 13:06,2026-03-26
S100XU1Y,E36173,73590,株式会社東京通信グループ,2025-12-31,2026-03-26 13:17,2026-03-26
S100XU22,E00169,,株式会社竹中工務店,2025-12-31,2026-03-26 13:20,2026-03-26
S100XT95,E05512,78330,株式会社アイフィスジャパン,2025-12-31,2026-03-26 13:30,2026-03-26
S100XTUG,E33025,66940,株式会社ズーム,2025-12-31,2026-03-26 13:42,2026-03-26
S100XU4V,E01061,42350,ウルトラファブリックス・ホールディングス株式会社,2025-12-31,2026-03-26 13:49,2026-03-26
S100XUGF,E35284,44820,株式会社ウィルズ,2025-12-31,2026-03-26 13:53,2026-03-26
S100XUGX,E39161,149A0,株式会社シンカ,2025-12-31,2026-03-26 13:54,2026-03-26
S100XU5X,E36353,73620,株式会社Ｔ．Ｓ．Ｉ,2025-12-31,2026-03-26 13:57,2026-03-26
S100XU6D,E35137,44500,株式会社パワーソリューションズ,2025-12-31,2026-03-26 14:01,2026-03-26
S100XUBY,E05497,37750,株式会社ガイアックス,2025-12-31,2026-03-26 14:04,2026-03-26
S100XUGB,E04039,89460,株式会社ＡＳＩＡＮ　ＳＴＡＲ,2025-12-31,2026-03-26 14:11,2026-03-26
S100XUHN,E04999,47040,トレンドマイクロ株式会社,2025-12-31,2026-03-26 14:16,2026-03-26
S100XTRA,E03327,76250,株式会社グローバルダイニング,2025-12-31,2026-03-26 14:22,2026-03-26
S100XRTE,E00408,25730,北海道コカ・コーラボトリング株式会社,2025-12-31,2026-03-26 14:26,2026-03-26
S100XU0X,E05099,47680,株式会社　大塚商会,2025-12-31,2026-03-26 14:26,2026-03-26
S100XUIC,E39407,146A0,コロンビア・ワークス株式会社,2025-12-31,2026-03-26 14:27,2026-03-26
S100XUBI,E03515,31970,株式会社すかいらーくホールディングス,2025-12-31,2026-03-26 14:40,2026-03-26
S100XTHX,E02062,67690,ザインエレクトロニクス株式会社,2025-12-31,2026-03-26 14:46,2026-03-26
S100XTS2,E05631,24990,日本和装ホールディングス株式会社,2025-12-31,2026-03-26 14:47,2026-03-26
S100XUEF,E02416,51870,クリエートメディック株式会社,2025-12-31,2026-03-26 14:52,2026-03-26
S100XU4M,E37790,50350,ＨＯＵＳＥＩ株式会社,2025-12-31,2026-03-26 14:59,2026-03-26
S100XUJ9,E02462,64000,不二精機株式会社,2025-12-31,2026-03-26 15:00,2026-03-26
S100XU07,E36707,71280,ユニソルホールディングス株式会社,2025-12-31,2026-03-26 15:02,2026-03-26
S100XUE1,E00670,79840,コクヨ株式会社,2025-12-31,2026-03-26 15:02,2026-03-26
S100XU8H,E35294,34490,株式会社テクノフレックス,2025-12-31,2026-03-26 15:10,2026-03-26
S100XU2S,E00892,46120,日本ペイントホールディングス株式会社,2025-12-31,2026-03-26 15:16,2026-03-26
S100XUKD,E24158,77760,株式会社セルシード,2025-12-31,2026-03-26 15:16,2026-03-26
S100XU9L,E00043,16050,株式会社ＩＮＰＥＸ,2025-12-31,2026-03-26 15:17,2026-03-26
S100XUK7,E01256,55630,新日本電工株式会社,2025-12-31,2026-03-26 15:22,2026-03-26
S100XU33,E04955,46420,オリジナル設計株式会社,2025-12-31,2026-03-26 15:22,2026-03-26
S100XUKL,E02379,59430,株式会社ノーリツ,2025-12-31,2026-03-26 15:24,2026-03-26
S100XUAQ,E02743,98270,リリカラ株式会社,2025-12-31,2026-03-26 15:25,2026-03-26
S100XUBZ,E32779,34820,ロードスターキャピタル株式会社,2025-12-31,2026-03-26 15:30,2026-03-26
S100XUL3,E01412,59590,岡部株式会社,2025-12-31,2026-03-26 15:30,2026-03-26
S100XUJP,E35947,29320,株式会社ＳＴＩフードホールディングス,2025-12-31,2026-03-26 15:30,2026-03-26
S100XTNW,E05080,47550,楽天グループ株式会社,2025-12-31,2026-03-26 15:30,2026-03-26
S100XUL5,E39759,219A0,Ｈｅａｒｔｓｅｅｄ株式会社,2025-12-31,2026-03-26 15:30,2026-03-26
S100XUK8,E38450,93450,ビズメイツ株式会社,2025-12-31,2026-03-26 15:30,2026-03-26
S100XTWZ,E31024,34520,株式会社ビーロット,2025-12-31,2026-03-26 15:30,2026-03-26
S100XU41,E37950,50390,株式会社キットアライブ,2025-12-31,2026-03-26 15:30,2026-03-26
S100XUHI,E35931,73540,株式会社ダイレクトマーケティングミックス,2025-12-31,2026-03-26 15:30,2026-03-26
S100XU6G,E31348,39110,株式会社Ａｉｍｉｎｇ,2025-12-31,2026-03-26 15:30,2026-03-26
S100XUFT,E05477,24360,共同ピーアール株式会社,2025-12-31,2026-03-26 15:31,2026-03-26
S100XUA2,E31042,34450,株式会社ＲＳ　Ｔｅｃｈｎｏｌｏｇｉｅｓ,2025-12-31,2026-03-26 15:31,2026-03-26
S100XUHG,E37466,50270,ＡｎｙＭｉｎｄ　Ｇｒｏｕｐ株式会社,2025-12-31,2026-03-26 15:31,2026-03-26
S100XT9M,E35230,,楽天カード株式会社,2025-12-31,2026-03-26 15:32,2026-03-26
S100XUID,E27066,60710,株式会社ＩＢＪ,2025-12-31,2026-03-26 15:33,2026-03-26
S100XTNG,E36372,41800,Ａｐｐｉｅｒ　Ｇｒｏｕｐ株式会社,2025-12-31,2026-03-26 15:34,2026-03-26
S100XU9B,E01760,66530,株式会社正興電機製作所,2025-12-31,2026-03-26 15:34,2026-03-26
S100XU6Z,E05625,21240,株式会社ジェイエイシーリクルートメント,2025-12-31,2026-03-26 15:38,2026-03-26
S100XULB,E38949,55910,株式会社ＡＶＩＬＥＮ,2025-12-31,2026-03-26 15:38,2026-03-26
S100XTVB,E32815,39680,セグエグループ株式会社,2025-12-31,2026-03-26 15:38,2026-03-26
S100XU98,E30398,36830,株式会社サイバーリンクス,2025-12-31,2026-03-26 15:39,2026-03-26
S100XULF,E03478,30530,株式会社ペッパーフードサービス,2025-12-31,2026-03-26 15:39,2026-03-26
S100XS1R,E39410,148A0,株式会社ハッチ・ワーク,2025-12-31,2026-03-26 15:43,2026-03-26
S100XTX2,E30091,36800,株式会社ホットリンク,2025-12-31,2026-03-26 15:46,2026-03-26
S100XUCN,E34509,44280,株式会社シノプス,2025-12-31,2026-03-26 15:52,2026-03-26
S100XTWU,E36155,40190,株式会社スタメン,2025-12-31,2026-03-26 15:53,2026-03-26
S100XU36,E01998,69140,オプテックスグループ株式会社,2025-12-31,2026-03-26 15:58,2026-03-26
S100XU19,E02098,,日亜化学工業株式会社,2025-12-31,2026-03-26 16:00,2026-03-26
S100XT05,E00544,31050,日清紡ホールディングス株式会社,2025-12-31,2026-03-26 16:00,2026-03-26
S100XU1F,E30998,60290,アトラグループ株式会社,2025-12-31,2026-03-26 16:05,2026-03-26
S100XTQS,E25870,32760,株式会社ＪＰＭＣ,2025-12-31,2026-03-26 16:05,2026-03-26
S100XU7P,E25867,36560,ＫＬａｂ株式会社,2025-12-31,2026-03-26 16:07,2026-03-26
S100XTSK,E37563,281A0,インフォメティス株式会社,2025-12-31,2026-03-26 16:08,2026-03-26
S100XUCA,E34091,43950,株式会社アクリート,2025-12-31,2026-03-26 16:08,2026-03-26
S100XS0O,E04760,43240,株式会社電通グループ,2025-12-31,2026-03-26 16:10,2026-03-26
S100XTKS,E05308,23300,株式会社フォーサイド,2025-12-31,2026-03-26 16:17,2026-03-26
S100XUN1,E36708,40740,株式会社ラキール,2025-12-31,2026-03-26 16:26,2026-03-26
S100XUN8,E41318,504A0,イノバセル株式会社,2025-12-31,2026-03-26 16:27,2026-03-26
S100XUKI,E35164,44810,ベース株式会社,2025-12-31,2026-03-26 16:28,2026-03-26
S100XUIK,E05155,48200,株式会社イーエムシステムズ（商号　株式会社ＥＭシステムズ）,2025-12-31,2026-03-26 16:32,2026-03-26
S100XUAX,E01944,65920,マブチモーター株式会社,2025-12-31,2026-03-26 16:40,2026-03-26
S100XQHE,E36498,73470,株式会社マーキュリアホールディングス,2025-12-31,2026-03-26 16:54,2026-03-26
S100XU85,E01162,53010,東海カーボン株式会社,2025-12-31,2026-03-26 17:00,2026-03-26
S100XUO9,E40216,290A0,株式会社Ｓｙｎｓｐｅｃｔｉｖｅ,2025-12-31,2026-03-26 17:01,2026-03-26
S100XU1D,E30133,42450,株式会社ダイキアクシス,2025-12-31,2026-03-26 17:14,2026-03-26
S100XURB,E04658,,株式会社　表蔵王国際ゴルフクラブ,2025-12-31,2026-03-27 09:02,2026-03-27
S100XUGC,E01906,69770,株式会社日本抵抗器製作所,2025-12-31,2026-03-27 09:04,2026-03-27
S100XUQ2,E38948,55880,ファーストアカウンティング株式会社,2025-12-31,2026-03-27 09:07,2026-03-27
S100XSG2,E04643,,株式会社犬山カンツリー倶楽部,2025-12-31,2026-03-27 09:12,2026-03-27
S100XUE0,E02898,76090,ダイトロン株式会社,2025-12-31,2026-03-27 09:16,2026-03-27
S100XUNZ,E05066,47460,株式会社東計電算,2025-12-31,2026-03-27 09:18,2026-03-27
S100XU04,E39162,56160,株式会社雨風太陽,2025-12-31,2026-03-27 09:30,2026-03-27
S100XUT7,E04615,,宮崎ゴルフ株式会社,2025-12-31,2026-03-27 09:30,2026-03-27
S100XUTD,E04670,,魚津観光開発株式会社,2025-12-31,2026-03-27 09:34,2026-03-27
S100XTLL,E04652,,松山観光ゴルフ株式会社,2025-12-31,2026-03-27 09:48,2026-03-27
S100XUMN,E30048,16630,Ｋ＆Ｏエナジーグループ株式会社,2025-12-31,2026-03-27 10:03,2026-03-27
S100XUUD,E36901,43740,株式会社ＲＯＢＯＴ　ＰＡＹＭＥＮＴ,2025-12-31,2026-03-27 10:24,2026-03-27
S100XTS5,E00738,,株式会社日本経済新聞社,2025-12-31,2026-03-27 10:38,2026-03-27
S100XT8H,E01028,41070,伊勢化学工業株式会社,2025-12-31,2026-03-27 10:43,2026-03-27
S100XUVY,E12328,286A0,株式会社ユカリア,2025-12-31,2026-03-27 11:34,2026-03-27
S100XUQB,E30126,14290,株式会社日本アクア,2025-12-31,2026-03-27 11:37,2026-03-27
S100XUIL,E01431,59970,協立エアテック株式会社,2025-12-31,2026-03-27 11:38,2026-03-27
S100XUSL,E35941,40110,株式会社ヘッドウォータース,2025-12-31,2026-03-27 12:10,2026-03-27
S100XUXN,E01652,64970,株式会社ハマイ,2025-12-31,2026-03-27 12:22,2026-03-27
S100XUE5,E00604,80290,株式会社ルックホールディングス,2025-12-31,2026-03-27 13:00,2026-03-27
S100XUYQ,E26625,60630,日本エマージェンシーアシスタンス株式会社,2025-12-31,2026-03-27 13:25,2026-03-27
S100XUYW,E05227,,株式会社　ＤＡホールディングス,2025-12-31,2026-03-27 13:27,2026-03-27
S100XU6S,E30919,36960,株式会社セレス,2025-12-31,2026-03-27 13:42,2026-03-27
S100XUYZ,E01728,62650,コンバム株式会社,2025-12-31,2026-03-27 13:53,2026-03-27
S100XUZC,E35930,40600,ｒａｋｕｍｏ株式会社,2025-12-31,2026-03-27 13:59,2026-03-27
S100XU9P,E02331,77160,株式会社ナカニシ,2025-12-31,2026-03-27 14:00,2026-03-27
S100XUJB,E01913,64440,サンデン株式会社,2025-12-31,2026-03-27 14:00,2026-03-27
S100XTTF,E01039,49190,株式会社ミルボン,2025-12-31,2026-03-27 14:00,2026-03-27
S100XRGD,E04641,,株式会社日高カントリー倶楽部,2025-12-31,2026-03-27 14:07,2026-03-27
S100XV06,E04640,,浜名湖観光開発株式会社,2025-12-31,2026-03-27 14:08,2026-03-27
S100XUVD,E04817,97570,株式会社船井総研ホールディングス,2025-12-31,2026-03-27 14:10,2026-03-27
S100XUPN,E36108,40200,ビートレンド株式会社,2025-12-31,2026-03-27 14:13,2026-03-27
S100XV0N,E03400,27520,株式会社フジオフードグループ本社,2025-12-31,2026-03-27 14:23,2026-03-27
S100XUQM,E01504,61430,株式会社ソディック,2025-12-31,2026-03-27 14:24,2026-03-27
S100XUTV,E02402,79570,フジコピアン株式会社,2025-12-31,2026-03-27 14:30,2026-03-27
S100XTVS,E00395,25030,キリンホールディングス株式会社,2025-12-31,2026-03-27 15:06,2026-03-27
S100XUH3,E32784,77820,株式会社シンシア,2025-12-31,2026-03-27 15:08,2026-03-27
S100XV29,E40452,334A0,株式会社ビジュアル・プロセッシング・ジャパン,2025-12-31,2026-03-27 15:12,2026-03-27
S100XV36,E40429,338A0,株式会社ＺｅｎｍｕＴｅｃｈ,2025-12-31,2026-03-27 15:24,2026-03-27
S100XUT2,E05627,30540,株式会社ハイパー,2025-12-31,2026-03-27 15:30,2026-03-27
S100XUJV,E35117,44760,ＡＩ　ＣＲＯＳＳ株式会社,2025-12-31,2026-03-27 15:30,2026-03-27
S100XUXF,E36946,43750,セーフィー株式会社,2025-12-31,2026-03-27 15:30,2026-03-27
S100XUWD,E39009,48110,株式会社ドリーム・アーツ,2025-12-31,2026-03-27 15:30,2026-03-27
S100XUJ0,E02900,76130,シークス株式会社,2025-12-31,2026-03-27 15:30,2026-03-27
S100XV3D,E37060,43790,株式会社Ｐｈｏｔｏｓｙｎｔｈ,2025-12-31,2026-03-27 15:30,2026-03-27
S100XUW1,E32486,34740,Ｇ－ＦＡＣＴＯＲＹ株式会社,2025-12-31,2026-03-27 15:30,2026-03-27
S100XUHX,E32854,45960,窪田製薬ホールディングス株式会社,2025-12-31,2026-03-27 15:30,2026-03-27
S100XUPZ,E02421,62910,日本エアーテック株式会社,2025-12-31,2026-03-27 15:30,2026-03-27
S100XV3G,E04698,,古賀ゴルフ株式会社,2025-12-31,2026-03-27 15:31,2026-03-27
S100XUME,E31749,34160,ピクスタ株式会社,2025-12-31,2026-03-27 15:31,2026-03-27
S100XUKS,E05116,47760,サイボウズ株式会社,2025-12-31,2026-03-27 15:32,2026-03-27
S100XUAL,E33702,43920,ＦＩＧ株式会社,2025-12-31,2026-03-27 15:32,2026-03-27
S100XUMZ,E05453,37580,株式会社アエリア,2025-12-31,2026-03-27 15:35,2026-03-27
S100XUQE,E32992,39810,株式会社ビーグリー,2025-12-31,2026-03-27 15:37,2026-03-27
S100XTNP,E36859,42640,株式会社セキュア,2025-12-31,2026-03-27 15:38,2026-03-27
S100XV2A,E37979,95610,株式会社グラッドキューブ,2025-12-31,2026-03-27 15:39,2026-03-27
S100XRSE,E31991,39280,株式会社マイネット,2025-12-31,2026-03-27 15:39,2026-03-27
S100XUPT,E33858,92710,株式会社和心,2025-12-31,2026-03-27 15:39,2026-03-27
S100XUJT,E26096,45830,株式会社カイオム・バイオサイエンス,2025-12-31,2026-03-27 15:40,2026-03-27
S100XUP0,E33626,39980,株式会社すららネット,2025-12-31,2026-03-27 15:40,2026-03-27
S100XV2Z,E35514,70930,アディッシュ株式会社,2025-12-31,2026-03-27 15:43,2026-03-27
S100XUUG,E04914,96120,株式会社ラックランド,2025-12-31,2026-03-27 15:47,2026-03-27
S100XUP3,E36944,43770,株式会社ワンキャリア,2025-12-31,2026-03-27 15:48,2026-03-27
S100XV3B,E32855,39760,株式会社シャノン,2025-12-31,2026-03-27 15:49,2026-03-27
S100XV28,E05510,37770,株式会社環境フレンドリーホールディングス,2025-12-31,2026-03-27 15:51,2026-03-27
S100XV0H,E01656,79860,日本アイ・エス・ケイ株式会社,2025-12-31,2026-03-27 15:54,2026-03-27
S100XV4F,E05457,38070,株式会社フィスコ,2025-12-31,2026-03-27 15:59,2026-03-27
S100XV4H,E39023,55370,株式会社ＡｌｂａＬｉｎｋ,2025-12-31,2026-03-27 16:00,2026-03-27
S100XUYO,E05098,47660,株式会社ピーエイ,2025-12-31,2026-03-27 16:00,2026-03-27
S100XUR2,E03101,82020,ラオックスホールディングス株式会社,2025-12-31,2026-03-27 16:00,2026-03-27
S100XUQY,E36896,92460,株式会社プロジェクトホールディングス,2025-12-31,2026-03-27 16:00,2026-03-27
S100XUXC,E36897,43710,株式会社コアコンセプト・テクノロジー,2025-12-31,2026-03-27 16:03,2026-03-27
S100XV32,E00377,22150,第一屋製パン株式会社,2025-12-31,2026-03-27 16:04,2026-03-27
S100XV4M,E38156,48920,株式会社サイフューズ,2025-12-31,2026-03-27 16:06,2026-03-27
S100XV05,E05951,93990,ビート・ホールディングス・リミテッド　（貝德控股有限公司、Ｂｅａｔ　Ｈｏｌｄｉｎｇｓ　Ｌｉｍｉｔｅｄ）,2025-12-31,2026-03-27 16:10,2026-03-27
S100XUX4,E04068,32410,株式会社ウィル,2025-12-31,2026-03-27 16:16,2026-03-27
S100XTO4,E34484,70440,株式会社ピアラ,2025-12-31,2026-03-27 16:21,2026-03-27
S100XUYI,E35330,44870,株式会社スペースマーケット,2025-12-31,2026-03-27 16:25,2026-03-27
S100XV5Y,E39203,56180,ナイル株式会社,2025-12-31,2026-03-27 16:28,2026-03-27
S100XU23,E05275,43510,株式会社山田再生系債権回収総合事務所,2025-12-31,2026-03-27 16:32,2026-03-27
S100XUO8,E35096,44490,株式会社ギフティ,2025-12-31,2026-03-27 16:35,2026-03-27
S100XUVG,E05199,42860,株式会社ＣＬホールディングス,2025-12-31,2026-03-27 16:37,2026-03-27
S100XURW,E33868,65730,ＣＲＡＶＩＡ株式会社,2025-12-31,2026-03-27 16:38,2026-03-27
S100XURZ,E27276,36710,ソフトマックス株式会社,2025-12-31,2026-03-27 16:41,2026-03-27
S100XV4B,E05712,21600,株式会社ジーエヌアイグループ,2025-12-31,2026-03-27 16:55,2026-03-27
S100XUX3,E33586,44800,株式会社メドレー,2025-12-31,2026-03-27 17:00,2026-03-27
S100XV0K,E39397,153A0,株式会社カウリス,2025-12-31,2026-03-30 09:00,2026-03-30
S100XUMY,E01502,61410,ＤＭＧ森精機株式会社,2025-12-31,2026-03-30 09:02,2026-03-30
S100XU2A,E04627,,株式会社府中カントリークラブ,2025-12-31,2026-03-30 09:07,2026-03-30
S100XV3Y,E35841,40560,ニューラルグループ株式会社,2025-12-31,2026-03-30 09:17,2026-03-30
S100XU9W,E02020,68700,日本フェンオール株式会社,2025-12-31,2026-03-30 09:33,2026-03-30
S100XV8N,E02679,80400,株式会社東京ソワール,2025-12-31,2026-03-30 09:46,2026-03-30
S100XVB7,E36107,41680,株式会社ヤプリ,2025-12-31,2026-03-30 10:00,2026-03-30
S100XVBS,E37069,48910,㈱ティムス,2025-12-31,2026-03-30 10:11,2026-03-30
S100XVC2,E04744,,南部富士株式会社,2025-12-31,2026-03-30 10:13,2026-03-30
S100XVCG,E33553,39970,株式会社トレードワークス,2025-12-31,2026-03-30 10:50,2026-03-30
S100XULK,E05726,21690,ＣＤＳ株式会社,2025-12-31,2026-03-30 10:54,2026-03-30
S100XV4T,E02445,59650,株式会社フジマック,2025-12-31,2026-03-30 11:06,2026-03-30
S100XVC1,E37419,77930,株式会社イメージ・マジック,2025-12-31,2026-03-30 11:12,2026-03-30
S100XV33,E05737,21730,株式会社博展,2025-12-31,2026-03-30 11:30,2026-03-30
S100XV5A,E05299,23250,株式会社ＮＪＳ,2025-12-31,2026-03-30 11:36,2026-03-30
S100XVEI,E04724,,株式会社宇都宮ゴルフクラブ,2025-12-31,2026-03-30 11:49,2026-03-30
S100XV70,E34331,70390,ブリッジインターナショナル株式会社,2025-12-31,2026-03-30 12:00,2026-03-30
S100XV4W,E05369,37270,株式会社アプリックス,2025-12-31,2026-03-30 12:22,2026-03-30
S100XUWK,E02300,,株式会社　ミツトヨ,2025-12-31,2026-03-30 12:38,2026-03-30
S100XV8F,E05348,37190,ＡＩストーム株式会社,2025-12-31,2026-03-30 12:38,2026-03-30
S100XSOQ,E36122,41700,株式会社Ｋａｉｚｅｎ　Ｐｌａｔｆｏｒｍ,2025-12-31,2026-03-30 13:12,2026-03-30
S100XURA,E33009,65460,フルテック株式会社,2025-12-31,2026-03-30 13:14,2026-03-30
S100XVG3,E39114,55970,ブルーイノベーション株式会社,2025-12-31,2026-03-30 13:24,2026-03-30
S100XVH2,E01984,67480,星和電機株式会社,2025-12-31,2026-03-30 13:58,2026-03-30
S100XTM9,E01257,55420,新報国マテリアル株式会社,2025-12-31,2026-03-30 14:26,2026-03-30
S100XV82,E00846,58160,オーナンバ株式会社,2025-12-31,2026-03-30 14:32,2026-03-30
S100XVIQ,E41486,519A0,株式会社ベーシック,2025-12-31,2026-03-30 14:40,2026-03-30
S100XVFP,E01867,68350,アライドテレシスホールディングス株式会社,2025-12-31,2026-03-30 15:01,2026-03-30
S100XVJC,E02775,99730,ＫＯＺＯホールディングス株式会社,2025-12-31,2026-03-30 15:01,2026-03-30
S100XV85,E30010,94160,株式会社ビジョン,2025-12-31,2026-03-30 15:09,2026-03-30
S100XVJS,E04673,,森ビルゴルフリゾート株式会社,2025-12-31,2026-03-30 15:12,2026-03-30
S100XVDD,E02452,64250,株式会社ユニバーサルエンターテインメント,2025-12-31,2026-03-30 15:15,2026-03-30
S100XUOH,E05241,27210,株式会社ジェイホールディングス,2025-12-31,2026-03-30 15:17,2026-03-30
S100XVE0,E32753,65370,ＷＡＳＨハウス株式会社,2025-12-31,2026-03-30 15:19,2026-03-30
S100XV3C,E04649,,広島ゴルフ観光株式会社,2025-12-31,2026-03-30 15:26,2026-03-30
S100XTQ4,E37304,92130,株式会社セイファート,2025-12-31,2026-03-30 15:30,2026-03-30
S100XVCR,E02963,27880,アップルインターナショナル株式会社,2025-12-31,2026-03-30 15:30,2026-03-30
S100XV6D,E34321,44200,イーソル株式会社,2025-12-31,2026-03-30 15:30,2026-03-30
S100XUI4,E41144,472A0,株式会社ミラティブ,2025-12-31,2026-03-30 15:30,2026-03-30
S100XV6A,E37292,92140,Ｒｅｃｏｖｅｒｙ　Ｉｎｔｅｒｎａｔｉｏｎａｌ株式会社,2025-12-31,2026-03-30 15:40,2026-03-30
S100XVKK,E37176,92110,株式会社エフ・コード,2025-12-31,2026-03-30 15:47,2026-03-30
S100XV6R,E04549,,株式会社パレスホテル,2025-12-31,2026-03-30 15:51,2026-03-30
S100XVK0,E05114,47770,株式会社ガーラ,2025-12-31,2026-03-30 16:07,2026-03-30
S100XVL7,E37508,92180,株式会社メンタルヘルステクノロジーズ,2025-12-31,2026-03-30 16:20,2026-03-30
S100XVCC,E30053,60810,アライドアーキテクツ株式会社,2025-12-31,2026-03-30 16:27,2026-03-30
S100XVHM,E31817,61770,ＡｐｐＢａｎｋ株式会社,2025-12-31,2026-03-30 16:27,2026-03-30
S100XV9V,E40269,319A0,株式会社技術承継機構,2025-12-31,2026-03-30 16:30,2026-03-30
S100XRSA,E04730,,株式会社サイプレスクラブ,2025-12-31,2026-03-31 09:00,2026-03-31
S100XV9R,E04611,,奈良ゴルフ場株式会社,2025-12-31,2026-03-31 09:03,2026-03-31
S100XV65,E04163,,長崎自動車株式会社,2025-12-31,2026-03-31 09:16,2026-03-31
S100XVDP,E02104,,株式会社ディー・ディー・エス,2025-12-31,2026-03-31 09:40,2026-03-31
S100XSK1,E04538,97040,株式会社アゴーラホスピタリティーグループ,2025-12-31,2026-03-31 09:41,2026-03-31
S100XVFT,E04669,,株式会社　秋田椿台ゴルフクラブ,2025-12-31,2026-03-31 10:41,2026-03-31
S100XVS5,E04731,,株式会社山田クラブ２１,2025-12-31,2026-03-31 11:02,2026-03-31
S100XVIW,E26231,36630,株式会社セルシス,2025-12-31,2026-03-31 12:01,2026-03-31
S100XUUE,E04642,,株式会社エムケー,2025-12-31,2026-03-31 13:38,2026-03-31
S100XVV3,E02296,59570,日東精工株式会社,2025-12-31,2026-03-31 14:00,2026-03-31
S100XVUY,E34514,62320,株式会社ＡＣＳＬ,2025-12-31,2026-03-31 14:06,2026-03-31
S100XVOA,E04244,,佐渡汽船株式会社,2025-12-31,2026-03-31 14:27,2026-03-31
S100XVLI,E37131,42610,アジアクエスト株式会社,2025-12-31,2026-03-31 14:50,2026-03-31
S100XVY3,E05248,43310,株式会社テイクアンドギヴ・ニーズ,2025-12-31,2026-03-31 15:14,2026-03-31
S100XVUK,E31089,60310,ＺＥＴＡ株式会社,2025-12-31,2026-03-31 15:30,2026-03-31
S100XVNJ,E36133,49350,株式会社リベルタ,2025-12-31,2026-03-31 15:33,2026-03-31
S100XVWO,E34294,70360,株式会社イーエムネットジャパン,2025-12-31,2026-03-31 15:45,2026-03-31
S100XVVP,E34721,44380,株式会社Ｗｅｌｂｙ,2025-12-31,2026-03-31 15:57,2026-03-31
S100XVZN,E38477,52550,株式会社モンスターラボ,2025-12-31,2026-03-31 16:00,2026-03-31
S100XVW2,E02949,,ピクセルカンパニーズ株式会社,2025-12-31,2026-03-31 16:11,2026-03-31
S100XVY4,E04628,,株式会社伊香保カントリー倶楽部,2025-12-31,2026-03-31 16:16,2026-03-31
S100XW0L,E02083,67210,ウインテスト株式会社,2025-12-31,2026-03-31 16:20,2026-03-31
S100XW1R,E39183,,株式会社ポイント機構,2025-12-31,2026-03-31 17:04,2026-03-31
S100T65I,E05155,48200,株式会社イーエムシステムズ（商号　株式会社ＥＭシステムズ）,2023-12-31,2024-03-28 16:11,2026-04-02
S100XXPI,E04075,32460,株式会社コーセーアールイー,2026-01-31,2026-04-09 14:38,2026-04-09
S100XYDT,E00424,25900,ダイドーグループホールディングス株式会社,2026-01-20,2026-04-14 15:33,2026-04-14
S100XYGD,E02882,78650,ピープル株式会社,2026-01-20,2026-04-15 10:12,2026-04-15
S100XZ22,E00143,19280,積水ハウス株式会社,2026-01-31,2026-04-16 13:41,2026-04-16
S100XZ7G,E31731,14330,ベステラ株式会社,2026-01-31,2026-04-16 16:57,2026-04-16
S100XYFO,E02888,75900,株式会社タカショー,2026-01-20,2026-04-17 09:02,2026-04-17
S100XZF3,E26082,66190,ダブル・スコープ株式会社,2026-01-31,2026-04-17 09:37,2026-04-17
S100XZDC,E02293,69660,株式会社三井ハイテック,2026-01-31,2026-04-17 15:01,2026-04-17
S100XZ5Y,E04592,96360,株式会社きんえい,2026-01-31,2026-04-20 09:18,2026-04-20
S100XZTW,E31382,45920,サンバイオ株式会社,2026-01-31,2026-04-20 15:42,2026-04-20
S100XZWO,E02007,66540,不二電機工業株式会社,2026-01-31,2026-04-21 09:14,2026-04-21
S100XZVZ,E04853,96920,株式会社シーイーシー,2026-01-31,2026-04-21 14:39,2026-04-21
S100XZNA,E25898,36570,ポールトゥウィンホールディングス株式会社,2026-01-31,2026-04-21 15:13,2026-04-21
S100Y03C,E35144,29830,株式会社アールプランナー,2026-01-31,2026-04-21 15:35,2026-04-21
S100Y01F,E00287,17580,太洋基礎工業株式会社,2026-01-31,2026-04-22 09:00,2026-04-22
S100Y086,E37333,50310,モイ株式会社,2026-01-31,2026-04-22 10:16,2026-04-22
S100Y025,E03506,30710,株式会社ストリーム,2026-01-31,2026-04-22 10:25,2026-04-22
S100Y04L,E00208,97430,株式会社丹青社,2026-01-31,2026-04-22 10:37,2026-04-22
S100Y034,E00571,80130,株式会社ナイガイ,2026-01-31,2026-04-22 11:45,2026-04-22
S100Y02W,E38256,52480,株式会社テクノロジーズ,2026-01-31,2026-04-22 15:00,2026-04-22
S100Y0D8,E31742,34150,株式会社ＴＯＫＹＯ　ＢＡＳＥ,2026-01-31,2026-04-22 15:24,2026-04-22
S100Y0AL,E33323,66960,株式会社トラース・オン・プロダクト,2026-01-31,2026-04-22 15:30,2026-04-22
S100Y03W,E02439,78780,株式会社光・彩,2026-01-31,2026-04-22 15:32,2026-04-22
S100Y062,E05717,21630,株式会社アルトナー,2026-01-31,2026-04-22 15:59,2026-04-22
S100Y0E1,E37595,29970,株式会社ストレージ王,2026-01-31,2026-04-22 16:17,2026-04-22
S100Y0E4,E02477,42380,ミライアル株式会社,2026-01-31,2026-04-22 16:18,2026-04-22
S100Y0DZ,E00381,22170,モロゾフ株式会社,2026-01-31,2026-04-23 09:17,2026-04-23
S100Y0EE,E02047,63360,株式会社石井表記,2026-01-31,2026-04-23 09:31,2026-04-23
S100Y0F4,E02967,33200,クロスプラス株式会社,2026-01-31,2026-04-23 09:48,2026-04-23
S100Y0I2,E39074,58890,Ｊａｐａｎ　Ｅｙｅｗｅａｒ　Ｈｏｌｄｉｎｇｓ株式会社,2026-01-31,2026-04-23 10:11,2026-04-23
S100Y0DN,E04672,,備後観光開発株式会社,2026-01-31,2026-04-23 10:29,2026-04-23
S100Y0EP,E03004,30700,株式会社ジェリービーンズグループ,2026-01-31,2026-04-23 14:09,2026-04-23
S100Y0LF,E34704,76780,株式会社あさくま,2026-01-31,2026-04-23 14:39,2026-04-23
S100Y0CE,E38738,58880,ＤＡＩＷＡ　ＣＹＣＬＥ株式会社,2026-01-31,2026-04-23 15:18,2026-04-23
S100Y0D4,E36862,50750,アップコン株式会社,2026-01-31,2026-04-23 15:30,2026-04-23
S100XZL9,E33485,71960,株式会社Ｃａｓａ,2026-01-31,2026-04-23 15:31,2026-04-23
S100Y0DB,E33784,43800,株式会社Ｍマート,2026-01-31,2026-04-23 15:46,2026-04-23
S100Y0HP,E32108,39310,株式会社バリューゴルフ,2026-01-31,2026-04-23 16:27,2026-04-23
S100Y0J1,E31871,61840,株式会社鎌倉新書,2026-01-31,2026-04-23 16:43,2026-04-23
S100XYYG,E02490,43690,株式会社　トリケミカル研究所,2026-01-31,2026-04-24 09:40,2026-04-24
S100Y0OW,E02065,67570,株式会社ＯＳＧコーポレーション,2026-01-31,2026-04-24 11:40,2026-04-24
S100Y0MX,E02960,27760,新都ホールディングス株式会社,2026-01-31,2026-04-24 12:16,2026-04-24
S100Y0TV,E23841,31590,丸善ＣＨＩホールディングス株式会社,2026-01-31,2026-04-24 15:32,2026-04-24
S100Y0NF,E05204,42870,株式会社ジャストプランニング,2026-01-31,2026-04-24 15:35,2026-04-24
S100Y0VC,E26095,31690,株式会社ミサワ,2026-01-31,2026-04-24 15:58,2026-04-24
S100Y0KM,E36322,41750,株式会社ｃｏｌｙ,2026-01-31,2026-04-24 16:00,2026-04-24
S100Y0O4,E02016,68980,トミタ電機株式会社,2026-01-31,2026-04-24 16:09,2026-04-24
S100Y07P,E34747,76740,株式会社ＮＡＴＴＹ　ＳＷＡＮＫＹホールディングス,2026-01-31,2026-04-27 09:14,2026-04-27
S100Y0K4,E00688,39550,株式会社イムラ,2026-01-31,2026-04-27 09:38,2026-04-27
S100Y0Y3,E04599,96320,スバル興業株式会社,2026-01-31,2026-04-27 10:59,2026-04-27
S100Y0NT,E05254,43340,株式会社ユークス,2026-01-31,2026-04-27 11:23,2026-04-27
S100Y0S6,E02665,81420,株式会社トーホー,2026-01-31,2026-04-27 13:09,2026-04-27
S100Y12C,E04676,,三原京覧開発　株式会社,2026-01-31,2026-04-27 13:32,2026-04-27
S100Y0WP,E26703,36650,株式会社エニグモ,2026-01-31,2026-04-27 15:00,2026-04-27
S100Y111,E39273,168A0,株式会社イタミアート,2026-01-31,2026-04-27 15:21,2026-04-27
S100Y0W0,E31902,39210,株式会社ネオジャパン,2026-01-31,2026-04-27 15:46,2026-04-27
S100Y14Y,E33109,35650,アセンテック株式会社,2026-01-31,2026-04-27 16:13,2026-04-27
S100Y159,E35170,76830,株式会社ダブルエー,2026-01-31,2026-04-27 16:13,2026-04-27
S100Y150,E40136,,株式会社カブ＆ピース,2026-01-31,2026-04-27 16:14,2026-04-27
S100XVTU,E34866,70640,株式会社ハウテレビジョン,2026-01-31,2026-04-28 09:48,2026-04-28
S100Y012,E04647,,株式会社福岡カンツリー倶楽部,2026-01-31,2026-04-28 11:18,2026-04-28
S100Y1BL,E35187,70730,株式会社ジェイック,2026-01-31,2026-04-28 11:30,2026-04-28
S100Y1CH,E04671,,株式会社可児ゴルフ倶楽部,2026-01-31,2026-04-28 12:30,2026-04-28
S100Y1F9,E38739,91660,株式会社ＧＥＮＤＡ,2026-01-31,2026-04-28 15:20,2026-04-28
S100Y16K,E36213,41740,株式会社アピリッツ,2026-01-31,2026-04-28 15:31,2026-04-28
S100Y17X,E41076,456A0,ＨＵＭＡＮ　ＭＡＤＥ株式会社,2026-01-31,2026-04-28 16:00,2026-04-28
S100Y11L,E03317,76140,株式会社オーエムツーネットワーク,2026-01-31,2026-04-28 16:12,2026-04-28
S100Y070,E05168,48130,株式会社ＡＣＣＥＳＳ,2026-01-31,2026-04-28 16:39,2026-04-28
S100Y1HV,E41104,446A0,株式会社ノースサンド,2026-01-31,2026-04-28 17:02,2026-04-28
S100Y1KO,E03470,33990,株式会社丸千代山岡家,2026-01-31,2026-04-30 10:30,2026-04-30
S100Y1NL,E30114,36810,株式会社ブイキューブ,2025-12-31,2026-04-30 15:30,2026-04-30
S100XY8O,E40060,278A0,Ｔｅｒｒａ　Ｄｒｏｎｅ株式会社,2026-01-31,2026-04-30 16:38,2026-04-30
S100Y2FB,E03081,82760,株式会社　平和堂,2026-02-20,2026-05-11 10:53,2026-05-11
S100Y2PP,E03137,82270,株式会社しまむら,2026-02-20,2026-05-12 09:07,2026-05-12
S100Y39Y,E03415,27780,パレモ・ホールディングス株式会社,2026-02-20,2026-05-13 09:04,2026-05-13
S100Y3CW,E03287,75450,株式会社西松屋チェーン,2026-02-20,2026-05-13 09:20,2026-05-13
S100Y2X4,E03439,33330,株式会社あさひ,2026-02-20,2026-05-13 10:13,2026-05-13
S100Y362,E03119,82170,株式会社オークワ,2026-02-20,2026-05-13 11:21,2026-05-13
S100Y3VC,E03219,99760,株式会社　セキチュー,2026-02-20,2026-05-14 11:06,2026-05-14
S100Y3PF,E01677,62790,株式会社瑞光,2026-02-20,2026-05-14 15:21,2026-05-14
S100Y36L,E03268,75120,イオン北海道株式会社,2026-02-28,2026-05-15 09:10,2026-05-15
S100Y415,E35928,49330,株式会社Ｉ－ｎｅ,2025-12-31,2026-05-15 11:30,2026-05-15
S100Y4CU,E03118,82780,株式会社フジ,2026-02-28,2026-05-18 10:49,2026-05-18
S100Y494,E03087,81980,マックスバリュ東海株式会社,2026-02-28,2026-05-18 11:01,2026-05-18
S100Y4PA,E03093,81660,株式会社タカキュー,2026-02-28,2026-05-18 14:47,2026-05-18
S100Y3Q6,E01839,68140,古野電気株式会社,2026-02-28,2026-05-18 15:30,2026-05-18
S100Y4BQ,E03274,75200,株式会社エコス,2026-02-28,2026-05-19 09:06,2026-05-19
S100Y4UK,E05264,43430,株式会社イオンファンタジー,2026-02-28,2026-05-19 09:40,2026-05-19
S100Y4UP,E37006,92530,スローガン株式会社,2026-02-28,2026-05-19 09:42,2026-05-19
S100Y4US,E04002,,イオンモール株式会社,2026-02-28,2026-05-19 09:45,2026-05-19
S100Y4MW,E02903,76240,株式会社ＮａＩＴＯ,2026-02-28,2026-05-19 13:59,2026-05-19
S100Y4YP,E03349,26530,イオン九州株式会社,2026-02-28,2026-05-19 15:01,2026-05-19
S100Y4Y9,E03443,33530,株式会社メディカル一光グループ,2026-02-28,2026-05-19 15:05,2026-05-19
S100Y4RA,E03163,98760,株式会社コックス,2026-02-28,2026-05-19 15:18,2026-05-19
S100Y53G,E04912,85700,イオンフィナンシャルサービス株式会社,2026-02-28,2026-05-19 16:55,2026-05-19
S100Y4MZ,E00667,79750,株式会社リヒトラブ,2026-02-28,2026-05-20 09:40,2026-05-20
S100Y4Z8,E02923,26680,タビオ株式会社,2026-02-28,2026-05-20 10:39,2026-05-20
S100Y4X5,E03013,82330,株式会社髙島屋,2026-02-28,2026-05-20 11:00,2026-05-20
S100Y4VB,E03462,33820,株式会社セブン＆アイ・ホールディングス,2026-02-28,2026-05-20 12:05,2026-05-20
S100Y563,E03077,81850,株式会社チヨダ,2026-02-28,2026-05-20 13:06,2026-05-20
S100Y4UH,E03188,99460,ミニストップ株式会社,2026-02-28,2026-05-20 13:39,2026-05-20
S100Y5A2,E25234,36080,株式会社ＴＳＩホールディングス,2026-02-28,2026-05-20 13:47,2026-05-20
S100Y510,E05368,23790,ディップ株式会社,2026-02-28,2026-05-20 15:06,2026-05-20
S100Y55S,E40194,275A0,ハンワホームズ株式会社,2026-02-20,2026-05-20 15:30,2026-05-20
S100Y3QN,E03344,76490,スギホールディングス株式会社,2026-02-28,2026-05-20 15:31,2026-05-20
S100Y4X3,E03216,99740,株式会社ベルク,2026-02-28,2026-05-20 16:03,2026-05-20
S100Y58I,E03103,82030,株式会社ミスターマックス・ホールディングス,2026-02-28,2026-05-20 16:03,2026-05-20
S100Y50H,E05314,23370,いちご株式会社,2026-02-28,2026-05-20 16:07,2026-05-20
S100Y585,E31159,32220,ユナイテッド・スーパーマーケット・ホールディングス株式会社,2026-02-28,2026-05-20 16:07,2026-05-20
S100Y4W7,E02767,36120,株式会社ワールド,2026-02-28,2026-05-21 10:20,2026-05-21
S100Y56T,E05328,23540,株式会社ＹＥ　ＤＩＧＩＴＡＬ,2026-02-28,2026-05-21 10:43,2026-05-21
S100Y58Q,E05024,47140,株式会社　リソー教育グループ,2026-02-28,2026-05-21 11:00,2026-05-21
S100Y5H5,E00342,22920,エスフーズ株式会社,2026-02-28,2026-05-21 13:34,2026-05-21
S100Y5EY,E03464,33910,株式会社ツルハホールディングス,2026-02-28,2026-05-21 13:48,2026-05-21
S100Y5KF,E31029,31980,ＳＦＰホールディングス株式会社,2026-02-28,2026-05-21 15:15,2026-05-21
S100Y5KN,E02706,98420,アークランズ株式会社,2026-02-28,2026-05-21 15:19,2026-05-21
S100Y4K3,E34943,76790,株式会社薬王堂ホールディングス,2026-02-28,2026-05-21 15:40,2026-05-21
S100Y57I,E30120,60860,シンメンテホールディングス株式会社,2026-02-28,2026-05-21 15:50,2026-05-21
S100Y4QT,E32736,35500,株式会社スタジオアタオ,2026-02-28,2026-05-21 16:02,2026-05-21
S100Y5LD,E00863,78940,丸東産業株式会社,2026-02-28,2026-05-21 16:19,2026-05-21
S100Y5Q8,E03302,,オリジン東秀株式会社,2026-02-28,2026-05-22 09:14,2026-05-22
S100Y5NR,E03153,98610,株式会社吉野家ホールディングス,2026-02-28,2026-05-22 10:00,2026-05-22
S100Y5JR,E02425,79080,株式会社きもと,2026-03-31,2026-05-22 10:10,2026-05-22
S100Y53V,E04369,93810,株式会社エーアイテイー,2026-02-28,2026-05-22 10:54,2026-05-22
S100Y5TM,E03313,76030,ジーイエット株式会社,2026-02-28,2026-05-22 11:34,2026-05-22
S100Y5QW,E36433,65210,株式会社オキサイド,2026-02-28,2026-05-22 12:56,2026-05-22
S100Y5OG,E03365,26830,株式会社魚喜,2026-02-28,2026-05-22 13:06,2026-05-22
S100Y5GM,E02328,63230,ローツェ株式会社,2026-02-28,2026-05-22 13:42,2026-05-22
S100Y5RH,E22049,21860,ソーバル株式会社,2026-02-28,2026-05-22 15:30,2026-05-22
S100Y5AX,E36100,40170,株式会社クリーマ,2026-02-28,2026-05-22 15:30,2026-05-22
S100Y5VD,E33610,93880,株式会社パパネッツ,2026-02-28,2026-05-22 15:36,2026-05-22
S100Y5Q4,E30476,60930,株式会社エスクロー・エージェント・ジャパン,2026-02-28,2026-05-22 16:04,2026-05-22
S100Y5GZ,E37456,50780,株式会社セレコーポレーション,2026-02-28,2026-05-22 16:25,2026-05-22
S100Y628,E33957,44320,ウイングアーク１ｓｔ株式会社,2026-02-28,2026-05-25 09:16,2026-05-25
S100Y5F0,E02925,26700,株式会社エービーシー・マート,2026-02-28,2026-05-25 09:19,2026-05-25
S100Y5RZ,E05316,23410,株式会社アルバイトタイムス,2026-02-28,2026-05-25 09:31,2026-05-25
S100Y62K,E04029,89310,和田興産株式会社,2026-02-28,2026-05-25 09:33,2026-05-25
S100Y5SJ,E03358,26690,カネ美食品株式会社,2026-02-28,2026-05-25 10:00,2026-05-25
S100Y635,E31924,78110,中本パックス株式会社,2026-02-28,2026-05-25 10:00,2026-05-25
S100Y62Z,E02776,99820,タキヒヨー株式会社,2026-02-28,2026-05-25 10:06,2026-05-25
S100Y5WR,E03395,27420,株式会社ハローズ,2026-02-28,2026-05-25 10:43,2026-05-25
S100Y5TO,E03021,82440,株式会社近鉄百貨店,2026-02-28,2026-05-25 11:00,2026-05-25
S100Y5VV,E26549,29300,株式会社北の達人コーポレーション,2026-02-28,2026-05-25 11:36,2026-05-25
S100Y651,E03370,26860,株式会社ジーフット,2026-02-28,2026-05-25 11:47,2026-05-25
S100Y600,E24512,14180,インターライフホールディングス株式会社,2026-02-28,2026-05-25 11:54,2026-05-25
S100Y4A4,E03146,98460,株式会社天満屋ストア,2026-02-28,2026-05-25 12:07,2026-05-25
S100Y64A,E03352,26590,株式会社サンエー,2026-02-28,2026-05-25 12:07,2026-05-25
S100Y650,E03094,81670,株式会社リテールパートナーズ,2026-02-28,2026-05-25 13:28,2026-05-25
S100Y5TC,E01454,64690,株式会社　放電精密加工研究所,2026-02-28,2026-05-25 13:33,2026-05-25
S100Y60M,E02618,81250,株式会社ワキタ,2026-02-28,2026-05-25 13:45,2026-05-25
S100Y5VH,E03061,82670,イオン株式会社,2026-02-28,2026-05-25 15:03,2026-05-25
S100Y613,E05053,47350,株式会社京進,2026-02-28,2026-05-25 15:05,2026-05-25
S100Y60F,E31453,39150,株式会社テラスカイ,2026-02-28,2026-05-25 15:30,2026-05-25
S100Y66L,E40674,365A0,伊澤タオル株式会社,2026-02-28,2026-05-25 15:30,2026-05-25
S100Y5Z2,E31896,61830,株式会社ベルシステム２４ホールディングス,2026-02-28,2026-05-25 15:30,2026-05-25
S100Y5S8,E41361,,株式会社ビタブリッドジャパン,2026-02-28,2026-05-25 15:30,2026-05-25
S100Y5VS,E36937,42700,株式会社ＢｅｅＸ,2026-02-28,2026-05-25 15:31,2026-05-25
S100Y64P,E03377,26980,株式会社キャンドゥ,2026-02-28,2026-05-25 15:31,2026-05-25
S100Y621,E00447,28720,株式会社セイヒョー,2026-02-28,2026-05-25 15:32,2026-05-25
S100Y5TF,E31580,44340,株式会社サーバーワークス,2026-02-28,2026-05-25 15:33,2026-05-25
S100Y66K,E04582,96010,松竹株式会社,2026-02-28,2026-05-25 15:34,2026-05-25
S100Y62C,E33037,35620,株式会社Ｎｏ．１,2026-02-28,2026-05-25 15:37,2026-05-25
S100Y640,E03199,99480,株式会社アークス,2026-02-28,2026-05-25 15:50,2026-05-25
S100Y69H,E01741,65060,株式会社安川電機,2026-02-28,2026-05-25 15:58,2026-05-25
S100Y68H,E40354,323A0,株式会社フライヤー,2026-02-28,2026-05-25 16:00,2026-05-25
S100Y5O3,E04583,96020,東宝株式会社,2026-02-28,2026-05-25 16:00,2026-05-25
S100Y69Y,E33881,65720,オープングループ株式会社,2026-02-28,2026-05-25 16:19,2026-05-25
S100Y6A9,E32238,39350,株式会社エディア,2026-02-28,2026-05-25 17:00,2026-05-25
S100Y64O,E02892,75990,株式会社ＩＤＯＭ,2026-02-28,2026-05-25 17:08,2026-05-25
S100Y5RU,E04941,97780,株式会社昴,2026-02-28,2026-05-26 09:00,2026-05-26
S100Y69Z,E03509,30800,株式会社ジェーソン,2026-02-28,2026-05-26 09:02,2026-05-26
S100Y64F,E01083,50180,株式会社ＭＯＲＥＳＣＯ,2026-02-28,2026-05-26 09:07,2026-05-26
S100Y57D,E03490,30650,株式会社ライフフーズ,2026-02-28,2026-05-26 09:14,2026-05-26
S100Y63D,E03083,81940,株式会社ライフコーポレーション,2026-02-28,2026-05-26 09:24,2026-05-26
S100Y6FE,E04799,97400,セントラル警備保障株式会社,2026-02-28,2026-05-26 10:35,2026-05-26
S100Y67Z,E02801,74270,エコートレーディング株式会社,2026-02-28,2026-05-26 10:36,2026-05-26
S100Y647,E03387,27260,株式会社パルグループホールディングス,2026-02-28,2026-05-26 10:46,2026-05-26
S100Y6GL,E03397,27470,北雄ラッキー株式会社,2026-02-28,2026-05-26 11:08,2026-05-26
S100Y6GG,E01348,58170,ＪＭＡＣＳ株式会社,2026-02-28,2026-05-26 11:10,2026-05-26
S100Y69G,E32549,65320,株式会社ベイカレント,2026-02-28,2026-05-26 12:00,2026-05-26
S100Y5ZC,E03368,26850,株式会社アンドエスティＨＤ,2026-02-28,2026-05-26 12:30,2026-05-26
S100Y671,E03068,82730,株式会社イズミ,2026-02-28,2026-05-26 12:58,2026-05-26
S100Y6B9,E02438,59820,株式会社マルゼン,2026-02-28,2026-05-26 13:26,2026-05-26
S100Y6D7,E03518,30870,株式会社ドトール・日レスホールディングス,2026-02-28,2026-05-26 13:35,2026-05-26
S100Y5YH,E02553,74850,岡谷鋼機株式会社,2026-02-28,2026-05-26 13:55,2026-05-26
S100Y6EN,E02017,68970,株式会社ツインバード,2026-02-28,2026-05-26 14:00,2026-05-26
S100Y68G,E32382,35460,アレンザホールディングス株式会社,2026-02-28,2026-05-26 14:03,2026-05-26
S100Y4LV,E01165,52710,株式会社トーヨーアサノ,2026-02-28,2026-05-26 14:40,2026-05-26
S100Y68C,E03372,26870,株式会社シー・ヴイ・エス・ベイエリア,2026-02-28,2026-05-26 15:04,2026-05-26
S100Y644,E03520,30930,株式会社トレジャー・ファクトリー,2026-02-28,2026-05-26 15:09,2026-05-26
S100Y66D,E04835,97160,株式会社乃村工藝社,2026-02-28,2026-05-26 15:10,2026-05-26
S100Y6K0,E03516,30860,Ｊ．フロント　リテイリング株式会社,2026-02-28,2026-05-26 15:30,2026-05-26
S100Y6DH,E31965,39220,株式会社ＰＲ　ＴＩＭＥＳ,2026-02-28,2026-05-26 15:33,2026-05-26
S100Y6G1,E05278,23000,株式会社きょくとう,2026-02-28,2026-05-26 15:58,2026-05-26
S100Y6IG,E05096,47630,株式会社クリーク・アンド・リバー社,2026-02-28,2026-05-26 16:01,2026-05-26
S100Y6L3,E20870,65550,株式会社ＭＳ＆Ｃｏｎｓｕｌｔｉｎｇ,2026-02-28,2026-05-26 16:19,2026-05-26
S100Y65X,E04606,96610,株式会社歌舞伎座,2026-02-28,2026-05-26 16:23,2026-05-26
S100Y2PC,E05517,33870,株式会社クリエイト・レストランツ・ホールディングス,2026-02-28,2026-05-26 16:28,2026-05-26
S100Y6L2,E32951,65430,株式会社日宣,2026-02-28,2026-05-26 16:45,2026-05-26
S100Y64B,E03318,76110,株式会社ハイデイ日高,2026-02-28,2026-05-26 16:52,2026-05-26
S100Y63V,E04931,97930,株式会社ダイセキ,2026-02-28,2026-05-27 09:00,2026-05-27
S100Y6JW,E03393,23050,株式会社スタジオアリス,2026-02-28,2026-05-27 09:14,2026-05-27
S100Y2CG,E39382,135A0,株式会社ＶＲＡＩＮ　Ｓｏｌｕｔｉｏｎ,2026-02-28,2026-05-27 09:24,2026-05-27
S100Y5AV,E03272,75150,株式会社マルヨシセンター,2026-02-28,2026-05-27 09:28,2026-05-27
S100Y62P,E37741,29350,株式会社ピックルスホールディングス,2026-02-28,2026-05-27 09:32,2026-05-27
S100Y6C2,E03141,98350,株式会社ジュンテンドー,2026-02-28,2026-05-27 09:36,2026-05-27
S100Y6MK,E03489,30500,ＤＣＭホールディングス株式会社,2026-02-28,2026-05-27 09:39,2026-05-27
S100Y6QH,E02897,76080,株式会社エスケイジャパン,2026-02-28,2026-05-27 10:47,2026-05-27
S100Y6ED,E04963,,ポケットカード株式会社,2026-02-28,2026-05-27 10:57,2026-05-27
S100Y68I,E03286,75440,株式会社スリーエフ,2026-02-28,2026-05-27 11:15,2026-05-27
S100Y5IT,E03099,82000,株式会社リンガーハット,2026-02-28,2026-05-27 11:38,2026-05-27
S100Y6LI,E04958,46450,株式会社市進ホールディングス,2026-02-28,2026-05-27 12:00,2026-05-27
S100Y6PQ,E26966,32800,株式会社エストラスト,2026-02-28,2026-05-27 13:00,2026-05-27
S100Y6N1,E00496,29180,わらべや日洋ホールディングス株式会社,2026-02-28,2026-05-27 13:01,2026-05-27
S100Y6JY,E03228,99930,株式会社ヤマザワ,2026-02-28,2026-05-27 13:06,2026-05-27
S100Y6PJ,E27202,31810,株式会社買取王国,2026-02-28,2026-05-27 13:15,2026-05-27
S100Y6A8,E03017,82370,株式会社松屋,2026-02-28,2026-05-27 13:20,2026-05-27
S100Y6HY,E03032,82600,株式会社井筒屋,2026-02-28,2026-05-27 13:51,2026-05-27
S100Y67I,E03179,99030,株式会社カンセキ,2026-02-28,2026-05-27 14:30,2026-05-27
S100Y688,E38780,62240,株式会社ＪＲＣ,2026-02-28,2026-05-27 14:32,2026-05-27
S100Y6J6,E02521,80160,株式会社オンワードホールディングス,2026-02-28,2026-05-27 14:57,2026-05-27
S100Y6VZ,E35544,44940,バリオセキュア株式会社,2026-02-28,2026-05-27 14:58,2026-05-27
S100Y69B,E35288,70770,株式会社ＡＬｉＮＫインターネット,2026-02-28,2026-05-27 15:01,2026-05-27
S100Y6BQ,E03312,76010,株式会社ポプラ,2026-02-28,2026-05-27 15:10,2026-05-27
S100Y6AI,E32750,39670,株式会社エルテス,2026-02-28,2026-05-27 15:14,2026-05-27
S100Y6WH,E40066,274A0,株式会社ガーデン,2026-02-28,2026-05-27 15:30,2026-05-27
S100Y6Q0,E37397,50250,株式会社マーキュリー,2026-02-28,2026-05-27 15:30,2026-05-27
S100Y6VO,E33863,34900,株式会社アズ企画設計,2026-02-28,2026-05-27 15:30,2026-05-27
S100Y6O9,E32427,35430,株式会社コメダホールディングス,2026-02-28,2026-05-27 15:30,2026-05-27
S100Y6MY,E02621,80080,株式会社ヨンドシーホールディングス,2026-02-28,2026-05-27 15:30,2026-05-27
S100Y6RE,E32966,35580,ジェイドグループ株式会社,2026-02-28,2026-05-27 15:37,2026-05-27
S100Y6J0,E37133,44130,株式会社ボードルア,2026-02-28,2026-05-27 15:37,2026-05-27
S100Y6XK,E25551,28820,株式会社イートアンドホールディングス,2026-02-28,2026-05-27 15:41,2026-05-27
S100Y6XM,E03467,33960,株式会社フェリシモ,2026-02-28,2026-05-27 15:41,2026-05-27
S100Y6MO,E40230,304A0,フォルシア株式会社,2026-02-28,2026-05-27 15:45,2026-05-27
S100Y6U1,E03428,27980,株式会社ワイズテーブルコーポレーション,2026-02-28,2026-05-27 15:53,2026-05-27
S100Y6XY,E40448,339A0,プログレス・テクノロジーズ　グループ株式会社,2026-02-28,2026-05-27 15:54,2026-05-27
S100Y6L5,E34633,44290,リックソフト株式会社,2026-02-28,2026-05-27 16:00,2026-05-27
S100Y6NR,E01503,61420,富士精工株式会社,2026-02-28,2026-05-27 16:01,2026-05-27
S100Y1AF,E34634,70490,株式会社識学,2026-02-28,2026-05-27 16:10,2026-05-27
S100Y6LQ,E32956,39770,フュージョン株式会社,2026-02-28,2026-05-27 16:13,2026-05-27
S100Y6W8,E31901,61820,株式会社メタリアル,2026-02-28,2026-05-27 16:32,2026-05-27
S100Y6NU,E04784,81810,株式会社東天紅,2026-02-28,2026-05-27 16:45,2026-05-27
S100Y6S7,E03054,80050,株式会社スクロール,2026-03-31,2026-05-28 09:03,2026-05-28
S100Y73F,E03329,76300,株式会社壱番屋,2026-02-28,2026-05-28 09:47,2026-05-28
S100Y764,E03473,30300,株式会社ハブ,2026-02-28,2026-05-28 11:16,2026-05-28
S100Y766,E04580,,株式会社ホテルニューオータニ長岡,2026-02-28,2026-05-28 11:17,2026-05-28
S100Y721,E04015,89180,株式会社ランド,2026-02-28,2026-05-28 12:09,2026-05-28
S100Y6Y2,E26965,,株式会社安芸ゴルフ倶楽部,2026-02-28,2026-05-28 12:26,2026-05-28
S100Y77K,E00593,80110,株式会社三陽商会,2026-02-28,2026-05-28 13:31,2026-05-28
S100Y77U,E32138,28840,株式会社ヨシムラ・フード・ホールディングス,2026-02-28,2026-05-28 13:43,2026-05-28
S100Y71R,E30002,36780,株式会社メディアドゥ,2026-02-28,2026-05-28 15:10,2026-05-28
S100Y7A6,E30119,60850,アーキテクツ・スタジオ・ジャパン株式会社,2026-02-28,2026-05-28 15:11,2026-05-28
S100Y6YJ,E05315,23380,クオンタムソリューションズ株式会社,2026-02-28,2026-05-28 15:30,2026-05-28
S100Y7A4,E38104,29360,ベースフード株式会社,2026-02-28,2026-05-28 15:30,2026-05-28
S100Y6RF,E31291,32230,株式会社エスエルディー,2026-02-28,2026-05-28 15:30,2026-05-28
S100Y797,E33491,78070,株式会社幸和製作所,2026-02-28,2026-05-28 15:31,2026-05-28
S100Y6WM,E03507,30750,株式会社銚子丸,2026-02-28,2026-05-28 15:31,2026-05-28
S100Y74O,E20385,36270,テクミラホールディングス株式会社,2026-02-28,2026-05-28 15:31,2026-05-28
S100Y6V9,E32697,35480,株式会社バロックジャパンリミテッド,2026-02-28,2026-05-28 15:32,2026-05-28
S100Y6K8,E38895,91680,株式会社ライズ・コンサルティング・グループ,2026-02-28,2026-05-28 15:33,2026-05-28
S100Y78J,E01723,64320,株式会社竹内製作所,2026-02-28,2026-05-28 15:34,2026-05-28
S100Y78X,E33928,65780,株式会社コレックホールディングス,2026-02-28,2026-05-28 15:50,2026-05-28
S100Y66O,E02464,78470,株式会社グラファイトデザイン,2026-02-28,2026-05-28 16:07,2026-05-28
S100Y6B0,E33519,39960,サインポスト株式会社,2026-02-28,2026-05-28 16:07,2026-05-28
S100Y77X,E03132,82890,株式会社Ｏｌｙｍｐｉｃグループ,2026-02-28,2026-05-28 16:10,2026-05-28
S100Y78C,E04086,32600,株式会社エスポア,2026-02-28,2026-05-28 16:26,2026-05-28
S100Y770,E34891,,株式会社ＪＴＣ,2026-02-28,2026-05-28 16:57,2026-05-28
S100Y7CP,E03495,30630,株式会社ジェイグループホールディングス,2026-02-28,2026-05-29 09:00,2026-05-29
S100Y72E,E04681,,株式会社房総カントリークラブ,2026-02-28,2026-05-29 09:01,2026-05-29
S100Y4L4,E04614,,株式会社芦の湖カントリークラブ,2026-02-28,2026-05-29 09:16,2026-05-29
S100Y775,E02556,,小泉株式会社,2026-02-28,2026-05-29 09:25,2026-05-29
S100Y72L,E03422,27890,株式会社カルラ,2026-02-28,2026-05-29 09:48,2026-05-29
S100Y6PS,E02989,33840,株式会社アークコア,2026-02-28,2026-05-29 10:18,2026-05-29
S100Y7H8,E05230,43170,株式会社レイ,2026-02-28,2026-05-29 10:29,2026-05-29
S100Y7GV,E36078,73570,株式会社ジオコード,2026-02-28,2026-05-29 10:34,2026-05-29
S100Y7HD,E01040,49200,株式会社日本色材工業研究所,2026-02-28,2026-05-29 10:36,2026-05-29
S100Y7HH,E26821,31770,株式会社ありがとうサービス,2026-02-28,2026-05-29 10:37,2026-05-29
S100Y7D7,E05017,47090,株式会社ＩＤホールディングス,2026-03-31,2026-05-29 10:47,2026-05-29
S100Y7D9,E03025,82470,株式会社大和,2026-02-28,2026-05-29 10:52,2026-05-29
S100Y7HW,E35554,76890,株式会社コパ・コーポレーション,2026-02-28,2026-05-29 11:13,2026-05-29
S100Y7E2,E38911,,株式会社ロジック・アンド・デザイン,2026-02-28,2026-05-29 11:30,2026-05-29
S100Y7KL,E03273,75160,コーナン商事株式会社,2026-02-28,2026-05-29 13:07,2026-05-29
S100Y6RH,E01325,59000,株式会社ダイケン,2026-02-28,2026-05-29 13:18,2026-05-29
S100Y7LR,E00605,81430,株式会社ラピーヌ,2026-02-28,2026-05-29 14:15,2026-05-29
S100Y7MS,E05643,38260,株式会社システムインテグレータ,2026-02-28,2026-05-29 14:49,2026-05-29
S100Y7IM,E26428,60580,株式会社ベクトル,2026-02-28,2026-05-29 15:30,2026-05-29
S100Y7MQ,E01587,77190,株式会社東京衡機,2026-02-28,2026-05-29 15:32,2026-05-29
S100Y7L3,E03319,76100,株式会社テイツー,2026-02-28,2026-05-29 15:49,2026-05-29
S100Y7JM,E36545,62280,株式会社ジェイ・イー・ティ,2025-12-31,2026-05-29 15:54,2026-05-29
S100Y7OP,E35278,44900,株式会社ビザスク,2026-02-28,2026-05-29 15:57,2026-05-29
S100Y7DO,E31123,78150,東京ボード工業株式会社,2026-02-28,2026-05-29 16:00,2026-05-29
S100Y7MV,E05242,87390,スパークス・グループ株式会社,2026-03-31,2026-05-29 16:02,2026-05-29
S100Y7I7,E35493,93260,関通ホールディングス株式会社,2026-02-28,2026-05-29 16:11,2026-05-29
S100Y7OL,E20616,34790,株式会社ティーケーピー,2026-02-28,2026-05-29 16:32,2026-05-29
S100Y7MG,E39089,92380,バリュークリエーション株式会社,2026-02-28,2026-05-29 16:33,2026-05-29
S100Y7EJ,E32965,35570,ユナイテッド＆コレクティブ株式会社,2026-02-28,2026-05-29 16:47,2026-05-29
S100Y7NR,E31694,,株式会社アクアライン,2026-02-28,2026-06-01 13:07,2026-06-01
S100Y7XS,E03498,30830,スターシーズ株式会社,2026-02-28,2026-06-01 16:50,2026-06-01
S100Y8UO,E02155,72360,株式会社ティラド,2026-03-31,2026-06-05 09:03,2026-06-05
S100Y935,E02512,80610,西華産業株式会社,2026-03-31,2026-06-05 14:13,2026-06-05
S100Y90T,E01124,77410,ＨＯＹＡ株式会社,2026-03-31,2026-06-05 15:04,2026-06-05
S100Y848,E04228,90290,株式会社ヒガシホールディングス,2026-03-31,2026-06-05 15:30,2026-06-05
S100Y703,E04708,,株式会社京ヶ野ゴルフ倶楽部,2026-03-20,2026-06-08 13:31,2026-06-08
S100Y90D,E04246,91270,玉井商船株式会社,2026-03-31,2026-06-08 14:15,2026-06-08
S100Y951,E05725,30920,株式会社ＺＯＺＯ,2026-03-31,2026-06-08 15:34,2026-06-08
S100Y9HQ,E03072,81900,株式会社ヤマナカ,2026-03-20,2026-06-09 09:37,2026-06-09
S100Y9AH,E00540,31160,トヨタ紡織株式会社,2026-03-31,2026-06-09 10:09,2026-06-09
S100Y9EI,E02958,27680,双日株式会社,2026-03-31,2026-06-09 11:31,2026-06-09
S100Y9M2,E01898,69950,株式会社東海理化電機製作所,2026-03-31,2026-06-09 12:55,2026-06-09
S100Y9PU,E01435,59900,株式会社スーパーツール,2026-03-15,2026-06-09 13:19,2026-06-09
S100Y9T5,E04460,94360,沖縄セルラー電話株式会社,2026-03-31,2026-06-09 15:37,2026-06-09
S100Y9PN,E00838,42200,リケンテクノス株式会社,2026-03-31,2026-06-10 14:00,2026-06-10
S100Y9UW,E03356,26640,株式会社カワチ薬品,2026-03-15,2026-06-10 15:00,2026-06-10
S100Y9P7,E32292,91430,ＳＧホールディングス株式会社,2026-03-31,2026-06-10 15:22,2026-06-10
S100Y8NY,E02144,72030,トヨタ自動車株式会社,2026-03-31,2026-06-10 15:33,2026-06-10
S100YA7J,E36703,73800,株式会社十六フィナンシャルグループ,2026-03-31,2026-06-11 09:25,2026-06-11
S100YADW,E04217,90400,大宝運輸株式会社,2026-03-20,2026-06-11 09:46,2026-06-11
S100Y9N3,E02162,72830,愛三工業株式会社,2026-03-31,2026-06-11 10:03,2026-06-11
S100YA84,E03814,86970,株式会社日本取引所グループ,2026-03-31,2026-06-11 10:43,2026-06-11
S100YAIC,E40164,296A0,令和アカウンティング・ホールディングス株式会社,2026-03-31,2026-06-11 11:30,2026-06-11
S100YAL6,E02692,82850,三谷産業株式会社,2026-03-31,2026-06-11 13:11,2026-06-11
S100YA6U,E02409,59060,エムケー精工株式会社,2026-03-20,2026-06-11 14:00,2026-06-11
S100YARY,E36928,43730,シンプレクス・ホールディングス株式会社,2026-03-31,2026-06-11 15:30,2026-06-11
S100YA1U,E00112,18350,東鉄工業株式会社,2026-03-31,2026-06-11 15:30,2026-06-11
S100Y9T1,E01892,69020,株式会社デンソー,2026-03-31,2026-06-11 15:36,2026-06-11
S100YA32,E32022,71860,株式会社横浜フィナンシャルグループ,2026-03-31,2026-06-11 15:52,2026-06-11
S100Y9UP,E03851,87950,株式会社Ｔ＆Ｄホールディングス,2026-03-31,2026-06-11 16:00,2026-06-11
S100Y9Z9,E03926,,鷹之台ゴルフ株式会社,2026-03-31,2026-06-11 16:18,2026-06-11
S100Y9U0,E03398,27530,株式会社　あみやき亭,2026-03-31,2026-06-12 09:03,2026-06-12
S100YA1Y,E00730,78570,セキ株式会社,2026-03-31,2026-06-12 09:03,2026-06-12
S100Y9RT,E37777,58310,株式会社しずおかフィナンシャルグループ,2026-03-31,2026-06-12 09:13,2026-06-12
S100YAYL,E04187,90640,ヤマトホールディングス株式会社,2026-03-31,2026-06-12 09:17,2026-06-12
S100YB05,E00939,45230,エーザイ株式会社,2026-03-31,2026-06-12 09:48,2026-06-12
S100YAZT,E04109,90460,神戸電鉄株式会社,2026-03-31,2026-06-12 10:03,2026-06-12
S100YB11,E01210,53440,株式会社ＭＡＲＵＷＡ,2026-03-31,2026-06-12 10:09,2026-06-12
S100YAOX,E36700,73810,株式会社ＣＣＩグループ,2026-03-31,2026-06-12 10:36,2026-06-12
S100YANQ,E03772,86240,いちよし証券株式会社,2026-03-31,2026-06-12 10:53,2026-06-12
S100YATP,E00937,49970,日本農薬株式会社,2026-03-31,2026-06-12 11:17,2026-06-12
S100YAUW,E05669,38410,株式会社ジーダット,2026-03-31,2026-06-12 12:22,2026-06-12
S100Y8O1,E03554,83340,株式会社　群馬銀行,2026-03-31,2026-06-12 12:26,2026-06-12
S100YA6H,E02497,80010,伊藤忠商事株式会社,2026-03-31,2026-06-12 12:35,2026-06-12
S100YATA,E31054,60350,株式会社アイ・アールジャパンホールディングス,2026-03-31,2026-06-12 13:14,2026-06-12
S100Y992,E00436,28020,味の素株式会社,2026-03-31,2026-06-12 13:17,2026-06-12
S100YAMN,E04841,97090,ＮＣＳ＆Ａ株式会社,2026-03-31,2026-06-12 13:24,2026-06-12
S100YB1Q,E00995,79710,東リ株式会社,2026-03-31,2026-06-12 13:30,2026-06-12
S100YAX4,E34113,73270,株式会社第四北越フィナンシャルグループ,2026-03-31,2026-06-12 13:37,2026-06-12
S100YARD,E02528,80530,住友商事株式会社,2026-03-31,2026-06-12 14:00,2026-06-12
S100YAMP,E03587,83880,株式会社阿波銀行,2026-03-31,2026-06-12 14:01,2026-06-12
S100YAWO,E01593,72590,株式会社アイシン,2026-03-31,2026-06-12 14:02,2026-06-12
S100YAVT,E02513,80310,三井物産株式会社,2026-03-31,2026-06-12 14:07,2026-06-12
S100YAVM,E30103,71670,株式会社めぶきフィナンシャルグループ,2026-03-31,2026-06-12 14:07,2026-06-12
S100YB7U,E03739,87050,日産証券グループ株式会社,2026-03-31,2026-06-12 14:11,2026-06-12
S100YB25,E02529,80580,三菱商事株式会社,2026-03-31,2026-06-12 14:20,2026-06-12
S100YB93,E00989,49020,コニカミノルタ株式会社,2026-03-31,2026-06-12 14:42,2026-06-12
S100YAIZ,E09753,71640,全国保証株式会社,2026-03-31,2026-06-12 14:58,2026-06-12
S100YAY4,E02498,80020,丸紅株式会社,2026-03-31,2026-06-12 15:30,2026-06-12
S100YAQW,E31612,71800,株式会社九州フィナンシャルグループ,2026-03-31,2026-06-12 15:30,2026-06-12
S100YB34,E05355,,ＮＴＴファイナンス株式会社,2026-03-31,2026-06-12 15:31,2026-06-12
S100YBB2,E33623,43900,株式会社アイ・ピー・エス,2026-03-31,2026-06-12 15:37,2026-06-12
S100YB8F,E37206,42620,ニフティライフスタイル株式会社,2026-03-31,2026-06-12 15:49,2026-06-12
S100YBAY,E00820,42040,積水化学工業株式会社,2026-03-31,2026-06-12 15:50,2026-06-12
S100YAUM,E02909,47430,株式会社アイティフォー,2026-03-31,2026-06-12 15:53,2026-06-12
S100YAOT,E03235,74190,株式会社ノジマ,2026-03-31,2026-06-12 16:15,2026-06-12
S100YAZQ,E01074,81310,株式会社ミツウロコグループホールディングス,2026-03-31,2026-06-12 16:49,2026-06-12
S100YA20,E00945,45280,小野薬品工業株式会社,2026-03-31,2026-06-15 09:00,2026-06-15
S100Y9OW,E00806,40820,第一稀元素化学工業株式会社,2026-03-31,2026-06-15 09:09,2026-06-15
S100Y9NY,E01188,53670,株式会社ニッカトー,2026-03-31,2026-06-15 09:13,2026-06-15
S100YB7Y,E03953,88600,フジ住宅株式会社,2026-03-31,2026-06-15 09:21,2026-06-15
S100YAWY,E23250,87140,株式会社池田泉州ホールディングス,2026-03-31,2026-06-15 09:46,2026-06-15
S100YB2W,E02517,80980,稲畑産業株式会社,2026-03-31,2026-06-15 10:00,2026-06-15
S100YBJ3,E02760,99320,杉本商事株式会社,2026-03-31,2026-06-15 10:02,2026-06-15
S100YBFQ,E00119,19640,中外炉工業株式会社,2026-03-31,2026-06-15 10:05,2026-06-15
S100YB46,E00967,45440,Ｈ．Ｕ．グループホールディングス株式会社,2026-03-31,2026-06-15 10:09,2026-06-15
S100YBAP,E03632,85240,株式会社北洋銀行,2026-03-31,2026-06-15 10:30,2026-06-15
S100YBA0,E04106,90440,株式会社ＮＡＮＫＡＩ,2026-03-31,2026-06-15 10:49,2026-06-15
S100YBM8,E05062,43070,株式会社野村総合研究所,2026-03-31,2026-06-15 11:14,2026-06-15
S100YBCU,E00878,44010,株式会社ＡＤＥＫＡ,2026-03-31,2026-06-15 11:34,2026-06-15
S100Y9W6,E03550,83460,株式会社東邦銀行,2026-03-31,2026-06-15 11:49,2026-06-15
S100YBOB,E00957,45390,日本ケミファ株式会社,2026-03-31,2026-06-15 11:58,2026-06-15
S100YAZE,E03562,83600,株式会社　山梨中央銀行,2026-03-31,2026-06-15 12:40,2026-06-15
S100YBEF,E04867,96630,株式会社ナガワ,2026-03-31,2026-06-15 13:00,2026-06-15
S100YAM0,E03545,83410,株式会社七十七銀行,2026-03-31,2026-06-15 13:23,2026-06-15
S100YB0D,E37785,58320,株式会社ちゅうぎんフィナンシャルグループ,2026-03-31,2026-06-15 13:25,2026-06-15
S100YBKB,E01413,59300,文化シヤッター株式会社,2026-03-31,2026-06-15 13:30,2026-06-15
S100YBPW,E31012,28830,株式会社大冷,2026-03-31,2026-06-15 13:34,2026-06-15
S100YATN,E03546,83430,株式会社秋田銀行,2026-03-31,2026-06-15 13:37,2026-06-15
S100YAO1,E01769,67410,日本信号株式会社,2026-03-31,2026-06-15 14:03,2026-06-15
S100YBIH,E00138,19670,株式会社ヤマト,2026-03-20,2026-06-15 14:05,2026-06-15
S100Y9UU,E04348,97260,ＫＮＴ－ＣＴホールディングス株式会社,2026-03-31,2026-06-15 14:06,2026-06-15
S100YA4U,E03588,83860,株式会社百十四銀行,2026-03-31,2026-06-15 14:15,2026-06-15
S100YBDH,E02560,80510,株式会社山善,2026-03-31,2026-06-15 14:19,2026-06-15
S100YAEV,E05304,23270,日鉄ソリューションズ株式会社,2026-03-31,2026-06-15 14:23,2026-06-15
S100YBGE,E04093,90100,富士急行株式会社,2026-03-31,2026-06-15 14:50,2026-06-15
S100YBAF,E02203,72780,株式会社エクセディ,2026-03-31,2026-06-15 14:52,2026-06-15
S100YAHE,E01967,68610,株式会社キーエンス,2026-03-20,2026-06-15 15:00,2026-06-15
S100YBGB,E36346,,ＮＴＴ・ＴＣリース株式会社,2026-03-31,2026-06-15 15:02,2026-06-15
S100Y9NL,E00118,18500,南海辰村建設株式会社,2026-03-31,2026-06-15 15:03,2026-06-15
S100YBFP,E21187,58570,ＡＲＥホールディングス株式会社,2026-03-31,2026-06-15 15:54,2026-06-15
S100YBHI,E30746,71730,株式会社東京きらぼしフィナンシャルグループ,2026-03-31,2026-06-15 16:00,2026-06-15
S100YBG6,E05518,37780,さくらインターネット株式会社,2026-03-31,2026-06-15 16:02,2026-06-15
S100YAST,E01757,65900,芝浦メカトロニクス株式会社,2026-03-31,2026-06-15 16:11,2026-06-15
S100YB9P,E00783,40910,日本酸素ホールディングス株式会社,2026-03-31,2026-06-15 16:49,2026-06-15
S100YBKG,E02002,79310,未来工業株式会社,2026-03-20,2026-06-16 09:01,2026-06-16
S100YBL8,E00371,22090,井村屋グループ株式会社,2026-03-31,2026-06-16 09:05,2026-06-16
S100YBHZ,E00906,41200,スガイ化学工業株式会社,2026-03-31,2026-06-16 09:08,2026-06-16
S100YAUN,E03563,83590,株式会社八十二長野銀行,2026-03-31,2026-06-16 09:10,2026-06-16
S100YBIB,E37725,58300,株式会社いよぎんホールディングス,2026-03-31,2026-06-16 09:11,2026-06-16
S100YBL0,E01696,62940,オカダアイヨン株式会社,2026-03-31,2026-06-16 09:23,2026-06-16
S100YC95,E03760,86130,丸三証券株式会社,2026-03-31,2026-06-16 09:27,2026-06-16
S100YC07,E02686,49560,コニシ株式会社,2026-03-31,2026-06-16 10:00,2026-06-16
S100YBSD,E31064,95510,メタウォーター株式会社,2026-03-31,2026-06-16 10:00,2026-06-16
S100YBV4,E02955,27600,東京エレクトロンデバイス株式会社,2026-03-31,2026-06-16 10:15,2026-06-16
S100YBU8,E03583,83810,株式会社山陰合同銀行,2026-03-31,2026-06-16 10:22,2026-06-16
S100YCBD,E02745,99020,株式会社日伝,2026-03-31,2026-06-16 10:51,2026-06-16
S100YBT6,E04235,91010,日本郵船株式会社,2026-03-31,2026-06-16 10:56,2026-06-16
S100YC5I,E23202,22700,雪印メグミルク株式会社,2026-03-31,2026-06-16 11:00,2026-06-16
S100YBGF,E00052,18010,大成建設株式会社,2026-03-31,2026-06-16 11:04,2026-06-16
S100YCDE,E03041,82530,株式会社クレディセゾン,2026-03-31,2026-06-16 11:38,2026-06-16
S100YC9F,E03572,83640,株式会社清水銀行,2026-03-31,2026-06-16 11:52,2026-06-16
S100YB17,E00428,26020,日清オイリオグループ株式会社,2026-03-31,2026-06-16 12:00,2026-06-16
S100YBLG,E00913,46260,太陽ホールディングス株式会社,2026-03-31,2026-06-16 12:00,2026-06-16
S100YC0N,E00488,28760,株式会社デルソーレ,2026-03-31,2026-06-16 12:23,2026-06-16
S100YBXA,E03693,85720,アコム株式会社,2026-03-31,2026-06-16 12:55,2026-06-16
S100YBZA,E01480,61010,株式会社ツガミ,2026-03-31,2026-06-16 13:00,2026-06-16
S100YBFF,E02275,77520,株式会社リコー,2026-03-31,2026-06-16 13:03,2026-06-16
S100YBNS,E04497,94120,スカパーＪＳＡＴ株式会社,2026-03-31,2026-06-16 13:04,2026-06-16
S100YC4K,E02643,81330,伊藤忠エネクス株式会社,2026-03-31,2026-06-16 13:04,2026-06-16
S100YCFK,E04148,90210,西日本旅客鉄道株式会社,2026-03-31,2026-06-16 13:05,2026-06-16
S100YA8B,E03071,81300,株式会社サンゲツ,2026-03-31,2026-06-16 13:05,2026-06-16
S100Y9TE,E04377,,東北放送株式会社,2026-03-31,2026-06-16 13:09,2026-06-16
S100YC0P,E00884,44710,三洋化成工業株式会社,2026-03-31,2026-06-16 13:22,2026-06-16
S100YC1Q,E30728,20600,フィード・ワン株式会社,2026-03-31,2026-06-16 13:29,2026-06-16
S100YCGP,E04904,96190,株式会社イチネンホールディングス,2026-03-31,2026-06-16 13:33,2026-06-16
S100YC54,E04889,96400,株式会社セゾンテクノロジー,2026-03-31,2026-06-16 13:39,2026-06-16
S100YCBI,E01667,63490,株式会社小森コーポレーション,2026-03-31,2026-06-16 13:53,2026-06-16
S100YCGC,E03819,87040,トレイダーズホールディングス株式会社,2026-03-31,2026-06-16 13:56,2026-06-16
S100YB3N,E02770,99620,株式会社　ミスミグループ本社,2026-03-31,2026-06-16 14:01,2026-06-16
S100YBHC,E01712,63240,株式会社ハーモニック・ドライブ・システムズ,2026-03-31,2026-06-16 14:10,2026-06-16
S100YCIP,E36723,50760,インフロニア・ホールディングス株式会社,2026-03-31,2026-06-16 14:10,2026-06-16
S100YCID,E02501,80070,高島株式会社,2026-03-31,2026-06-16 14:22,2026-06-16
S100YBV5,E03618,83770,株式会社ほくほくフィナンシャルグループ,2026-03-31,2026-06-16 14:31,2026-06-16
S100YCCS,E00446,28710,株式会社ニチレイ,2026-03-31,2026-06-16 14:47,2026-06-16
S100YC5V,E05215,42990,株式会社ハイマックス,2026-03-31,2026-06-16 14:54,2026-06-16
S100YCAP,E02836,74770,ムラキ株式会社,2026-03-31,2026-06-16 15:02,2026-06-16
S100YBU2,E05688,38480,株式会社データ・アプリケーション,2026-03-31,2026-06-16 15:03,2026-06-16
S100YC6I,E01506,61460,株式会社ディスコ,2026-03-31,2026-06-16 15:08,2026-06-16
S100YBPK,E00920,45030,アステラス製薬株式会社,2026-03-31,2026-06-16 15:09,2026-06-16
S100YCMC,E02213,72110,三菱自動車工業株式会社,2026-03-31,2026-06-16 15:12,2026-06-16
S100YCFQ,E02713,98570,英和株式会社,2026-03-31,2026-06-16 15:18,2026-06-16
S100YCI4,E32990,93250,ファイズホールディングス株式会社,2026-03-31,2026-06-16 15:30,2026-06-16
S100YBQC,E03407,27670,円谷フィールズホールディングス株式会社,2026-03-31,2026-06-16 15:30,2026-06-16
S100YC72,E01138,53320,ＴＯＴＯ株式会社,2026-03-31,2026-06-16 15:30,2026-06-16
S100YBWO,E37560,92210,フルハシＥＰＯ株式会社,2026-03-31,2026-06-16 15:30,2026-06-16
S100YBIN,E02509,80140,蝶理株式会社,2026-03-31,2026-06-16 15:31,2026-06-16
S100YCNU,E05539,33930,スターティアホールディングス株式会社,2026-03-31,2026-06-16 15:35,2026-06-16
S100YCP3,E04430,94320,ＮＴＴ株式会社,2026-03-31,2026-06-16 15:51,2026-06-16
S100YBTV,E02552,80120,長瀬産業株式会社,2026-03-31,2026-06-16 15:56,2026-06-16
S100YBEM,E02567,80880,岩谷産業株式会社,2026-03-31,2026-06-16 16:00,2026-06-16
S100YCOW,E40223,303A0,株式会社ｖｉｓｕｍｏ,2026-03-31,2026-06-16 16:00,2026-06-16
S100Y9ZW,E27303,60730,株式会社アサンテ,2026-03-31,2026-06-16 16:00,2026-06-16
S100YCHD,E35449,62310,木村工機株式会社,2026-03-31,2026-06-16 16:00,2026-06-16
S100YC38,E01164,79950,株式会社バルカー,2026-03-31,2026-06-16 16:00,2026-06-16
S100YC75,E39222,58920,株式会社ｙｕｔｏｒｉ,2026-03-31,2026-06-16 16:00,2026-06-16
S100YCOY,E33435,34840,株式会社イノベーションホールディングス,2026-03-31,2026-06-16 16:01,2026-06-16
S100YBXE,E02481,78320,株式会社バンダイナムコホールディングス,2026-03-31,2026-06-16 16:06,2026-06-16
S100YCGO,E02417,96970,株式会社カプコン,2026-03-31,2026-06-16 16:16,2026-06-16
S100YCPU,E34716,70570,株式会社エヌ・シー・エヌ,2026-03-31,2026-06-16 16:28,2026-06-16
S100YBXW,E04220,90370,株式会社ハマキョウレックス,2026-03-31,2026-06-16 16:28,2026-06-16
S100YCOS,E01595,64450,株式会社ジャノメ,2026-03-31,2026-06-16 16:30,2026-06-16
S100YC7R,E26327,71570,ライフネット生命保険株式会社,2026-03-31,2026-06-16 16:36,2026-06-16
S100YC7A,E06141,87500,株式会社第一ライフグループ,2026-03-31,2026-06-16 16:38,2026-06-16
S100YC4Y,E02077,67300,株式会社アクセル,2026-03-31,2026-06-16 16:56,2026-06-16
S100YCOR,E05097,47650,ＳＢＩグローバルアセットマネジメント株式会社,2026-03-31,2026-06-16 17:00,2026-06-16
S100YCDM,E01152,52080,株式会社有沢製作所,2026-03-31,2026-06-17 09:00,2026-06-17
S100YBKA,E03575,83660,株式会社滋賀銀行,2026-03-31,2026-06-17 09:00,2026-06-17
S100YCBQ,E05521,37980,ＵＬＳグループ株式会社,2026-03-31,2026-06-17 09:00,2026-06-17
S100YC9O,E03867,88180,京阪神ビルディング株式会社,2026-03-31,2026-06-17 09:02,2026-06-17
S100YBRY,E04209,90570,遠州トラック株式会社,2026-03-31,2026-06-17 09:05,2026-06-17
S100YCRO,E03531,83040,株式会社あおぞら銀行,2026-03-31,2026-06-17 09:40,2026-06-17
S100YCWP,E05173,48320,ＪＦＥシステムズ株式会社,2026-03-31,2026-06-17 09:51,2026-06-17
S100YBV8,E00037,15180,三井松島ホールディングス株式会社,2026-03-31,2026-06-17 09:54,2026-06-17
S100YC8S,E05065,17380,株式会社ニットー,2026-03-31,2026-06-17 09:54,2026-06-17
S100YBGN,E05350,23710,株式会社カカクコム,2026-03-31,2026-06-17 09:56,2026-06-17
S100YCLR,E04102,90410,近鉄グループホールディングス株式会社,2026-03-31,2026-06-17 09:59,2026-06-17
S100YCY5,E01430,59330,アルインコ株式会社,2026-03-20,2026-06-17 09:59,2026-06-17
S100YBGM,E03611,83090,三井住友トラストグループ株式会社,2026-03-31,2026-06-17 10:05,2026-06-17
S100YCBL,E04103,90420,阪急阪神ホールディングス株式会社,2026-03-31,2026-06-17 10:07,2026-06-17
S100YBGJ,E03627,,三井住友信託銀行株式会社,2026-03-31,2026-06-17 10:16,2026-06-17
S100YCH4,E02869,75520,株式会社ハピネット,2026-03-31,2026-06-17 10:20,2026-06-17
S100YD0F,E05466,37630,株式会社プロシップ,2026-03-31,2026-06-17 10:33,2026-06-17
S100YD1Z,E05593,24880,ＪＴＰ株式会社,2026-03-31,2026-06-17 10:43,2026-06-17
S100YCJ4,E27016,49290,株式会社アジュバンホールディングス,2026-03-20,2026-06-17 10:45,2026-06-17
S100YCYB,E03293,75540,株式会社幸楽苑,2026-03-31,2026-06-17 10:51,2026-06-17
S100YCUS,E01368,59520,アマテイ株式会社,2026-03-31,2026-06-17 10:51,2026-06-17
S100YCU0,E00774,40610,デンカ株式会社,2026-03-31,2026-06-17 11:01,2026-06-17
S100YCRS,E00467,250A0,シマダヤ株式会社,2026-03-31,2026-06-17 11:03,2026-06-17
S100YD2Y,E01780,67620,ＴＤＫ株式会社,2026-03-31,2026-06-17 11:15,2026-06-17
S100YD3Z,E02013,68990,ＡＳＴＩ株式会社,2026-03-31,2026-06-17 11:17,2026-06-17
S100YD4O,E01367,59910,日本発條株式会社,2026-03-31,2026-06-17 11:30,2026-06-17
S100YD4T,E04354,90870,タカセ株式会社,2026-03-31,2026-06-17 11:34,2026-06-17
S100YD39,E02832,74750,アルビス株式会社,2026-03-31,2026-06-17 11:42,2026-06-17
S100YC3L,E40736,417A0,株式会社ブルーゾーンホールディングス,2026-03-31,2026-06-17 11:44,2026-06-17
S100YCMP,E03753,86010,株式会社大和証券グループ本社,2026-03-31,2026-06-17 11:49,2026-06-17
S100YCZ3,E03938,88440,株式会社コスモスイニシア,2026-03-31,2026-06-17 11:55,2026-06-17
S100YCH0,E02225,72990,フジオーゼックス株式会社,2026-03-31,2026-06-17 12:03,2026-06-17
S100YCEI,E03676,,株式会社佐賀共栄銀行,2026-03-31,2026-06-17 12:04,2026-06-17
S100YCVX,E01294,56950,パウダーテック株式会社,2026-03-31,2026-06-17 12:08,2026-06-17
S100YCOQ,E04806,85950,ジャフコ　グループ株式会社,2026-03-31,2026-06-17 12:10,2026-06-17
S100YCH9,E03493,78230,株式会社アートネイチャー,2026-03-31,2026-06-17 12:26,2026-06-17
S100YCZN,E35810,73370,株式会社ひろぎんホールディングス,2026-03-31,2026-06-17 12:31,2026-06-17
S100YBD2,E03641,85440,株式会社　京葉銀行,2026-03-31,2026-06-17 12:39,2026-06-17
S100YCGZ,E03683,,株式会社　沖縄海邦銀行,2026-03-31,2026-06-17 12:41,2026-06-17
S100YCJ1,E04959,46440,イマジニア株式会社,2026-03-31,2026-06-17 12:48,2026-06-17
S100YCRI,E05317,23420,株式会社トランスジェニックグループ,2026-03-31,2026-06-17 12:56,2026-06-17
S100YBU1,E01123,52040,石塚硝子株式会社,2026-03-20,2026-06-17 13:00,2026-06-17
S100YC1N,E03623,84100,株式会社セブン銀行,2026-03-31,2026-06-17 13:00,2026-06-17
S100YD6O,E38168,29370,株式会社サンクゼール,2026-03-31,2026-06-17 13:03,2026-06-17
S100YBO0,E00818,42020,株式会社ダイセル,2026-03-31,2026-06-17 13:04,2026-06-17
S100YD7L,E00685,38910,ニッポン高度紙工業株式会社,2026-03-31,2026-06-17 13:16,2026-06-17
S100YCTQ,E02427,79060,ヨネックス株式会社,2026-03-31,2026-06-17 13:18,2026-06-17
S100YCGQ,E04650,,株式会社小倉カンツリー倶楽部,2026-03-31,2026-06-17 13:19,2026-06-17
S100YBNR,E01405,59920,中央発條株式会社,2026-03-31,2026-06-17 13:20,2026-06-17
S100YAZ5,E00048,19250,大和ハウス工業株式会社,2026-03-31,2026-06-17 13:23,2026-06-17
S100YD7C,E03521,30990,株式会社三越伊勢丹ホールディングス,2026-03-31,2026-06-17 13:39,2026-06-17
S100YCWN,E30443,90900,ＡＺ－ＣＯＭ丸和ホールディングス株式会社,2026-03-31,2026-06-17 13:42,2026-06-17
S100YCXZ,E04357,93680,キムラユニティー株式会社,2026-03-31,2026-06-17 13:43,2026-06-17
S100YBFC,E02394,79660,リンテック株式会社,2026-03-31,2026-06-17 13:44,2026-06-17
S100YCSO,E01730,61610,株式会社エスティック,2026-03-20,2026-06-17 13:44,2026-06-17
S100YC6H,E03827,,損害保険ジャパン株式会社,2026-03-31,2026-06-17 13:54,2026-06-17
S100YCX4,E04233,32320,三重交通グループホールディングス株式会社,2026-03-31,2026-06-17 13:56,2026-06-17
S100YAOG,E02408,79490,小松ウオール工業株式会社,2026-03-31,2026-06-17 13:57,2026-06-17
S100YCCG,E00852,43620,日本精化株式会社,2026-03-31,2026-06-17 14:04,2026-06-17
S100YC6Z,E23924,86300,ＳＯＭＰＯホールディングス株式会社,2026-03-31,2026-06-17 14:16,2026-06-17
S100YCP7,E00829,78710,フクビ化学工業株式会社,2026-03-31,2026-06-17 14:20,2026-06-17
S100YBUN,E03733,87370,株式会社あかつき本社,2026-03-31,2026-06-17 14:29,2026-06-17
S100Y8YZ,E01601,64720,ＮＴＮ株式会社,2026-03-31,2026-06-17 14:30,2026-06-17
S100YDAM,E02980,78370,株式会社アールシーコア,2026-03-31,2026-06-17 14:34,2026-06-17
S100YBP7,E00811,41140,株式会社日本触媒,2026-03-31,2026-06-17 14:39,2026-06-17
S100YC23,E01108,72820,豊田合成株式会社,2026-03-31,2026-06-17 14:47,2026-06-17
S100YD9M,E01019,49510,エステー株式会社,2026-03-31,2026-06-17 14:54,2026-06-17
S100YCW1,E03571,83580,スルガ銀行株式会社,2026-03-31,2026-06-17 15:00,2026-06-17
S100YCK1,E00015,13330,Ｕｍｉｏｓ株式会社,2026-03-31,2026-06-17 15:00,2026-06-17
S100YD5L,E01317,59380,株式会社ＬＩＸＩＬ,2026-03-31,2026-06-17 15:00,2026-06-17
S100YCEQ,E01806,65160,山洋電気株式会社,2026-03-31,2026-06-17 15:01,2026-06-17
S100YCQQ,E01233,56320,三菱製鋼株式会社,2026-03-31,2026-06-17 15:01,2026-06-17
S100YCL0,E05714,87290,ソニーフィナンシャルグループ株式会社,2026-03-31,2026-06-17 15:01,2026-06-17
S100YDAF,E33050,79400,ウェーブロックホールディングス株式会社,2026-03-31,2026-06-17 15:05,2026-06-17
S100YCPQ,E00183,19790,株式会社大気社,2026-03-31,2026-06-17 15:10,2026-06-17
S100YDE2,E33469,,三井住友トラスト・パナソニックファイナンス株式会社,2026-03-31,2026-06-17 15:17,2026-06-17
S100YDDN,E00830,42160,旭有機材株式会社,2026-03-31,2026-06-17 15:26,2026-06-17
S100YD7V,E05562,24970,ユナイテッド株式会社,2026-03-31,2026-06-17 15:30,2026-06-17
S100YCT4,E04861,96820,株式会社ＤＴＳ,2026-03-31,2026-06-17 15:33,2026-06-17
S100YB5L,E00919,45020,武田薬品工業株式会社,2026-03-31,2026-06-17 15:34,2026-06-17
S100YCXD,E32069,22960,伊藤ハム米久ホールディングス株式会社,2026-03-31,2026-06-17 15:34,2026-06-17
S100YCV6,E02998,30360,アルコニックス株式会社,2026-03-31,2026-06-17 15:38,2026-06-17
S100YD7F,E32967,95190,株式会社レノバ,2026-03-31,2026-06-17 15:39,2026-06-17
S100YAZU,E23820,86000,トモニホールディングス株式会社,2026-03-31,2026-06-17 15:40,2026-06-17
S100YCKH,E04775,85850,株式会社オリエントコーポレーション,2026-03-31,2026-06-17 15:54,2026-06-17
S100YB28,E27281,32840,株式会社フージャースホールディングス,2026-03-31,2026-06-17 16:00,2026-06-17
S100YB3J,E01469,60130,株式会社タクマ,2026-03-31,2026-06-17 16:00,2026-06-17
S100YAZH,E02423,79170,ＺＡＣＲＯＳ株式会社,2026-03-31,2026-06-17 16:00,2026-06-17
S100YC6U,E38645,55760,株式会社オービーシステム,2026-03-31,2026-06-17 16:00,2026-06-17
S100YCII,E22509,77750,大研医器株式会社,2026-03-31,2026-06-17 16:00,2026-06-17
S100YCRR,E24545,94130,株式会社テレビ東京ホールディングス,2026-03-31,2026-06-17 16:00,2026-06-17
S100YCAR,E01888,69880,日東電工株式会社,2026-03-31,2026-06-17 16:01,2026-06-17
S100YD0S,E05691,21520,幼児活動研究会株式会社,2026-03-31,2026-06-17 16:07,2026-06-17
S100YCS3,E01084,50190,出光興産株式会社,2026-03-31,2026-06-17 16:08,2026-06-17
S100YCHA,E02195,72410,フタバ産業株式会社,2026-03-31,2026-06-17 16:11,2026-06-17
S100YCXB,E02380,73130,テイ・エス　テック株式会社,2026-03-31,2026-06-17 16:11,2026-06-17
S100YCM2,E03602,83990,株式会社琉球銀行,2026-03-31,2026-06-17 16:15,2026-06-17
S100YCU8,E03971,88710,株式会社ゴールドクレスト,2026-03-31,2026-06-17 16:17,2026-06-17
S100YDGM,E00486,28150,アリアケジャパン株式会社,2026-03-31,2026-06-17 16:21,2026-06-17
S100YD3K,E02475,64600,セガサミーホールディングス株式会社,2026-03-31,2026-06-17 16:22,2026-06-17
S100YCXM,E03176,98280,株式会社Ｇｅｎｋｉ　Ｇｌｏｂａｌ　Ｄｉｎｉｎｇ　Ｃｏｎｃｅｐｔｓ,2026-03-31,2026-06-17 16:27,2026-06-17
S100YD8M,E01060,49730,日本高純度化学株式会社,2026-03-31,2026-06-17 16:34,2026-06-17
S100YC7N,E04147,90200,東日本旅客鉄道株式会社,2026-03-31,2026-06-17 17:07,2026-06-17
S100YCMX,E30982,71750,今村証券株式会社,2026-03-31,2026-06-18 09:00,2026-06-18
S100YCKF,E02671,81500,三信電気株式会社,2026-03-31,2026-06-18 09:03,2026-06-18
S100YBU3,E04473,94240,日本通信株式会社,2026-03-31,2026-06-18 09:16,2026-06-18
S100YDG7,E02749,99080,日本電計株式会社,2026-03-31,2026-06-18 09:23,2026-06-18
S100YD65,E00717,94740,株式会社ゼンリン,2026-03-31,2026-06-18 09:30,2026-06-18
S100YCZF,E03640,85580,株式会社東和銀行,2026-03-31,2026-06-18 09:30,2026-06-18
S100YDOC,E05560,24750,ＷＤＢホールディングス株式会社,2026-03-31,2026-06-18 09:32,2026-06-18
S100YDHD,E04612,,福井県観光開発株式会社,2026-03-31,2026-06-18 09:33,2026-06-18
S100YDPE,E33825,43810,ビープラッツ株式会社,2026-03-31,2026-06-18 09:36,2026-06-18
S100YC6B,E04237,91070,川崎汽船株式会社,2026-03-31,2026-06-18 09:43,2026-06-18
S100YD0G,E05677,38420,株式会社ネクストジェン,2026-03-31,2026-06-18 09:50,2026-06-18
S100YCON,E02194,59490,ユニプレス株式会社,2026-03-31,2026-06-18 09:51,2026-06-18
S100YDBK,E02753,99140,株式会社　植松商会,2026-03-20,2026-06-18 09:55,2026-06-18
S100YD79,E01645,64900,株式会社ＰＩＬＬＡＲ,2026-03-31,2026-06-18 09:58,2026-06-18
S100YD6A,E03543,83450,株式会社岩手銀行,2026-03-31,2026-06-18 09:58,2026-06-18
S100YDT8,E02841,74860,サンリン株式会社,2026-03-31,2026-06-18 10:00,2026-06-18
S100YBCW,E02534,80180,三共生興株式会社,2026-03-31,2026-06-18 10:00,2026-06-18
S100YCTH,E04857,96860,東洋テック株式会社,2026-03-31,2026-06-18 10:02,2026-06-18
S100YD7X,E04125,90520,山陽電気鉄道株式会社,2026-03-31,2026-06-18 10:03,2026-06-18
S100YC4B,E00775,40620,イビデン株式会社,2026-03-31,2026-06-18 10:03,2026-06-18
S100YD2K,E33693,73220,株式会社三十三フィナンシャルグループ,2026-03-31,2026-06-18 10:07,2026-06-18
S100YDBM,E00542,31100,日東紡績株式会社,2026-03-31,2026-06-18 10:09,2026-06-18
S100YD0K,E02997,30240,クリエイト株式会社,2026-03-31,2026-06-18 10:10,2026-06-18
S100YCB1,E03660,,株式会社西京銀行,2026-03-31,2026-06-18 10:10,2026-06-18
S100YDUS,E02765,99550,株式会社ヨンキュウ,2026-03-31,2026-06-18 10:16,2026-06-18
S100YDBW,E02357,77740,株式会社ジャパン・ティッシュエンジニアリング,2026-03-31,2026-06-18 10:17,2026-06-18
S100YD22,E01721,64020,兼松エンジニアリング株式会社,2026-03-31,2026-06-18 10:18,2026-06-18
S100YDKQ,E05561,38000,株式会社ユニリタ,2026-03-31,2026-06-18 10:27,2026-06-18
S100YCO6,E03637,85620,株式会社　福島銀行,2026-03-31,2026-06-18 10:38,2026-06-18
S100YD1K,E00728,94780,ＳＥホールディングス・アンド・インキュベーションズ株式会社,2026-03-31,2026-06-18 10:42,2026-06-18
S100YD49,E05048,47330,株式会社オービックビジネスコンサルタント,2026-03-31,2026-06-18 10:49,2026-06-18
S100YD9X,E00117,18470,株式会社イチケン,2026-03-31,2026-06-18 10:53,2026-06-18
S100YD54,E30085,36820,エンカレッジ・テクノロジ株式会社,2026-03-31,2026-06-18 11:17,2026-06-18
S100YDWK,E02021,68940,パルステック工業株式会社,2026-03-31,2026-06-18 11:27,2026-06-18
S100YCVR,E04105,90450,京阪ホールディングス株式会社,2026-03-31,2026-06-18 11:30,2026-06-18
S100YDIT,E03762,86220,水戸証券株式会社,2026-03-31,2026-06-18 11:31,2026-06-18
S100YD25,E01532,63010,株式会社小松製作所,2026-03-31,2026-06-18 11:46,2026-06-18
S100YD3N,E03590,83870,株式会社四国銀行,2026-03-31,2026-06-18 11:51,2026-06-18
S100YDGW,E00389,22260,株式会社湖池屋,2026-03-31,2026-06-18 12:01,2026-06-18
S100YDA0,E03596,83920,株式会社大分銀行,2026-03-31,2026-06-18 12:02,2026-06-18
S100YDDX,E36134,73660,株式会社ＬＩＴＡＬＩＣＯ,2026-03-31,2026-06-18 12:03,2026-06-18
S100YDYC,E02738,98160,株式会社　ストライダーズ,2026-03-31,2026-06-18 12:06,2026-06-18
S100YDZP,E05153,21300,株式会社メンバーズ,2026-03-31,2026-06-18 12:51,2026-06-18
S100YE00,E33603,42490,森六株式会社,2026-03-31,2026-06-18 12:58,2026-06-18
S100YC1L,E35491,76870,株式会社ミクリード,2026-03-31,2026-06-18 13:00,2026-06-18
S100YE1C,E38443,71200,株式会社ＳＨＩＮＫＯ,2026-03-31,2026-06-18 13:01,2026-06-18
S100YDA3,E00251,17980,株式会社守谷商会,2026-03-31,2026-06-18 13:02,2026-06-18
S100YCYQ,E26290,31730,株式会社Ｃｏｍｉｎｉｘ,2026-03-31,2026-06-18 13:08,2026-06-18
S100YCZS,E31905,71830,あんしん保証株式会社,2026-03-31,2026-06-18 13:08,2026-06-18
S100YD8J,E02505,80150,豊田通商株式会社,2026-03-31,2026-06-18 13:11,2026-06-18
S100YDDS,E00285,17620,株式会社髙松コンストラクショングループ,2026-03-31,2026-06-18 13:12,2026-06-18
S100YE2M,E03549,83440,株式会社山形銀行,2026-03-31,2026-06-18 13:13,2026-06-18
S100YE2O,E36756,71300,ヤマエグループホールディングス株式会社,2026-03-31,2026-06-18 13:15,2026-06-18
S100YCJD,E01318,57020,株式会社大紀アルミニウム工業所,2026-03-31,2026-06-18 13:15,2026-06-18
S100YD46,E04288,93080,乾汽船株式会社,2026-03-31,2026-06-18 13:21,2026-06-18
S100YDQV,E05504,94280,株式会社クロップス,2026-03-31,2026-06-18 13:33,2026-06-18
S100YDJU,E02876,34200,株式会社ケー・エフ・シー,2026-03-31,2026-06-18 13:35,2026-06-18
S100YD42,E01002,42080,ＵＢＥ株式会社,2026-03-31,2026-06-18 13:38,2026-06-18
S100YDOU,E00149,19690,高砂熱学工業株式会社,2026-03-31,2026-06-18 13:38,2026-06-18
S100YE46,E32825,39690,株式会社エイトレッド,2026-03-31,2026-06-18 13:40,2026-06-18
S100YDJN,E03552,83380,株式会社筑波銀行,2026-03-31,2026-06-18 13:40,2026-06-18
S100YDMT,E00227,19520,新日本空調株式会社,2026-03-31,2026-06-18 13:45,2026-06-18
S100YE42,E01336,58050,ＳＷＣＣ株式会社,2026-03-31,2026-06-18 13:47,2026-06-18
S100YDLY,E00097,18130,株式会社不動テトラ,2026-03-31,2026-06-18 13:51,2026-06-18
S100YDCE,E00805,41090,ステラケミファ株式会社,2026-03-31,2026-06-18 13:57,2026-06-18
S100YCYY,E30438,42460,ダイキョーニシカワ株式会社,2026-03-31,2026-06-18 14:00,2026-06-18
S100YD8G,E01464,34370,特殊電極株式会社,2026-03-31,2026-06-18 14:00,2026-06-18
S100YDNT,E03721,,アイフル株式会社,2026-03-31,2026-06-18 14:08,2026-06-18
S100YB9C,E01717,68340,株式会社　精工技研,2026-03-31,2026-06-18 14:10,2026-06-18
S100YBTF,E05694,38500,株式会社エヌ・ティ・ティ・データ・イントラマート,2026-03-31,2026-06-18 14:12,2026-06-18
S100YBW3,E21951,,株式会社商工組合中央金庫,2026-03-31,2026-06-18 14:15,2026-06-18
S100YDOG,E00994,35530,共和レザー株式会社,2026-03-31,2026-06-18 14:19,2026-06-18
S100YDP5,E00900,46190,日本特殊塗料株式会社,2026-03-31,2026-06-18 14:27,2026-06-18
S100YDE9,E01518,62080,株式会社石川製作所,2026-03-31,2026-06-18 14:28,2026-06-18
S100YDDM,E03447,33520,株式会社バッファロー,2026-03-31,2026-06-18 14:45,2026-06-18
S100YCV0,E01330,57410,株式会社ＵＡＣＪ,2026-03-31,2026-06-18 14:45,2026-06-18
S100YE6B,E02729,98890,ＪＢＣＣホールディングス株式会社,2026-03-31,2026-06-18 14:49,2026-06-18
S100YE5G,E00572,35130,イチカワ株式会社,2026-03-31,2026-06-18 14:57,2026-06-18
S100YE21,E00473,29030,シノブフーズ株式会社,2026-03-31,2026-06-18 14:58,2026-06-18
S100YDFO,E03555,83360,株式会社武蔵野銀行,2026-03-31,2026-06-18 15:00,2026-06-18
S100YD7R,E00961,45490,栄研化学株式会社,2026-03-31,2026-06-18 15:00,2026-06-18
S100YDJ0,E03202,99500,株式会社ハチバン,2026-03-20,2026-06-18 15:00,2026-06-18
S100YDKO,E03472,30200,アプライド株式会社,2026-03-31,2026-06-18 15:00,2026-06-18
S100YDFZ,E34699,70590,株式会社コプロ・ホールディングス,2026-03-31,2026-06-18 15:00,2026-06-18
S100YDU9,E00650,38780,株式会社巴川コーポレーション,2026-03-31,2026-06-18 15:02,2026-06-18
S100YCMK,E00872,34010,帝人株式会社,2026-03-31,2026-06-18 15:04,2026-06-18
S100YCSL,E02894,76000,株式会社　日本エム・ディ・エム,2026-03-31,2026-06-18 15:04,2026-06-18
S100YE9T,E01627,63820,トリニティ工業株式会社,2026-03-31,2026-06-18 15:05,2026-06-18
S100YDH1,E00949,45360,参天製薬株式会社,2026-03-31,2026-06-18 15:05,2026-06-18
S100YD0C,E37412,73840,株式会社プロクレアホールディングス,2026-03-31,2026-06-18 15:11,2026-06-18
S100YEAI,E04926,46650,株式会社ダスキン,2026-03-31,2026-06-18 15:13,2026-06-18
S100YBY2,E01657,63450,株式会社アイチコーポレーション,2026-03-31,2026-06-18 15:29,2026-06-18
S100YDYD,E34537,70470,ポート株式会社,2026-03-31,2026-06-18 15:30,2026-06-18
S100YB8V,E01793,67700,アルプスアルパイン株式会社,2026-03-31,2026-06-18 15:30,2026-06-18
S100YE7T,E31748,61780,日本郵政株式会社,2026-03-31,2026-06-18 15:30,2026-06-18
S100YDD9,E02166,72670,本田技研工業株式会社,2026-03-31,2026-06-18 15:30,2026-06-18
S100Y9G1,E31775,71820,株式会社ゆうちょ銀行,2026-03-31,2026-06-18 15:30,2026-06-18
S100YE1V,E03622,84180,株式会社山口フィナンシャルグループ,2026-03-31,2026-06-18 15:30,2026-06-18
S100YDHC,E04988,46740,株式会社クレスコ,2026-03-31,2026-06-18 15:30,2026-06-18
S100YD29,E31755,71810,株式会社かんぽ生命保険,2026-03-31,2026-06-18 15:30,2026-06-18
S100YC9S,E02833,74720,株式会社鳥羽洋行,2026-03-31,2026-06-18 15:31,2026-06-18
S100YE3H,E01878,68410,横河電機株式会社,2026-03-31,2026-06-18 15:31,2026-06-18
S100YE3S,E05332,23590,株式会社コア,2026-03-31,2026-06-18 15:31,2026-06-18
S100YDHG,E00985,45690,杏林製薬株式会社,2026-03-31,2026-06-18 15:32,2026-06-18
S100YDN3,E02272,77330,オリンパス株式会社,2026-03-31,2026-06-18 15:34,2026-06-18
S100YDNF,E01438,59880,株式会社パイオラックス,2026-03-31,2026-06-18 15:34,2026-06-18
S100YDGT,E00970,45480,生化学工業株式会社,2026-03-31,2026-06-18 15:35,2026-06-18
S100YBFV,E01765,67010,日本電気株式会社,2026-03-31,2026-06-18 15:35,2026-06-18
S100YBXD,E05000,46890,ＬＩＮＥヤフー株式会社,2026-03-31,2026-06-18 15:37,2026-06-18
S100YE2C,E01777,67580,ソニーグループ株式会社,2026-03-31,2026-06-18 15:38,2026-06-18
S100YDQN,E03379,43370,ぴあ株式会社,2026-03-31,2026-06-18 15:39,2026-06-18
S100YDEF,E26686,71610,株式会社じもとホールディングス,2026-03-31,2026-06-18 15:40,2026-06-18
S100YD7I,E02782,99910,ジェコス株式会社,2026-03-31,2026-06-18 15:44,2026-06-18
S100YDBU,E00928,45120,わかもと製薬株式会社,2026-03-31,2026-06-18 15:48,2026-06-18
S100YCVG,E05312,23350,株式会社キューブシステム,2026-03-31,2026-06-18 15:57,2026-06-18
S100YD5O,E00120,18520,株式会社淺沼組,2026-03-31,2026-06-18 15:58,2026-06-18
S100YDXW,E01968,69460,日本アビオニクス株式会社,2026-03-31,2026-06-18 15:59,2026-06-18
S100YB3A,E05175,48330,株式会社Ｄｅｆ　ｃｏｎｓｕｌｔｉｎｇ,2026-03-31,2026-06-18 16:00,2026-06-18
S100YD1I,E03519,30880,株式会社マツキヨココカラ＆カンパニー,2026-03-31,2026-06-18 16:00,2026-06-18
S100YEB9,E31336,39080,株式会社コラボス,2026-03-31,2026-06-18 16:00,2026-06-18
S100YCZ0,E03652,85220,株式会社　名古屋銀行,2026-03-31,2026-06-18 16:01,2026-06-18
S100YDSZ,E04322,93530,櫻島埠頭株式会社,2026-03-31,2026-06-18 16:01,2026-06-18
S100YE88,E00410,409A0,オリオンビール株式会社,2026-03-31,2026-06-18 16:04,2026-06-18
S100YE4Y,E02410,64130,理想科学工業株式会社,2026-03-31,2026-06-18 16:05,2026-06-18
S100YD7D,E05167,48280,ビジネスエンジニアリング株式会社,2026-03-31,2026-06-18 16:09,2026-06-18
S100YCPI,E02105,72130,レシップホールディングス株式会社,2026-03-31,2026-06-18 16:12,2026-06-18
S100YE26,E02247,72140,ＧＭＢ株式会社,2026-03-31,2026-06-18 16:17,2026-06-18
S100YEDS,E01951,66520,ＩＤＥＣ株式会社,2026-03-31,2026-06-18 16:21,2026-06-18
S100YEDH,E01569,63660,千代田化工建設株式会社,2026-03-31,2026-06-18 16:24,2026-06-18
S100YDSL,E01599,64630,ＴＰＲ株式会社,2026-03-31,2026-06-18 16:40,2026-06-18
S100YEG1,E32801,65390,株式会社ＭＳ－Ｊａｐａｎ,2026-03-31,2026-06-18 16:41,2026-06-18
S100YCDA,E01231,54060,株式会社　神戸製鋼所,2026-03-31,2026-06-18 16:45,2026-06-18
S100YDWH,E04427,48390,株式会社ＷＯＷＯＷ,2026-03-31,2026-06-18 16:52,2026-06-18
S100YEJ6,E02246,72150,株式会社ファルテック,2026-03-31,2026-06-18 16:52,2026-06-18
S100YAAB,E04110,90310,西日本鉄道株式会社,2026-03-31,2026-06-18 16:57,2026-06-18
S100YCR6,E02827,74660,ＳＰＫ株式会社,2026-03-31,2026-06-18 17:07,2026-06-18
S100YEU4,E03784,87060,極東証券株式会社,2026-03-31,2026-06-19 09:00,2026-06-19
S100YD50,E00895,46150,神東塗料株式会社,2026-03-31,2026-06-19 09:00,2026-06-19
S100YDK0,E03557,83370,株式会社千葉興業銀行,2026-03-31,2026-06-19 09:00,2026-06-19
S100YE3Y,E02388,79700,信越ポリマー株式会社,2026-03-31,2026-06-19 09:00,2026-06-19
S100YDSM,E05011,47050,株式会社クリップコーポレーション,2026-03-31,2026-06-19 09:02,2026-06-19
S100YDSE,E03556,83310,株式会社千葉銀行,2026-03-31,2026-06-19 09:02,2026-06-19
S100YEGQ,E02964,27950,日本プリメックス株式会社,2026-03-31,2026-06-19 09:05,2026-06-19
S100YDT5,E05274,43500,株式会社　メディカルシステムネットワーク,2026-03-31,2026-06-19 09:07,2026-06-19
S100YE6Y,E05047,88760,株式会社リログループ,2026-03-31,2026-06-19 09:08,2026-06-19
S100YDTC,E03756,86090,株式会社岡三証券グループ,2026-03-31,2026-06-19 09:08,2026-06-19
S100YD30,E00448,42290,群栄化学工業株式会社,2026-03-31,2026-06-19 09:09,2026-06-19
S100YCGG,E02792,74170,株式会社南陽,2026-03-31,2026-06-19 09:12,2026-06-19
S100YD8C,E01204,53860,株式会社鶴弥,2026-03-31,2026-06-19 09:13,2026-06-19
S100YC1U,E03645,85370,株式会社大光銀行,2026-03-31,2026-06-19 09:13,2026-06-19
S100YEMH,E05120,47830,ＮＣＤ株式会社,2026-03-31,2026-06-19 09:15,2026-06-19
S100YEBM,E03580,83670,株式会社南都銀行,2026-03-31,2026-06-19 09:17,2026-06-19
S100Y8FP,E03634,85510,株式会社　北日本銀行,2026-03-31,2026-06-19 09:20,2026-06-19
S100YD4W,E00458,22880,丸大食品株式会社,2026-03-31,2026-06-19 09:26,2026-06-19
S100YDSC,E01253,54630,丸一鋼管株式会社,2026-03-31,2026-06-19 09:27,2026-06-19
S100YEUT,E03544,83490,株式会社　東北銀行,2026-03-31,2026-06-19 09:28,2026-06-19
S100YEMK,E00265,,東光電気工事株式会社,2026-03-31,2026-06-19 09:32,2026-06-19
S100YEA0,E00633,78960,セブン工業株式会社,2026-03-31,2026-06-19 09:40,2026-06-19
S100YDJY,E04633,,株式会社千葉カントリー倶楽部,2026-03-31,2026-06-19 09:40,2026-06-19
S100YDW4,E03468,33970,株式会社トリドールホールディングス,2026-03-31,2026-06-19 09:46,2026-06-19
S100YE1F,E02727,98850,株式会社　シャルレ,2026-03-31,2026-06-19 09:49,2026-06-19
S100YDW0,E00461,28750,東洋水産株式会社,2026-03-31,2026-06-19 09:52,2026-06-19
S100YDCX,E01173,53040,ＳＥＣカーボン株式会社,2026-03-31,2026-06-19 09:53,2026-06-19
S100YDWS,E33840,73260,ＳＢＩインシュアランスグループ株式会社,2026-03-31,2026-06-19 09:54,2026-06-19
S100YEW9,E00433,26120,かどや製油株式会社,2026-03-31,2026-06-19 09:54,2026-06-19
S100YEEF,E05090,47610,株式会社さくらケーシーエス,2026-03-31,2026-06-19 09:55,2026-06-19
S100YA2L,E01063,49250,株式会社ハーバー研究所,2026-03-31,2026-06-19 10:00,2026-06-19
S100YDTW,E01902,69990,ＫＯＡ株式会社,2026-03-31,2026-06-19 10:00,2026-06-19
S100YDP3,E03610,83080,株式会社　りそなホールディングス,2026-03-31,2026-06-19 10:00,2026-06-19
S100Y7EC,E05309,23310,ＡＬＳＯＫ株式会社,2026-03-31,2026-06-19 10:02,2026-06-19
S100YE56,E01653,64550,株式会社モリタホールディングス,2026-03-31,2026-06-19 10:02,2026-06-19
S100YDPD,E03538,,株式会社りそな銀行,2026-03-31,2026-06-19 10:04,2026-06-19
S100YBNQ,E03574,83680,株式会社　百五銀行,2026-03-31,2026-06-19 10:11,2026-06-19
S100YE54,E04523,95360,西部ガスホールディングス株式会社,2026-03-31,2026-06-19 10:13,2026-06-19
S100YEY5,E03316,76060,株式会社ユナイテッドアローズ,2026-03-31,2026-06-19 10:15,2026-06-19
S100YE9I,E00776,40630,信越化学工業株式会社,2026-03-31,2026-06-19 10:18,2026-06-19
S100YE8Y,E00824,42060,アイカ工業株式会社,2026-03-31,2026-06-19 10:18,2026-06-19
S100YDSN,E22440,31510,株式会社バイタルケーエスケー・ホールディングス,2026-03-31,2026-06-19 10:20,2026-06-19
S100YE06,E01077,50110,ニチレキグループ株式会社,2026-03-31,2026-06-19 10:20,2026-06-19
S100YEYJ,E00716,78930,株式会社プロネクサス,2026-03-31,2026-06-19 10:27,2026-06-19
S100YCBJ,E00406,22670,株式会社ヤクルト本社,2026-03-31,2026-06-19 10:28,2026-06-19
S100YEXW,E00714,39510,朝日印刷株式会社,2026-03-31,2026-06-19 10:28,2026-06-19
S100YETA,E01772,67520,パナソニックホールディングス株式会社,2026-03-31,2026-06-19 10:48,2026-06-19
S100YF0X,E30865,45910,株式会社リボミック,2026-03-31,2026-06-19 10:52,2026-06-19
S100YCB2,E03646,71840,株式会社　富山第一銀行,2026-03-31,2026-06-19 10:53,2026-06-19
S100YF23,E05018,75950,株式会社アルゴグラフィックス,2026-03-31,2026-06-19 10:55,2026-06-19
S100YF0N,E04890,96390,三協フロンテア株式会社,2026-03-31,2026-06-19 10:59,2026-06-19
S100YD7O,E01966,69470,株式会社図研,2026-03-31,2026-06-19 11:04,2026-06-19
S100YEDT,E02055,67970,名古屋電機工業株式会社,2026-03-31,2026-06-19 11:05,2026-06-19
S100YEL6,E25263,36480,ＡＧＳ株式会社,2026-03-31,2026-06-19 11:07,2026-06-19
S100YF3C,E03362,,オーケー株式会社,2026-03-20,2026-06-19 11:11,2026-06-19
S100YEH1,E39018,58450,全保連株式会社,2026-03-31,2026-06-19 11:13,2026-06-19
S100YF2U,E00225,19650,株式会社テクノ菱和,2026-03-31,2026-06-19 11:14,2026-06-19
S100YEFT,E02129,70140,株式会社名村造船所,2026-03-31,2026-06-19 11:14,2026-06-19
S100YEHW,E04496,38340,株式会社朝日ネット,2026-03-31,2026-06-19 11:17,2026-06-19
S100YED6,E02554,80780,阪和興業株式会社,2026-03-31,2026-06-19 11:23,2026-06-19
S100YE6L,E03639,85500,株式会社　栃木銀行,2026-03-31,2026-06-19 11:25,2026-06-19
S100YEH7,E02881,75750,日本ライフライン株式会社,2026-03-31,2026-06-19 11:26,2026-06-19
S100YF3L,E03294,75610,株式会社ハークスレイ,2026-03-31,2026-06-19 11:27,2026-06-19
S100YECU,E31640,39180,ＰＣＩホールディングス株式会社,2026-03-31,2026-06-19 11:30,2026-06-19
S100YEFI,E04154,90240,株式会社西武ホールディングス,2026-03-31,2026-06-19 11:34,2026-06-19
S100YEDB,E02109,66580,シライ電子工業株式会社,2026-03-31,2026-06-19 11:37,2026-06-19
S100YDSY,E01369,59550,株式会社ワイズホールディングス,2026-03-31,2026-06-19 11:42,2026-06-19
S100YEE5,E01879,68450,アズビル株式会社,2026-03-31,2026-06-19 11:44,2026-06-19
S100YEDZ,E03792,87000,丸八証券株式会社,2026-03-31,2026-06-19 11:47,2026-06-19
S100YEV4,E02522,80750,神鋼商事株式会社,2026-03-31,2026-06-19 11:49,2026-06-19
S100YDDF,E25662,70220,サノヤスホールディングス株式会社,2026-03-31,2026-06-19 11:52,2026-06-19
S100YANZ,E02542,30040,神栄株式会社,2026-03-31,2026-06-19 11:57,2026-06-19
S100YF57,E00923,45070,塩野義製薬株式会社,2026-03-31,2026-06-19 11:58,2026-06-19
S100YF4M,E04304,93190,株式会社中央倉庫,2026-03-31,2026-06-19 12:00,2026-06-19
S100YEOP,E02289,77290,株式会社東京精密,2026-03-31,2026-06-19 12:02,2026-06-19
S100YEOH,E00720,78750,竹田ｉＰホールディングス株式会社,2026-03-31,2026-06-19 12:02,2026-06-19
S100YDBB,E03530,83030,株式会社ＳＢＩ新生銀行,2026-03-31,2026-06-19 12:03,2026-06-19
S100YE5H,E37781,73890,株式会社あいちフィナンシャルグループ,2026-03-31,2026-06-19 12:07,2026-06-19
S100YEGC,E01478,60050,三浦工業株式会社,2026-03-31,2026-06-19 12:28,2026-06-19
S100YF6F,E31079,60330,株式会社エクストリーム,2026-03-31,2026-06-19 12:35,2026-06-19
S100YEY0,E00984,45680,第一三共株式会社,2026-03-31,2026-06-19 12:57,2026-06-19
S100YDWN,E05267,43450,株式会社シーティーエス,2026-03-31,2026-06-19 12:58,2026-06-19
S100YEO8,E01161,18710,ピーエス・コンストラクション株式会社,2026-03-31,2026-06-19 13:00,2026-06-19
S100YF85,E03673,85590,株式会社豊和銀行,2026-03-31,2026-06-19 13:00,2026-06-19
S100YDZX,E01782,67630,帝国通信工業株式会社,2026-03-31,2026-06-19 13:00,2026-06-19
S100YET5,E30908,94670,株式会社アルファポリス,2026-03-31,2026-06-19 13:01,2026-06-19
S100Y95Z,E00083,18330,株式会社奥村組,2026-03-31,2026-06-19 13:03,2026-06-19
S100YEYD,E04291,93050,株式会社ヤマタネ,2026-03-31,2026-06-19 13:03,2026-06-19
S100YE7H,E02373,79810,タカラスタンダード株式会社,2026-03-31,2026-06-19 13:06,2026-06-19
S100YELN,E03568,83610,株式会社　大垣共立銀行,2026-03-31,2026-06-19 13:06,2026-06-19
S100YE8H,E02812,31530,八洲電機株式会社,2026-03-31,2026-06-19 13:07,2026-06-19
S100YEAG,E04777,97630,丸建リース株式会社,2026-03-31,2026-06-19 13:07,2026-06-19
S100YEDU,E00060,18200,西松建設株式会社,2026-03-31,2026-06-19 13:07,2026-06-19
S100YF8C,E05485,33710,株式会社ソフトクリエイトホールディングス,2026-03-31,2026-06-19 13:08,2026-06-19
S100YEGP,E03051,81740,日本瓦斯株式会社,2026-03-31,2026-06-19 13:10,2026-06-19
S100YE9U,E00677,39430,大石産業株式会社,2026-03-31,2026-06-19 13:10,2026-06-19
S100YE51,E05524,24640,株式会社ＡｏｂａーＢＢＴ,2026-03-31,2026-06-19 13:12,2026-06-19
S100YEXP,E00652,79190,野崎印刷紙業株式会社,2026-03-31,2026-06-19 13:13,2026-06-19
S100YENS,E03663,85410,株式会社　愛媛銀行,2026-03-31,2026-06-19 13:18,2026-06-19
S100YEIS,E01056,43680,扶桑化学工業株式会社,2026-03-31,2026-06-19 13:20,2026-06-19
S100Y99Z,E02127,70120,川崎重工業株式会社,2026-03-31,2026-06-19 13:21,2026-06-19
S100YBKP,E04152,,横浜高速鉄道株式会社,2026-03-31,2026-06-19 13:22,2026-06-19
S100YEET,E01750,66220,株式会社ダイヘン,2026-03-31,2026-06-19 13:22,2026-06-19
S100YDRI,E05346,84390,東京センチュリー株式会社,2026-03-31,2026-06-19 13:23,2026-06-19
S100YF8Y,E03615,84110,株式会社みずほフィナンシャルグループ,2026-03-31,2026-06-19 13:24,2026-06-19
S100YCZI,E00356,21090,ＤＭ三井製糖株式会社,2026-03-31,2026-06-19 13:24,2026-06-19
S100YE4V,E01541,63390,新東工業株式会社,2026-03-31,2026-06-19 13:25,2026-06-19
S100YE5P,E00157,81570,都築電気株式会社,2026-03-31,2026-06-19 13:27,2026-06-19
S100YDG4,E02691,82830,株式会社ＰＡＬＴＡＣ,2026-03-31,2026-06-19 13:27,2026-06-19
S100YF98,E02616,80460,丸藤シートパイル株式会社,2026-03-31,2026-06-19 13:27,2026-06-19
S100YDBT,E01254,55410,大平洋金属株式会社,2026-03-31,2026-06-19 13:28,2026-06-19
S100YEV1,E02069,67370,ＥＩＺＯ株式会社,2026-03-31,2026-06-19 13:30,2026-06-19
S100YF6A,E05438,84240,芙蓉総合リース株式会社,2026-03-31,2026-06-19 13:31,2026-06-19
S100YDVL,E03134,82300,株式会社はせがわ,2026-03-31,2026-06-19 13:38,2026-06-19
S100YERT,E01708,63150,ＴＯＷＡ株式会社,2026-03-31,2026-06-19 13:41,2026-06-19
S100YFAH,E03532,,株式会社みずほ銀行,2026-03-31,2026-06-19 13:42,2026-06-19
S100YDU2,E02728,98880,株式会社ＵＥＸ,2026-03-31,2026-06-19 13:44,2026-06-19
S100YF9W,E01554,63810,アネスト岩田株式会社,2026-03-31,2026-06-19 13:46,2026-06-19
S100YDQ3,E00768,40430,株式会社トクヤマ,2026-03-31,2026-06-19 13:50,2026-06-19
S100YD4R,E00836,42720,日本化薬株式会社,2026-03-31,2026-06-19 13:55,2026-06-19
S100YE5V,E00435,28010,キッコーマン株式会社,2026-03-31,2026-06-19 13:58,2026-06-19
S100YF3V,E04539,97080,株式会社帝国ホテル,2026-03-31,2026-06-19 14:01,2026-06-19
S100YEHZ,E38714,58440,株式会社京都フィナンシャルグループ,2026-03-31,2026-06-19 14:12,2026-06-19
S100YEVF,E02947,27330,株式会社あらた,2026-03-31,2026-06-19 14:14,2026-06-19
S100YDLB,E03500,30660,株式会社ＪＢイレブン,2026-03-31,2026-06-19 14:18,2026-06-19
S100YDYF,E02412,79470,株式会社エフピコ,2026-03-31,2026-06-19 14:22,2026-06-19
S100YF5Z,E05232,43180,株式会社クイック,2026-03-31,2026-06-19 14:24,2026-06-19
S100YFE8,E02535,80650,佐藤商事株式会社,2026-03-31,2026-06-19 14:32,2026-06-19
S100YFDJ,E00952,45260,理研ビタミン株式会社,2026-03-31,2026-06-19 14:34,2026-06-19
S100YDVA,E33638,65650,ＡＢホテル株式会社,2026-03-31,2026-06-19 14:36,2026-06-19
S100YD1A,E05221,43100,株式会社ドリームインキュベータ,2026-03-31,2026-06-19 14:36,2026-06-19
S100YBS9,E35360,,中央日本土地建物グループ株式会社,2026-03-31,2026-06-19 14:38,2026-06-19
S100YCGY,E00080,18850,東亜建設工業株式会社,2026-03-31,2026-06-19 14:40,2026-06-19
S100YFDZ,E00316,17200,東急建設株式会社,2026-03-31,2026-06-19 14:46,2026-06-19
S100YFFH,E36730,73500,株式会社おきなわフィナンシャルグループ,2026-03-31,2026-06-19 14:47,2026-06-19
S100YCJZ,E34837,,株式会社ＪＥＲＡ,2026-03-31,2026-06-19 14:51,2026-06-19
S100YEHM,E04521,95350,広島ガス株式会社,2026-03-31,2026-06-19 14:53,2026-06-19
S100YAX9,E02561,80760,株式会社カノークス,2026-03-31,2026-06-19 14:55,2026-06-19
S100YEO5,E04290,93240,安田倉庫株式会社,2026-03-31,2026-06-19 15:00,2026-06-19
S100YEQ9,E23187,87130,フィデアホールディングス株式会社,2026-03-31,2026-06-19 15:00,2026-06-19
S100YE5N,E00942,45270,ロート製薬株式会社,2026-03-31,2026-06-19 15:00,2026-06-19
S100YEL3,E01602,64730,株式会社ジェイテクト,2026-03-31,2026-06-19 15:00,2026-06-19
S100YEEB,E01740,65040,富士電機株式会社,2026-03-31,2026-06-19 15:00,2026-06-19
S100YF3Y,E00086,18930,五洋建設株式会社,2026-03-31,2026-06-19 15:01,2026-06-19
S100YEAY,E35791,48860,あすか製薬ホールディングス株式会社,2026-03-31,2026-06-19 15:02,2026-06-19
S100YFF9,E01798,68480,東亜ディーケーケー株式会社,2026-03-31,2026-06-19 15:03,2026-06-19
S100YERK,E03614,83160,株式会社三井住友フィナンシャルグループ,2026-03-31,2026-06-19 15:03,2026-06-19
S100YEES,E22460,36350,株式会社コーエーテクモホールディングス,2026-03-31,2026-06-19 15:07,2026-06-19
S100YF86,E00695,79140,共同印刷株式会社,2026-03-31,2026-06-19 15:07,2026-06-19
S100YE62,E01207,53840,株式会社フジミインコーポレーテッド,2026-03-31,2026-06-19 15:09,2026-06-19
S100YEQG,E03617,,株式会社三井住友銀行,2026-03-31,2026-06-19 15:10,2026-06-19
S100YE8F,E01688,59530,昭和鉄工株式会社,2026-03-31,2026-06-19 15:12,2026-06-19
S100YF41,E01953,69630,ローム株式会社,2026-03-31,2026-06-19 15:15,2026-06-19
S100YEHE,E37157,41250,三和油化工業株式会社,2026-03-31,2026-06-19 15:15,2026-06-19
S100YFHS,E36751,92470,ＴＲＥホールディングス株式会社,2026-03-31,2026-06-19 15:18,2026-06-19
S100YERU,E00041,16620,石油資源開発株式会社,2026-03-31,2026-06-19 15:21,2026-06-19
S100YER0,E05685,,株式会社タケエイ,2026-03-31,2026-06-19 15:21,2026-06-19
S100YCY4,E00181,19390,株式会社四電工,2026-03-31,2026-06-19 15:21,2026-06-19
S100YEPV,E00176,18980,世紀東急工業株式会社,2026-03-31,2026-06-19 15:25,2026-06-19
S100YEPQ,E05659,38350,ｅＢＡＳＥ株式会社,2026-03-31,2026-06-19 15:27,2026-06-19
S100YEF7,E31574,31370,株式会社ファンデリー,2026-03-31,2026-06-19 15:30,2026-06-19
S100YD4Z,E30917,62400,ヤマシンフィルタ株式会社,2026-03-31,2026-06-19 15:30,2026-06-19
S100YE10,E01685,62870,株式会社サトー,2026-03-31,2026-06-19 15:30,2026-06-19
S100Y7BQ,E01232,56310,株式会社日本製鋼所,2026-03-31,2026-06-19 15:30,2026-06-19
S100YDI1,E03231,74120,株式会社アトム,2026-03-31,2026-06-19 15:30,2026-06-19
S100YF7Y,E03380,27050,株式会社大戸屋ホールディングス,2026-03-31,2026-06-19 15:30,2026-06-19
S100Y6HR,E32679,91420,九州旅客鉄道株式会社,2026-03-31,2026-06-19 15:30,2026-06-19
S100YEPX,E03943,88480,株式会社レオパレス２１,2026-03-31,2026-06-19 15:30,2026-06-19
S100YF7X,E05697,21750,株式会社エス・エム・エス,2026-03-31,2026-06-19 15:30,2026-06-19
S100YE76,E04426,94340,ソフトバンク株式会社,2026-03-31,2026-06-19 15:30,2026-06-19
S100YEWF,E34486,14500,ＴＡＮＡＫＥＮ株式会社,2026-03-31,2026-06-19 15:30,2026-06-19
S100YEJ2,E05657,21360,株式会社ヒップ,2026-03-31,2026-06-19 15:30,2026-06-19
S100YEGK,E39460,173A0,株式会社ハンモック,2026-03-31,2026-06-19 15:30,2026-06-19
S100YDHL,E07801,60980,株式会社リクルートホールディングス,2026-03-31,2026-06-19 15:30,2026-06-19
S100YEFQ,E01575,19630,日揮ホールディングス株式会社,2026-03-31,2026-06-19 15:30,2026-06-19
S100YEI3,E03040,82520,株式会社　丸井グループ,2026-03-31,2026-06-19 15:30,2026-06-19
S100YEQK,E01496,61350,株式会社　牧野フライス製作所,2026-03-31,2026-06-19 15:30,2026-06-19
S100YCXS,E37141,29930,株式会社長栄,2026-03-31,2026-06-19 15:31,2026-06-19
S100YEVM,E32198,94660,株式会社アイドママーケティングコミュニケーション,2026-03-31,2026-06-19 15:31,2026-06-19
S100YESP,E05426,84250,みずほリース株式会社,2026-03-31,2026-06-19 15:32,2026-06-19
S100YEZW,E02693,82750,株式会社フォーバル,2026-03-31,2026-06-19 15:32,2026-06-19
S100YEHI,E25303,22290,カルビー株式会社,2026-03-31,2026-06-19 15:33,2026-06-19
S100YEI1,E31594,61670,冨士ダイス株式会社,2026-03-31,2026-06-19 15:33,2026-06-19
S100YEAK,E05701,21560,セーラー広告株式会社,2026-03-31,2026-06-19 15:33,2026-06-19
S100YF73,E01828,68070,日本航空電子工業株式会社,2026-03-31,2026-06-19 15:34,2026-06-19
S100YECQ,E32763,71910,株式会社イントラスト,2026-03-31,2026-06-19 15:34,2026-06-19
S100YF47,E01182,69710,京セラ株式会社,2026-03-31,2026-06-19 15:34,2026-06-19
S100YCVD,E27572,31840,ＩＣＤＡホールディングス株式会社,2026-03-31,2026-06-19 15:34,2026-06-19
S100YEFS,E00380,22080,株式会社ブルボン,2026-03-31,2026-06-19 15:36,2026-06-19
S100YFGN,E02752,99130,日邦産業株式会社,2026-03-31,2026-06-19 15:36,2026-06-19
S100YEZ8,E33034,65440,ジャパンエレベーターサービスホールディングス株式会社,2026-03-31,2026-06-19 15:39,2026-06-19
S100YE1D,E05617,21210,株式会社ＭＩＸＩ,2026-03-31,2026-06-19 15:39,2026-06-19
S100YF48,E02563,81030,明和産業株式会社,2026-03-31,2026-06-19 15:39,2026-06-19
S100YFJQ,E04218,90390,株式会社サカイ引越センター,2026-03-31,2026-06-19 15:39,2026-06-19
S100YF7Q,E05135,47920,山田コンサルティンググループ株式会社,2026-03-31,2026-06-19 15:40,2026-06-19
S100YFJF,E30140,60890,株式会社ウィルグループ,2026-03-31,2026-06-19 15:42,2026-06-19
S100YFK9,E25169,62490,株式会社ゲームカードホールディングス,2026-03-31,2026-06-19 15:44,2026-06-19
S100YEOV,E32447,71890,株式会社西日本フィナンシャルホールディングス,2026-03-31,2026-06-19 15:51,2026-06-19
S100YFH9,E36956,48900,株式会社坪田ラボ,2026-03-31,2026-06-19 15:57,2026-06-19
S100YDYH,E02270,77270,株式会社オーバル,2026-03-31,2026-06-19 15:57,2026-06-19
S100YCSC,E00885,44610,第一工業製薬株式会社,2026-03-31,2026-06-19 16:00,2026-06-19
S100YFHT,E03434,33260,株式会社ランシステム,2026-03-31,2026-06-19 16:00,2026-06-19
S100YFL2,E40213,287A0,黒田グループ株式会社,2026-03-31,2026-06-19 16:00,2026-06-19
S100YEQC,E02458,48160,東映アニメーション株式会社,2026-03-31,2026-06-19 16:00,2026-06-19
S100YFK2,E01218,53810,マイポックス株式会社,2026-03-31,2026-06-19 16:04,2026-06-19
S100YEEA,E00385,22200,亀田製菓株式会社,2026-03-31,2026-06-19 16:06,2026-06-19
S100YEL0,E00858,79420,株式会社ジェイエスピー,2026-03-31,2026-06-19 16:09,2026-06-19
S100YCUD,E01264,54110,ＪＦＥホールディングス株式会社,2026-03-31,2026-06-19 16:10,2026-06-19
S100YER6,E02231,72660,株式会社今仙電機製作所,2026-03-31,2026-06-19 16:11,2026-06-19
S100YFMO,E33625,71980,ＳＢＩアルヒ株式会社,2026-03-31,2026-06-19 16:22,2026-06-19
S100YFNB,E03624,83540,株式会社ふくおかフィナンシャルグループ,2026-03-31,2026-06-19 16:25,2026-06-19
S100YAQJ,E05310,23320,株式会社クエスト,2026-03-31,2026-06-19 16:26,2026-06-19
S100YF90,E35542,66130,株式会社ＱＤレーザ,2026-03-31,2026-06-19 16:28,2026-06-19
S100YEOU,E05417,24110,ゲンダイエージェンシー株式会社,2026-03-31,2026-06-19 16:30,2026-06-19
S100YF5I,E35136,46910,ワシントンホテル株式会社,2026-03-31,2026-06-19 16:32,2026-06-19
S100YENI,E04837,97150,トランス・コスモス株式会社,2026-03-31,2026-06-19 16:36,2026-06-19
S100YF3N,E04946,85660,リコーリース株式会社,2026-03-31,2026-06-19 16:45,2026-06-19
S100YD3V,E01739,65030,三菱電機株式会社,2026-03-31,2026-06-19 16:47,2026-06-19
S100YBX4,E05219,43010,株式会社アミューズ,2026-03-31,2026-06-19 16:54,2026-06-19
S100YE6U,E02248,72080,株式会社カネミツ,2026-03-31,2026-06-19 17:00,2026-06-19
S100YERG,E30047,36790,株式会社じげん,2026-03-31,2026-06-19 17:06,2026-06-19
S100YFRE,E03160,98780,株式会社　セキド,2026-03-20,2026-06-19 17:06,2026-06-19
S100YFRP,E02805,74420,中山福株式会社,2026-03-31,2026-06-19 17:10,2026-06-19
S100YD98,E00073,19410,株式会社中電工,2026-03-31,2026-06-22 09:00,2026-06-22
S100YG1N,E05550,24690,ヒビノ株式会社,2026-03-31,2026-06-22 09:02,2026-06-22
S100YDHJ,E02902,76190,田中商事株式会社,2026-03-31,2026-06-22 09:02,2026-06-22
S100YFY8,E00075,19440,株式会社きんでん,2026-03-31,2026-06-22 09:06,2026-06-22
S100YEJU,E00279,17680,株式会社ソネック,2026-03-31,2026-06-22 09:09,2026-06-22
S100YE2I,E05075,47520,株式会社　昭和システムエンジニアリング,2026-03-31,2026-06-22 09:13,2026-06-22
S100Y9WS,E01251,54610,中部鋼鈑株式会社,2026-03-31,2026-06-22 09:14,2026-06-22
S100YFP9,E01821,68820,株式会社三社電機製作所,2026-03-31,2026-06-22 09:15,2026-06-22
S100YFF6,E01393,59980,株式会社　アドバネクス,2026-03-31,2026-06-22 09:15,2026-06-22
S100YF1F,E04547,,株式会社ホテルオークラ,2026-03-31,2026-06-22 09:17,2026-06-22
S100YDSD,E01135,53430,ニッコー株式会社,2026-03-31,2026-06-22 09:17,2026-06-22
S100YFUB,E01414,64860,イーグル工業株式会社,2026-03-31,2026-06-22 09:17,2026-06-22
S100YEWH,E23741,31310,シンデン・ハイテックス株式会社,2026-03-31,2026-06-22 09:25,2026-06-22
S100YF4O,E04803,97420,株式会社アイネス,2026-03-31,2026-06-22 09:32,2026-06-22
S100YFA2,E00669,39460,株式会社トーモク,2026-03-31,2026-06-22 09:34,2026-06-22
S100YFJY,E26707,57030,日本軽金属ホールディングス株式会社,2026-03-31,2026-06-22 09:34,2026-06-22
S100YF06,E02199,64700,大豊工業株式会社,2026-03-31,2026-06-22 09:39,2026-06-22
S100YDZS,E01280,56590,日本精線株式会社,2026-03-31,2026-06-22 09:40,2026-06-22
S100YFPG,E02635,81580,ソーダニッカ株式会社,2026-03-31,2026-06-22 09:41,2026-06-22
S100YEUV,E05462,87930,ＮＥＣキャピタルソリューション株式会社,2026-03-31,2026-06-22 09:41,2026-06-22
S100YE7I,E02675,81530,株式会社モスフードサービス,2026-03-31,2026-06-22 09:43,2026-06-22
S100YDUY,E01683,64880,株式会社ヨシタケ,2026-03-31,2026-06-22 09:43,2026-06-22
S100YFVI,E35335,70790,ＷＤＢココ株式会社,2026-03-31,2026-06-22 09:44,2026-06-22
S100YG2E,E04741,,有馬冨士開発株式会社,2026-03-31,2026-06-22 09:44,2026-06-22
S100YEYZ,E04822,97590,株式会社ＮＳＤ,2026-03-31,2026-06-22 09:45,2026-06-22
S100YG2P,E01058,49940,大成ラミックグループ株式会社,2026-03-31,2026-06-22 09:48,2026-06-22
S100Y8QF,E02258,73050,新家工業株式会社,2026-03-31,2026-06-22 09:52,2026-06-22
S100YG3G,E01351,58200,株式会社三ッ星,2026-03-31,2026-06-22 09:54,2026-06-22
S100YFQA,E00513,28180,株式会社ピエトロ,2026-03-31,2026-06-22 10:00,2026-06-22
S100YFQT,E04520,95320,大阪瓦斯株式会社,2026-03-31,2026-06-22 10:00,2026-06-22
S100YFWA,E34470,76700,オーウエル株式会社,2026-03-31,2026-06-22 10:00,2026-06-22
S100YFN3,E00962,45470,キッセイ薬品工業株式会社,2026-03-31,2026-06-22 10:00,2026-06-22
S100YFSO,E02569,19480,株式会社弘電社,2026-03-31,2026-06-22 10:00,2026-06-22
S100YG5L,E04762,85910,オリックス株式会社,2026-03-31,2026-06-22 10:00,2026-06-22
S100YE3K,E00690,38950,ハビックス株式会社,2026-03-31,2026-06-22 10:02,2026-06-22
S100YF00,E04899,96250,株式会社セレスポ,2026-03-31,2026-06-22 10:02,2026-06-22
S100YFX5,E02642,81170,中央自動車工業株式会社,2026-03-31,2026-06-22 10:02,2026-06-22
S100YFBB,E00173,19600,株式会社サンテック,2026-03-31,2026-06-22 10:02,2026-06-22
S100YG5J,E27615,31850,夢展望株式会社,2026-03-31,2026-06-22 10:08,2026-06-22
S100YFWH,E00547,32020,ダイトウボウ株式会社,2026-03-31,2026-06-22 10:08,2026-06-22
S100YCRC,E02114,66380,株式会社ミマキエンジニアリング,2026-03-31,2026-06-22 10:09,2026-06-22
S100YF8O,E01635,63960,株式会社宇野澤組鐵工所,2026-03-31,2026-06-22 10:09,2026-06-22
S100Y8FK,E04094,90010,東武鉄道株式会社,2026-03-31,2026-06-22 10:10,2026-06-22
S100YE8K,E00012,13010,株式会社　極洋,2026-03-31,2026-06-22 10:11,2026-06-22
S100YF6I,E05736,36220,ネットイヤーグループ株式会社,2026-03-31,2026-06-22 10:14,2026-06-22
S100YE1K,E02012,65180,三相電機株式会社,2026-03-31,2026-06-22 10:15,2026-06-22
S100YG7E,E03868,,株式会社東京建設会館,2026-03-31,2026-06-22 10:15,2026-06-22
S100YEOO,E02652,80350,東京エレクトロン株式会社,2026-03-31,2026-06-22 10:15,2026-06-22
S100YFUO,E39184,150A0,株式会社ＪＳＨ,2026-03-31,2026-06-22 10:17,2026-06-22
S100YG5D,E00271,17770,川崎設備工業株式会社,2026-03-31,2026-06-22 10:18,2026-06-22
S100YEMC,E01092,51950,バンドー化学株式会社,2026-03-31,2026-06-22 10:19,2026-06-22
S100YG72,E03669,85600,株式会社　宮崎太陽銀行,2026-03-31,2026-06-22 10:19,2026-06-22
S100YD4D,E04380,94050,朝日放送グループホールディングス株式会社,2026-03-31,2026-06-22 10:20,2026-06-22
S100YG54,E02838,74800,スズデン株式会社,2026-03-31,2026-06-22 10:27,2026-06-22
S100YFRY,E00021,57110,三菱マテリアル株式会社,2026-03-31,2026-06-22 10:29,2026-06-22
S100YE6X,E04804,97440,株式会社メイテックグループホールディングス,2026-03-31,2026-06-22 10:30,2026-06-22
S100YG81,E01755,66450,オムロン株式会社,2026-03-31,2026-06-22 10:36,2026-06-22
S100YF88,E00439,20530,中部飼料株式会社,2026-03-31,2026-06-22 10:37,2026-06-22
S100YG4M,E00238,18480,株式会社富士ピー・エス,2026-03-31,2026-06-22 10:40,2026-06-22
S100YEIM,E04768,85840,株式会社ジャックス,2026-03-31,2026-06-22 10:41,2026-06-22
S100YFKZ,E02152,72700,株式会社ＳＵＢＡＲＵ,2026-03-31,2026-06-22 10:44,2026-06-22
S100YFEF,E02580,80810,株式会社カナデン,2026-03-31,2026-06-22 10:48,2026-06-22
S100YFRH,E01805,67980,ＳＭＫ株式会社,2026-03-31,2026-06-22 10:53,2026-06-22
S100YFGR,E02927,26760,高千穂交易株式会社,2026-03-31,2026-06-22 10:54,2026-06-22
S100YG80,E37130,44140,株式会社フレクト,2026-03-31,2026-06-22 11:00,2026-06-22
S100YF3G,E03138,98320,株式会社オートバックスセブン,2026-03-31,2026-06-22 11:00,2026-06-22
S100YE8L,E00819,42030,住友ベークライト株式会社,2026-03-31,2026-06-22 11:01,2026-06-22
S100YFBY,E01711,63220,株式会社タクミナ,2026-03-31,2026-06-22 11:01,2026-06-22
S100YD99,E00760,40220,ラサ工業株式会社,2026-03-31,2026-06-22 11:03,2026-06-22
S100YFIL,E00558,33060,日本製麻株式会社,2026-03-31,2026-06-22 11:07,2026-06-22
S100YFAQ,E03793,86170,光世証券株式会社,2026-03-31,2026-06-22 11:13,2026-06-22
S100YF5H,E21955,34430,川田テクノロジーズ株式会社,2026-03-31,2026-06-22 11:24,2026-06-22
S100YFCP,E02611,80560,ＢＩＰＲＯＧＹ株式会社,2026-03-31,2026-06-22 11:25,2026-06-22
S100YCTS,E02615,80450,横浜丸魚株式会社,2026-03-31,2026-06-22 11:28,2026-06-22
S100YFDV,E02369,79940,株式会社オカムラ,2026-03-31,2026-06-22 11:30,2026-06-22
S100YDCG,E04604,,名古屋競馬株式会社,2026-03-31,2026-06-22 11:32,2026-06-22
S100YEUU,E00815,41820,三菱瓦斯化学株式会社,2026-03-31,2026-06-22 11:32,2026-06-22
S100YFEP,E35287,44840,ランサーズ株式会社,2026-03-31,2026-06-22 11:33,2026-06-22
S100YFRU,E02780,99870,株式会社スズケン,2026-03-31,2026-06-22 11:33,2026-06-22
S100YF50,E02303,77020,株式会社ジェイ・エム・エス（称号　株式会社　ＪＭＳ）,2026-03-31,2026-06-22 11:35,2026-06-22
S100YFHH,E01385,59290,三和ホールディングス株式会社,2026-03-31,2026-06-22 11:39,2026-06-22
S100YGEC,E03310,75960,株式会社魚力,2026-03-31,2026-06-22 11:40,2026-06-22
S100YG3R,E21320,66320,株式会社ＪＶＣケンウッド,2026-03-31,2026-06-22 11:54,2026-06-22
S100YGH9,E05699,38530,アステリア株式会社,2026-03-31,2026-06-22 11:56,2026-06-22
S100YFVM,E00974,45530,東和薬品株式会社,2026-03-31,2026-06-22 12:00,2026-06-22
S100YG40,E24558,14170,株式会社ミライト・ワン,2026-03-31,2026-06-22 12:00,2026-06-22
S100YEUJ,E01428,79390,株式会社研創,2026-03-31,2026-06-22 12:00,2026-06-22
S100YEWB,E00457,28970,日清食品ホールディングス株式会社,2026-03-31,2026-06-22 12:01,2026-06-22
S100YFI1,E35568,49320,株式会社アルマード,2026-03-31,2026-06-22 12:02,2026-06-22
S100YGHU,E40727,416A0,富士ユナイトホールディングス株式会社,2026-03-31,2026-06-22 12:03,2026-06-22
S100YFS8,E05401,37390,コムシード株式会社,2026-03-31,2026-06-22 12:06,2026-06-22
S100YER7,E02628,81070,株式会社キムラタン,2026-03-31,2026-06-22 12:13,2026-06-22
S100YGIC,E05045,47320,株式会社ユー・エス・エス,2026-03-31,2026-06-22 12:27,2026-06-22
S100YFLX,E02562,,新生紙パルプ商事株式会社,2026-03-31,2026-06-22 12:36,2026-06-22
S100YDT2,E03582,83830,株式会社　鳥取銀行,2026-03-31,2026-06-22 12:44,2026-06-22
S100YFD3,E31997,61860,株式会社一蔵,2026-03-31,2026-06-22 12:49,2026-06-22
S100YFWJ,E02176,72400,ＮＯＫ株式会社,2026-03-31,2026-06-22 12:55,2026-06-22
S100YFOI,E00161,19760,明星工業株式会社,2026-03-31,2026-06-22 12:55,2026-06-22
S100YFJB,E11661,62380,フリュー株式会社,2026-03-31,2026-06-22 12:57,2026-06-22
S100YG97,E04869,96580,株式会社ビジネスブレイン太田昭和,2026-03-31,2026-06-22 13:00,2026-06-22
S100YFEW,E04990,46790,株式会社　田　谷,2026-03-31,2026-06-22 13:00,2026-06-22
S100YCWL,E00109,19720,三晃金属工業株式会社,2026-03-31,2026-06-22 13:01,2026-06-22
S100YFNH,E01807,67790,日本電波工業株式会社,2026-03-31,2026-06-22 13:03,2026-06-22
S100YFKQ,E02221,72960,株式会社エフ・シー・シー,2026-03-31,2026-06-22 13:03,2026-06-22
S100YG2G,E00888,43650,松本油脂製薬株式会社,2026-03-31,2026-06-22 13:03,2026-06-22
S100YEJ7,E35587,62300,ＳＡＮＥＩ株式会社,2026-03-31,2026-06-22 13:05,2026-06-22
S100YFAW,E02015,68690,シスメックス株式会社,2026-03-31,2026-06-22 13:07,2026-06-22
S100YE44,E02472,78400,フランスベッドホールディングス株式会社,2026-03-31,2026-06-22 13:07,2026-06-22
S100YFMQ,E40154,300A0,ＭＩＣ株式会社,2026-03-31,2026-06-22 13:07,2026-06-22
S100YEZU,E01437,59840,兼房株式会社,2026-03-31,2026-06-22 13:10,2026-06-22
S100YFV1,E37143,71340,株式会社アップガレージグループ,2026-03-31,2026-06-22 13:10,2026-06-22
S100YFFT,E01509,61510,日東工器株式会社,2026-03-31,2026-06-22 13:11,2026-06-22
S100YDOZ,E00074,19420,株式会社関電工,2026-03-31,2026-06-22 13:11,2026-06-22
S100YF9N,E01320,59280,アルメタックス株式会社,2026-03-31,2026-06-22 13:11,2026-06-22
S100YFIT,E01118,79380,株式会社リーガルコーポレーション,2026-03-31,2026-06-22 13:12,2026-06-22
S100YC3N,E04973,46580,日本空調サービス株式会社,2026-03-31,2026-06-22 13:15,2026-06-22
S100YGGN,E03863,97060,日本空港ビルデング株式会社,2026-03-31,2026-06-22 13:15,2026-06-22
S100YEVQ,E01247,54510,株式会社ヨドコウ,2026-03-31,2026-06-22 13:16,2026-06-22
S100YGKR,E04031,89340,サンフロンティア不動産株式会社,2026-03-31,2026-06-22 13:16,2026-06-22
S100YELE,E04321,93510,東洋埠頭株式会社,2026-03-31,2026-06-22 13:16,2026-06-22
S100YFG9,E00873,34020,東レ株式会社,2026-03-31,2026-06-22 13:16,2026-06-22
S100YFML,E01443,34330,トーカロ株式会社,2026-03-31,2026-06-22 13:19,2026-06-22
S100YE9H,E03592,83980,株式会社筑邦銀行,2026-03-31,2026-06-22 13:31,2026-06-22
S100YF3W,E02510,80320,日本紙パルプ商事株式会社,2026-03-31,2026-06-22 13:33,2026-06-22
S100YFY1,E24073,87150,アニコム　ホールディングス株式会社,2026-03-31,2026-06-22 13:34,2026-06-22
S100Y8SE,E04190,,東海自動車株式会社,2026-03-31,2026-06-22 13:34,2026-06-22
S100YDXD,E00053,18030,清水建設株式会社,2026-03-31,2026-06-22 13:35,2026-06-22
S100YGH5,E02778,99840,ソフトバンクグループ株式会社,2026-03-31,2026-06-22 13:38,2026-06-22
S100YGM2,E00204,19140,日本基礎技術株式会社,2026-03-31,2026-06-22 13:38,2026-06-22
S100YGMS,E03181,99040,株式会社ベリテ,2026-03-31,2026-06-22 13:40,2026-06-22
S100YFXN,E03487,30580,株式会社三洋堂ホールディングス,2026-03-31,2026-06-22 13:42,2026-06-22
S100YEZP,E02952,27500,石光商事株式会社,2026-03-31,2026-06-22 13:48,2026-06-22
S100YGNY,E01191,,琉球セメント株式会社,2026-03-31,2026-06-22 13:50,2026-06-22
S100YFOK,E39741,255A0,ジーエルテクノホールディングス株式会社,2026-03-31,2026-06-22 13:51,2026-06-22
S100YFHO,E00761,40230,株式会社クレハ,2026-03-31,2026-06-22 13:57,2026-06-22
S100YF7M,E01137,53330,ＮＧＫ株式会社,2026-03-31,2026-06-22 13:58,2026-06-22
S100YFV2,E02175,72450,大同メタル工業株式会社,2026-03-31,2026-06-22 14:00,2026-06-22
S100YFPM,E01200,52790,日本興業株式会社,2026-03-31,2026-06-22 14:00,2026-06-22
S100Y9SP,E04287,93060,東陽倉庫株式会社,2026-03-31,2026-06-22 14:00,2026-06-22
S100YF39,E00442,28920,日本食品化工株式会社,2026-03-31,2026-06-22 14:03,2026-06-22
S100YGCZ,E02506,80200,兼松株式会社,2026-03-31,2026-06-22 14:07,2026-06-22
S100YGD5,E02759,99290,平和紙業株式会社,2026-03-31,2026-06-22 14:07,2026-06-22
S100YG56,E01396,59940,株式会社ファインシンター,2026-03-31,2026-06-22 14:07,2026-06-22
S100YFA1,E04095,,伊豆箱根鉄道株式会社,2026-03-31,2026-06-22 14:09,2026-06-22
S100YFPN,E05205,42900,株式会社プレステージ・インターナショナル,2026-03-31,2026-06-22 14:09,2026-06-22
S100YG3E,E00147,18600,戸田建設株式会社,2026-03-31,2026-06-22 14:09,2026-06-22
S100YGOR,E02124,70040,カナデビア株式会社,2026-03-31,2026-06-22 14:10,2026-06-22
S100YGQB,E02386,79880,株式会社ニフコ,2026-03-31,2026-06-22 14:12,2026-06-22
S100YG20,E04609,96640,株式会社御園座,2026-03-31,2026-06-22 14:12,2026-06-22
S100YF8D,E02076,69270,ヘリオス　テクノ　ホールディング株式会社,2026-03-31,2026-06-22 14:13,2026-06-22
S100YGO3,E01731,62620,株式会社ＰＥＧＡＳＵＳ,2026-03-31,2026-06-22 14:15,2026-06-22
S100YGQ8,E38723,93320,ＮＩＳＳＯホールディングス株式会社,2026-03-31,2026-06-22 14:17,2026-06-22
S100YFLC,E01617,63250,株式会社タカキタ,2026-03-31,2026-06-22 14:17,2026-06-22
S100YF5T,E04317,93220,川西倉庫株式会社,2026-03-31,2026-06-22 14:19,2026-06-22
S100YFUS,E22547,31500,株式会社グリムス,2026-03-31,2026-06-22 14:20,2026-06-22
S100YFQC,E01481,61030,オークマ株式会社,2026-03-31,2026-06-22 14:21,2026-06-22
S100YFCG,E01055,49720,綜研化学株式会社,2026-03-31,2026-06-22 14:24,2026-06-22
S100YDUO,E36102,17860,オリエンタル白石株式会社,2026-03-31,2026-06-22 14:26,2026-06-22
S100YD7A,E00462,28100,ハウス食品グループ本社株式会社,2026-03-31,2026-06-22 14:28,2026-06-22
S100YFNF,E24536,31660,ＯＣＨＩホールディングス株式会社,2026-03-31,2026-06-22 14:28,2026-06-22
S100YGR8,E05651,32370,株式会社イントランス,2026-03-31,2026-06-22 14:31,2026-06-22
S100YGJY,E34052,43880,株式会社エーアイ,2026-03-31,2026-06-22 14:34,2026-06-22
S100YF0Z,E03991,88910,ＡＭＧホールディングス株式会社,2026-03-31,2026-06-22 14:34,2026-06-22
S100YGIX,E00809,41120,保土谷化学工業株式会社,2026-03-31,2026-06-22 14:38,2026-06-22
S100YF9J,E01989,69280,株式会社エノモト,2026-03-31,2026-06-22 14:38,2026-06-22
S100YGR0,E37499,62260,守谷輸送機工業株式会社,2026-03-31,2026-06-22 14:38,2026-06-22
S100YD7H,E04149,90220,東海旅客鉄道株式会社,2026-03-31,2026-06-22 14:41,2026-06-22
S100YGLS,E05469,37660,システムズ・デザイン株式会社,2026-03-31,2026-06-22 14:44,2026-06-22
S100YGSY,E39903,247A0,Ａｉロボティクス株式会社,2026-03-31,2026-06-22 14:45,2026-06-22
S100YGAR,E31633,49800,デクセリアルズ株式会社,2026-03-31,2026-06-22 14:48,2026-06-22
S100YFSR,E00808,41880,三菱ケミカルグループ株式会社,2026-03-31,2026-06-22 14:48,2026-06-22
S100YDWR,E01427,59510,ダイニチ工業株式会社,2026-03-31,2026-06-22 14:55,2026-06-22
S100YEVT,E01080,50130,株式会社ユシロ,2026-03-31,2026-06-22 14:56,2026-06-22
S100YGKM,E31381,60390,株式会社日本動物高度医療センター,2026-03-31,2026-06-22 14:58,2026-06-22
S100YF4W,E02267,77230,愛知時計電機株式会社,2026-03-31,2026-06-22 14:59,2026-06-22
S100YGBF,E03457,33720,株式会社関門海,2026-03-31,2026-06-22 15:00,2026-06-22
S100YFLP,E00322,17210,コムシスホールディングス株式会社,2026-03-31,2026-06-22 15:00,2026-06-22
S100YG51,E27235,36700,協立情報通信株式会社,2026-03-31,2026-06-22 15:00,2026-06-22
S100YD87,E01631,64800,日本トムソン株式会社,2026-03-31,2026-06-22 15:00,2026-06-22
S100YGDD,E41037,483A0,テラテクノロジー株式会社,2026-03-31,2026-06-22 15:00,2026-06-22
S100YFRR,E00789,40310,片倉コープアグリ株式会社,2026-03-31,2026-06-22 15:00,2026-06-22
S100YGU2,E00209,19660,株式会社　高田工業所,2026-03-31,2026-06-22 15:01,2026-06-22
S100YFZJ,E02294,77690,リズム株式会社,2026-03-31,2026-06-22 15:01,2026-06-22
S100YEXB,E01305,57530,日本伸銅株式会社,2026-03-31,2026-06-22 15:01,2026-06-22
S100YCYT,E00709,94710,株式会社文溪堂,2026-03-31,2026-06-22 15:01,2026-06-22
S100YE5S,E03581,83700,株式会社紀陽銀行,2026-03-31,2026-06-22 15:03,2026-06-22
S100YCNV,E00810,41130,田岡化学工業株式会社,2026-03-31,2026-06-22 15:03,2026-06-22
S100YGUI,E00840,41830,三井化学株式会社,2026-03-31,2026-06-22 15:04,2026-06-22
S100YGPD,E25620,36520,株式会社ディジタルメディアプロフェッショナル,2026-03-31,2026-06-22 15:05,2026-06-22
S100YG9T,E01211,52840,ヤマウホールディングス株式会社,2026-03-31,2026-06-22 15:06,2026-06-22
S100YFGL,E01767,67030,沖電気工業株式会社,2026-03-31,2026-06-22 15:06,2026-06-22
S100YGKQ,E00360,21140,フジ日本株式会社,2026-03-31,2026-06-22 15:09,2026-06-22
S100YFV5,E25165,31670,株式会社ＴＯＫＡＩホールディングス,2026-03-31,2026-06-22 15:09,2026-06-22
S100YENT,E02128,70130,株式会社ＩＨＩ,2026-03-31,2026-06-22 15:15,2026-06-22
S100YFT2,E02698,82280,株式会社マルイチ産商,2026-03-31,2026-06-22 15:17,2026-06-22
S100YGTZ,E00452,28050,ヱスビー食品株式会社,2026-03-31,2026-06-22 15:18,2026-06-22
S100YAUO,E00752,40050,住友化学株式会社,2026-03-31,2026-06-22 15:18,2026-06-22
S100YGW0,E05552,37930,株式会社ドリコム,2026-03-31,2026-06-22 15:20,2026-06-22
S100YGVF,E03597,83930,株式会社宮崎銀行,2026-03-31,2026-06-22 15:20,2026-06-22
S100YGHR,E36130,41690,ＥＮＥＣＨＡＮＧＥ株式会社,2026-03-31,2026-06-22 15:21,2026-06-22
S100YGWB,E02414,77430,株式会社シード,2026-03-31,2026-06-22 15:22,2026-06-22
S100YE6A,E00346,20020,株式会社日清製粉グループ本社,2026-03-31,2026-06-22 15:26,2026-06-22
S100YGWT,E05192,48490,エン株式会社,2026-03-31,2026-06-22 15:28,2026-06-22
S100YFUZ,E03565,83650,株式会社　富山銀行,2026-03-31,2026-06-22 15:28,2026-06-22
S100YF2C,E00260,17870,株式会社ナカボーテック,2026-03-31,2026-06-22 15:30,2026-06-22
S100YFIO,E04272,92010,日本航空株式会社,2026-03-31,2026-06-22 15:30,2026-06-22
S100YF0Y,E02333,67880,株式会社日本トリム,2026-03-31,2026-06-22 15:30,2026-06-22
S100YGUZ,E38171,51380,株式会社Ｒｅｂａｓｅ,2026-03-31,2026-06-22 15:30,2026-06-22
S100YF60,E40215,302A0,株式会社ビースタイルホールディングス,2026-03-31,2026-06-22 15:30,2026-06-22
S100YGSA,E38201,52440,株式会社ｊｉｇ．ｊｐ,2026-03-31,2026-06-22 15:30,2026-06-22
S100YGCS,E21261,21810,パーソルホールディングス株式会社,2026-03-31,2026-06-22 15:30,2026-06-22
S100YG71,E35497,53680,日本インシュレーション株式会社,2026-03-31,2026-06-22 15:30,2026-06-22
S100YE8V,E35510,48820,株式会社ペルセウスプロテオミクス,2026-03-31,2026-06-22 15:31,2026-06-22
S100YG4N,E31626,39170,株式会社アイリッジ,2026-03-31,2026-06-22 15:31,2026-06-22
S100YEWN,E00431,26070,不二製油株式会社,2026-03-31,2026-06-22 15:31,2026-06-22
S100YC5Z,E15690,297A0,アルピコホールディングス株式会社,2026-03-31,2026-06-22 15:31,2026-06-22
S100YF6G,E05551,37960,株式会社いい生活,2026-03-31,2026-06-22 15:31,2026-06-22
S100YFZ6,E37158,42590,株式会社エクサウィザーズ,2026-03-31,2026-06-22 15:32,2026-06-22
S100YFRW,E33633,65660,株式会社要興業,2026-03-31,2026-06-22 15:32,2026-06-22
S100YFE3,E01600,64710,日本精工株式会社,2026-03-31,2026-06-22 15:33,2026-06-22
S100YGXU,E33622,89190,株式会社カチタス,2026-03-31,2026-06-22 15:33,2026-06-22
S100YDD5,E03236,74210,カッパ・クリエイト株式会社,2026-03-31,2026-06-22 15:33,2026-06-22
S100YECO,E01594,64480,ブラザー工業株式会社,2026-03-31,2026-06-22 15:35,2026-06-22
S100YC5C,E03752,86040,野村ホールディングス株式会社,2026-03-31,2026-06-22 15:36,2026-06-22
S100YFWI,E31009,60270,弁護士ドットコム株式会社,2026-03-31,2026-06-22 15:36,2026-06-22
S100YGHA,E00871,42420,株式会社タカギセイコー,2026-03-31,2026-06-22 15:37,2026-06-22
S100YGMU,E05377,17170,明豊ファシリティワークス株式会社,2026-03-31,2026-06-22 15:41,2026-06-22
S100YGVQ,E04849,96980,株式会社クレオ,2026-03-31,2026-06-22 15:41,2026-06-22
S100YE67,E23818,31780,チムニー株式会社,2026-03-31,2026-06-22 15:43,2026-06-22
S100YFWS,E02411,68630,株式会社ニレコ,2026-03-31,2026-06-22 15:45,2026-06-22
S100YGWW,E03145,98500,株式会社グルメ杵屋,2026-03-31,2026-06-22 15:49,2026-06-22
S100YG3O,E03321,76160,株式会社　コロワイド,2026-03-31,2026-06-22 15:49,2026-06-22
S100YGX6,E02237,72200,武蔵精密工業株式会社,2026-03-31,2026-06-22 15:50,2026-06-22
S100YG3Q,E01946,69540,ファナック株式会社,2026-03-31,2026-06-22 15:50,2026-06-22
S100YDRV,E01636,63630,株式会社酉島製作所,2026-03-31,2026-06-22 15:51,2026-06-22
S100YGND,E00769,40440,セントラル硝子株式会社,2026-03-31,2026-06-22 15:52,2026-06-22
S100YGY8,E02219,72940,株式会社ヨロズ,2026-03-31,2026-06-22 15:52,2026-06-22
S100YF75,E05306,27490,株式会社ＪＰホールディングス,2026-03-31,2026-06-22 15:56,2026-06-22
S100YGBO,E01737,65010,株式会社日立製作所,2026-03-31,2026-06-22 15:56,2026-06-22
S100Y1I3,E01669,64580,新晃工業株式会社,2026-03-31,2026-06-22 16:00,2026-06-22
S100YE3I,E00941,45240,森下仁丹株式会社,2026-03-31,2026-06-22 16:03,2026-06-22
S100YGWC,E02073,64300,ダイコク電機株式会社,2026-03-31,2026-06-22 16:03,2026-06-22
S100YFQH,E38215,93410,株式会社ＧＥＮＯＶＡ,2026-03-31,2026-06-22 16:03,2026-06-22
S100YESK,E02503,80930,極東貿易株式会社,2026-03-31,2026-06-22 16:04,2026-06-22
S100YFV6,E01146,53510,品川リフラ株式会社,2026-03-31,2026-06-22 16:05,2026-06-22
S100YGWG,E21706,21830,株式会社リニカル,2026-03-31,2026-06-22 16:07,2026-06-22
S100YFPI,E40423,341A0,株式会社トヨコー,2026-03-31,2026-06-22 16:11,2026-06-22
S100YDME,E01577,63790,レイズネクスト株式会社,2026-03-31,2026-06-22 16:12,2026-06-22
S100YGS4,E01075,81320,シナネンホールディングス株式会社,2026-03-31,2026-06-22 16:14,2026-06-22
S100YG75,E01113,51850,株式会社フコク,2026-03-31,2026-06-22 16:14,2026-06-22
S100YH06,E01355,59110,株式会社横河ブリッジホールディングス,2026-03-31,2026-06-22 16:18,2026-06-22
S100Y4PM,E01139,53310,ノリタケ株式会社,2026-03-31,2026-06-22 16:21,2026-06-22
S100YH2B,E02142,72010,日産自動車株式会社,2026-03-31,2026-06-22 16:25,2026-06-22
S100YGJS,E03374,26940,株式会社焼肉坂井ホールディングス,2026-03-31,2026-06-22 16:30,2026-06-22
S100YEZT,E04284,93020,三井倉庫ホールディングス株式会社,2026-03-31,2026-06-22 16:30,2026-06-22
S100YGME,E03621,58380,楽天銀行株式会社,2026-03-31,2026-06-22 16:30,2026-06-22
S100YEN3,E04108,90490,京福電気鉄道株式会社,2026-03-31,2026-06-22 16:30,2026-06-22
S100YDS7,E01572,63690,トーヨーカネツ株式会社,2026-03-31,2026-06-22 16:30,2026-06-22
S100YE2Y,E04826,97290,株式会社トーカイ,2026-03-31,2026-06-22 16:32,2026-06-22
S100YGSS,E01727,64330,ヒーハイスト株式会社,2026-03-31,2026-06-22 16:34,2026-06-22
S100YFPQ,E03116,82140,株式会社ＡＯＫＩホールディングス,2026-03-31,2026-06-22 16:35,2026-06-22
S100YGM6,E05471,37680,リスクモンスター株式会社,2026-03-31,2026-06-22 16:38,2026-06-22
S100YFUT,E00434,26130,株式会社Ｊ－オイルミルズ,2026-03-31,2026-06-22 16:42,2026-06-22
S100YEXL,E02889,75930,ＶＴホールディングス株式会社,2026-03-31,2026-06-22 16:45,2026-06-22
S100YFWX,E03036,80220,美津濃株式会社,2026-03-31,2026-06-22 16:46,2026-06-22
S100YE8P,E27063,61650,パンチ工業株式会社,2026-03-31,2026-06-22 16:48,2026-06-22
S100YH5C,E05739,36260,ＴＩＳ株式会社,2026-03-31,2026-06-22 16:57,2026-06-22
S100YH4P,E02241,72180,田中精密工業株式会社,2026-03-31,2026-06-22 16:59,2026-06-22
S100YFPS,E03807,86280,松井証券株式会社,2026-03-31,2026-06-22 16:59,2026-06-22
S100YGFS,E04341,90250,鴻池運輸株式会社,2026-03-31,2026-06-22 17:00,2026-06-22
S100YH49,E33016,35590,株式会社ピーバンドットコム,2026-03-31,2026-06-22 17:00,2026-06-22
S100YG2V,E40408,343A0,株式会社ＩＡＣＥトラベル,2026-03-31,2026-06-22 17:06,2026-06-22
S100YGWF,E05629,21270,株式会社日本Ｍ＆Ａセンターホールディングス,2026-03-31,2026-06-22 17:08,2026-06-22
S100YEJ9,E30451,31900,株式会社ホットマン,2026-03-31,2026-06-23 09:00,2026-06-23
S100YDEW,E01066,42410,株式会社アテクト,2026-03-31,2026-06-23 09:00,2026-06-23
S100YGXY,E00194,19800,ダイダン株式会社,2026-03-31,2026-06-23 09:00,2026-06-23
S100YBP0,E03133,82550,アクシアル　リテイリング株式会社,2026-03-31,2026-06-23 09:02,2026-06-23
S100YEHQ,E04336,91930,東京汽船株式会社,2026-03-31,2026-06-23 09:07,2026-06-23
S100YGG9,E02544,82910,日産東京販売ホールディングス株式会社,2026-03-31,2026-06-23 09:09,2026-06-23
S100YDZ1,E02163,72610,マツダ株式会社,2026-03-31,2026-06-23 09:09,2026-06-23
S100YEUF,E01315,54640,モリ工業株式会社,2026-03-31,2026-06-23 09:13,2026-06-23
S100YFJC,E03567,83620,株式会社福井銀行,2026-03-31,2026-06-23 09:14,2026-06-23
S100YHEK,E00382,22180,日糧製パン株式会社,2026-03-31,2026-06-23 09:14,2026-06-23
S100YGHH,E01051,49700,東洋合成工業株式会社,2026-03-31,2026-06-23 09:17,2026-06-23
S100YG4C,E02363,79520,株式会社河合楽器製作所,2026-03-31,2026-06-23 09:17,2026-06-23
S100YHFP,E00764,40270,テイカ株式会社,2026-03-31,2026-06-23 09:19,2026-06-23
S100YF0K,E31624,34170,大木ヘルスケアホールディングス株式会社,2026-03-31,2026-06-23 09:19,2026-06-23
S100YDVR,E02837,74810,尾家産業株式会社,2026-03-31,2026-06-23 09:20,2026-06-23
S100YGGJ,E01850,68200,アイコム株式会社,2026-03-31,2026-06-23 09:21,2026-06-23
S100YFSH,E00996,35510,ダイニック株式会社,2026-03-31,2026-06-23 09:22,2026-06-23
S100YGBN,E03670,85540,株式会社南日本銀行,2026-03-31,2026-06-23 09:23,2026-06-23
S100YGEO,E00348,20040,昭和産業株式会社,2026-03-31,2026-06-23 09:28,2026-06-23
S100YE9L,E03964,,株式会社宮城県建設会館,2026-03-31,2026-06-23 09:30,2026-06-23
S100YFC3,E05493,24450,株式会社タカミヤ,2026-03-31,2026-06-23 09:30,2026-06-23
S100YHFZ,E01327,57260,株式会社大阪チタニウムテクノロジーズ,2026-03-31,2026-06-23 09:31,2026-06-23
S100YG9I,E03788,87070,岩井コスモホールディングス株式会社,2026-03-31,2026-06-23 09:33,2026-06-23
S100YG98,E01206,52820,ジオスター株式会社,2026-03-31,2026-06-23 09:34,2026-06-23
S100YF55,E01444,59090,株式会社　コロナ,2026-03-31,2026-06-23 09:37,2026-06-23
S100YF8W,E33822,65700,株式会社共和コーポレーション,2026-03-31,2026-06-23 09:41,2026-06-23
S100YFPF,E05283,23170,株式会社システナ,2026-03-31,2026-06-23 09:43,2026-06-23
S100YGCG,E04637,,日本観光ゴルフ株式会社,2026-03-31,2026-06-23 09:44,2026-06-23
S100YHAF,E04160,90830,神姫バス株式会社,2026-03-31,2026-06-23 09:46,2026-06-23
S100YGYK,E02281,77620,シチズン時計株式会社,2026-03-31,2026-06-23 09:46,2026-06-23
S100YGZJ,E03178,99000,株式会社サガミホールディングス,2026-03-31,2026-06-23 09:49,2026-06-23
S100YE9E,E02170,72260,極東開発工業株式会社,2026-03-31,2026-06-23 09:49,2026-06-23
S100YGQU,E04878,61970,株式会社ソラスト,2026-03-31,2026-06-23 09:55,2026-06-23
S100YGFU,E00480,29070,株式会社あじかん,2026-03-31,2026-06-23 09:58,2026-06-23
S100YGXI,E02549,81010,株式会社ＧＳＩクレオス,2026-03-31,2026-06-23 09:58,2026-06-23
S100YHHK,E37978,65260,株式会社ソシオネクスト,2026-03-31,2026-06-23 09:59,2026-06-23
S100YGBS,E05025,46840,株式会社オービック,2026-03-31,2026-06-23 10:00,2026-06-23
S100YF3H,E01048,49680,荒川化学工業株式会社,2026-03-31,2026-06-23 10:00,2026-06-23
S100YH7U,E33557,65570,ＡＩＡＩグループ株式会社,2026-03-31,2026-06-23 10:00,2026-06-23
S100YHGL,E04639,,株式会社　仙台カントリークラブ,2026-03-31,2026-06-23 10:00,2026-06-23
S100YH48,E01434,64840,株式会社ＫＶＫ,2026-03-31,2026-06-23 10:00,2026-06-23
S100YGIN,E00028,57140,ＤＯＷＡホールディングス株式会社,2026-03-31,2026-06-23 10:00,2026-06-23
S100YGGD,E01103,42240,ロンシール工業株式会社,2026-03-31,2026-06-23 10:00,2026-06-23
S100YH10,E03599,83950,株式会社佐賀銀行,2026-03-31,2026-06-23 10:01,2026-06-23
S100YGE7,E32647,39630,株式会社シンクロ・フード,2026-03-31,2026-06-23 10:03,2026-06-23
S100YGQQ,E01411,59860,モリテックスチール株式会社,2026-03-31,2026-06-23 10:04,2026-06-23
S100YF0G,E04092,90080,京王電鉄株式会社,2026-03-31,2026-06-23 10:04,2026-06-23
S100YGWM,E02821,74560,松田産業株式会社,2026-03-31,2026-06-23 10:05,2026-06-23
S100YGQR,E00569,35710,株式会社ソトー,2026-03-31,2026-06-23 10:05,2026-06-23
S100YHIR,E00591,35800,小松マテーレ株式会社,2026-03-31,2026-06-23 10:06,2026-06-23
S100YF4V,E04788,85930,三菱ＨＣキャピタル株式会社,2026-03-31,2026-06-23 10:06,2026-06-23
S100YHJ4,E04859,96840,株式会社スクウェア・エニックス・ホールディングス,2026-03-31,2026-06-23 10:09,2026-06-23
S100YGK3,E03269,75090,アイエーグループ株式会社,2026-03-31,2026-06-23 10:09,2026-06-23
S100Y9BG,E04410,94040,日本テレビホールディングス株式会社,2026-03-31,2026-06-23 10:11,2026-06-23
S100YH3W,E04356,93670,大東港運株式会社,2026-03-31,2026-06-23 10:15,2026-06-23
S100YGNU,E00501,28160,株式会社ダイショー,2026-03-31,2026-06-23 10:15,2026-06-23
S100YFES,E01670,62720,レオン自動機株式会社,2026-03-31,2026-06-23 10:17,2026-06-23
S100YDVP,E02244,,株式会社山田製作所,2026-03-31,2026-06-23 10:20,2026-06-23
S100YGCF,E00065,18150,鉄建建設株式会社,2026-03-31,2026-06-23 10:20,2026-06-23
S100YGLJ,E00632,78970,ホクシン株式会社,2026-03-31,2026-06-23 10:22,2026-06-23
S100YG86,E02678,81590,株式会社立花エレテック,2026-03-31,2026-06-23 10:26,2026-06-23
S100YH3M,E00922,45060,住友ファーマ株式会社,2026-03-31,2026-06-23 10:27,2026-06-23
S100YHGY,E02851,75100,株式会社たけびし,2026-03-31,2026-06-23 10:27,2026-06-23
S100YGNV,E01331,57420,エヌアイシ・オートテック株式会社,2026-03-31,2026-06-23 10:28,2026-06-23
S100YHKB,E00609,99800,ＭＲＫホールディングス株式会社,2026-03-31,2026-06-23 10:29,2026-06-23
S100YGOL,E04511,95340,北海道瓦斯株式会社,2026-03-31,2026-06-23 10:30,2026-06-23
S100YHHR,E04232,90270,株式会社ロジネットジャパン,2026-03-31,2026-06-23 10:30,2026-06-23
S100YG4U,E01735,62540,野村マイクロ・サイエンス株式会社,2026-03-31,2026-06-23 10:33,2026-06-23
S100YHJH,E00725,78640,株式会社フジシールインターナショナル,2026-03-31,2026-06-23 10:33,2026-06-23
S100YHKN,E03674,85630,株式会社大東銀行,2026-03-31,2026-06-23 10:34,2026-06-23
S100YGQP,E01266,54400,共英製鋼株式会社,2026-03-31,2026-06-23 10:41,2026-06-23
S100YEZX,E04294,93070,株式会社杉村倉庫,2026-03-31,2026-06-23 10:44,2026-06-23
S100YH8A,E02415,79430,ニチハ株式会社,2026-03-31,2026-06-23 10:47,2026-06-23
S100YEEQ,E00334,22820,日本ハム株式会社,2026-03-31,2026-06-23 10:48,2026-06-23
S100YGMK,E01109,51990,不二ラテックス株式会社,2026-03-31,2026-06-23 11:00,2026-06-23
S100YG2M,E01298,34230,株式会社エスイー,2026-03-31,2026-06-23 11:01,2026-06-23
S100YG5O,E00831,,プラス・テク株式会社,2026-03-31,2026-06-23 11:02,2026-06-23
S100YH6Y,E01733,62580,平田機工株式会社,2026-03-31,2026-06-23 11:04,2026-06-23
S100YGSP,E02345,66780,株式会社テクノメディカ,2026-03-31,2026-06-23 11:05,2026-06-23
S100YH3A,E00107,19610,三機工業株式会社,2026-03-31,2026-06-23 11:07,2026-06-23
S100YHK9,E03266,75060,株式会社　ハウス　オブ　ローゼ,2026-03-31,2026-06-23 11:09,2026-06-23
S100YGBH,E03771,,三菱ＵＦＪ証券ホールディングス株式会社,2026-03-31,2026-06-23 11:10,2026-06-23
S100YHLQ,E04153,90230,東京地下鉄株式会社,2026-03-31,2026-06-23 11:12,2026-06-23
S100YHO9,E01035,49180,株式会社アイビー化粧品,2026-03-31,2026-06-23 11:13,2026-06-23
S100YH50,E01802,67450,ホーチキ株式会社,2026-03-31,2026-06-23 11:14,2026-06-23
S100YHOM,E02579,80850,ナラサキ産業株式会社,2026-03-31,2026-06-23 11:15,2026-06-23
S100YHAI,E05325,48270,ビジネス・ワンホールディングス株式会社,2026-03-31,2026-06-23 11:18,2026-06-23
S100YHL5,E02835,74760,アズワン株式会社,2026-03-31,2026-06-23 11:21,2026-06-23
S100YH59,E03729,84210,信金中央金庫,2026-03-31,2026-06-23 11:22,2026-06-23
S100YHB3,E05578,38020,株式会社エコミック,2026-03-31,2026-06-23 11:22,2026-06-23
S100YGQH,E02530,80410,ＯＵＧホールディングス株式会社,2026-03-31,2026-06-23 11:23,2026-06-23
S100YFGS,E03648,,株式会社静岡中央銀行,2026-03-31,2026-06-23 11:23,2026-06-23
S100YHPD,E00848,45310,有機合成薬品工業株式会社,2026-03-31,2026-06-23 11:24,2026-06-23
S100YDWY,E04500,95090,北海道電力株式会社,2026-03-31,2026-06-23 11:24,2026-06-23
S100YGRG,E00931,45160,日本新薬株式会社,2026-03-31,2026-06-23 11:26,2026-06-23
S100YGWS,E01448,59790,カネソウ株式会社,2026-03-31,2026-06-23 11:26,2026-06-23
S100YDWB,E03399,27300,株式会社エディオン,2026-03-31,2026-06-23 11:30,2026-06-23
S100YG7J,E01729,61570,日進工具株式会社,2026-03-31,2026-06-23 11:30,2026-06-23
S100YFJE,E02761,99340,因幡電機産業株式会社,2026-03-31,2026-06-23 11:32,2026-06-23
S100YGO7,E01403,59690,株式会社ロブテックス,2026-03-31,2026-06-23 11:34,2026-06-23
S100YGMA,E01183,79790,株式会社松風,2026-03-31,2026-06-23 11:36,2026-06-23
S100YGMG,E01630,45430,テルモ株式会社,2026-03-31,2026-06-23 11:38,2026-06-23
S100YC2P,E02735,98820,株式会社イエローハット,2026-03-31,2026-06-23 11:41,2026-06-23
S100YGCV,E04504,95040,中国電力株式会社,2026-03-31,2026-06-23 11:42,2026-06-23
S100YH3H,E01275,54580,高砂鐵工株式会社,2026-03-31,2026-06-23 11:46,2026-06-23
S100YGCO,E02150,72220,日産車体株式会社,2026-03-31,2026-06-23 11:49,2026-06-23
S100YHRY,E02216,72910,日本プラスト株式会社,2026-03-31,2026-06-23 11:50,2026-06-23
S100YH5X,E03320,76150,株式会社京都きもの友禅ホールディングス,2026-03-31,2026-06-23 11:53,2026-06-23
S100YHF0,E04194,90590,カンダホールディングス株式会社,2026-03-31,2026-06-23 11:57,2026-06-23
S100YCOO,E00387,22220,寿スピリッツ株式会社,2026-03-31,2026-06-23 12:00,2026-06-23
S100YHLM,E36368,66140,株式会社シキノハイテック,2026-03-31,2026-06-23 12:01,2026-06-23
S100YHJ3,E04478,48380,スペースシャワーＳＫＩＹＡＫＩホールディングス株式会社,2026-03-31,2026-06-23 12:02,2026-06-23
S100YHU5,E01824,69760,太陽誘電株式会社,2026-03-31,2026-06-23 12:04,2026-06-23
S100YHRU,E00781,40970,高圧ガス工業株式会社,2026-03-31,2026-06-23 12:04,2026-06-23
S100YHU1,E00341,22910,福留ハム株式会社,2026-03-31,2026-06-23 12:06,2026-06-23
S100YGUH,E03208,99590,アシードホールディングス株式会社,2026-03-31,2026-06-23 12:07,2026-06-23
S100YGFW,E04517,95330,東邦瓦斯株式会社,2026-03-31,2026-06-23 12:11,2026-06-23
S100YGOP,E40546,352A0,株式会社ＬＯＩＶＥ,2026-03-31,2026-06-23 12:18,2026-06-23
S100YHUI,E04661,,美々津観光開発株式会社,2026-03-31,2026-06-23 12:25,2026-06-23
S100YHNU,E03977,88770,エスリード株式会社,2026-03-31,2026-06-23 12:40,2026-06-23
S100YHVF,E04719,,株式会社福岡サンレイクゴルフ倶楽部,2026-03-31,2026-06-23 12:41,2026-06-23
S100YHVK,E03052,81730,株式会社Ｊｏｓｈｉｎ,2026-03-31,2026-06-23 12:50,2026-06-23
S100YHDW,E27294,25880,株式会社プレミアムウォーターホールディングス,2026-03-31,2026-06-23 12:53,2026-06-23
S100YGF5,E30731,94680,株式会社ＫＡＤＯＫＡＷＡ,2026-03-31,2026-06-23 13:00,2026-06-23
S100YHJR,E03416,27800,株式会社コメ兵ホールディングス,2026-03-31,2026-06-23 13:00,2026-06-23
S100YDYR,E00904,46350,東京インキ株式会社,2026-03-31,2026-06-23 13:00,2026-06-23
S100YHB1,E02147,72420,カヤバ株式会社,2026-03-31,2026-06-23 13:01,2026-06-23
S100YGOV,E02578,80590,第一実業株式会社,2026-03-31,2026-06-23 13:02,2026-06-23
S100YGLQ,E02245,34340,株式会社アルファ,2026-03-31,2026-06-23 13:04,2026-06-23
S100YHKQ,E00893,46130,関西ペイント株式会社,2026-03-31,2026-06-23 13:06,2026-06-23
S100YH9F,E00786,40940,日本化学産業株式会社,2026-03-31,2026-06-23 13:07,2026-06-23
S100YACF,E33794,65680,神戸天然物化学株式会社,2026-03-31,2026-06-23 13:08,2026-06-23
S100YGOO,E00478,28130,和弘食品株式会社,2026-03-31,2026-06-23 13:09,2026-06-23
S100YGOS,E00598,,岐セン株式会社,2026-03-31,2026-06-23 13:10,2026-06-23
S100YGBE,E02234,72640,株式会社ムロコーポレーション,2026-03-31,2026-06-23 13:12,2026-06-23
S100YGKW,E03992,88920,株式会社エスコン,2026-03-31,2026-06-23 13:15,2026-06-23
S100YHEY,E02381,64540,マックス株式会社,2026-03-31,2026-06-23 13:16,2026-06-23
S100YFQM,E04535,97010,株式会社東京會舘,2026-03-31,2026-06-23 13:18,2026-06-23
S100YH4M,E01920,65860,株式会社マキタ,2026-03-31,2026-06-23 13:19,2026-06-23
S100YGP3,E01334,58030,株式会社フジクラ,2026-03-31,2026-06-23 13:19,2026-06-23
S100YGAZ,E01296,56970,株式会社サンユウ,2026-03-31,2026-06-23 13:24,2026-06-23
S100YG4Z,E02307,68590,エスペック株式会社,2026-03-31,2026-06-23 13:27,2026-06-23
S100YFUA,E02222,59890,株式会社エイチワン,2026-03-31,2026-06-23 13:29,2026-06-23
S100YGSJ,E00897,46170,中国塗料株式会社,2026-03-31,2026-06-23 13:30,2026-06-23
S100YEMV,E01816,67430,大同信号株式会社,2026-03-31,2026-06-23 13:30,2026-06-23
S100YHWP,E01262,54490,大阪製鐵株式会社,2026-03-31,2026-06-23 13:33,2026-06-23
S100YH1C,E02348,42370,フジプレアム株式会社,2026-03-31,2026-06-23 13:34,2026-06-23
S100YH3J,E04997,46870,ＴＤＣソフト株式会社,2026-03-31,2026-06-23 13:34,2026-06-23
S100YHYF,E03361,26740,株式会社ハードオフコーポレーション,2026-03-31,2026-06-23 13:34,2026-06-23
S100YHGU,E00242,18280,田辺工業株式会社,2026-03-31,2026-06-23 13:34,2026-06-23
S100YG50,E01545,61180,アイダエンジニアリング株式会社,2026-03-31,2026-06-23 13:35,2026-06-23
S100YF7I,E24050,50200,ＥＮＥＯＳホールディングス株式会社,2026-03-31,2026-06-23 13:35,2026-06-23
S100YFG2,E02167,72690,スズキ株式会社,2026-03-31,2026-06-23 13:36,2026-06-23
S100YHK6,E02813,74410,株式会社Ｍｉｓｕｍｉ,2026-03-31,2026-06-23 13:37,2026-06-23
S100YHXO,E34090,43890,プロパティデータバンク株式会社,2026-03-31,2026-06-23 13:38,2026-06-23
S100YGNC,E03958,88640,空港施設株式会社,2026-03-31,2026-06-23 13:40,2026-06-23
S100YHYE,E32766,39700,株式会社イノベーション,2026-03-31,2026-06-23 13:44,2026-06-23
S100YH5E,E01774,67540,アンリツ株式会社,2026-03-31,2026-06-23 13:45,2026-06-23
S100YH8W,E04514,95310,東京瓦斯株式会社,2026-03-31,2026-06-23 13:49,2026-06-23
S100YGCM,E01916,69820,株式会社リード,2026-03-31,2026-06-23 13:50,2026-06-23
S100YG7R,E02938,27080,株式会社久世,2026-03-31,2026-06-23 13:52,2026-06-23
S100YDWW,E01261,54230,東京製鐵株式会社,2026-03-31,2026-06-23 13:56,2026-06-23
S100YH1A,E01537,63320,月島ホールディングス株式会社,2026-03-31,2026-06-23 14:00,2026-06-23
S100YHZO,E39122,55990,Ｓ＆Ｊ株式会社,2026-03-31,2026-06-23 14:00,2026-06-23
S100YGFN,E04243,91190,飯野海運株式会社,2026-03-31,2026-06-23 14:00,2026-06-23
S100YHX4,E37788,93470,日本管財ホールディングス株式会社,2026-03-31,2026-06-23 14:00,2026-06-23
S100YGTG,E01000,42180,ニチバン株式会社,2026-03-31,2026-06-23 14:00,2026-06-23
S100YHDN,E26124,60550,ジャパンマテリアル株式会社,2026-03-31,2026-06-23 14:00,2026-06-23
S100YF3Z,E00372,22040,株式会社中村屋,2026-03-31,2026-06-23 14:00,2026-06-23
S100YFSM,E05056,46940,株式会社ビー・エム・エル,2026-03-31,2026-06-23 14:02,2026-06-23
S100YH29,E02962,27840,アルフレッサホールディングス株式会社,2026-03-31,2026-06-23 14:04,2026-06-23
S100YH1N,E01770,67420,株式会社京三製作所,2026-03-31,2026-06-23 14:05,2026-06-23
S100YHBL,E39406,143A0,イシン株式会社,2026-03-31,2026-06-23 14:05,2026-06-23
S100YHL6,E00891,46110,大日本塗料株式会社,2026-03-31,2026-06-23 14:06,2026-06-23
S100YH2P,E00721,94750,株式会社昭文社ホールディングス,2026-03-31,2026-06-23 14:06,2026-06-23
S100YI0I,E01686,98950,株式会社コンセック,2026-03-31,2026-06-23 14:07,2026-06-23
S100YHD1,E04170,,奈良交通株式会社,2026-03-31,2026-06-23 14:08,2026-06-23
S100YH5Z,E01474,60160,株式会社ジャパンエンジンコーポレーション,2026-03-31,2026-06-23 14:10,2026-06-23
S100YI1C,E02632,74590,株式会社メディパルホールディングス,2026-03-31,2026-06-23 14:10,2026-06-23
S100YHKP,E02825,74600,株式会社ヤギ,2026-03-31,2026-06-23 14:10,2026-06-23
S100YGEP,E00343,22930,滝沢ハム株式会社,2026-03-31,2026-06-23 14:12,2026-06-23
S100YGVR,E31167,31320,マクニカホールディングス株式会社,2026-03-31,2026-06-23 14:14,2026-06-23
S100YEID,E02527,80700,東京産業株式会社,2026-03-31,2026-06-23 14:16,2026-06-23
S100YHBT,E05324,23510,株式会社ＡＳＪ,2026-03-31,2026-06-23 14:19,2026-06-23
S100YEMP,E00148,18700,矢作建設工業株式会社,2026-03-31,2026-06-23 14:20,2026-06-23
S100YGTA,E05575,24800,システム・ロケーション株式会社,2026-03-31,2026-06-23 14:22,2026-06-23
S100YEK2,E04501,95060,東北電力株式会社,2026-03-31,2026-06-23 14:22,2026-06-23
S100YGLY,E27273,14200,サンヨーホームズ株式会社,2026-03-31,2026-06-23 14:23,2026-06-23
S100YHOQ,E00014,13320,株式会社ニッスイ,2026-03-31,2026-06-23 14:26,2026-06-23
S100YGN5,E01111,51860,ニッタ株式会社,2026-03-31,2026-06-23 14:34,2026-06-23
S100YB1X,E04381,,株式会社秋田放送,2026-03-31,2026-06-23 14:35,2026-06-23
S100YI0L,E00146,19590,株式会社クラフティア,2026-03-31,2026-06-23 14:37,2026-06-23
S100YG3Z,E01260,54460,北越メタル株式会社,2026-03-31,2026-06-23 14:37,2026-06-23
S100YI3S,E02802,74330,伯東株式会社,2026-03-31,2026-06-23 14:38,2026-06-23
S100YEIF,E02850,75040,株式会社高速,2026-03-31,2026-06-23 14:42,2026-06-23
S100YGXD,E00882,44060,新日本理化株式会社,2026-03-31,2026-06-23 14:44,2026-06-23
S100YFGT,E04353,93660,株式会社サンリツ,2026-03-31,2026-06-23 14:45,2026-06-23
S100YGVG,E01032,79270,ムトー精工株式会社,2026-03-31,2026-06-23 14:46,2026-06-23
S100YFVP,E02740,98200,エムティジェネックス株式会社,2026-03-31,2026-06-23 14:47,2026-06-23
S100YI1N,E05445,37870,株式会社テクノマセマティカル,2026-03-31,2026-06-23 14:49,2026-06-23
S100YI2V,E03746,87720,株式会社アサックス,2026-03-31,2026-06-23 14:50,2026-06-23
S100YGVL,E00484,28140,佐藤食品工業株式会社,2026-03-31,2026-06-23 14:56,2026-06-23
S100YGZB,E00466,28040,ブルドックソース株式会社,2026-03-31,2026-06-23 15:00,2026-06-23
S100YHSC,E00953,45380,扶桑薬品工業株式会社,2026-03-31,2026-06-23 15:00,2026-06-23
S100YHEX,E00465,28060,ユタカフーズ株式会社,2026-03-31,2026-06-23 15:00,2026-06-23
S100YHSE,E02049,63370,株式会社テセック,2026-03-31,2026-06-23 15:00,2026-06-23
S100YG8L,E00497,29190,株式会社　マルタイ,2026-03-31,2026-06-23 15:01,2026-06-23
S100YGDA,E05054,47360,日本ラッド株式会社,2026-03-31,2026-06-23 15:02,2026-06-23
S100YGU7,E00277,17700,藤田エンジニアリング株式会社,2026-03-31,2026-06-23 15:02,2026-06-23
S100YGLL,E00115,19500,日本電設工業株式会社,2026-03-31,2026-06-23 15:03,2026-06-23
S100YHDZ,E02516,92740,ＫＰＰグループホールディングス株式会社,2026-03-31,2026-06-23 15:03,2026-06-23
S100YEWX,E30656,32210,株式会社ヨシックスホールディングス,2026-03-31,2026-06-23 15:03,2026-06-23
S100YB5D,E38689,177A0,コージンバイオ株式会社,2026-03-31,2026-06-23 15:04,2026-06-23
S100YI2T,E04236,91040,株式会社　商船三井,2026-03-31,2026-06-23 15:04,2026-06-23
S100YHS4,E02905,76280,株式会社オーハシテクニカ,2026-03-31,2026-06-23 15:06,2026-06-23
S100YHUS,E32159,39340,株式会社ベネフィットジャパン,2026-03-31,2026-06-23 15:08,2026-06-23
S100YGZX,E02525,80740,株式会社ＹＵＡＳＡ,2026-03-31,2026-06-23 15:08,2026-06-23
S100YI71,E40145,291A0,株式会社リスキル,2026-03-31,2026-06-23 15:09,2026-06-23
S100YHPP,E03679,71500,株式会社島根銀行,2026-03-31,2026-06-23 15:10,2026-06-23
S100YHUU,E37145,44190,株式会社Ｆｉｎａｔｅｘｔホールディングス,2026-03-31,2026-06-23 15:10,2026-06-23
S100YH08,E03768,86140,東洋証券株式会社,2026-03-31,2026-06-23 15:13,2026-06-23
S100YGJF,E02265,77010,株式会社　島津製作所,2026-03-31,2026-06-23 15:14,2026-06-23
S100YHIT,E02214,72870,日本精機株式会社,2026-03-31,2026-06-23 15:14,2026-06-23
S100YGAC,E02154,72460,プレス工業株式会社,2026-03-31,2026-06-23 15:18,2026-06-23
S100YI4C,E40206,288A0,ラクサス・テクノロジーズ株式会社,2026-03-31,2026-06-23 15:23,2026-06-23
S100YGVP,E04894,96290,ピー・シー・エー株式会社,2026-03-31,2026-06-23 15:30,2026-06-23
S100YHVS,E01959,69580,日本シイエムケイ株式会社,2026-03-31,2026-06-23 15:30,2026-06-23
S100YA88,E41331,550A0,株式会社ソフトテックス,2026-03-31,2026-06-23 15:30,2026-06-23
S100YFV9,E38760,55350,ミガロホールディングス株式会社,2026-03-31,2026-06-23 15:30,2026-06-23
S100YI2M,E00845,42280,積水化成品工業株式会社,2026-03-31,2026-06-23 15:30,2026-06-23
S100YDYN,E35496,48880,ステラファーマ株式会社,2026-03-31,2026-06-23 15:30,2026-06-23
S100YHAQ,E33624,71990,プレミアグループ株式会社,2026-03-31,2026-06-23 15:30,2026-06-23
S100YI8R,E35516,44980,サイバートラスト株式会社,2026-03-31,2026-06-23 15:30,2026-06-23
S100YI2K,E00095,18220,大豊建設株式会社,2026-03-31,2026-06-23 15:30,2026-06-23
S100YHAZ,E30065,60820,株式会社ライドオンエクスプレスホールディングス,2026-03-31,2026-06-23 15:30,2026-06-23
S100YHK4,E33574,36110,株式会社マツオカコーポレーション,2026-03-31,2026-06-23 15:30,2026-06-23
S100YFQY,E03128,82820,株式会社ケーズホールディングス,2026-03-31,2026-06-23 15:30,2026-06-23
S100YDD0,E03020,82420,エイチ・ツー・オー　リテイリング株式会社,2026-03-31,2026-06-23 15:30,2026-06-23
S100YHBC,E31855,61810,タメニー株式会社,2026-03-31,2026-06-23 15:30,2026-06-23
S100YBAT,E01573,63700,栗田工業株式会社,2026-03-31,2026-06-23 15:30,2026-06-23
S100YE1A,E34880,44420,バルテス・ホールディングス株式会社,2026-03-31,2026-06-23 15:31,2026-06-23
S100YF8E,E01225,54010,日本製鉄株式会社,2026-03-31,2026-06-23 15:31,2026-06-23
S100YFZK,E03969,46810,リゾートトラスト株式会社,2026-03-31,2026-06-23 15:31,2026-06-23
S100YI4K,E01661,63300,東洋エンジニアリング株式会社,2026-03-31,2026-06-23 15:31,2026-06-23
S100YHCO,E05028,47180,株式会社早稲田アカデミー,2026-03-31,2026-06-23 15:31,2026-06-23
S100YI0F,E31977,39270,株式会社フーバーブレイン,2026-03-31,2026-06-23 15:31,2026-06-23
S100YG2R,E30130,60880,株式会社シグマクシス・ホールディングス,2026-03-31,2026-06-23 15:31,2026-06-23
S100YGX4,E03801,37720,ウェルス・マネジメント株式会社,2026-03-31,2026-06-23 15:32,2026-06-23
S100YHLL,E36435,76980,株式会社アイスコ,2026-03-31,2026-06-23 15:32,2026-06-23
S100YHC7,E27051,31790,シュッピン株式会社,2026-03-31,2026-06-23 15:32,2026-06-23
S100YHTD,E35344,70750,株式会社ＱＬＳホールディングス,2026-03-31,2026-06-23 15:32,2026-06-23
S100YH2N,E04060,32310,野村不動産ホールディングス株式会社,2026-03-31,2026-06-23 15:32,2026-06-23
S100YI32,E35563,70960,株式会社ステムセル研究所,2026-03-31,2026-06-23 15:33,2026-06-23
S100YH5L,E04065,32380,セントラル総合開発株式会社,2026-03-31,2026-06-23 15:33,2026-06-23
S100YHFI,E04285,93030,株式会社住友倉庫,2026-03-31,2026-06-23 15:34,2026-06-23
S100YIA4,E35483,70890,フォースタートアップス株式会社,2026-03-31,2026-06-23 15:35,2026-06-23
S100YE63,E04090,90050,東急株式会社,2026-03-31,2026-06-23 15:35,2026-06-23
S100YHDD,E04830,,ＳＣＳＫ株式会社,2026-03-31,2026-06-23 15:36,2026-06-23
S100YH71,E02089,66740,株式会社　ジーエス・ユアサ　コーポレーション,2026-03-31,2026-06-23 15:36,2026-06-23
S100YIAC,E30118,77790,ＣＹＢＥＲＤＹＮＥ株式会社,2026-03-31,2026-06-23 15:37,2026-06-23
S100YGXR,E36825,48890,株式会社レナサイエンス,2026-03-31,2026-06-23 15:37,2026-06-23
S100YHOY,E36343,41770,株式会社ｉ－ｐｌｕｇ,2026-03-31,2026-06-23 15:37,2026-06-23
S100YFVG,E01831,68090,ＴＯＡ株式会社,2026-03-31,2026-06-23 15:38,2026-06-23
S100YHRX,E02217,72920,株式会社村上開明堂,2026-03-31,2026-06-23 15:40,2026-06-23
S100YHN8,E05679,38390,株式会社ＯＤＫソリューションズ,2026-03-31,2026-06-23 15:40,2026-06-23
S100YH2T,E05211,43080,株式会社Ｊストリーム,2026-03-31,2026-06-23 15:40,2026-06-23
S100YH46,E40236,299A0,クラシル株式会社,2026-03-31,2026-06-23 15:41,2026-06-23
S100YHUZ,E39367,142A0,株式会社ジンジブ,2026-03-31,2026-06-23 15:41,2026-06-23
S100YI9D,E03332,76370,白銅株式会社,2026-03-31,2026-06-23 15:42,2026-06-23
S100YFW5,E05514,24540,株式会社オールアバウト,2026-03-31,2026-06-23 15:42,2026-06-23
S100YIB5,E05156,48190,株式会社デジタルガレージ,2026-03-31,2026-06-23 15:43,2026-06-23
S100YFTU,E00719,78830,サンメッセ株式会社,2026-03-31,2026-06-23 15:43,2026-06-23
S100YIAO,E35334,76860,株式会社ひとまいる,2026-03-31,2026-06-23 15:43,2026-06-23
S100YIBN,E31446,60450,株式会社レントラックス,2026-03-31,2026-06-23 15:44,2026-06-23
S100YFBQ,E02143,72020,いすゞ自動車株式会社,2026-03-31,2026-06-23 15:45,2026-06-23
S100YHHV,E02046,78590,株式会社アルメディオ,2026-03-31,2026-06-23 15:45,2026-06-23
S100YH0J,E02986,33740,内外テック株式会社,2026-03-31,2026-06-23 15:45,2026-06-23
S100YHRD,E05363,45640,オンコセラピー・サイエンス株式会社,2026-03-31,2026-06-23 15:47,2026-06-23
S100YFC1,E01018,45400,株式会社ツムラ,2026-03-31,2026-06-23 15:48,2026-06-23
S100YH91,E30481,67400,株式会社ジャパンディスプレイ,2026-03-31,2026-06-23 15:51,2026-06-23
S100YGX7,E03121,81600,株式会社　木曽路,2026-03-31,2026-06-23 15:53,2026-06-23
S100YF6O,E38427,71190,株式会社ハルメクホールディングス,2026-03-31,2026-06-23 15:54,2026-06-23
S100YHHI,E02344,77450,株式会社Ａ＆Ｄホロンホールディングス,2026-03-31,2026-06-23 15:54,2026-06-23
S100YH7Z,E01986,69320,株式会社遠藤照明,2026-03-31,2026-06-23 15:54,2026-06-23
S100YF74,E00693,79120,大日本印刷株式会社,2026-03-31,2026-06-23 15:57,2026-06-23
S100YIC4,E02658,81380,三京化成株式会社,2026-03-31,2026-06-23 15:58,2026-06-23
S100Y9J8,E22461,36340,株式会社ソケッツ,2026-03-31,2026-06-23 15:59,2026-06-23
S100YH8U,E01870,67770,ｓａｎｔｅｃ　Ｈｏｌｄｉｎｇｓ株式会社,2026-03-31,2026-06-23 15:59,2026-06-23
S100YH90,E27655,36760,株式会社デジタルハーツホールディングス,2026-03-31,2026-06-23 16:00,2026-06-23
S100YHPK,E36976,65230,ＰＨＣホールディングス株式会社,2026-03-31,2026-06-23 16:00,2026-06-23
S100YGJA,E05700,21580,株式会社ＦＲＯＮＴＥＯ,2026-03-31,2026-06-23 16:00,2026-06-23
S100YH4R,E04179,90690,センコーグループホールディングス株式会社,2026-03-31,2026-06-23 16:00,2026-06-23
S100YIC9,E00345,20010,株式会社ニップン,2026-03-31,2026-06-23 16:00,2026-06-23
S100YHPC,E26061,49770,新田ゼラチン株式会社,2026-03-31,2026-06-23 16:00,2026-06-23
S100YEQL,E02025,64240,株式会社高見沢サイバネティックス,2026-03-31,2026-06-23 16:01,2026-06-23
S100YIDD,E01905,69510,日本電子株式会社,2026-03-31,2026-06-23 16:01,2026-06-23
S100YFAJ,E30479,66160,トレックス・セミコンダクター株式会社,2026-03-31,2026-06-23 16:01,2026-06-23
S100YGQ4,E02856,75250,リックス株式会社,2026-03-31,2026-06-23 16:02,2026-06-23
S100YGY5,E04197,90730,京極運輸商事株式会社,2026-03-31,2026-06-23 16:03,2026-06-23
S100YID4,E27759,32910,飯田グループホールディングス株式会社,2026-03-31,2026-06-23 16:03,2026-06-23
S100YGI5,E03764,86160,東海東京フィナンシャル・ホールディングス株式会社,2026-03-31,2026-06-23 16:05,2026-06-23
S100YF38,E01515,62030,豊和工業株式会社,2026-03-31,2026-06-23 16:05,2026-06-23
S100YF19,E00973,45520,ＪＣＲファーマ株式会社,2026-03-31,2026-06-23 16:06,2026-06-23
S100YIBT,E04337,93600,鈴与シンワート株式会社,2026-03-31,2026-06-23 16:06,2026-06-23
S100YIDU,E00142,19290,日特建設株式会社,2026-03-31,2026-06-23 16:07,2026-06-23
S100YI25,E01511,61580,株式会社和井田製作所,2026-03-31,2026-06-23 16:08,2026-06-23
S100YGT4,E00993,49140,高砂香料工業株式会社,2026-03-31,2026-06-23 16:09,2026-06-23
S100YHCS,E02161,72380,曙ブレーキ工業株式会社,2026-03-31,2026-06-23 16:10,2026-06-23
S100YG1L,E02158,72350,東京ラヂエーター製造株式会社,2026-03-31,2026-06-23 16:10,2026-06-23
S100YEX8,E02804,74380,コンドーテック株式会社,2026-03-31,2026-06-23 16:12,2026-06-23
S100YHAT,E32408,39370,株式会社Ｕｂｉｃｏｍホールディングス,2026-03-31,2026-06-23 16:15,2026-06-23
S100YIEN,E34097,70400,株式会社サン・ライフホールディング,2026-03-31,2026-06-23 16:22,2026-06-23
S100YHD7,E01698,64180,日本金銭機械株式会社,2026-03-31,2026-06-23 16:25,2026-06-23
S100YFMB,E02870,75510,株式会社ウェッズ,2026-03-31,2026-06-23 16:25,2026-06-23
S100YGJI,E00603,81110,株式会社ゴールドウイン,2026-03-31,2026-06-23 16:30,2026-06-23
S100YH9L,E01896,69550,ＦＤＫ株式会社,2026-03-31,2026-06-23 16:30,2026-06-23
S100YIA0,E30682,60960,株式会社レアジョブ,2026-03-31,2026-06-23 16:33,2026-06-23
S100YGG0,E02467,78440,株式会社マーベラス,2026-03-31,2026-06-23 16:34,2026-06-23
S100YIGO,E04855,96910,株式会社両毛システムズ,2026-03-31,2026-06-23 16:35,2026-06-23
S100YCN8,E04239,91100,ＮＳユナイテッド海運株式会社,2026-03-31,2026-06-23 16:38,2026-06-23
S100YIBR,E01585,63050,日立建機株式会社,2026-03-31,2026-06-23 16:40,2026-06-23
S100YH80,E04995,46850,株式会社菱友システムズ,2026-03-31,2026-06-23 16:43,2026-06-23
S100YGR9,E01353,59010,東洋製罐グループホールディングス株式会社,2026-03-31,2026-06-23 16:43,2026-06-23
S100YH2V,E05432,37530,株式会社フライトソリューションズ,2026-03-31,2026-06-23 16:43,2026-06-23
S100YGRC,E00525,31010,東洋紡株式会社,2026-03-31,2026-06-23 17:00,2026-06-23
S100YGTS,E02769,99600,東テク株式会社,2026-03-31,2026-06-23 17:01,2026-06-23
S100YGHF,E36466,29330,株式会社紀文食品,2026-03-31,2026-06-23 17:03,2026-06-23
S100YIJ0,E02189,64930,株式会社ＮＩＴＴＡＮ,2026-03-31,2026-06-23 17:05,2026-06-23
S100YHZV,E01773,67530,シャープ株式会社,2026-03-31,2026-06-23 17:10,2026-06-23
S100YGVT,E37914,51330,株式会社テリロジーホールディングス,2026-03-31,2026-06-23 17:14,2026-06-23
S100YH8N,E05606,30420,株式会社セキュアヴェイル,2026-03-31,2026-06-24 09:00,2026-06-24
S100YH4H,E01855,18320,株式会社北海電工,2026-03-31,2026-06-24 09:00,2026-06-24
S100YEPB,E00355,21080,日本甜菜製糖株式会社,2026-03-31,2026-06-24 09:00,2026-06-24
S100YGAU,E01014,43660,ダイトーケミックス株式会社,2026-03-31,2026-06-24 09:00,2026-06-24
S100YHQB,E36627,77910,ドリームベッド株式会社,2026-03-31,2026-06-24 09:00,2026-06-24
S100YHO7,E04821,85960,株式会社九州リースサービス,2026-03-31,2026-06-24 09:01,2026-06-24
S100YI5H,E05236,43230,日本システム技術株式会社,2026-03-31,2026-06-24 09:01,2026-06-24
S100YH2R,E03418,27820,株式会社セリア,2026-03-31,2026-06-24 09:01,2026-06-24
S100YI2H,E04049,89950,株式会社誠建設工業,2026-03-31,2026-06-24 09:03,2026-06-24
S100YGL7,E04289,93100,日本トランスシティ株式会社,2026-03-31,2026-06-24 09:04,2026-06-24
S100YHAB,E00081,18880,若築建設株式会社,2026-03-31,2026-06-24 09:04,2026-06-24
S100YGM1,E35466,44910,コンピューターマネージメント株式会社,2026-03-31,2026-06-24 09:05,2026-06-24
S100YHRE,E01366,59740,中国工業株式会社,2026-03-31,2026-06-24 09:06,2026-06-24
S100YFMZ,E04742,,ゴールドウイン開発株式会社,2026-03-31,2026-06-24 09:07,2026-06-24
S100YHGQ,E01550,61110,旭精機工業株式会社,2026-03-31,2026-06-24 09:08,2026-06-24
S100YFLV,E01212,52850,株式会社ヤマックス,2026-03-31,2026-06-24 09:08,2026-06-24
S100YHHC,E01510,61550,高松機械工業株式会社,2026-03-31,2026-06-24 09:09,2026-06-24
S100YHN2,E02406,79550,クリナップ株式会社,2026-03-31,2026-06-24 09:10,2026-06-24
S100YHND,E03432,33170,株式会社フライングガーデン,2026-03-31,2026-06-24 09:10,2026-06-24
S100YA7K,E04283,93010,三菱倉庫株式会社,2026-03-31,2026-06-24 09:10,2026-06-24
S100YGNL,E00529,31070,ダイワボウホールディングス株式会社,2026-03-31,2026-06-24 09:11,2026-06-24
S100YIL8,E39785,256A0,飛島ホールディングス株式会社,2026-03-31,2026-06-24 09:12,2026-06-24
S100YILD,E00121,18260,佐田建設株式会社,2026-03-31,2026-06-24 09:13,2026-06-24
S100YC9N,E01242,54800,日本冶金工業株式会社,2026-03-31,2026-06-24 09:14,2026-06-24
S100YHT7,E01147,53570,株式会社　ヨータイ,2026-03-31,2026-06-24 09:15,2026-06-24
S100YITS,E36190,48870,サワイグループホールディングス株式会社,2026-03-31,2026-06-24 09:18,2026-06-24
S100YIQG,E01786,67680,株式会社タムラ製作所,2026-03-31,2026-06-24 09:19,2026-06-24
S100YFR1,E02227,72710,株式会社安永,2026-03-31,2026-06-24 09:20,2026-06-24
S100YHKS,E34851,73450,株式会社アイ・パートナーズフィナンシャル,2026-03-31,2026-06-24 09:20,2026-06-24
S100YIAX,E02839,74820,株式会社シモジマ,2026-03-31,2026-06-24 09:21,2026-06-24
S100YHET,E00541,31130,株式会社ＵＮＩＶＡ・Ｏａｋホールディングス,2026-03-31,2026-06-24 09:30,2026-06-24
S100YHIJ,E01126,52100,日本山村硝子株式会社,2026-03-31,2026-06-24 09:30,2026-06-24
S100YI7P,E01539,63350,株式会社東京機械製作所,2026-03-31,2026-06-24 09:30,2026-06-24
S100YI8J,E00255,17930,株式会社大本組,2026-03-31,2026-06-24 09:31,2026-06-24
S100YHFR,E02424,64190,株式会社マースグループホールディングス,2026-03-31,2026-06-24 09:32,2026-06-24
S100YH20,E03730,,株式会社ホンダファイナンス,2026-03-31,2026-06-24 09:33,2026-06-24
S100YHPR,E01462,34350,サンコーテクノ株式会社,2026-03-31,2026-06-24 09:33,2026-06-24
S100YIVN,E01759,66510,日東工業株式会社,2026-03-31,2026-06-24 09:33,2026-06-24
S100YGVK,E01456,64670,株式会社ニチダイ,2026-03-31,2026-06-24 09:34,2026-06-24
S100YFFX,E05262,43410,西菱電機株式会社,2026-03-31,2026-06-24 09:35,2026-06-24
S100YHDE,E02855,75210,株式会社ムサシ,2026-03-31,2026-06-24 09:36,2026-06-24
S100YHHO,E04506,95080,九州電力株式会社,2026-03-31,2026-06-24 09:37,2026-06-24
S100YHFB,E32146,35370,昭栄薬品株式会社,2026-03-31,2026-06-24 09:41,2026-06-24
S100YHYX,E04462,46760,株式会社フジ・メディア・ホールディングス,2026-03-31,2026-06-24 09:44,2026-06-24
S100YIVY,E21815,93850,株式会社ショーエイコーポレーション,2026-03-31,2026-06-24 09:45,2026-06-24
S100YIXB,E00573,35120,日本フエルト株式会社,2026-03-31,2026-06-24 09:45,2026-06-24
S100YI45,E00630,78980,株式会社ウッドワン,2026-03-31,2026-06-24 09:45,2026-06-24
S100YFXZ,E04499,95030,関西電力株式会社,2026-03-31,2026-06-24 09:48,2026-06-24
S100YIYA,E01143,52680,旭コンクリート工業株式会社,2026-03-31,2026-06-24 09:51,2026-06-24
S100YIO7,E01531,62220,株式会社島精機製作所,2026-03-31,2026-06-24 09:52,2026-06-24
S100YIQF,E05440,24250,株式会社ケアサービス,2026-03-31,2026-06-24 09:52,2026-06-24
S100YI2O,E01842,68230,リオン株式会社,2026-03-31,2026-06-24 09:53,2026-06-24
S100YIXL,E04334,90750,福山通運株式会社,2026-03-31,2026-06-24 09:55,2026-06-24
S100YHF5,E04395,,北日本放送株式会社,2026-03-31,2026-06-24 09:55,2026-06-24
S100YHJ7,E01887,68440,新電元工業株式会社,2026-03-31,2026-06-24 09:56,2026-06-24
S100YHI4,E04293,93120,ケイヒン株式会社,2026-03-31,2026-06-24 09:56,2026-06-24
S100YILW,E05579,24830,株式会社翻訳センター,2026-03-31,2026-06-24 09:58,2026-06-24
S100YIW1,E00026,57290,日本精鉱株式会社,2026-03-31,2026-06-24 09:59,2026-06-24
S100YILN,E00250,17990,第一建設工業株式会社,2026-03-31,2026-06-24 10:00,2026-06-24
S100YDW9,E01268,56020,株式会社栗本鐵工所,2026-03-31,2026-06-24 10:00,2026-06-24
S100YIIM,E04908,96160,株式会社共立メンテナンス,2026-03-31,2026-06-24 10:00,2026-06-24
S100YH26,E35597,29840,ヤマイチエステート株式会社,2026-03-31,2026-06-24 10:00,2026-06-24
S100YD3Q,E00472,29020,太陽化学株式会社,2026-03-31,2026-06-24 10:00,2026-06-24
S100YGU8,E00886,44090,東邦化学工業株式会社,2026-03-31,2026-06-24 10:02,2026-06-24
S100YIY2,E01008,42120,積水樹脂株式会社,2026-03-31,2026-06-24 10:02,2026-06-24
S100YG4R,E01583,63900,株式会社加藤製作所,2026-03-31,2026-06-24 10:02,2026-06-24
S100YF97,E00481,29080,フジッコ株式会社,2026-03-31,2026-06-24 10:03,2026-06-24
S100YHJG,E04302,,鈴江コーポレーション株式会社,2026-03-31,2026-06-24 10:04,2026-06-24
S100YDH0,E04502,95020,中部電力株式会社,2026-03-31,2026-06-24 10:04,2026-06-24
S100YFQL,E01570,63670,ダイキン工業株式会社,2026-03-31,2026-06-24 10:06,2026-06-24
S100YIXT,E03227,99940,株式会社やまや,2026-03-31,2026-06-24 10:08,2026-06-24
S100YIML,E00759,40210,日産化学株式会社,2026-03-31,2026-06-24 10:09,2026-06-24
S100YH1Y,E01127,52320,住友大阪セメント株式会社,2026-03-31,2026-06-24 10:10,2026-06-24
S100YH7K,E32448,,野村貿易株式会社,2026-03-31,2026-06-24 10:12,2026-06-24
S100YHX1,E05487,37710,株式会社システムリサーチ,2026-03-31,2026-06-24 10:14,2026-06-24
S100YDPT,E01461,34310,宮地エンジニアリンググループ株式会社,2026-03-31,2026-06-24 10:21,2026-06-24
S100YH1G,E00562,35690,セーレン株式会社,2026-03-31,2026-06-24 10:22,2026-06-24
S100YGGI,E00058,18120,鹿島建設株式会社,2026-03-31,2026-06-24 10:22,2026-06-24
S100YIO8,E02572,80520,椿本興業株式会社,2026-03-31,2026-06-24 10:23,2026-06-24
S100YHU2,E02059,67270,株式会社ワコム,2026-03-31,2026-06-24 10:23,2026-06-24
S100YI5M,E04018,89200,株式会社　東　祥,2026-03-31,2026-06-24 10:24,2026-06-24
S100YH23,E04505,95070,四国電力株式会社,2026-03-31,2026-06-24 10:24,2026-06-24
S100YI94,E37589,71400,ペットゴー株式会社,2026-03-31,2026-06-24 10:25,2026-06-24
S100YJ0B,E03225,99900,株式会社サックスバーホールディングス,2026-03-31,2026-06-24 10:30,2026-06-24
S100YIA9,E37986,58340,ＳＢＩリーシングサービス株式会社,2026-03-31,2026-06-24 10:30,2026-06-24
S100YJ15,E00832,46200,藤倉化成株式会社,2026-03-31,2026-06-24 10:32,2026-06-24
S100YJ0X,E01628,62460,株式会社テクノスマート,2026-03-31,2026-06-24 10:32,2026-06-24
S100YECJ,E26837,,株式会社国際協力銀行,2026-03-31,2026-06-24 10:34,2026-06-24
S100YJ0H,E03421,27900,株式会社ナフコ,2026-03-31,2026-06-24 10:35,2026-06-24
S100Y9OD,E02205,72800,株式会社ミツバ,2026-03-31,2026-06-24 10:36,2026-06-24
S100YI27,E21832,31430,オーウイル株式会社,2026-03-31,2026-06-24 10:38,2026-06-24
S100YHS5,E35589,44960,株式会社コマースＯｎｅホールディングス,2026-03-31,2026-06-24 10:39,2026-06-24
S100YJ1T,E02708,98450,株式会社パーカーコーポレーション,2026-03-31,2026-06-24 10:39,2026-06-24
S100YJ27,E02779,99860,蔵王産業株式会社,2026-03-31,2026-06-24 10:41,2026-06-24
S100YHOE,E03474,30320,株式会社ゴルフ・ドゥ,2026-03-31,2026-06-24 10:41,2026-06-24
S100YI3U,E00502,20580,株式会社ヒガシマル,2026-03-31,2026-06-24 10:42,2026-06-24
S100YHNA,E35562,70940,株式会社ＮｅｘＴｏｎｅ,2026-03-31,2026-06-24 10:43,2026-06-24
S100YHFG,E02229,72120,株式会社エフテック,2026-03-31,2026-06-24 10:46,2026-06-24
S100YI2B,E23288,31570,ジオリーブグループ株式会社,2026-03-31,2026-06-24 10:48,2026-06-24
S100YDWL,E02639,81150,ムーンバット株式会社,2026-03-31,2026-06-24 10:49,2026-06-24
S100YHXH,E01100,51220,オカモト株式会社,2026-03-31,2026-06-24 10:58,2026-06-24
S100YHWR,E00691,37080,特種東海製紙株式会社,2026-03-31,2026-06-24 10:58,2026-06-24
S100YIIT,E00911,46250,アトミクス株式会社,2026-03-31,2026-06-24 11:00,2026-06-24
S100YH9N,E03838,,東日本建設業保証株式会社,2026-03-31,2026-06-24 11:02,2026-06-24
S100YIHV,E00842,41000,戸田工業株式会社,2026-03-31,2026-06-24 11:04,2026-06-24
S100YFRS,E05664,38370,アドソル日進株式会社,2026-03-31,2026-06-24 11:05,2026-06-24
S100YHO8,E01903,68490,日本光電工業株式会社,2026-03-31,2026-06-24 11:07,2026-06-24
S100YHM2,E02280,80500,セイコーグループ株式会社,2026-03-31,2026-06-24 11:09,2026-06-24
S100YDDI,E23582,,株式会社日本政策金融公庫,2026-03-31,2026-06-24 11:09,2026-06-24
S100YIH4,E03090,81630,ＳＲＳホールディングス株式会社,2026-03-31,2026-06-24 11:10,2026-06-24
S100YINX,E01131,53550,日本坩堝株式会社,2026-03-31,2026-06-24 11:10,2026-06-24
S100YIKI,E04657,,遠州開発株式会社,2026-03-31,2026-06-24 11:13,2026-06-24
S100YJ18,E35948,285A0,キオクシアホールディングス株式会社,2026-03-31,2026-06-24 11:15,2026-06-24
S100YITC,E00055,18020,株式会社大林組,2026-03-31,2026-06-24 11:16,2026-06-24
S100YJ53,E01538,63340,明治機械株式会社,2026-03-31,2026-06-24 11:17,2026-06-24
S100YI52,E04198,90760,セイノーホールディングス株式会社,2026-03-31,2026-06-24 11:20,2026-06-24
S100YIGD,E03108,82070,テンアライド株式会社,2026-03-31,2026-06-24 11:21,2026-06-24
S100YHQM,E05640,38170,株式会社ＳＲＡホールディングス,2026-03-31,2026-06-24 11:24,2026-06-24
S100YHQX,E35303,29810,株式会社ランディックス,2026-03-31,2026-06-24 11:25,2026-06-24
S100YI9L,E01373,59230,高田機工株式会社,2026-03-31,2026-06-24 11:25,2026-06-24
S100YHL0,E02450,78670,株式会社タカラトミー,2026-03-31,2026-06-24 11:27,2026-06-24
S100YGKZ,E05496,37730,株式会社アドバンスト・メディア,2026-03-31,2026-06-24 11:29,2026-06-24
S100YCF0,E01332,58010,古河電気工業株式会社,2026-03-31,2026-06-24 11:32,2026-06-24
S100YEJV,E03295,75620,株式会社安楽亭,2026-03-31,2026-06-24 11:36,2026-06-24
S100YIHR,E04498,95010,東京電力ホールディングス株式会社,2026-03-31,2026-06-24 11:36,2026-06-24
S100YJ5I,E03858,88030,平和不動産株式会社,2026-03-31,2026-06-24 11:37,2026-06-24
S100YI28,E00947,45340,持田製薬株式会社,2026-03-31,2026-06-24 11:39,2026-06-24
S100YI7T,E00390,33460,ヒロタグループホールディングス株式会社,2026-03-31,2026-06-24 11:39,2026-06-24
S100YJ6N,E00023,57130,住友金属鉱山株式会社,2026-03-31,2026-06-24 11:40,2026-06-24
S100YIEP,E32215,,東京電力パワーグリッド株式会社,2026-03-31,2026-06-24 11:41,2026-06-24
S100YHOL,E04101,90480,名古屋鉄道株式会社,2026-03-31,2026-06-24 11:43,2026-06-24
S100YJ78,E01704,63070,サンセイ株式会社,2026-03-31,2026-06-24 11:44,2026-06-24
S100YHRO,E00804,44620,石原ケミカル株式会社,2026-03-31,2026-06-24 11:48,2026-06-24
S100YHZG,E02126,70110,三菱重工業株式会社,2026-03-31,2026-06-24 11:49,2026-06-24
S100YIRK,E01548,62450,株式会社ヒラノテクシード,2026-03-31,2026-06-24 11:51,2026-06-24
S100YH9V,E32795,65380,株式会社ディスラプターズ,2026-03-31,2026-06-24 11:51,2026-06-24
S100YIHP,E01744,65080,株式会社明電舎,2026-03-31,2026-06-24 11:54,2026-06-24
S100YIPO,E36432,,東京電力リニューアブルパワー株式会社,2026-03-31,2026-06-24 11:55,2026-06-24
S100YFZB,E01651,63470,株式会社プラコー,2026-03-31,2026-06-24 11:56,2026-06-24
S100YIQ8,E01107,51890,櫻護謨株式会社,2026-03-31,2026-06-24 11:59,2026-06-24
S100YFD2,E01409,59580,三洋工業株式会社,2026-03-31,2026-06-24 12:00,2026-06-24
S100YDV3,E02588,80250,株式会社ツカモトコーポレーション,2026-03-31,2026-06-24 12:00,2026-06-24
S100YIP6,E01400,59760,高周波熱錬株式会社,2026-03-31,2026-06-24 12:00,2026-06-24
S100YHOR,E02786,99960,株式会社サトー商会,2026-03-31,2026-06-24 12:02,2026-06-24
S100YJ31,E39283,,ＪＳＲ株式会社,2026-03-31,2026-06-24 12:05,2026-06-24
S100YIRG,E03997,88970,ＭＩＲＡＲＴＨホールディングス株式会社,2026-03-31,2026-06-24 12:08,2026-06-24
S100YJ6A,E01873,67240,セイコーエプソン株式会社,2026-03-31,2026-06-24 12:11,2026-06-24
S100YCFW,E21514,21790,株式会社成学社,2026-03-31,2026-06-24 12:15,2026-06-24
S100YIVE,E01547,63420,株式会社太平製作所,2026-03-31,2026-06-24 12:20,2026-06-24
S100YJ7S,E02602,80660,三谷商事株式会社,2026-03-31,2026-06-24 12:23,2026-06-24
S100YJ8W,E02377,79910,マミヤ・オーピー株式会社,2026-03-31,2026-06-24 12:25,2026-06-24
S100YGEJ,E39158,58700,株式会社ナルネットコミュニケーションズ,2026-03-31,2026-06-24 12:27,2026-06-24
S100YBLA,E03856,88020,三菱地所株式会社,2026-03-31,2026-06-24 12:30,2026-06-24
S100YI5J,E04286,93040,澁澤倉庫株式会社,2026-03-31,2026-06-24 12:40,2026-06-24
S100YI56,E02407,79500,日本デコラックス株式会社,2026-03-31,2026-06-24 12:44,2026-06-24
S100YIEI,E02004,69120,菊水ホールディングス株式会社,2026-03-31,2026-06-24 12:47,2026-06-24
S100YI6G,E03276,75230,アールビバン株式会社,2026-03-31,2026-06-24 12:50,2026-06-24
S100YHWG,E02043,68550,日本電子材料株式会社,2026-03-31,2026-06-24 12:54,2026-06-24
S100YIPK,E25648,21170,ウェルネオシュガー株式会社,2026-03-31,2026-06-24 13:00,2026-06-24
S100YJAF,E02428,79020,株式会社ソノコム,2026-03-31,2026-06-24 13:00,2026-06-24
S100YFNV,E02252,72240,新明和工業株式会社,2026-03-31,2026-06-24 13:00,2026-06-24
S100YI50,E02138,71220,近畿車輛株式会社,2026-03-31,2026-06-24 13:00,2026-06-24
S100YIDK,E05428,24150,ヒューマンホールディングス株式会社,2026-03-31,2026-06-24 13:00,2026-06-24
S100YIB6,E40668,368A0,株式会社北里コーポレーション,2026-03-31,2026-06-24 13:01,2026-06-24
S100YHJV,E39254,167A0,リョーサン菱洋ホールディングス株式会社,2026-03-31,2026-06-24 13:01,2026-06-24
S100YII7,E02739,98180,大丸エナウィン株式会社,2026-03-31,2026-06-24 13:01,2026-06-24
S100YJ02,E05682,38450,株式会社アイフリークモバイル,2026-03-31,2026-06-24 13:01,2026-06-24
S100YHSN,E02608,81290,東邦ホールディングス株式会社,2026-03-31,2026-06-24 13:02,2026-06-24
S100YIEJ,E02684,80710,東海エレクトロニクス株式会社,2026-03-31,2026-06-24 13:03,2026-06-24
S100YI48,E04123,90330,広島電鉄株式会社,2026-03-31,2026-06-24 13:04,2026-06-24
S100YFE2,E00791,41020,丸尾カルシウム株式会社,2026-03-31,2026-06-24 13:04,2026-06-24
S100YGE8,E00796,40980,チタン工業株式会社,2026-03-31,2026-06-24 13:05,2026-06-24
S100YHMT,E00105,18270,株式会社ナカノフドー建設,2026-03-31,2026-06-24 13:05,2026-06-24
S100YHTN,E01803,67440,能美防災株式会社,2026-03-31,2026-06-24 13:05,2026-06-24
S100YI3N,E02584,80890,ナイス株式会社,2026-03-31,2026-06-24 13:05,2026-06-24
S100YHR0,E36098,62290,株式会社オーケーエム,2026-03-31,2026-06-24 13:06,2026-06-24
S100YJ2N,E00386,22210,岩塚製菓株式会社,2026-03-31,2026-06-24 13:09,2026-06-24
S100YHL2,E01684,62860,靜甲株式会社,2026-03-31,2026-06-24 13:09,2026-06-24
S100YHWF,E04540,97130,株式会社ロイヤルホテル,2026-03-31,2026-06-24 13:10,2026-06-24
S100YIWC,E02387,72840,盟和産業株式会社,2026-03-31,2026-06-24 13:10,2026-06-24
S100YI9F,E36123,76940,株式会社いつも,2026-03-31,2026-06-24 13:11,2026-06-24
S100YDH8,E00335,22810,プリマハム株式会社,2026-03-31,2026-06-24 13:11,2026-06-24
S100YGZE,E34137,52900,株式会社ベルテクスコーポレーション,2026-03-31,2026-06-24 13:11,2026-06-24
S100YJ84,E02093,66660,リバーエレテック株式会社,2026-03-31,2026-06-24 13:14,2026-06-24
S100YI1U,E04375,94010,株式会社ＴＢＳホールディングス,2026-03-31,2026-06-24 13:14,2026-06-24
S100YICQ,E00780,40780,堺化学工業株式会社,2026-03-31,2026-06-24 13:15,2026-06-24
S100YJCA,E35308,44830,株式会社ＪＭＤＣ,2026-03-31,2026-06-24 13:17,2026-06-24
S100YHY5,E00376,22070,株式会社ｍｅｉｔｏ,2026-03-31,2026-06-24 13:17,2026-06-24
S100YFL1,E04097,90030,相鉄ホールディングス株式会社,2026-03-31,2026-06-24 13:18,2026-06-24
S100YI4G,E02773,35980,山喜株式会社,2026-03-31,2026-06-24 13:19,2026-06-24
S100YJBO,E37221,92560,株式会社サクシード,2026-03-31,2026-06-24 13:19,2026-06-24
S100YIXJ,E05107,47710,株式会社エフアンドエム,2026-03-31,2026-06-24 13:19,2026-06-24
S100YGRD,E00877,34070,旭化成株式会社,2026-03-31,2026-06-24 13:25,2026-06-24
S100YIEX,E03763,87080,アイザワ証券グループ株式会社,2026-03-31,2026-06-24 13:28,2026-06-24
S100YITF,E40432,336A0,ダイナミックマッププラットフォーム株式会社,2026-03-31,2026-06-24 13:29,2026-06-24
S100YERJ,E01880,69230,スタンレー電気株式会社,2026-03-31,2026-06-24 13:29,2026-06-24
S100YI6A,E01859,68220,大井電気株式会社,2026-03-31,2026-06-24 13:29,2026-06-24
S100YITH,E02334,77170,株式会社ブイ・テクノロジー,2026-03-31,2026-06-24 13:30,2026-06-24
S100YCUF,E01235,54100,合同製鐵株式会社,2026-03-31,2026-06-24 13:30,2026-06-24
S100YJCY,E00910,46240,イサム塗料株式会社,2026-03-31,2026-06-24 13:30,2026-06-24
S100YIXP,E02683,80230,ＤＡＩＫＯ　ＸＴＥＣＨ株式会社,2026-03-31,2026-06-24 13:30,2026-06-24
S100YH0E,E03842,,トーア再保険株式会社,2026-03-31,2026-06-24 13:31,2026-06-24
S100YHH0,E03330,76340,株式会社星医療酸器,2026-03-31,2026-06-24 13:33,2026-06-24
S100YJBN,E01230,72310,トピー工業株式会社,2026-03-31,2026-06-24 13:33,2026-06-24
S100YHPM,E32189,62370,株式会社イワキ,2026-03-31,2026-06-24 13:33,2026-06-24
S100YIA1,E01321,57570,株式会社ＣＫサンエツ,2026-03-31,2026-06-24 13:39,2026-06-24
S100YIKH,E00076,19460,株式会社トーエネック,2026-03-31,2026-06-24 13:41,2026-06-24
S100YGEM,E00520,30020,グンゼ株式会社,2026-03-31,2026-06-24 13:42,2026-06-24
S100YI00,E00207,19300,北陸電気工事株式会社,2026-03-31,2026-06-24 13:46,2026-06-24
S100YHTZ,E04367,,成田国際空港株式会社,2026-03-31,2026-06-24 13:48,2026-06-24
S100YHI1,E05543,37790,ジェイ・エスコムホールディングス株式会社,2026-03-31,2026-06-24 13:49,2026-06-24
S100YJDD,E04382,94070,株式会社ＲＫＢ毎日ホールディングス,2026-03-31,2026-06-24 13:49,2026-06-24
S100YJEG,E04351,,関西国際空港土地保有株式会社,2026-03-31,2026-06-24 13:50,2026-06-24
S100YIMB,E01847,68640,株式会社エヌエフホールディングス,2026-03-31,2026-06-24 13:50,2026-06-24
S100YI8I,E00036,15150,日鉄鉱業株式会社,2026-03-31,2026-06-24 13:52,2026-06-24
S100YIPZ,E32158,34670,アグレ都市デザイン株式会社,2026-03-31,2026-06-24 13:52,2026-06-24
S100YI97,E04155,90170,新潟交通株式会社,2026-03-31,2026-06-24 13:53,2026-06-24
S100YIOW,E01045,49660,上村工業株式会社,2026-03-31,2026-06-24 14:00,2026-06-24
S100YIHY,E00331,22640,森永乳業株式会社,2026-03-31,2026-06-24 14:00,2026-06-24
S100YIDC,E00032,57150,古河機械金属株式会社,2026-03-31,2026-06-24 14:00,2026-06-24
S100YIPR,E00179,18670,株式会社植木組,2026-03-31,2026-06-24 14:00,2026-06-24
S100YI1J,E01142,52690,日本コンクリート工業株式会社,2026-03-31,2026-06-24 14:02,2026-06-24
S100YJ24,E00069,18110,株式会社錢高組,2026-03-31,2026-06-24 14:03,2026-06-24
S100YGG5,E01236,56090,日本鋳造株式会社,2026-03-31,2026-06-24 14:04,2026-06-24
S100Y38P,E01993,69180,株式会社アバールデータ,2026-03-31,2026-06-24 14:04,2026-06-24
S100YJEE,E00167,18070,株式会社佐藤渡辺,2026-03-31,2026-06-24 14:07,2026-06-24
S100YGYV,E04242,91150,明海グループ株式会社,2026-03-31,2026-06-24 14:07,2026-06-24
S100YFEX,E37147,44170,グローバルセキュリティエキスパート株式会社,2026-03-31,2026-06-24 14:10,2026-06-24
S100YJDW,E01939,68060,ヒロセ電機株式会社,2026-03-31,2026-06-24 14:11,2026-06-24
S100YHJY,E01748,66230,愛知電機株式会社,2026-03-31,2026-06-24 14:12,2026-06-24
S100YJGX,E03289,45580,株式会社中京医薬品,2026-03-31,2026-06-24 14:12,2026-06-24
S100YIJB,E02444,78740,レック株式会社,2026-03-31,2026-06-24 14:16,2026-06-24
S100YJBK,E00092,19450,株式会社東京エネシス,2026-03-31,2026-06-24 14:17,2026-06-24
S100YJF1,E03967,88690,明和地所株式会社,2026-03-31,2026-06-24 14:23,2026-06-24
S100YIAY,E00692,79110,ＴＯＰＰＡＮホールディングス株式会社,2026-03-31,2026-06-24 14:25,2026-06-24
S100YIQZ,E37222,42650,Ｉｎｓｔｉｔｕｔｉｏｎ　ｆｏｒ　ａ　Ｇｌｏｂａｌ　Ｓｏｃｉｅｔｙ株式会社,2026-03-31,2026-06-24 14:26,2026-06-24
S100YJHR,E01177,53420,ジャニス工業株式会社,2026-03-31,2026-06-24 14:26,2026-06-24
S100YJHZ,E27012,,新関西国際空港株式会社,2026-03-31,2026-06-24 14:27,2026-06-24
S100YJ3Z,E01811,67720,東京コスモス電機株式会社,2026-03-31,2026-06-24 14:28,2026-06-24
S100YJII,E04113,,静岡鉄道株式会社,2026-03-31,2026-06-24 14:29,2026-06-24
S100YJ7H,E01928,69260,岡谷電機産業株式会社,2026-03-31,2026-06-24 14:29,2026-06-24
S100YIVA,E01229,54080,株式会社中山製鋼所,2026-03-31,2026-06-24 14:30,2026-06-24
S100YJIY,E02547,30230,ラサ商事株式会社,2026-03-31,2026-06-24 14:30,2026-06-24
S100YJ07,E04887,96440,株式会社タナベコンサルティンググループ,2026-03-31,2026-06-24 14:32,2026-06-24
S100YILP,E21902,22690,明治ホールディングス株式会社,2026-03-31,2026-06-24 14:35,2026-06-24
S100YHLE,E03908,,大栄不動産株式会社,2026-03-31,2026-06-24 14:36,2026-06-24
S100YJJR,E03932,,株式会社鹿児島県プロパンガス会館,2026-03-31,2026-06-24 14:39,2026-06-24
S100YJJW,E01378,59810,東京製綱株式会社,2026-03-31,2026-06-24 14:39,2026-06-24
S100YJH7,E01947,68100,マクセル株式会社,2026-03-31,2026-06-24 14:40,2026-06-24
S100YHJQ,E03193,99360,株式会社王将フードサービス,2026-03-31,2026-06-24 14:43,2026-06-24
S100YIP2,E38688,48940,クオリプス株式会社,2026-03-31,2026-06-24 14:43,2026-06-24
S100YHQP,E00137,19340,株式会社ユアテック,2026-03-31,2026-06-24 14:46,2026-06-24
S100YIDL,E01422,59400,不二サッシ株式会社,2026-03-31,2026-06-24 14:47,2026-06-24
S100YGR4,E04342,93620,兵機海運株式会社,2026-03-31,2026-06-24 14:52,2026-06-24
S100YJ5D,E02724,98800,イノテック株式会社,2026-03-31,2026-06-24 14:53,2026-06-24
S100YJLC,E01874,66750,サクサ株式会社,2026-03-31,2026-06-24 14:53,2026-06-24
S100YIYI,E01813,67760,天昇電気工業株式会社,2026-03-31,2026-06-24 14:53,2026-06-24
S100YFO0,E04157,,株式会社　ヤマコー,2026-03-31,2026-06-24 14:55,2026-06-24
S100YE5Q,E00767,40420,東ソー株式会社,2026-03-31,2026-06-24 14:56,2026-06-24
S100YHZP,E04326,93550,株式会社リンコーコーポレーション,2026-03-31,2026-06-24 14:56,2026-06-24
S100YIUO,E23479,49260,株式会社シーボン,2026-03-31,2026-06-24 15:00,2026-06-24
S100YJLO,E33790,70900,株式会社リグア,2026-03-31,2026-06-24 15:00,2026-06-24
S100YI2W,E02354,77490,メディキット株式会社,2026-03-31,2026-06-24 15:02,2026-06-24
S100YIM9,E02574,80430,スターゼン株式会社,2026-03-31,2026-06-24 15:03,2026-06-24
S100YIK2,E00098,19260,ライト工業株式会社,2026-03-31,2026-06-24 15:04,2026-06-24
S100YJME,E01172,49900,昭和化学工業株式会社,2026-03-31,2026-06-24 15:04,2026-06-24
S100YJMS,E26454,60590,株式会社ウチヤマホールディングス,2026-03-31,2026-06-24 15:04,2026-06-24
S100YJMR,E05238,88980,株式会社センチュリー２１・ジャパン,2026-03-31,2026-06-24 15:07,2026-06-24
S100YJNO,E33345,66950,株式会社キャストリコ,2026-03-31,2026-06-24 15:07,2026-06-24
S100YJ5M,E03229,99970,株式会社ベルーナ,2026-03-31,2026-06-24 15:13,2026-06-24
S100YHL1,E33819,34890,株式会社フェイスネットワーク,2026-03-31,2026-06-24 15:15,2026-06-24
S100YJMT,E04034,89380,グローム・ホールディングス株式会社,2026-03-31,2026-06-24 15:15,2026-06-24
S100YJON,E34754,44360,株式会社ミンカブ・ジ・インフォノイド,2026-03-31,2026-06-24 15:16,2026-06-24
S100YHXW,E27633,32890,東急不動産ホールディングス株式会社,2026-03-31,2026-06-24 15:17,2026-06-24
S100YJOL,E32794,39790,株式会社うるる,2026-03-31,2026-06-24 15:18,2026-06-24
S100YISC,E04510,95130,電源開発株式会社,2026-03-31,2026-06-24 15:19,2026-06-24
S100YIKY,E04044,89990,グランディハウス株式会社,2026-03-31,2026-06-24 15:19,2026-06-24
S100YJFL,E01590,64360,アマノ株式会社,2026-03-31,2026-06-24 15:20,2026-06-24
S100YEHT,E27210,31830,ウイン・パートナーズ株式会社,2026-03-31,2026-06-24 15:30,2026-06-24
S100YIVJ,E01693,64850,前澤給装工業株式会社,2026-03-31,2026-06-24 15:30,2026-06-24
S100YHLG,E02442,59560,トーソー株式会社,2026-03-31,2026-06-24 15:30,2026-06-24
S100YHX3,E05686,21480,アイティメディア株式会社,2026-03-31,2026-06-24 15:30,2026-06-24
S100YIJ8,E32420,35420,株式会社ベガコーポレーション,2026-03-31,2026-06-24 15:30,2026-06-24
S100YI8X,E01790,67070,サンケン電気株式会社,2026-03-31,2026-06-24 15:30,2026-06-24
S100YH55,E37435,50330,株式会社ヌーラボ,2026-03-31,2026-06-24 15:30,2026-06-24
S100YJ0Y,E27260,31820,オイシックス・ラ・大地株式会社,2026-03-31,2026-06-24 15:30,2026-06-24
S100YI3A,E31632,50210,コスモエネルギーホールディングス株式会社,2026-03-31,2026-06-24 15:30,2026-06-24
S100Y7GN,E04944,97800,株式会社ハリマビステム,2026-03-31,2026-06-24 15:30,2026-06-24
S100YJOM,E34318,45980,ＤｅｌｔａーＦｌｙ　Ｐｈａｒｍａ株式会社,2026-03-31,2026-06-24 15:30,2026-06-24
S100YHIO,E36757,71270,株式会社一家ホールディングス,2026-03-31,2026-06-24 15:30,2026-06-24
S100YGM7,E39662,195A0,株式会社ＭＵＳＣＡＴ　ＧＲＯＵＰ,2026-03-31,2026-06-24 15:30,2026-06-24
S100YJ9I,E04476,94450,株式会社フォーバルテレコム,2026-03-31,2026-06-24 15:30,2026-06-24
S100YCD2,E04414,94090,株式会社テレビ朝日ホールディングス,2026-03-31,2026-06-24 15:30,2026-06-24
S100YHT5,E04920,97990,旭情報サービス株式会社,2026-03-31,2026-06-24 15:31,2026-06-24
S100YIC7,E00233,19040,大成温調株式会社,2026-03-31,2026-06-24 15:31,2026-06-24
S100YIGL,E04323,93110,アサガミ株式会社,2026-03-31,2026-06-24 15:31,2026-06-24
S100YGT9,E38478,52530,カバー株式会社,2026-03-31,2026-06-24 15:32,2026-06-24
S100YI9P,E37146,44160,株式会社Ｔｒｕｅ　Ｄａｔａ,2026-03-31,2026-06-24 15:32,2026-06-24
S100YJHT,E05645,38250,株式会社リミックスポイント,2026-03-31,2026-06-24 15:32,2026-06-24
S100YE68,E04503,95050,北陸電力株式会社,2026-03-31,2026-06-24 15:32,2026-06-24
S100YIYU,E31958,61850,ＳＭＮ株式会社,2026-03-31,2026-06-24 15:32,2026-06-24
S100YI7S,E04585,96050,東映株式会社,2026-03-31,2026-06-24 15:33,2026-06-24
S100YBQV,E00024,57060,三井金属株式会社,2026-03-31,2026-06-24 15:33,2026-06-24
S100YJEX,E37831,71110,ＩＮＥＳＴ株式会社,2026-03-31,2026-06-24 15:33,2026-06-24
S100YGL9,E00530,31090,シキボウ株式会社,2026-03-31,2026-06-24 15:33,2026-06-24
S100YGM0,E05201,42880,株式会社アズジェント,2026-03-31,2026-06-24 15:33,2026-06-24
S100YIMF,E03144,98430,株式会社ニトリホールディングス,2026-03-31,2026-06-24 15:33,2026-06-24
S100YICV,E04773,97350,セコム株式会社,2026-03-31,2026-06-24 15:33,2026-06-24
S100YJQ6,E03770,86990,ＨＳホールディングス株式会社,2026-03-31,2026-06-24 15:33,2026-06-24
S100YHHQ,E02140,72760,株式会社小糸製作所,2026-03-31,2026-06-24 15:33,2026-06-24
S100YE9G,E03360,26730,夢みつけ隊株式会社,2026-03-31,2026-06-24 15:35,2026-06-24
S100YHY4,E01875,66590,株式会社メディアリンクス,2026-03-31,2026-06-24 15:35,2026-06-24
S100YGQT,E01466,34420,株式会社ＭＩＥコーポレーション,2026-03-31,2026-06-24 15:35,2026-06-24
S100YJDM,E01094,51210,藤倉コンポジット株式会社,2026-03-31,2026-06-24 15:35,2026-06-24
S100YEE3,E33535,14430,技研ホールディングス株式会社,2026-03-31,2026-06-24 15:35,2026-06-24
S100YJIM,E01797,67940,フォスター電機株式会社,2026-03-31,2026-06-24 15:36,2026-06-24
S100YI8U,E36657,73180,セレンディップ・ホールディングス株式会社,2026-03-31,2026-06-24 15:36,2026-06-24
S100YJ71,E03164,98870,株式会社松屋フーズホールディングス,2026-03-31,2026-06-24 15:36,2026-06-24
S100YHPY,E01914,69810,株式会社村田製作所,2026-03-31,2026-06-24 15:37,2026-06-24
S100YF9R,E31955,39290,ソーシャルワイヤー株式会社,2026-03-31,2026-06-24 15:37,2026-06-24
S100YIGR,E27624,42750,株式会社カーリット,2026-03-31,2026-06-24 15:37,2026-06-24
S100YIB1,E02285,77340,理研計器株式会社,2026-03-31,2026-06-24 15:37,2026-06-24
S100YHUO,E03855,88010,三井不動産株式会社,2026-03-31,2026-06-24 15:38,2026-06-24
S100YIQV,E39448,160A0,株式会社アズパートナーズ,2026-03-31,2026-06-24 15:38,2026-06-24
S100YJR8,E38082,92040,スカイマーク株式会社,2026-03-31,2026-06-24 15:38,2026-06-24
S100YJQO,E03606,83060,株式会社三菱ＵＦＪフィナンシャル・グループ,2026-03-31,2026-06-24 15:39,2026-06-24
S100YIGV,E05670,21370,株式会社光ハイツ・ヴェラス,2026-03-31,2026-06-24 15:39,2026-06-24
S100YI0O,E05556,33950,株式会社サンマルクホールディングス,2026-03-31,2026-06-24 15:39,2026-06-24
S100YISS,E01607,64790,ミネベアミツミ株式会社,2026-03-31,2026-06-24 15:40,2026-06-24
S100YJGW,E33247,65490,ディーエムソリューションズ株式会社,2026-03-31,2026-06-24 15:43,2026-06-24
S100YICN,E00388,22240,株式会社コモ,2026-03-31,2026-06-24 15:43,2026-06-24
S100YHOV,E04399,94080,株式会社ＢＳＮメディアホールディングス,2026-03-31,2026-06-24 15:43,2026-06-24
S100YIV6,E04136,90120,秩父鉄道株式会社,2026-03-31,2026-06-24 15:45,2026-06-24
S100YI5D,E03907,88300,住友不動産株式会社,2026-03-31,2026-06-24 15:45,2026-06-24
S100YHYU,E01439,59830,イワブチ株式会社,2026-03-31,2026-06-24 15:45,2026-06-24
S100YINW,E01081,50160,ＪＸ金属株式会社,2026-03-31,2026-06-24 15:46,2026-06-24
S100YHIH,E01979,69410,山一電機株式会社,2026-03-31,2026-06-24 15:46,2026-06-24
S100YIN7,E02864,75370,丸文株式会社,2026-03-31,2026-06-24 15:47,2026-06-24
S100YIBH,E00988,49010,富士フイルムホールディングス株式会社,2026-03-31,2026-06-24 15:49,2026-06-24
S100YIKX,E02228,59700,株式会社ジーテクト,2026-03-31,2026-06-24 15:50,2026-06-24
S100YH0Q,E34031,43860,株式会社ＳＩＧグループ,2026-03-31,2026-06-24 15:50,2026-06-24
S100YJSZ,E03533,,株式会社三菱ＵＦＪ銀行,2026-03-31,2026-06-24 15:51,2026-06-24
S100YIGB,E00153,19750,株式会社朝日工業社,2026-03-31,2026-06-24 15:53,2026-06-24
S100YJ6W,E38491,52580,株式会社トランザクション・メディア・ネットワークス,2026-03-31,2026-06-24 15:55,2026-06-24
S100YI6M,E00185,19380,日本リーテック株式会社,2026-03-31,2026-06-24 15:55,2026-06-24
S100YI0D,E01815,68040,ホシデン株式会社,2026-03-31,2026-06-24 15:56,2026-06-24
S100YHCF,E01884,65880,東芝テック株式会社,2026-03-31,2026-06-24 15:56,2026-06-24
S100YGNM,E02518,80840,株式会社ＲＹＯＤＥＮ,2026-03-31,2026-06-24 15:57,2026-06-24
S100YGFI,E00498,28770,日東ベスト株式会社,2026-03-31,2026-06-24 16:00,2026-06-24
S100YIEL,E01065,49750,株式会社ＪＣＵ,2026-03-31,2026-06-24 16:00,2026-06-24
S100YF82,E11467,,日鉄興和不動産株式会社,2026-03-31,2026-06-24 16:00,2026-06-24
S100YJ2P,E35797,92230,株式会社ＡＳＮＯＶＡ,2026-03-31,2026-06-24 16:00,2026-06-24
S100YHXB,E01581,63800,オリエンタルチエン工業株式会社,2026-03-31,2026-06-24 16:00,2026-06-24
S100YHW4,E04996,46860,株式会社ジャストシステム,2026-03-31,2026-06-24 16:00,2026-06-24
S100YJ5L,E40985,429A0,テクセンドフォトマスク株式会社,2026-03-31,2026-06-24 16:00,2026-06-24
S100YI51,E00094,19510,エクシオグループ株式会社,2026-03-31,2026-06-24 16:00,2026-06-24
S100YH4U,E04331,80970,三愛オブリ株式会社,2026-03-31,2026-06-24 16:00,2026-06-24
S100YIDI,E02242,72170,株式会社テイン,2026-03-31,2026-06-24 16:00,2026-06-24
S100YJBF,E03120,82180,株式会社コメリ,2026-03-31,2026-06-24 16:02,2026-06-24
S100YHBZ,E37603,50290,サークレイス株式会社,2026-03-31,2026-06-24 16:03,2026-06-24
S100YITQ,E00521,30100,ポラリス・ホールディングス株式会社,2026-03-31,2026-06-24 16:03,2026-06-24
S100YIOE,E37504,29980,クリアル株式会社,2026-03-31,2026-06-24 16:03,2026-06-24
S100YJU0,E00168,19820,日比谷総合設備株式会社,2026-03-31,2026-06-24 16:04,2026-06-24
S100YDEK,E02042,68750,株式会社メガチップス,2026-03-31,2026-06-24 16:05,2026-06-24
S100YI9M,E05553,37990,キーウェアソリューションズ株式会社,2026-03-31,2026-06-24 16:05,2026-06-24
S100YJPK,E02006,64200,ガリレイ株式会社,2026-03-31,2026-06-24 16:05,2026-06-24
S100YIFO,E00765,40280,石原産業株式会社,2026-03-31,2026-06-24 16:07,2026-06-24
S100YJC3,E32620,39620,株式会社チェンジホールディングス,2026-03-31,2026-06-24 16:07,2026-06-24
S100YIG2,E05400,37410,株式会社セック,2026-03-31,2026-06-24 16:08,2026-06-24
S100YH1J,E01372,63060,日工株式会社,2026-03-31,2026-06-24 16:08,2026-06-24
S100YHYP,E38761,62090,リケンＮＰＲ株式会社,2026-03-31,2026-06-24 16:10,2026-06-24
S100YJUW,E41488,520A0,ジェイファーマ株式会社,2026-03-31,2026-06-24 16:10,2026-06-24
S100YG44,E35766,76950,株式会社交換できるくん,2026-03-31,2026-06-24 16:10,2026-06-24
S100YIH8,E03626,,三菱ＵＦＪ信託銀行株式会社,2026-03-31,2026-06-24 16:12,2026-06-24
S100YJVB,E33616,92680,株式会社オプティマスグループ,2026-03-31,2026-06-24 16:14,2026-06-24
S100YHMW,E00610,36000,株式会社フジックス,2026-03-31,2026-06-24 16:15,2026-06-24
S100YIS2,E00543,31040,富士紡ホールディングス株式会社,2026-03-31,2026-06-24 16:16,2026-06-24
S100YIY6,E02714,98560,株式会社ケーユーホールディングス,2026-03-31,2026-06-24 16:17,2026-06-24
S100YJUL,E02747,99060,藤井産業株式会社,2026-03-31,2026-06-24 16:18,2026-06-24
S100YJVR,E37169,42560,株式会社サインド,2026-03-31,2026-06-24 16:19,2026-06-24
S100YIPC,E01112,51610,西川ゴム工業株式会社,2026-03-31,2026-06-24 16:20,2026-06-24
S100YI9J,E01808,68000,株式会社ヨコオ,2026-03-31,2026-06-24 16:21,2026-06-24
S100YI8M,E38504,40400,南海化学株式会社,2026-03-31,2026-06-24 16:21,2026-06-24
S100YIP0,E37165,25850,株式会社ライフドリンク　カンパニー,2026-03-31,2026-06-24 16:23,2026-06-24
S100YJM4,E01088,51030,昭和ホールディングス株式会社,2026-03-31,2026-06-24 16:25,2026-06-24
S100YIIX,E04982,46710,株式会社ファルコホールディングス,2026-03-31,2026-06-24 16:27,2026-06-24
S100YJPC,E35153,29800,ＳＲＥホールディングス株式会社,2026-03-31,2026-06-24 16:30,2026-06-24
S100YIQY,E03688,85110,日本証券金融株式会社,2026-03-31,2026-06-24 16:31,2026-06-24
S100YJX2,E41115,475A0,株式会社ギミック,2026-03-31,2026-06-24 16:31,2026-06-24
S100YHKH,E04159,90820,大和自動車交通株式会社,2026-03-31,2026-06-24 16:32,2026-06-24
S100YJNJ,E38474,52520,日本ナレッジ株式会社,2026-03-31,2026-06-24 16:32,2026-06-24
S100YE8X,E01632,63570,三精テクノロジーズ株式会社,2026-03-31,2026-06-24 16:33,2026-06-24
S100YG7B,E01151,53930,ニチアス株式会社,2026-03-31,2026-06-24 16:38,2026-06-24
S100YHZL,E01534,63600,株式会社　東京自働機械製作所,2026-03-31,2026-06-24 16:38,2026-06-24
S100YJVF,E37709,77940,株式会社イーディーピー,2026-03-31,2026-06-24 16:44,2026-06-24
S100YJPB,E03147,98530,株式会社銀座ルノアール,2026-03-31,2026-06-24 16:45,2026-06-24
S100YIIQ,E01620,63430,フリージア・マクロス株式会社,2026-03-31,2026-06-24 16:46,2026-06-24
S100YIII,E04815,97530,アイエックス・ナレッジ株式会社,2026-03-31,2026-06-24 16:52,2026-06-24
S100YJTJ,E03213,99690,株式会社ショクブン,2026-03-31,2026-06-24 16:54,2026-06-24
S100YIFD,E00879,41180,株式会社カネカ,2026-03-31,2026-06-24 16:54,2026-06-24
S100YJPY,E01222,52880,アジアパイルホールディングス株式会社,2026-03-31,2026-06-24 16:55,2026-06-24
S100YJ4A,E02732,98960,ＪＫホールディングス株式会社,2026-03-31,2026-06-24 16:56,2026-06-24
S100YDF3,E01441,59730,株式会社トーアミ,2026-03-31,2026-06-25 09:00,2026-06-25
S100YK4M,E01024,42310,タイガースポリマー株式会社,2026-03-31,2026-06-25 09:00,2026-06-25
S100YKAO,E00679,79870,ナカバヤシ株式会社,2026-03-31,2026-06-25 09:00,2026-06-25
S100YJB4,E03723,87420,株式会社小林洋行,2026-03-31,2026-06-25 09:02,2026-06-25
S100YJC8,E00534,31230,サイボー株式会社,2026-03-31,2026-06-25 09:02,2026-06-25
S100YIXZ,E01287,56580,日亜鋼業株式会社,2026-03-31,2026-06-25 09:03,2026-06-25
S100YJI4,E00443,22860,林兼産業株式会社,2026-03-31,2026-06-25 09:03,2026-06-25
S100YJ4F,E02656,81370,サンワテクノス株式会社,2026-03-31,2026-06-25 09:06,2026-06-25
S100YJZJ,E03664,84160,株式会社高知銀行,2026-03-31,2026-06-25 09:06,2026-06-25
S100YJHF,E02286,68500,株式会社チノー,2026-03-31,2026-06-25 09:07,2026-06-25
S100YHD3,E04329,93800,東海運株式会社,2026-03-31,2026-06-25 09:07,2026-06-25
S100YK0N,E05322,23490,株式会社エヌアイデイ,2026-03-31,2026-06-25 09:07,2026-06-25
S100YJV2,E04346,93650,トレーディア株式会社,2026-03-31,2026-06-25 09:09,2026-06-25
S100YK4U,E00344,13800,株式会社秋川牧園,2026-03-31,2026-06-25 09:10,2026-06-25
S100YGD2,E02840,74830,株式会社ドウシシャ,2026-03-31,2026-06-25 09:11,2026-06-25
S100YIX3,E01391,59620,浅香工業株式会社,2026-03-31,2026-06-25 09:11,2026-06-25
S100YJ03,E00649,38770,中越パルプ工業株式会社,2026-03-31,2026-06-25 09:11,2026-06-25
S100YK2Q,E00935,45210,科研製薬株式会社,2026-03-31,2026-06-25 09:11,2026-06-25
S100YJMM,E01499,61400,旭ダイヤモンド工業株式会社,2026-03-31,2026-06-25 09:13,2026-06-25
S100YDSV,E04164,,大分交通株式会社,2026-03-31,2026-06-25 09:13,2026-06-25
S100YJKR,E02878,75670,株式会社栄電子,2026-03-31,2026-06-25 09:14,2026-06-25
S100YI3O,E01475,60220,株式会社　赤阪鐵工所,2026-03-31,2026-06-25 09:14,2026-06-25
S100YIWH,E04940,97820,株式会社ディーエムエス,2026-03-31,2026-06-25 09:16,2026-06-25
S100YIWQ,E00456,80060,ユアサ・フナショク株式会社,2026-03-31,2026-06-25 09:16,2026-06-25
S100YKAW,E01495,61340,株式会社ＦＵＪＩ,2026-03-31,2026-06-25 09:18,2026-06-25
S100YI9N,E00659,39410,レンゴー株式会社,2026-03-31,2026-06-25 09:21,2026-06-25
S100YGPK,E01007,49980,フマキラー株式会社,2026-03-31,2026-06-25 09:21,2026-06-25
S100YJUB,E04596,96430,中日本興業株式会社,2026-03-31,2026-06-25 09:21,2026-06-25
S100YI30,E02419,64170,株式会社三共,2026-03-31,2026-06-25 09:21,2026-06-25
S100YJCX,E00850,42740,細谷火工株式会社,2026-03-31,2026-06-25 09:24,2026-06-25
S100YK0F,E30692,42470,ポバール興業株式会社,2026-03-31,2026-06-25 09:25,2026-06-25
S100YJHG,E01694,62920,株式会社カワタ,2026-03-31,2026-06-25 09:26,2026-06-25
S100YJBU,E01098,51920,三ツ星ベルト株式会社,2026-03-31,2026-06-25 09:27,2026-06-25
S100YIWV,E00635,78870,南海プライウッド株式会社,2026-03-31,2026-06-25 09:28,2026-06-25
S100YJPG,E03003,30550,株式会社ほくやく・竹山ホールディングス,2026-03-31,2026-06-25 09:30,2026-06-25
S100YGVD,E01259,54440,大和工業株式会社,2026-03-31,2026-06-25 09:31,2026-06-25
S100YHUP,E01584,63170,株式会社北川鉄工所,2026-03-31,2026-06-25 09:31,2026-06-25
S100YI5T,E03267,75080,株式会社Ｇ‐７ホールディングス,2026-03-31,2026-06-25 09:32,2026-06-25
S100YK1M,E37523,92200,エフビー介護サービス株式会社,2026-03-31,2026-06-25 09:32,2026-06-25
S100YJK1,E01992,69190,ケル株式会社,2026-03-31,2026-06-25 09:32,2026-06-25
S100YGEA,E04509,95110,沖縄電力株式会社,2026-03-31,2026-06-25 09:32,2026-06-25
S100YGTK,E01507,61470,株式会社ヤマザキ,2026-03-31,2026-06-25 09:33,2026-06-25
S100YJ2U,E00506,29220,株式会社なとり,2026-03-31,2026-06-25 09:34,2026-06-25
S100YJ1O,E24457,36400,株式会社電算,2026-03-31,2026-06-25 09:35,2026-06-25
S100YGGR,E00045,,大室温泉株式会社,2026-03-31,2026-06-25 09:36,2026-06-25
S100YHYW,E00064,18100,松井建設株式会社,2026-03-31,2026-06-25 09:36,2026-06-25
S100YGZ1,E02382,79900,グローブライド株式会社,2026-03-31,2026-06-25 09:36,2026-06-25
S100YK4J,E04119,,広島観光開発株式会社,2026-03-31,2026-06-25 09:37,2026-06-25
S100YFBW,E03761,,むさし証券株式会社,2026-03-31,2026-06-25 09:43,2026-06-25
S100YI5G,E02673,81520,ソマール株式会社,2026-03-31,2026-06-25 09:43,2026-06-25
S100YIWE,E00570,80910,ニチモウ株式会社,2026-03-31,2026-06-25 09:46,2026-06-25
S100YJG0,E03251,74640,セフテック株式会社,2026-03-31,2026-06-25 09:47,2026-06-25
S100YKC2,E00948,45590,ゼリア新薬工業株式会社,2026-03-31,2026-06-25 10:00,2026-06-25
S100YJ44,E03124,82190,青山商事株式会社,2026-03-31,2026-06-25 10:00,2026-06-25
S100YJLD,E00777,40640,日本カーバイド工業株式会社,2026-03-31,2026-06-25 10:00,2026-06-25
S100YJNT,E01747,66430,株式会社戸上電機製作所,2026-03-31,2026-06-25 10:00,2026-06-25
S100YJPR,E32109,71850,ヒロセ通商株式会社,2026-03-31,2026-06-25 10:00,2026-06-25
S100YJMA,E03367,26810,株式会社ゲオホールディングス,2026-03-31,2026-06-25 10:00,2026-06-25
S100YF9Q,E01546,63780,木村化工機株式会社,2026-03-31,2026-06-25 10:00,2026-06-25
S100YJNG,E00959,,株式会社　廣貫堂,2026-03-31,2026-06-25 10:01,2026-06-25
S100YJVP,E01471,60180,阪神内燃機工業株式会社,2026-03-31,2026-06-25 10:01,2026-06-25
S100YJ87,E01612,63930,油研工業株式会社,2026-03-31,2026-06-25 10:02,2026-06-25
S100YJDA,E00631,78220,永大産業株式会社,2026-03-31,2026-06-25 10:04,2026-06-25
S100YKDH,E01398,99300,北沢産業株式会社,2026-03-31,2026-06-25 10:04,2026-06-25
S100YJ59,E00917,46290,大伸化学株式会社,2026-03-31,2026-06-25 10:05,2026-06-25
S100YJEV,E00563,35770,東海染工株式会社,2026-03-31,2026-06-25 10:06,2026-06-25
S100YK7M,E01156,52610,リソルホールディングス株式会社,2026-03-31,2026-06-25 10:06,2026-06-25
S100YK3T,E02699,82260,株式会社　理経,2026-03-31,2026-06-25 10:07,2026-06-25
S100YJU2,E05291,23070,株式会社クロスキャット,2026-03-31,2026-06-25 10:09,2026-06-25
S100YJNX,E00514,28190,エバラ食品工業株式会社,2026-03-31,2026-06-25 10:09,2026-06-25
S100YIZP,E31979,34650,ケイアイスター不動産株式会社,2026-03-31,2026-06-25 10:10,2026-06-25
S100YJUD,E03148,98540,愛眼株式会社,2026-03-31,2026-06-25 10:10,2026-06-25
S100YK9E,E01163,53910,株式会社エーアンドエーマテリアル,2026-03-31,2026-06-25 10:11,2026-06-25
S100YKF7,E04145,,東京臨海高速鉄道株式会社,2026-03-31,2026-06-25 10:11,2026-06-25
S100YJWK,E04991,46780,株式会社　秀英予備校,2026-03-31,2026-06-25 10:11,2026-06-25
S100YHJS,E00369,22010,森永製菓株式会社,2026-03-31,2026-06-25 10:11,2026-06-25
S100YKBD,E01624,64950,株式会社宮入バルブ製作所,2026-03-31,2026-06-25 10:11,2026-06-25
S100YJUC,E00784,40920,日本化学工業株式会社,2026-03-31,2026-06-25 10:12,2026-06-25
S100YHYH,E05480,37740,株式会社インターネットイニシアティブ,2026-03-31,2026-06-25 10:15,2026-06-25
S100YJIN,E04791,,三井住友ファイナンス＆リース株式会社,2026-03-31,2026-06-25 10:15,2026-06-25
S100YINV,E00396,25310,宝ホールディングス株式会社,2026-03-31,2026-06-25 10:16,2026-06-25
S100YKDZ,E04877,99280,株式会社ミロク情報サービス,2026-03-31,2026-06-25 10:17,2026-06-25
S100YJ2Z,E04800,97610,東海リース株式会社,2026-03-31,2026-06-25 10:17,2026-06-25
S100YJZ0,E33834,34470,信和株式会社,2026-03-31,2026-06-25 10:17,2026-06-25
S100YKE5,E01662,63510,株式会社鶴見製作所,2026-03-31,2026-06-25 10:18,2026-06-25
S100YJYC,E01364,59180,瀧上工業株式会社,2026-03-31,2026-06-25 10:18,2026-06-25
S100YKEL,E01057,44640,株式会社ソフト９９コーポレーション,2026-03-31,2026-06-25 10:20,2026-06-25
S100YI4Q,E00487,29110,旭松食品株式会社,2026-03-31,2026-06-25 10:22,2026-06-25
S100YG4D,E01650,64570,グローリー株式会社,2026-03-31,2026-06-25 10:22,2026-06-25
S100YIZ2,E01120,79320,株式会社ニッピ,2026-03-31,2026-06-25 10:22,2026-06-25
S100YJT1,E01445,59410,株式会社　中西製作所,2026-03-31,2026-06-25 10:28,2026-06-25
S100YIEA,E00454,20550,日和産業株式会社,2026-03-31,2026-06-25 10:28,2026-06-25
S100YK16,E41130,543A0,ＡＲＣＨＩＯＮ株式会社,2026-03-31,2026-06-25 10:29,2026-06-25
S100YKCQ,E02895,76020,株式会社レダックス,2026-03-31,2026-06-25 10:30,2026-06-25
S100YGW1,E01819,67710,池上通信機株式会社,2026-03-31,2026-06-25 10:32,2026-06-25
S100YK7Q,E03984,88810,株式会社日神グループホールディングス,2026-03-31,2026-06-25 10:34,2026-06-25
S100YKDC,E01362,59150,株式会社駒井ハルテック,2026-03-31,2026-06-25 10:34,2026-06-25
S100YJYE,E01130,52330,太平洋セメント株式会社,2026-03-31,2026-06-25 10:34,2026-06-25
S100YJVQ,E00090,18080,株式会社　長谷工コーポレーション,2026-03-31,2026-06-25 10:34,2026-06-25
S100YJYT,E01365,59220,那須電機鉄工株式会社,2026-03-31,2026-06-25 10:38,2026-06-25
S100YJ5K,E00916,46280,エスケー化研株式会社,2026-03-31,2026-06-25 10:38,2026-06-25
S100YKGU,E05674,38400,パス株式会社,2026-03-31,2026-06-25 10:39,2026-06-25
S100YKCI,E04178,90680,丸全昭和運輸株式会社,2026-03-31,2026-06-25 10:41,2026-06-25
S100YJDP,E02180,63920,株式会社　ヤマダコーポレーション,2026-03-31,2026-06-25 10:43,2026-06-25
S100YJCG,E04960,75020,株式会社プラザホールディングス,2026-03-31,2026-06-25 10:44,2026-06-25
S100YKCU,E03460,33750,株式会社ＺＯＡ,2026-03-31,2026-06-25 10:46,2026-06-25
S100YF6B,E04124,,一畑電気鉄道株式会社,2026-03-31,2026-06-25 10:46,2026-06-25
S100YJBQ,E04411,,株式会社　テレビ西日本,2026-03-31,2026-06-25 10:47,2026-06-25
S100YKI6,E04591,96350,武蔵野興業株式会社,2026-03-31,2026-06-25 10:47,2026-06-25
S100YJZD,E01817,69890,北陸電気工業株式会社,2026-03-31,2026-06-25 10:48,2026-06-25
S100YGB2,E01909,64070,ＣＫＤ株式会社,2026-03-31,2026-06-25 10:50,2026-06-25
S100YJFD,E00232,19050,株式会社テノックス,2026-03-31,2026-06-25 10:51,2026-06-25
S100YIVR,E01849,67180,アイホン株式会社,2026-03-31,2026-06-25 10:52,2026-06-25
S100YIFJ,E04384,,信越放送株式会社,2026-03-31,2026-06-25 10:52,2026-06-25
S100YKIG,E38685,55790,株式会社ＧＳＩ,2026-03-31,2026-06-25 10:53,2026-06-25
S100YKCW,E01493,61250,株式会社岡本工作機械製作所,2026-03-31,2026-06-25 10:56,2026-06-25
S100YKHR,E01415,59360,東洋シヤッター株式会社,2026-03-31,2026-06-25 10:59,2026-06-25
S100YHLP,E01382,59750,東プレ株式会社,2026-03-31,2026-06-25 11:00,2026-06-25
S100YKHZ,E32803,71920,日本モーゲージサービス株式会社,2026-03-31,2026-06-25 11:00,2026-06-25
S100YI3F,E00880,44030,日油株式会社,2026-03-31,2026-06-25 11:01,2026-06-25
S100YJEU,E02668,81470,株式会社トミタ,2026-03-31,2026-06-25 11:01,2026-06-25
S100YH36,E03738,,全宅住宅ローン株式会社,2026-03-31,2026-06-25 11:08,2026-06-25
S100YHXJ,E01758,65170,デンヨー株式会社,2026-03-31,2026-06-25 11:09,2026-06-25
S100Y8BD,E00035,70210,株式会社ニッチツ,2026-03-31,2026-06-25 11:09,2026-06-25
S100YKAV,E01754,66480,株式会社かわでん,2026-03-31,2026-06-25 11:10,2026-06-25
S100YK2J,E01408,59050,日本製罐株式会社,2026-03-31,2026-06-25 11:11,2026-06-25
S100YJQM,E35504,44920,株式会社ゼネテック,2026-03-31,2026-06-25 11:11,2026-06-25
S100YK0D,E01841,69860,双葉電子工業株式会社,2026-03-31,2026-06-25 11:12,2026-06-25
S100YJMF,E01269,56030,虹技株式会社,2026-03-31,2026-06-25 11:16,2026-06-25
S100YJL5,E01643,62470,株式会社日阪製作所,2026-03-31,2026-06-25 11:17,2026-06-25
S100YJQU,E05456,24400,株式会社ぐるなび,2026-03-31,2026-06-25 11:19,2026-06-25
S100YJ3W,E00130,18530,株式会社　森組,2026-03-31,2026-06-25 11:21,2026-06-25
S100YF0U,E01566,,旭産業株式会社,2026-03-31,2026-06-25 11:21,2026-06-25
S100YKL4,E04273,92020,ＡＮＡホールディングス株式会社,2026-03-31,2026-06-25 11:21,2026-06-25
S100YI1V,E03600,,株式会社　但馬銀行,2026-03-31,2026-06-25 11:22,2026-06-25
S100YFHW,E00066,18820,東亜道路工業株式会社,2026-03-31,2026-06-25 11:23,2026-06-25
S100YH13,E01606,,旭精工株式会社,2026-03-31,2026-06-25 11:29,2026-06-25
S100YJ86,E02823,74610,株式会社キムラ,2026-03-31,2026-06-25 11:30,2026-06-25
S100YKEP,E01899,69940,株式会社指月電機製作所,2026-03-31,2026-06-25 11:31,2026-06-25
S100YJEK,E03299,75710,株式会社ヤマノホールディングス,2026-03-31,2026-06-25 11:33,2026-06-25
S100YK61,E01052,42340,株式会社サンエー化研,2026-03-31,2026-06-25 11:34,2026-06-25
S100YKE7,E36086,41670,株式会社ココペリ,2026-03-31,2026-06-25 11:35,2026-06-25
S100YK09,E02879,75700,橋本総業ホールディングス株式会社,2026-03-31,2026-06-25 11:38,2026-06-25
S100YIM7,E04088,90070,小田急電鉄株式会社,2026-03-31,2026-06-25 11:43,2026-06-25
S100YJLW,E00187,97670,日建工学株式会社,2026-03-31,2026-06-25 11:43,2026-06-25
S100YI5P,E36405,93270,株式会社イー・ロジット,2026-03-31,2026-06-25 11:44,2026-06-25
S100YKMH,E05030,47200,株式会社城南進学研究社,2026-03-31,2026-06-25 11:45,2026-06-25
S100YJ5N,E00926,88410,株式会社テーオーシー,2026-03-31,2026-06-25 11:47,2026-06-25
S100YKM3,E34094,43870,株式会社ＺＵＵ,2026-03-31,2026-06-25 11:48,2026-06-25
S100YK48,E03508,30690,株式会社　ＪＦＬＡホールディングス,2026-03-31,2026-06-25 11:55,2026-06-25
S100YIGW,E32225,39360,株式会社グローバルウェイ,2026-03-31,2026-06-25 11:58,2026-06-25
S100YK4Z,E01166,52370,株式会社ノザワ,2026-03-31,2026-06-25 12:00,2026-06-25
S100YFJK,E00218,18780,大東建託株式会社,2026-03-31,2026-06-25 12:03,2026-06-25
S100YJIQ,E02610,81040,クワザワホールディングス株式会社,2026-03-31,2026-06-25 12:06,2026-06-25
S100YHNJ,E00144,,松尾建設株式会社,2026-03-31,2026-06-25 12:07,2026-06-25
S100YHXC,E01629,63460,キクカワエンタープライズ株式会社,2026-03-31,2026-06-25 12:11,2026-06-25
S100YIBJ,E37159,92540,株式会社ラバブルマーケティンググループ,2026-03-31,2026-06-25 12:12,2026-06-25
S100YJF9,E01096,51420,アキレス株式会社,2026-03-31,2026-06-25 12:13,2026-06-25
S100YKO9,E05307,23290,株式会社東北新社,2026-03-31,2026-06-25 12:30,2026-06-25
S100YKON,E37743,366A0,ウェルネス・コミュニケーションズ株式会社,2026-03-31,2026-06-25 12:30,2026-06-25
S100YJ3I,E03711,,財形住宅金融株式会社,2026-03-31,2026-06-25 12:33,2026-06-25
S100YK4A,E05269,43470,ブロードメディア株式会社,2026-03-31,2026-06-25 12:39,2026-06-25
S100YK9U,E05228,43160,株式会社ビーマップ,2026-03-31,2026-06-25 12:43,2026-06-25
S100YGML,E00902,41160,大日精化工業株式会社,2026-03-31,2026-06-25 12:45,2026-06-25
S100YCLQ,E01477,60230,ダイハツインフィニアース株式会社,2026-03-31,2026-06-25 12:48,2026-06-25
S100YHML,E04551,,株式会社熊本ホテルキャッスル,2026-03-31,2026-06-25 12:53,2026-06-25
S100YIJ4,E03456,33700,株式会社フジタコーポレーション,2026-03-31,2026-06-25 12:53,2026-06-25
S100YJH1,E01912,66470,森尾電機株式会社,2026-03-31,2026-06-25 12:54,2026-06-25
S100YJJS,E05478,24350,株式会社シダー,2026-03-31,2026-06-25 12:55,2026-06-25
S100YK4R,E02807,74440,ハリマ共和物産株式会社,2026-03-31,2026-06-25 12:56,2026-06-25
S100YJQ2,E02946,27370,株式会社トーメンデバイス,2026-03-31,2026-06-25 12:57,2026-06-25
S100YIKA,E04978,46640,株式会社アール・エス・シー,2026-03-31,2026-06-25 13:00,2026-06-25
S100YI4V,E01743,65070,シンフォニアテクノロジー株式会社,2026-03-31,2026-06-25 13:00,2026-06-25
S100YJZ1,E34720,70600,ギークス株式会社,2026-03-31,2026-06-25 13:00,2026-06-25
S100YJCU,E01417,59470,リンナイ株式会社,2026-03-31,2026-06-25 13:00,2026-06-25
S100YJT6,E03129,82810,ゼビオホールディングス株式会社,2026-03-31,2026-06-25 13:00,2026-06-25
S100YK9N,E02288,77350,株式会社ＳＣＲＥＥＮホールディングス,2026-03-31,2026-06-25 13:00,2026-06-25
S100YB7T,E00701,,株式会社岩手日報社,2026-03-31,2026-06-25 13:01,2026-06-25
S100YKD9,E04254,91710,栗林商船株式会社,2026-03-31,2026-06-25 13:01,2026-06-25
S100YIYE,E00528,31060,倉敷紡績株式会社,2026-03-31,2026-06-25 13:02,2026-06-25
S100YJHA,E00527,31030,ユニチカ株式会社,2026-03-31,2026-06-25 13:02,2026-06-25
S100YK25,E02066,67500,エレコム株式会社,2026-03-31,2026-06-25 13:02,2026-06-25
S100YK5Y,E04247,93630,株式会社大運,2026-03-31,2026-06-25 13:03,2026-06-25
S100YK0Y,E00686,39540,昭和パックス株式会社,2026-03-31,2026-06-25 13:04,2026-06-25
S100YJMI,E01940,68460,株式会社中央製作所,2026-03-31,2026-06-25 13:05,2026-06-25
S100YJ7V,E03678,85420,株式会社トマト銀行,2026-03-31,2026-06-25 13:06,2026-06-25
S100YIEY,E02917,26540,株式会社アスモ,2026-03-31,2026-06-25 13:06,2026-06-25
S100YJ8A,E04376,94020,中部日本放送株式会社,2026-03-31,2026-06-25 13:07,2026-06-25
S100YHZN,E04933,97900,福井コンピュータホールディングス株式会社,2026-03-31,2026-06-25 13:08,2026-06-25
S100YGIZ,E32969,,日本住宅ローン株式会社,2026-03-31,2026-06-25 13:08,2026-06-25
S100YG7Z,E01932,68030,ティアック株式会社,2026-03-31,2026-06-25 13:08,2026-06-25
S100YICX,E00744,23760,株式会社　サイネックス,2026-03-31,2026-06-25 13:09,2026-06-25
S100YK1Z,E00030,33150,日本コークス工業株式会社,2026-03-31,2026-06-25 13:10,2026-06-25
S100YH9O,E00313,17230,日本電技株式会社,2026-03-31,2026-06-25 13:10,2026-06-25
S100YHPG,E03346,68360,ぷらっとホーム株式会社,2026-03-31,2026-06-25 13:12,2026-06-25
S100YK13,E03850,,共栄火災海上保険株式会社,2026-03-31,2026-06-25 13:12,2026-06-25
S100YITM,E02435,78850,タカノ株式会社,2026-03-31,2026-06-25 13:13,2026-06-25
S100YKQY,E00027,14910,中外鉱業株式会社,2026-03-31,2026-06-25 13:13,2026-06-25
S100YKQM,E02718,98670,ソレキア株式会社,2026-03-31,2026-06-25 13:13,2026-06-25
S100YKQN,E02028,66550,東洋電機株式会社,2026-03-31,2026-06-25 13:13,2026-06-25
S100YK99,E00347,20030,日東富士製粉株式会社,2026-03-31,2026-06-25 13:15,2026-06-25
S100YJLK,E02688,80860,ニプロ株式会社,2026-03-31,2026-06-25 13:21,2026-06-25
S100YK40,E01324,74140,小野建株式会社,2026-03-31,2026-06-25 13:24,2026-06-25
S100YKGW,E04215,90510,センコン物流株式会社,2026-03-31,2026-06-25 13:26,2026-06-25
S100YK7V,E05029,47190,株式会社アルファシステムズ,2026-03-31,2026-06-25 13:26,2026-06-25
S100YJP6,E04932,97910,株式会社ビケンテクノ,2026-03-31,2026-06-25 13:26,2026-06-25
S100YJZT,E25665,66200,宮越ホールディングス株式会社,2026-03-31,2026-06-25 13:27,2026-06-25
S100YI3M,E01149,53630,東京窯業株式会社,2026-03-31,2026-06-25 13:27,2026-06-25
S100YE7Y,E04330,93590,伊勢湾海運株式会社,2026-03-31,2026-06-25 13:28,2026-06-25
S100YJ4G,E00675,39450,スーパーバッグ株式会社,2026-03-31,2026-06-25 13:28,2026-06-25
S100YJ3G,E25386,66260,ＳＥＭＩＴＥＣ株式会社,2026-03-31,2026-06-25 13:30,2026-06-25
S100YJVO,E05690,38490,日本テクノ・ラボ株式会社,2026-03-31,2026-06-25 13:31,2026-06-25
S100YJ76,E01529,63910,株式会社加地テック,2026-03-31,2026-06-25 13:31,2026-06-25
S100YIFC,E00165,88360,株式会社ＲＩＳＥ,2026-03-31,2026-06-25 13:32,2026-06-25
S100YJMY,E02131,70180,内海造船株式会社,2026-03-31,2026-06-25 13:33,2026-06-25
S100YK9Q,E00056,18610,株式会社　熊谷組,2026-03-31,2026-06-25 13:36,2026-06-25
S100YKSV,E32153,61900,株式会社フェニックスバイオ,2026-03-31,2026-06-25 13:36,2026-06-25
S100YK22,E00584,35830,オーベクス株式会社,2026-03-31,2026-06-25 13:36,2026-06-25
S100YKFH,E00494,29160,仙波糖化工業株式会社,2026-03-31,2026-06-25 13:37,2026-06-25
S100YHXU,E05410,24330,株式会社博報堂ＤＹホールディングス,2026-03-31,2026-06-25 13:40,2026-06-25
S100YKSU,E01352,58210,平河ヒューテック株式会社,2026-03-31,2026-06-25 13:41,2026-06-25
S100YKU0,E02682,80370,カメイ株式会社,2026-03-31,2026-06-25 13:48,2026-06-25
S100YHJP,E00317,17190,株式会社安藤・間,2026-03-31,2026-06-25 13:51,2026-06-25
S100YGNI,E03296,75640,株式会社ワークマン,2026-03-31,2026-06-25 13:56,2026-06-25
S100YG9D,E04345,93640,株式会社上組,2026-03-31,2026-06-25 14:00,2026-06-25
S100YKVG,E27298,,株式会社桑名カントリー倶楽部,2026-03-31,2026-06-25 14:00,2026-06-25
S100YIHS,E31560,77800,株式会社メニコン,2026-03-31,2026-06-25 14:00,2026-06-25
S100YJ8C,E02335,77220,国際計測器株式会社,2026-03-31,2026-06-25 14:00,2026-06-25
S100YK2G,E04221,90360,東部ネットワーク株式会社,2026-03-31,2026-06-25 14:01,2026-06-25
S100YJLT,E01284,56070,中央可鍛工業株式会社,2026-03-31,2026-06-25 14:02,2026-06-25
S100YKGJ,E01719,63840,株式会社昭和真空,2026-03-31,2026-06-25 14:03,2026-06-25
S100YJGQ,E01169,52730,三谷セキサン株式会社,2026-03-31,2026-06-25 14:05,2026-06-25
S100YHI2,E00221,18790,新日本建設株式会社,2026-03-31,2026-06-25 14:05,2026-06-25
S100YKNJ,E03524,30960,株式会社オーシャンシステム,2026-03-31,2026-06-25 14:06,2026-06-25
S100YHX8,E02048,68370,株式会社京写,2026-03-31,2026-06-25 14:06,2026-06-25
S100Y7SI,E03180,79370,株式会社ツツミ,2026-03-31,2026-06-25 14:07,2026-06-25
S100YK2R,E00201,18690,名工建設株式会社,2026-03-31,2026-06-25 14:07,2026-06-25
S100YK07,E01571,63680,オルガノ株式会社,2026-03-31,2026-06-25 14:08,2026-06-25
S100YKWG,E30877,36920,株式会社ＦＦＲＩセキュリティ,2026-03-31,2026-06-25 14:10,2026-06-25
S100YJ5X,E11873,38630,日本製紙株式会社,2026-03-31,2026-06-25 14:12,2026-06-25
S100YJVV,E00113,19680,太平電業株式会社,2026-03-31,2026-06-25 14:16,2026-06-25
S100YJUI,E01954,69640,株式会社サンコー,2026-03-31,2026-06-25 14:18,2026-06-25
S100YKVS,E04373,,首都高速道路株式会社,2026-03-31,2026-06-25 14:19,2026-06-25
S100YKTS,E03945,88500,スターツコーポレーション株式会社,2026-03-31,2026-06-25 14:21,2026-06-25
S100YKVO,E01952,69620,株式会社大真空,2026-03-31,2026-06-25 14:24,2026-06-25
S100YI2J,E02646,81450,中部水産株式会社,2026-03-31,2026-06-25 14:25,2026-06-25
S100YKIO,E02123,70030,株式会社三井Ｅ＆Ｓ,2026-03-31,2026-06-25 14:30,2026-06-25
S100YK6C,E38382,71180,株式会社伸和ホールディングス,2026-03-31,2026-06-25 14:30,2026-06-25
S100YKQX,E01981,61450,ＮＩＴＴＯＫＵ株式会社,2026-03-31,2026-06-25 14:38,2026-06-25
S100YJDZ,E01426,59450,天龍製鋸株式会社,2026-03-31,2026-06-25 14:38,2026-06-25
S100YJJP,E34454,50710,株式会社ヴィス,2026-03-31,2026-06-25 14:39,2026-06-25
S100YJKO,E00766,40410,日本曹達株式会社,2026-03-31,2026-06-25 14:41,2026-06-25
S100YKYA,E02992,33880,明治電機工業株式会社,2026-03-31,2026-06-25 14:43,2026-06-25
S100YK39,E02824,74580,株式会社第一興商,2026-03-31,2026-06-25 14:43,2026-06-25
S100YK86,E36261,41930,株式会社ファブリカホールディングス,2026-03-31,2026-06-25 14:45,2026-06-25
S100YK73,E05385,23950,株式会社新日本科学,2026-03-31,2026-06-25 14:46,2026-06-25
S100YI62,E02806,74430,横浜魚類株式会社,2026-03-31,2026-06-25 14:46,2026-06-25
S100YKWY,E00304,17360,株式会社　オーテック,2026-03-31,2026-06-25 14:48,2026-06-25
S100YJYW,E03476,30340,クオールホールディングス株式会社,2026-03-31,2026-06-25 14:49,2026-06-25
S100YKVK,E01578,63710,株式会社椿本チエイン,2026-03-31,2026-06-25 14:50,2026-06-25
S100YKPV,E04796,97690,株式会社学究社,2026-03-31,2026-06-25 14:50,2026-06-25
S100YKG9,E00837,43670,広栄化学株式会社,2026-03-31,2026-06-25 14:51,2026-06-25
S100YK3Y,E01536,63310,三菱化工機株式会社,2026-03-31,2026-06-25 14:52,2026-06-25
S100YKAR,E04964,46510,株式会社サニックスホールディングス,2026-03-31,2026-06-25 14:52,2026-06-25
S100YIET,E01354,59020,ホッカンホールディングス株式会社,2026-03-31,2026-06-25 14:53,2026-06-25
S100YK5N,E05361,23780,株式会社ルネサンス,2026-03-31,2026-06-25 14:53,2026-06-25
S100YK6H,E02269,77260,黒田精工株式会社,2026-03-31,2026-06-25 14:57,2026-06-25
S100YIQP,E01907,69980,日本タングステン株式会社,2026-03-31,2026-06-25 14:58,2026-06-25
S100YEIE,E01020,44100,ハリマ化成グループ株式会社,2026-03-31,2026-06-25 15:00,2026-06-25
S100YK21,E00093,18140,大末建設株式会社,2026-03-31,2026-06-25 15:00,2026-06-25
S100YJU6,E02647,81190,株式会社三栄コーポレーション,2026-03-31,2026-06-25 15:00,2026-06-25
S100YK8I,E04824,97330,株式会社ナガセ,2026-03-31,2026-06-25 15:00,2026-06-25
S100YJ6L,E01647,64080,小倉クラッチ株式会社,2026-03-31,2026-06-25 15:00,2026-06-25
S100YJQ7,E00361,21120,塩水港精糖株式会社,2026-03-31,2026-06-25 15:01,2026-06-25
S100YD97,E01933,69690,松尾電機株式会社,2026-03-31,2026-06-25 15:01,2026-06-25
S100YDX8,E00189,19810,株式会社協和日成,2026-03-31,2026-06-25 15:01,2026-06-25
S100YJVJ,E02441,78770,永大化工株式会社,2026-03-31,2026-06-25 15:02,2026-06-25
S100YK9X,E01795,67750,株式会社ＴＢグループ,2026-03-31,2026-06-25 15:06,2026-06-25
S100YL24,E26713,66170,株式会社東光高岳,2026-03-31,2026-06-25 15:08,2026-06-25
S100YJ8P,E03716,87470,豊トラスティ証券株式会社,2026-03-31,2026-06-25 15:09,2026-06-25
S100YK2X,E04223,90340,南総通運株式会社,2026-03-31,2026-06-25 15:09,2026-06-25
S100YIW6,E04519,95370,北陸瓦斯株式会社,2026-03-31,2026-06-25 15:10,2026-06-25
S100YKNO,E05091,47620,株式会社エックスネット,2026-03-31,2026-06-25 15:10,2026-06-25
S100YKO7,E37214,91580,株式会社シーユーシー,2026-03-31,2026-06-25 15:12,2026-06-25
S100YIFE,E04856,96870,株式会社ＫＳＫ,2026-03-31,2026-06-25 15:13,2026-06-25
S100YJ6R,E01292,54450,東京鐵鋼株式会社,2026-03-31,2026-06-25 15:13,2026-06-25
S100YJ0L,E04195,90630,岡山県貨物運送株式会社,2026-03-31,2026-06-25 15:15,2026-06-25
S100YIGS,E01303,58520,株式会社アーレスティ,2026-03-31,2026-06-25 15:18,2026-06-25
S100YL02,E04589,96330,東京テアトル株式会社,2026-03-31,2026-06-25 15:20,2026-06-25
S100YL06,E01121,52020,日本板硝子株式会社,2026-03-31,2026-06-25 15:21,2026-06-25
S100YJGK,E00898,40950,日本パーカライジング株式会社,2026-03-31,2026-06-25 15:22,2026-06-25
S100YKRB,E05302,23230,株式会社ｆｏｎｆｕｎ,2026-03-31,2026-06-25 15:23,2026-06-25
S100YL2D,E01891,69930,大黒屋ホールディングス株式会社,2026-03-31,2026-06-25 15:23,2026-06-25
S100YKKI,E04032,89350,株式会社ＦＪネクストホールディングス,2026-03-31,2026-06-25 15:24,2026-06-25
S100YK1N,E00491,25940,キーコーヒー株式会社,2026-03-31,2026-06-25 15:25,2026-06-25
S100YJSY,E37814,77950,株式会社ＫＹＯＲＩＴＳＵ,2026-03-31,2026-06-25 15:27,2026-06-25
S100YITB,E00645,38650,北越コーポレーション株式会社,2026-03-31,2026-06-25 15:27,2026-06-25
S100YL2H,E02566,80300,中央魚類株式会社,2026-03-31,2026-06-25 15:29,2026-06-25
S100YKF2,E02431,69070,ジオマテック株式会社,2026-03-31,2026-06-25 15:29,2026-06-25
S100YKIK,E31936,39260,株式会社オープンドア,2026-03-31,2026-06-25 15:30,2026-06-25
S100YKL0,E01283,56120,日本鋳鉄管株式会社,2026-03-31,2026-06-25 15:30,2026-06-25
S100YKG2,E04425,94330,ＫＤＤＩ株式会社,2026-03-31,2026-06-25 15:30,2026-06-25
S100YJAK,E02660,81390,株式会社ナガホリ,2026-03-31,2026-06-25 15:30,2026-06-25
S100Y9NX,E02367,79740,任天堂株式会社,2026-03-31,2026-06-25 15:30,2026-06-25
S100YKBP,E02271,77310,株式会社ニコン,2026-03-31,2026-06-25 15:30,2026-06-25
S100YJTF,E01136,53340,日本特殊陶業株式会社,2026-03-31,2026-06-25 15:30,2026-06-25
S100YJ3C,E31851,45940,ブライトパス・バイオ株式会社,2026-03-31,2026-06-25 15:30,2026-06-25
S100YK0W,E00007,13750,ユキグニファクトリー株式会社,2026-03-31,2026-06-25 15:30,2026-06-25
S100YKK9,E25686,66250,ＪＡＬＣＯホールディングス株式会社,2026-03-31,2026-06-25 15:30,2026-06-25
S100YKV1,E31065,95170,イーレックス株式会社,2026-03-31,2026-06-25 15:30,2026-06-25
S100YJFT,E26084,92060,株式会社スターフライヤー,2026-03-31,2026-06-25 15:30,2026-06-25
S100YKPM,E05648,87690,株式会社アドバンテッジリスクマネジメント,2026-03-31,2026-06-25 15:30,2026-06-25
S100YKD1,E21342,15140,住石ホールディングス株式会社,2026-03-31,2026-06-25 15:30,2026-06-25
S100YL3J,E41028,438A0,株式会社インフキュリオン,2026-03-31,2026-06-25 15:30,2026-06-25
S100YIOX,E36398,41790,株式会社ジーネクスト,2026-03-31,2026-06-25 15:30,2026-06-25
S100YKRG,E31035,25860,株式会社フルッタフルッタ,2026-03-31,2026-06-25 15:31,2026-06-25
S100YKA9,E03291,75500,株式会社ゼンショーホールディングス,2026-03-31,2026-06-25 15:31,2026-06-25
S100YISR,E02571,80390,築地魚市場株式会社,2026-03-31,2026-06-25 15:31,2026-06-25
S100YKM2,E40400,332A0,ミーク株式会社,2026-03-31,2026-06-25 15:31,2026-06-25
S100YCJX,E04707,46610,株式会社オリエンタルランド,2026-03-31,2026-06-25 15:31,2026-06-25
S100YK3W,E00400,25400,養命酒製造株式会社,2026-03-31,2026-06-25 15:32,2026-06-25
S100YKOI,E05665,87710,イー・ギャランティ株式会社,2026-03-31,2026-06-25 15:32,2026-06-25
S100YJSM,E00508,28310,はごろもフーズ株式会社,2026-03-31,2026-06-25 15:32,2026-06-25
S100YHUD,E03207,99560,株式会社バローホールディングス,2026-03-31,2026-06-25 15:32,2026-06-25
S100YJQT,E05143,48000,オリコン株式会社,2026-03-31,2026-06-25 15:32,2026-06-25
S100YJ25,E05425,24130,エムスリー株式会社,2026-03-31,2026-06-25 15:32,2026-06-25
S100YKOS,E02057,67860,株式会社ＲＶＨ,2026-03-31,2026-06-25 15:33,2026-06-25
S100YJG2,E01276,54910,日本金属株式会社,2026-03-31,2026-06-25 15:33,2026-06-25
S100YL1X,E05621,21380,クルーズ株式会社,2026-03-31,2026-06-25 15:33,2026-06-25
S100YI0V,E35555,65990,エブレン株式会社,2026-03-31,2026-06-25 15:34,2026-06-25
S100YJRS,E04324,90650,山九株式会社,2026-03-31,2026-06-25 15:34,2026-06-25
S100YJE7,E02362,79510,ヤマハ株式会社,2026-03-31,2026-06-25 15:34,2026-06-25
S100YK5J,E04089,90060,京浜急行電鉄株式会社,2026-03-31,2026-06-25 15:34,2026-06-25
S100YKH9,E03496,30680,株式会社ＷＤＩ,2026-03-31,2026-06-25 15:35,2026-06-25
S100YKQI,E34379,70420,株式会社アクセスグループ・ホールディングス,2026-03-31,2026-06-25 15:35,2026-06-25
S100YJVG,E02024,68900,株式会社フェローテック,2026-03-31,2026-06-25 15:35,2026-06-25
S100YK9A,E32169,66150,ユー・エム・シー・エレクトロニクス株式会社,2026-03-31,2026-06-25 15:35,2026-06-25
S100YJWD,E03139,98310,株式会社ヤマダホールディングス,2026-03-31,2026-06-25 15:35,2026-06-25
S100YDV4,E00493,29150,ケンコーマヨネーズ株式会社,2026-03-31,2026-06-25 15:35,2026-06-25
S100YKCP,E01486,61130,株式会社アマダ,2026-03-31,2026-06-25 15:35,2026-06-25
S100YKAZ,E00008,13790,ホクト株式会社,2026-03-31,2026-06-25 15:38,2026-06-25
S100YHVT,E26813,71620,アストマックス株式会社,2026-03-31,2026-06-25 15:39,2026-06-25
S100YL3N,E00787,40930,東邦アセチレン株式会社,2026-03-31,2026-06-25 15:39,2026-06-25
S100YGJ0,E01752,66440,大崎電気工業株式会社,2026-03-31,2026-06-25 15:41,2026-06-25
S100YJTL,E01282,56600,神鋼鋼線工業株式会社,2026-03-31,2026-06-25 15:41,2026-06-25
S100YKGG,E02070,67360,サン電子株式会社,2026-03-31,2026-06-25 15:41,2026-06-25
S100YL49,E04328,93570,名港海運株式会社,2026-03-31,2026-06-25 15:41,2026-06-25
S100YKQB,E01115,51620,株式会社朝日ラバー,2026-03-31,2026-06-25 15:42,2026-06-25
S100YKUO,E30445,60920,株式会社エンバイオ・ホールディングス,2026-03-31,2026-06-25 15:42,2026-06-25
S100YL59,E26914,38960,阿波製紙株式会社,2026-03-31,2026-06-25 15:44,2026-06-25
S100YKRT,E01929,69250,ウシオ電機株式会社,2026-03-31,2026-06-25 15:45,2026-06-25
S100YL5B,E39194,56210,株式会社ヒューマンテクノロジーズ,2026-03-31,2026-06-25 15:47,2026-06-25
S100YK10,E02134,71020,日本車輌製造株式会社,2026-03-31,2026-06-25 15:47,2026-06-25
S100YL4L,E04371,,中日本高速道路株式会社,2026-03-31,2026-06-25 15:47,2026-06-25
S100YK3R,E05159,84730,ＳＢＩホールディングス株式会社,2026-03-31,2026-06-25 15:48,2026-06-25
S100YKP8,E02645,81180,株式会社　キング,2026-03-31,2026-06-25 15:49,2026-06-25
S100YL65,E31878,39230,株式会社ラクス,2026-03-31,2026-06-25 15:49,2026-06-25
S100YJC5,E01710,64820,ＹＵＳＨＩＮ株式会社,2026-03-31,2026-06-25 15:52,2026-06-25
S100YL64,E05678,38440,コムチュア株式会社,2026-03-31,2026-06-25 15:55,2026-06-25
S100YL5P,E03333,76380,株式会社ＮＥＷ　ＡＲＴ　ＨＯＬＤＩＮＧＳ,2026-03-31,2026-06-25 15:56,2026-06-25
S100YKKS,E05303,23260,デジタルアーツ株式会社,2026-03-31,2026-06-25 15:59,2026-06-25
S100YJZ3,E03450,33600,シップヘルスケアホールディングス株式会社,2026-03-31,2026-06-25 16:00,2026-06-25
S100YKSL,E04934,97880,株式会社ナック,2026-03-31,2026-06-25 16:00,2026-06-25
S100YJUA,E37488,65250,株式会社ＫＯＫＵＳＡＩ　ＥＬＥＣＴＲＩＣ,2026-03-31,2026-06-25 16:00,2026-06-25
S100YKV6,E36464,73680,表示灯株式会社,2026-03-31,2026-06-25 16:00,2026-06-25
S100YJ1S,E34499,76770,株式会社ヤシマキザイ,2026-03-31,2026-06-25 16:00,2026-06-25
S100YHNL,E05668,21390,株式会社中広,2026-03-31,2026-06-25 16:00,2026-06-25
S100YK3U,E04251,91300,共栄タンカー株式会社,2026-03-31,2026-06-25 16:00,2026-06-25
S100YK5W,E32203,61930,バーチャレクス・ホールディングス株式会社,2026-03-31,2026-06-25 16:00,2026-06-25
S100YJQR,E02994,33920,デリカフーズホールディングス株式会社,2026-03-31,2026-06-25 16:00,2026-06-25
S100YL7U,E37719,92290,株式会社サンウェルズ,2026-03-31,2026-06-25 16:00,2026-06-25
S100YJBX,E01974,69430,ＮＫＫスイッチズ株式会社,2026-03-31,2026-06-25 16:00,2026-06-25
S100YJYU,E35345,44880,ＡＩ　ｉｎｓｉｄｅ株式会社,2026-03-31,2026-06-25 16:00,2026-06-25
S100YJLB,E00644,38640,三菱製紙株式会社,2026-03-31,2026-06-25 16:00,2026-06-25
S100YI72,E01544,63650,株式会社電業社機械製作所,2026-03-31,2026-06-25 16:02,2026-06-25
S100YKPS,E35508,70910,株式会社リビングプラットフォーム,2026-03-31,2026-06-25 16:03,2026-06-25
S100YFXP,E02183,72540,株式会社ユニバンス,2026-03-31,2026-06-25 16:03,2026-06-25
S100YL5Q,E30993,39100,株式会社エムケイシステム,2026-03-31,2026-06-25 16:03,2026-06-25
S100YL5T,E35610,73670,株式会社セルム,2026-03-31,2026-06-25 16:04,2026-06-25
S100YI16,E01663,63640,株式会社ＡＩＲＭＡＮ,2026-03-31,2026-06-25 16:05,2026-06-25
S100YK4B,E00268,17800,株式会社　ヤマウラ,2026-03-31,2026-06-25 16:05,2026-06-25
S100YIXO,E34938,29760,日本グランデ株式会社,2026-03-31,2026-06-25 16:06,2026-06-25
S100YL8F,E01157,52620,日本ヒューム株式会社,2026-03-31,2026-06-25 16:06,2026-06-25
S100YKRJ,E01425,59390,株式会社大谷工業,2026-03-31,2026-06-25 16:06,2026-06-25
S100YK97,E05381,23930,株式会社日本ケアサプライ,2026-03-31,2026-06-25 16:07,2026-06-25
S100YGXC,E27506,60740,株式会社ジェイエスエス,2026-03-31,2026-06-25 16:07,2026-06-25
S100YJ8J,E00642,38610,王子ホールディングス株式会社,2026-03-31,2026-06-25 16:09,2026-06-25
S100YJ1H,E01935,69520,カシオ計算機株式会社,2026-03-31,2026-06-25 16:09,2026-06-25
S100YKH4,E01977,68620,ミナトホールディングス株式会社,2026-03-31,2026-06-25 16:17,2026-06-25
S100YJCK,E00772,40470,関東電化工業株式会社,2026-03-31,2026-06-25 16:17,2026-06-25
S100YL3Z,E01926,69970,日本ケミコン株式会社,2026-03-31,2026-06-25 16:19,2026-06-25
S100YIYR,E00868,49600,ケミプロ化成株式会社,2026-03-31,2026-06-25 16:19,2026-06-25
S100YL7C,E36844,58580,株式会社ＳＴＧ,2026-03-31,2026-06-25 16:20,2026-06-25
S100YJJI,E01452,34220,株式会社　Ｊ－ＭＡＸ,2026-03-31,2026-06-25 16:20,2026-06-25
S100YJ8D,E00660,38800,大王製紙株式会社,2026-03-31,2026-06-25 16:23,2026-06-25
S100YJHN,E01857,69040,原田工業株式会社,2026-03-31,2026-06-25 16:25,2026-06-25
S100YLAN,E02329,77150,長野計器株式会社,2026-03-31,2026-06-25 16:28,2026-06-25
S100YJV7,E33882,92720,ブティックス株式会社,2026-03-31,2026-06-25 16:28,2026-06-25
S100YL71,E03324,76210,株式会社うかい,2026-03-31,2026-06-25 16:28,2026-06-25
S100YL5W,E37584,93480,株式会社ｉｓｐａｃｅ,2026-03-31,2026-06-25 16:30,2026-06-25
S100YKCT,E00771,40460,株式会社大阪ソーダ,2026-03-31,2026-06-25 16:30,2026-06-25
S100YJF6,E01751,65130,株式会社オリジン,2026-03-31,2026-06-25 16:32,2026-06-25
S100YKE1,E01610,63580,酒井重工業株式会社,2026-03-31,2026-06-25 16:33,2026-06-25
S100YKN6,E02223,72970,株式会社カーメイト,2026-03-31,2026-06-25 16:33,2026-06-25
S100YLAF,E02201,72770,株式会社ＴＢＫ,2026-03-31,2026-06-25 16:37,2026-06-25
S100YK3E,E36714,71290,ミアヘルサホールディングス株式会社,2026-03-31,2026-06-25 16:38,2026-06-25
S100YJ12,E00821,42050,日本ゼオン株式会社,2026-03-31,2026-06-25 16:39,2026-06-25
S100YC3A,E04327,90740,日本石油輸送株式会社,2026-03-31,2026-06-25 16:39,2026-06-25
S100YI10,E37198,71330,ＨＹＵＧＡ　ＰＲＩＭＡＲＹ　ＣＡＲＥ株式会社,2026-03-31,2026-06-25 16:39,2026-06-25
S100YLBS,E01930,61440,西部電機株式会社,2026-03-31,2026-06-25 16:39,2026-06-25
S100YKQ4,E02453,78600,エイベックス株式会社,2026-03-31,2026-06-25 16:40,2026-06-25
S100YFT7,E02666,81440,株式会社デンキョーグループホールディングス,2026-03-31,2026-06-25 16:41,2026-06-25
S100YL8T,E05463,37620,テクマトリックス株式会社,2026-03-31,2026-06-25 16:43,2026-06-25
S100YLAC,E02624,,山崎金属産業株式会社,2026-03-31,2026-06-25 16:44,2026-06-25
S100YL91,E03005,30790,ディーブイエックス株式会社,2026-03-31,2026-06-25 16:52,2026-06-25
S100YF9Y,E00518,29280,ＲＩＺＡＰグループ株式会社,2026-03-31,2026-06-25 16:55,2026-06-25
S100YL53,E01753,65840,三櫻工業株式会社,2026-03-31,2026-06-25 16:57,2026-06-25
S100YL1G,E00696,79160,光村印刷株式会社,2026-03-31,2026-06-25 16:57,2026-06-25
S100YK8S,E02488,62570,株式会社藤商事,2026-03-31,2026-06-25 17:00,2026-06-25
S100YHRI,E35470,70870,株式会社ウイルテック,2026-03-31,2026-06-25 17:01,2026-06-25
S100YHLO,E40420,331A0,株式会社メディックス,2026-03-31,2026-06-25 17:04,2026-06-25
S100YK63,E02005,68670,リーダー電子株式会社,2026-03-31,2026-06-25 17:05,2026-06-25
S100YKGK,E00794,61370,小池酸素工業株式会社,2026-03-31,2026-06-25 17:07,2026-06-25
S100YLJZ,E04127,,福井鉄道株式会社,2026-03-31,2026-06-26 09:02,2026-06-26
S100YETX,E27530,62480,株式会社横田製作所,2026-03-31,2026-06-26 09:02,2026-06-26
S100YLCK,E00986,45700,株式会社免疫生物研究所,2026-03-31,2026-06-26 09:03,2026-06-26
S100YJ7Y,E24453,36410,株式会社パピレス,2026-03-31,2026-06-26 09:05,2026-06-26
S100YJFB,E04687,,株式会社東松山カントリークラブ,2026-03-31,2026-06-26 09:05,2026-06-26
S100Y9CI,E00511,29240,イフジ産業株式会社,2026-03-31,2026-06-26 09:07,2026-06-26
S100YKB8,E04752,,小野観光開発株式会社,2026-03-31,2026-06-26 09:11,2026-06-26
S100YIME,E01277,64390,中日本鋳工株式会社,2026-03-31,2026-06-26 09:12,2026-06-26
S100YJPU,E03076,81350,ゼット株式会社,2026-03-31,2026-06-26 09:14,2026-06-26
S100YFTZ,E04387,,ＫＢＣグループホールディングス株式会社,2026-03-31,2026-06-26 09:17,2026-06-26
S100YHIB,E04122,,株式会社伊予鉄グループ,2026-03-31,2026-06-26 09:18,2026-06-26
S100YKSP,E02325,77710,日本精密株式会社,2026-03-31,2026-06-26 09:27,2026-06-26
S100YKCN,E02597,,東京青果株式会社,2026-03-31,2026-06-26 09:35,2026-06-26
S100YKNS,E00755,40080,住友精化株式会社,2026-03-31,2026-06-26 09:36,2026-06-26
S100YLIO,E04118,,豊橋鉄道株式会社,2026-03-31,2026-06-26 09:40,2026-06-26
S100YJCQ,E02787,82250,株式会社タカチホ,2026-03-31,2026-06-26 09:53,2026-06-26
S100YL67,E04372,,阪神高速道路株式会社,2026-03-31,2026-06-26 10:00,2026-06-26
S100YJ3Q,E04952,97390,ＮＳＷ株式会社,2026-03-31,2026-06-26 10:02,2026-06-26
S100YLN8,E00839,42220,児玉化学工業株式会社,2026-03-31,2026-06-26 10:07,2026-06-26
S100YLJH,E04679,,株式会社　出水ゴルフクラブ,2026-03-31,2026-06-26 10:09,2026-06-26
S100YL5Z,E01761,63330,株式会社ＴＥＩＫＯＫＵ,2026-03-31,2026-06-26 10:17,2026-06-26
S100YLH5,E04352,,東京湾横断道路株式会社,2026-03-31,2026-06-26 10:21,2026-06-26
S100YFFY,E01099,,株式会社東洋クオリティワン,2026-03-31,2026-06-26 10:26,2026-06-26
S100YLOF,E22464,,株式会社岐阜中濃土地建物,2026-03-31,2026-06-26 10:27,2026-06-26
S100YK44,E00682,39530,大村紙業株式会社,2026-03-31,2026-06-26 10:27,2026-06-26
S100YKX5,E01956,97660,コナミグループ株式会社,2026-03-31,2026-06-26 10:30,2026-06-26
S100YLOZ,E08587,,日本貨物鉄道株式会社,2026-03-31,2026-06-26 10:30,2026-06-26
S100YGR6,E02086,66760,株式会社バッファロー,2026-03-31,2026-06-26 10:32,2026-06-26
S100Y9O5,E04222,90350,第一交通産業株式会社,2026-03-31,2026-06-26 10:41,2026-06-26
S100YLPB,E32204,35040,株式会社丸八ホールディングス,2026-03-31,2026-06-26 10:51,2026-06-26
S100YFIK,E01978,69420,株式会社ソフィアホールディングス,2026-03-31,2026-06-26 10:53,2026-06-26
S100YKBV,E02625,,東京貿易ホールディングス株式会社,2026-03-31,2026-06-26 10:55,2026-06-26
S100YKV3,E00567,35290,アツギ株式会社,2026-03-31,2026-06-26 10:57,2026-06-26
S100YLAH,E04630,,株式会社飯能ゴルフ倶楽部,2026-03-31,2026-06-26 11:08,2026-06-26
S100YLHM,E00724,78680,株式会社広済堂ホールディングス,2026-03-31,2026-06-26 11:13,2026-06-26
S100YLRB,E32200,39320,株式会社アカツキ,2026-03-31,2026-06-26 11:13,2026-06-26
S100YHG9,E02169,,トーハツ株式会社,2026-03-31,2026-06-26 11:15,2026-06-26
S100YLRR,E02051,68320,アオイ電子株式会社,2026-03-31,2026-06-26 11:22,2026-06-26
S100YLFP,E02536,,日販グループホールディングス株式会社,2026-03-31,2026-06-26 11:22,2026-06-26
S100YLFJ,E04151,,首都圏新都市鉄道株式会社,2026-03-31,2026-06-26 11:25,2026-06-26
S100YL8X,E01648,64940,株式会社ＮＦＫホールディングス,2026-03-31,2026-06-26 11:29,2026-06-26
S100YKY3,E38148,93360,大栄環境株式会社,2026-03-31,2026-06-26 11:30,2026-06-26
S100YLK6,E33011,35610,株式会社力の源ホールディングス,2026-03-31,2026-06-26 11:30,2026-06-26
S100YJIB,E38167,71140,株式会社フーディソン,2026-03-31,2026-06-26 11:30,2026-06-26
S100YJKU,E04710,46800,株式会社ラウンドワン,2026-03-31,2026-06-26 11:30,2026-06-26
S100YLDW,E05443,37500,株式会社ＡＤＲ１２０Ｓ,2026-03-31,2026-06-26 11:44,2026-06-26
S100YI1Y,E01644,72550,株式会社　桜井製作所,2026-03-31,2026-06-26 11:46,2026-06-26
S100YLBY,E01394,19210,株式会社　巴コーポレーション,2026-03-31,2026-06-26 11:47,2026-06-26
S100YLDV,E05460,24320,株式会社ディー・エヌ・エー,2026-03-31,2026-06-26 11:54,2026-06-26
S100YKKP,E02791,74130,株式会社創健社,2026-03-31,2026-06-26 11:55,2026-06-26
S100YJYN,E01216,52870,株式会社イトーヨーギョー,2026-03-31,2026-06-26 11:56,2026-06-26
S100YF1P,E04158,90810,神奈川中央交通株式会社,2026-03-31,2026-06-26 12:02,2026-06-26
S100YLHU,E02390,69610,株式会社エンプラス,2026-03-31,2026-06-26 12:09,2026-06-26
S100YLUK,E38191,52470,株式会社ＢＴＭ,2026-03-31,2026-06-26 12:12,2026-06-26
S100YLB7,E04666,,福山観光開発株式会社,2026-03-31,2026-06-26 12:14,2026-06-26
S100YKGF,E04554,,朝日観光株式会社,2026-03-31,2026-06-26 12:15,2026-06-26
S100YLFL,E04631,,株式会社　水戸カンツリー倶楽部,2026-03-31,2026-06-26 12:28,2026-06-26
S100YLT6,E05573,38030,イメージ情報開発株式会社,2026-03-31,2026-06-26 12:49,2026-06-26
S100YJBP,E02027,68240,新コスモス電機株式会社,2026-03-31,2026-06-26 12:55,2026-06-26
S100YLV8,E03355,26660,株式会社　オートウェーブ,2026-03-31,2026-06-26 12:56,2026-06-26
S100YLVZ,E34725,70620,株式会社フレアス,2026-03-31,2026-06-26 12:58,2026-06-26
S100YLFQ,E00135,,新生テクノス株式会社,2026-03-31,2026-06-26 12:59,2026-06-26
S100YD0U,E02551,,東工コーセン株式会社,2026-03-31,2026-06-26 13:00,2026-06-26
S100YKJC,E00590,35910,株式会社ワコールホールディングス,2026-03-31,2026-06-26 13:00,2026-06-26
S100YG4G,E01180,53560,美濃窯業株式会社,2026-03-31,2026-06-26 13:00,2026-06-26
S100YLBX,E01642,62820,オイレス工業株式会社,2026-03-31,2026-06-26 13:06,2026-06-26
S100YL7Q,E03226,99890,株式会社サンドラッグ,2026-03-31,2026-06-26 13:06,2026-06-26
S100YL4M,E01221,77460,岡本硝子株式会社,2026-03-31,2026-06-26 13:07,2026-06-26
S100YLU7,E02489,38510,株式会社日本一ソフトウェア,2026-03-31,2026-06-26 13:07,2026-06-26
S100YGDM,E00899,41190,株式会社日本ピグメントホールディングス,2026-03-31,2026-06-26 13:08,2026-06-26
S100Y9QZ,E00182,19920,神田通信機株式会社,2026-03-31,2026-06-26 13:10,2026-06-26
S100XUDH,E04362,,中部国際空港株式会社,2026-03-31,2026-06-26 13:10,2026-06-26
S100YHI9,E26839,60700,キャリアリンク株式会社,2026-03-31,2026-06-26 13:15,2026-06-26
S100YLMG,E01904,69960,ニチコン株式会社,2026-03-31,2026-06-26 13:15,2026-06-26
S100YLSB,E30918,36940,株式会社オプティム,2026-03-31,2026-06-26 13:16,2026-06-26
S100YLWW,E03451,33580,Ｔｒａｉｌｈｅａｄ　Ｇｌｏｂａｌ　Ｈｏｌｄｉｎｇｓ株式会社,2026-03-31,2026-06-26 13:18,2026-06-26
S100YJ45,E04370,,東日本高速道路株式会社,2026-03-31,2026-06-26 13:23,2026-06-26
S100YII3,E04129,,遠州鉄道株式会社,2026-03-31,2026-06-26 13:23,2026-06-26
S100YL7T,E00034,88350,太平洋興発株式会社,2026-03-31,2026-06-26 13:27,2026-06-26
S100YKUS,E04355,,株式会社農協観光,2026-03-31,2026-06-26 13:34,2026-06-26
S100YLY9,E00909,46230,株式会社アサヒペン,2026-03-31,2026-06-26 13:36,2026-06-26
S100YCZD,E30909,,ＯＰＩ株式会社,2026-03-31,2026-06-26 13:45,2026-06-26
S100YLXQ,E31367,31330,株式会社海帆,2026-03-31,2026-06-26 13:51,2026-06-26
S100YL08,E00253,,株式会社藤木工務店,2026-03-31,2026-06-26 13:51,2026-06-26
S100YGOW,E36769,43600,株式会社マナック・ケミカル・パートナーズ,2026-03-31,2026-06-26 13:52,2026-06-26
S100YLUW,E01987,68190,伊豆シャボテンリゾート株式会社,2026-03-31,2026-06-26 13:55,2026-06-26
S100YLTB,E01514,,株式会社豊田自動織機,2026-03-31,2026-06-26 13:55,2026-06-26
S100YKN0,E04526,,宮崎瓦斯株式会社,2026-03-31,2026-06-26 13:58,2026-06-26
S100YLFU,E02368,,ＹＫＫ株式会社,2026-03-31,2026-06-26 14:00,2026-06-26
S100YF8Q,E05676,21620,ｎｍｓホールディングス株式会社,2026-03-31,2026-06-26 14:04,2026-06-26
S100YKTA,E01950,68570,株式会社アドバンテスト,2026-03-31,2026-06-26 14:05,2026-06-26
S100YLLM,E02185,56440,株式会社メタルアート,2026-03-31,2026-06-26 14:05,2026-06-26
S100YKOJ,E01402,59850,サンコール株式会社,2026-03-31,2026-06-26 14:06,2026-06-26
S100YKOR,E36406,73430,ブロードマインド株式会社,2026-03-31,2026-06-26 14:08,2026-06-26
S100YLDD,E34974,44440,株式会社インフォネット,2026-03-31,2026-06-26 14:09,2026-06-26
S100YHNC,E01488,61380,ダイジェット工業株式会社,2026-03-31,2026-06-26 14:12,2026-06-26
S100YLHV,E00640,78200,ニホンフラッシュ株式会社,2026-03-31,2026-06-26 14:12,2026-06-26
S100YM13,E02538,,株式会社トーハン,2026-03-31,2026-06-26 14:13,2026-06-26
S100YIFX,E00753,,チッソ株式会社,2026-03-31,2026-06-26 14:14,2026-06-26
S100YIC1,E04550,97230,株式会社京都ホテル,2026-03-31,2026-06-26 14:14,2026-06-26
S100YM1I,E04858,96850,ＫＹＣＯＭホールディングス株式会社,2026-03-31,2026-06-26 14:16,2026-06-26
S100YKK8,E01521,62180,エンシュウ株式会社,2026-03-31,2026-06-26 14:18,2026-06-26
S100YK7L,E34587,44370,ｇｏｏｄｄａｙｓホールディングス株式会社,2026-03-31,2026-06-26 14:22,2026-06-26
S100YLG9,E01195,53880,クニミネ工業株式会社,2026-03-31,2026-06-26 14:24,2026-06-26
S100YLCH,E34018,65800,株式会社ライトアップ,2026-03-31,2026-06-26 14:25,2026-06-26
S100YKBK,E03802,,みらい證券株式会社,2026-03-31,2026-06-26 14:27,2026-06-26
S100YLYD,E04343,,日本自動車ターミナル株式会社,2026-03-31,2026-06-26 14:29,2026-06-26
S100YLK4,E02871,75550,株式会社大田花き,2026-03-31,2026-06-26 14:30,2026-06-26
S100YL3M,E04168,,日ノ丸自動車株式会社,2026-03-31,2026-06-26 14:34,2026-06-26
S100YIE8,E02056,67870,株式会社メイコー,2026-03-31,2026-06-26 14:34,2026-06-26
S100YKKE,E41485,548A0,株式会社システムエグゼ,2026-03-31,2026-06-26 14:36,2026-06-26
S100YK1Y,E31220,13840,株式会社　ホクリヨウ,2026-03-31,2026-06-26 14:37,2026-06-26
S100YM2W,E02711,98490,株式会社共同紙販ホールディングス,2026-03-31,2026-06-26 14:38,2026-06-26
S100YLC6,E01673,62730,ＳＭＣ株式会社,2026-03-31,2026-06-26 14:41,2026-06-26
S100YM27,E37194,73830,株式会社ネットプロテクションズホールディングス,2026-03-31,2026-06-26 14:46,2026-06-26
S100YFCY,E40299,,いすゞリーシングサービス株式会社,2026-03-31,2026-06-26 14:52,2026-06-26
S100YKFC,E32793,34770,フォーライフ株式会社,2026-03-31,2026-06-26 14:55,2026-06-26
S100YLGZ,E33005,65450,株式会社インターネットインフィニティー,2026-03-31,2026-06-26 14:55,2026-06-26
S100YITA,E38031,,ロジスティード株式会社,2026-03-31,2026-06-26 14:56,2026-06-26
S100YKLJ,E01764,66370,寺崎電気産業株式会社,2026-03-31,2026-06-26 14:57,2026-06-26
S100YLZQ,E26842,31750,株式会社エー・ピーホールディングス,2026-03-31,2026-06-26 15:00,2026-06-26
S100YKLX,E00697,,株式会社西日本新聞社,2026-03-31,2026-06-26 15:00,2026-06-26
S100YL6P,E02819,,興和株式会社,2026-03-31,2026-06-26 15:00,2026-06-26
S100YFP2,E04976,46620,株式会社フォーカスシステムズ,2026-03-31,2026-06-26 15:00,2026-06-26
S100YM22,E00175,18660,北野建設株式会社,2026-03-31,2026-06-26 15:00,2026-06-26
S100YM3U,E02826,74630,株式会社アドヴァン,2026-03-31,2026-06-26 15:03,2026-06-26
S100YKW2,E00079,18920,徳倉建設株式会社,2026-03-31,2026-06-26 15:03,2026-06-26
S100YJO9,E01202,52800,ヨシコン株式会社,2026-03-31,2026-06-26 15:07,2026-06-26
S100YEYH,E05145,48010,セントラルスポーツ株式会社,2026-03-31,2026-06-26 15:11,2026-06-26
S100YL5Y,E04091,90090,京成電鉄株式会社,2026-03-31,2026-06-26 15:18,2026-06-26
S100YLQS,E04636,,株式会社　筑波ゴルフコース,2026-03-31,2026-06-26 15:20,2026-06-26
S100YLIH,E02650,81230,川辺株式会社,2026-03-31,2026-06-26 15:21,2026-06-26
S100YLI5,E04191,90720,ニッコンホールディングス株式会社,2026-03-31,2026-06-26 15:24,2026-06-26
S100YI6P,E35560,73170,株式会社松屋アールアンドディ,2026-03-31,2026-06-26 15:30,2026-06-26
S100YM3K,E01766,67020,富士通株式会社,2026-03-31,2026-06-26 15:30,2026-06-26
S100YM56,E41152,477A0,株式会社スタートライン,2026-03-31,2026-06-26 15:30,2026-06-26
S100YKT7,E34975,70670,ブランディングテクノロジー株式会社,2026-03-31,2026-06-26 15:30,2026-06-26
S100YM5Z,E02403,64120,株式会社平和,2026-03-31,2026-06-26 15:30,2026-06-26
S100YKTN,E38965,55920,株式会社くすりの窓口,2026-03-31,2026-06-26 15:31,2026-06-26
S100YLS8,E03847,87660,東京海上ホールディングス株式会社,2026-03-31,2026-06-26 15:32,2026-06-26
S100YLFA,E01832,,株式会社リゾート＆メディカル,2026-03-31,2026-06-26 15:33,2026-06-26
S100YJTH,E34487,70460,ＴＤＳＥ株式会社,2026-03-31,2026-06-26 15:35,2026-06-26
S100YKJL,E02171,60420,株式会社ニッキ,2026-03-31,2026-06-26 15:35,2026-06-26
S100YJZ2,E31104,31990,綿半ホールディングス株式会社,2026-03-31,2026-06-26 15:35,2026-06-26
S100YLTM,E03823,,東京海上日動火災保険株式会社,2026-03-31,2026-06-26 15:35,2026-06-26
S100YKXF,E26705,,ディー・ティー・ホールディングス株式会社,2026-03-31,2026-06-26 15:35,2026-06-26
S100YL2M,E01333,58020,住友電気工業株式会社,2026-03-31,2026-06-26 15:36,2026-06-26
S100YLF7,E02304,69600,フクダ電子株式会社,2026-03-31,2026-06-26 15:36,2026-06-26
S100YL16,E01078,,株式会社　りゅうせき,2026-03-31,2026-06-26 15:38,2026-06-26
S100YL03,E33658,,マネックスファイナンス株式会社,2026-03-31,2026-06-26 15:38,2026-06-26
S100YL8G,E01095,51940,相模ゴム工業株式会社,2026-03-31,2026-06-26 15:44,2026-06-26
S100YL5S,E03406,27640,株式会社ひらまつ,2026-03-31,2026-06-26 15:44,2026-06-26
S100YM8I,E03815,86980,マネックスグループ株式会社,2026-03-31,2026-06-26 15:49,2026-06-26
S100YLLZ,E02172,72470,株式会社ミクニ,2026-03-31,2026-06-26 16:00,2026-06-26
S100YLV9,E23871,66290,テクノホライゾン株式会社,2026-03-31,2026-06-26 16:00,2026-06-26
S100YL9S,E00705,79180,株式会社ヴィア・ホールディングス,2026-03-31,2026-06-26 16:00,2026-06-26
S100YLFM,E05728,45710,ＮＡＮＯホールディングス株式会社,2026-03-31,2026-06-26 16:01,2026-06-26
S100YJXK,E04298,,アジア開発キャピタル株式会社,2026-03-31,2026-06-26 16:02,2026-06-26
S100YLVF,E27585,49780,株式会社リプロセル,2026-03-31,2026-06-26 16:03,2026-06-26
S100YLTN,E02226,72730,株式会社イクヨ,2026-03-31,2026-06-26 16:04,2026-06-26
S100YKGC,E01097,,住友理工株式会社,2026-03-31,2026-06-26 16:07,2026-06-26
S100YLJD,E03233,74160,株式会社はるやまホールディングス,2026-03-31,2026-06-26 16:09,2026-06-26
S100YKW4,E00912,79530,菊水化学工業株式会社,2026-03-31,2026-06-26 16:11,2026-06-26
S100YLWX,E00711,79460,株式会社光陽社,2026-03-31,2026-06-26 16:13,2026-06-26
S100YKQ9,E36367,73740,株式会社コンフィデンス・インターワークス,2026-03-31,2026-06-26 16:14,2026-06-26
S100YM7I,E05452,17110,株式会社ＳＤＳホールディングス,2026-03-31,2026-06-26 16:16,2026-06-26
S100YMA3,E35341,70780,ＩＮＣＬＵＳＩＶＥ　Ｈｏｌｄｉｎｇｓ株式会社,2026-03-31,2026-06-26 16:20,2026-06-26
S100YLZK,E01646,,水道機工株式会社,2026-03-31,2026-06-26 16:21,2026-06-26
S100YK0J,E26332,36610,株式会社エムアップホールディングス,2026-03-31,2026-06-26 16:24,2026-06-26
S100YI2P,E01308,57070,東邦亜鉛株式会社,2026-03-31,2026-06-26 16:26,2026-06-26
S100YM7M,E27059,60720,地盤ネットホールディングス株式会社,2026-03-31,2026-06-26 16:41,2026-06-26
S100YMA4,E05544,24670,株式会社ＶＬＣセキュリティ,2026-03-31,2026-06-26 16:42,2026-06-26
S100YL46,E35489,70840,株式会社Ｓｍｉｌｅ　Ｈｏｌｄｉｎｇｓ,2026-03-31,2026-06-26 16:47,2026-06-26
S100YLAV,E11701,,株式会社日本政策投資銀行,2026-03-31,2026-06-26 16:48,2026-06-26
S100YMC0,E27894,39090,株式会社ショーケース,2026-03-31,2026-06-26 16:49,2026-06-26
S100YLGY,E02210,72390,株式会社タチエス,2026-03-31,2026-06-26 16:54,2026-06-26
S100YGDN,E40399,330A0,株式会社ＴａｌｅｎｔＸ,2026-03-31,2026-06-26 16:58,2026-06-26
S100YMBT,E02459,78510,カワセコンピュータサプライ株式会社,2026-03-31,2026-06-26 16:59,2026-06-26
S100YMC7,E34326,55710,エキサイトホールディングス株式会社,2026-03-31,2026-06-26 17:00,2026-06-26
S100YIKS,E34507,44250,Ｋｕｄａｎ株式会社,2026-03-31,2026-06-26 17:00,2026-06-26
S100YLT7,E01718,64280,株式会社オーイズミ,2026-03-31,2026-06-26 17:07,2026-06-26
S100YMFF,E32405,61950,株式会社ホープ,2026-03-31,2026-06-29 09:00,2026-06-29
S100Y49A,E03841,,北海道建設業信用保証株式会社,2026-03-31,2026-06-29 09:01,2026-06-29
S100YFG1,E04522,,四国ガス株式会社,2026-03-31,2026-06-29 09:02,2026-06-29
S100YLZ7,E04115,,サンデン交通株式会社,2026-03-31,2026-06-29 09:05,2026-06-29
S100YLNO,E02875,75650,萬世電機株式会社,2026-03-31,2026-06-29 09:10,2026-06-29
S100YKK1,E05698,21460,ＵＴグループ株式会社,2026-03-31,2026-06-29 09:13,2026-06-29
S100YL7D,E23973,,リーディング証券株式会社,2026-03-31,2026-06-29 09:15,2026-06-29
S100XQ6A,E02337,77090,クボテック株式会社,2026-03-31,2026-06-29 09:23,2026-06-29
S100YL0Q,E01918,,日電工業株式会社,2026-03-31,2026-06-29 09:25,2026-06-29
S100YLU6,E04141,,会津鉄道株式会社,2026-03-31,2026-06-29 09:29,2026-06-29
S100YKGZ,E02383,79800,株式会社　重松製作所,2026-03-31,2026-06-29 09:31,2026-06-29
S100YMIT,E02798,74260,株式会社　山大,2026-03-31,2026-06-29 09:47,2026-06-29
S100YMIN,E02290,,大和製衡株式会社,2026-03-31,2026-06-29 09:49,2026-06-29
S100YLYO,E04397,,青森放送株式会社,2026-03-31,2026-06-29 09:50,2026-06-29
S100YJ9F,E03494,30590,ヒラキ株式会社,2026-03-31,2026-06-29 09:55,2026-06-29
S100YM6C,E02447,73990,株式会社ナンシン,2026-03-31,2026-06-29 09:56,2026-06-29
S100YJ4V,E23245,31560,株式会社レスター,2026-03-31,2026-06-29 10:00,2026-06-29
S100YKC9,E02845,74900,日新商事株式会社,2026-03-31,2026-06-29 10:00,2026-06-29
S100YJPO,E01420,59660,京都機械工具株式会社,2026-03-31,2026-06-29 10:05,2026-06-29
S100YM26,E04099,,長野電鉄株式会社,2026-03-31,2026-06-29 10:06,2026-06-29
S100YLMI,E03405,27630,株式会社エフティグループ,2026-03-31,2026-06-29 10:11,2026-06-29
S100YJSP,E21219,,株式会社フォレストホールディングス,2026-03-31,2026-06-29 10:27,2026-06-29
S100YMM9,E31321,32240,株式会社ゼネラル・オイスター,2026-03-31,2026-06-29 10:36,2026-06-29
S100YMMQ,E07846,,森ビル株式会社,2026-03-31,2026-06-29 10:40,2026-06-29
S100YLO4,E04723,,株式会社セントクリークゴルフクラブ,2026-03-31,2026-06-29 10:41,2026-06-29
S100YMLD,E04374,,西日本高速道路株式会社,2026-03-31,2026-06-29 10:45,2026-06-29
S100YLU1,E04720,,株式会社オークモントゴルフクラブ,2026-03-31,2026-06-29 10:48,2026-06-29
S100YM1B,E04722,,多治見クラシック株式会社,2026-03-31,2026-06-29 10:51,2026-06-29
S100YLKC,E03281,78720,エステールホールディングス株式会社,2026-03-31,2026-06-29 10:55,2026-06-29
S100YM2S,E04748,,株式会社メイプルポイントゴルフクラブ,2026-03-31,2026-06-29 10:55,2026-06-29
S100YKML,E00965,,千寿製薬株式会社,2026-03-31,2026-06-29 11:00,2026-06-29
S100YM47,E04715,,岡崎クラシック株式会社,2026-03-31,2026-06-29 11:00,2026-06-29
S100YM6Q,E04735,,株式会社グレイスヒルズカントリー倶楽部,2026-03-31,2026-06-29 11:08,2026-06-29
S100YKOH,E05528,94230,株式会社フォーバル・リアルストレート,2026-03-31,2026-06-29 11:12,2026-06-29
S100YM8U,E25811,,株式会社関西ゴルフ倶楽部,2026-03-31,2026-06-29 11:13,2026-06-29
S100YMI8,E04564,,株式会社　ニュー・オータニ,2026-03-31,2026-06-29 11:14,2026-06-29
S100YLWG,E05112,26560,株式会社ベクターホールディングス,2026-03-31,2026-06-29 11:20,2026-06-29
S100YIDG,E03837,,西日本建設業保証株式会社,2026-03-31,2026-06-29 11:23,2026-06-29
S100YLF5,E00252,,東邦電気工業株式会社,2026-03-31,2026-06-29 11:33,2026-06-29
S100YJSL,E23224,,株式会社アプラス,2026-03-31,2026-06-29 11:39,2026-06-29
S100YMRC,E34070,70310,株式会社インバウンドテック,2026-03-31,2026-06-29 11:59,2026-06-29
S100YLY3,E04386,,北陸放送株式会社,2026-03-31,2026-06-29 12:00,2026-06-29
S100YJQ4,E02598,,株式会社　新潟ケンベイ,2026-03-31,2026-06-29 12:00,2026-06-29
S100YKBG,E00566,34090,株式会社北紡,2026-03-31,2026-06-29 12:10,2026-06-29
S100YL9X,E30066,32930,アズマハウス株式会社,2026-03-31,2026-06-29 12:31,2026-06-29
S100YMQ1,E02173,63560,日本ギア工業株式会社,2026-03-31,2026-06-29 12:46,2026-06-29
S100YMMY,E01209,,株式会社麻生,2026-03-31,2026-06-29 13:00,2026-06-29
S100YML0,E03278,75240,マルシェ株式会社,2026-03-31,2026-06-29 13:02,2026-06-29
S100YM73,E03252,74620,株式会社ＣＡＰＩＴＡ,2026-03-31,2026-06-29 13:03,2026-06-29
S100YLD5,E02674,,日本アルコール販売株式会社,2026-03-31,2026-06-29 13:04,2026-06-29
S100YFI5,E04137,,島原鉄道株式会社,2026-03-31,2026-06-29 13:12,2026-06-29
S100YM64,E02814,,日本酒類販売株式会社,2026-03-31,2026-06-29 13:17,2026-06-29
S100YMAI,E00550,32050,株式会社ダイドーリミテッド,2026-03-31,2026-06-29 13:33,2026-06-29
S100YM5D,E04128,,富山地方鉄道株式会社,2026-03-31,2026-06-29 13:33,2026-06-29
S100YM6T,E02818,75380,株式会社大水,2026-03-31,2026-06-29 13:53,2026-06-29
S100YM45,E04524,,日本瓦斯株式会社,2026-03-31,2026-06-29 14:03,2026-06-29
S100YMPS,E04396,,ＲＳＫホールディングス株式会社,2026-03-31,2026-06-29 14:05,2026-06-29
S100YL35,E37829,,株式会社リージョナルプラスウイングス,2026-03-31,2026-06-29 14:05,2026-06-29
S100YMY2,E04629,,株式会社六石ゴルフ倶楽部,2026-03-31,2026-06-29 14:13,2026-06-29
S100YMT7,E04385,,株式会社アイビーシー岩手放送,2026-03-31,2026-06-29 14:17,2026-06-29
S100YMS0,E02266,77210,東京計器株式会社,2026-03-31,2026-06-29 14:19,2026-06-29
S100YMXL,E00576,35210,テルマー湯ホールディングス株式会社,2026-03-31,2026-06-29 14:25,2026-06-29
S100YLIN,E01234,54820,愛知製鋼株式会社,2026-03-31,2026-06-29 14:26,2026-06-29
S100YMZ1,E02596,,小泉産業株式会社,2026-03-31,2026-06-29 14:45,2026-06-29
S100YEN4,E03861,,ダイビル株式会社,2026-03-31,2026-06-29 14:47,2026-06-29
S100YMJJ,E03275,75220,ワタミ株式会社,2026-03-31,2026-06-29 14:53,2026-06-29
S100YLYF,E34065,66990,ダイヤモンドエレクトリックホールディングス株式会社,2026-03-31,2026-06-29 15:00,2026-06-29
S100YM06,E41452,549A0,ヒトトヒトホールディングス株式会社,2026-03-31,2026-06-29 15:00,2026-06-29
S100YLE6,E00734,78630,株式会社平賀,2026-03-31,2026-06-29 15:12,2026-06-29
S100YM6H,E02096,78360,アビックス株式会社,2026-03-31,2026-06-29 15:21,2026-06-29
S100YM8W,E02627,81050,Ｂｉｔｃｏｉｎ　Ｊａｐａｎ株式会社,2026-03-31,2026-06-29 15:29,2026-06-29
S100YN25,E04616,,株式会社東海カントリークラブ,2026-03-31,2026-06-29 15:29,2026-06-29
S100YN0V,E04948,94350,株式会社光通信,2026-03-31,2026-06-29 15:30,2026-06-29
S100YMTN,E33577,65640,株式会社ミダックホールディングス,2026-03-31,2026-06-29 15:30,2026-06-29
S100YN23,E05569,24790,株式会社ジェイテック,2026-03-31,2026-06-29 15:34,2026-06-29
S100YN30,E40034,263A0,株式会社デジタルキューブ,2026-03-31,2026-06-29 15:36,2026-06-29
S100YME7,E02664,81410,新光商事株式会社,2026-03-31,2026-06-29 15:40,2026-06-29
S100YMTQ,E02008,62980,ワイエイシイホールディングス株式会社,2026-03-31,2026-06-29 15:44,2026-06-29
S100YM8Y,E31542,61660,株式会社中村超硬,2026-03-31,2026-06-29 15:46,2026-06-29
S100YN3J,E01724,64050,鈴茂器工株式会社,2026-03-31,2026-06-29 15:51,2026-06-29
S100YN3H,E03166,98900,株式会社マキヤ,2026-03-31,2026-06-29 15:52,2026-06-29
S100YHFW,E00585,30110,株式会社バナーズ,2026-03-31,2026-06-29 15:57,2026-06-29
S100YM41,E04823,97600,株式会社　進学会ホールディングス,2026-03-31,2026-06-29 15:58,2026-06-29
S100YMBF,E04727,23400,株式会社　極楽湯ホールディングス,2026-03-31,2026-06-29 16:03,2026-06-29
S100YMSD,E25206,36460,株式会社駅探,2026-03-31,2026-06-29 16:08,2026-06-29
S100YMTV,E21553,36280,株式会社データホライゾン,2026-03-31,2026-06-29 16:09,2026-06-29
S100YK9I,E34406,,住友三井オートサービス株式会社,2026-03-31,2026-06-29 16:20,2026-06-29
S100YCG3,E39737,254A0,ＡＩフュージョンキャピタルグループ株式会社,2026-03-31,2026-06-29 16:21,2026-06-29
S100YM65,E32412,71870,ジェイリース株式会社,2026-03-31,2026-06-29 16:24,2026-06-29
S100YN6A,E03304,75780,株式会社ニチリョク,2026-03-31,2026-06-29 16:24,2026-06-29
S100YMG4,E03695,85180,日本アジア投資株式会社,2026-03-31,2026-06-29 16:27,2026-06-29
S100YDYA,E05719,38580,株式会社ユビキタスＡＩ,2026-03-31,2026-06-29 16:31,2026-06-29
S100YN09,E05151,48140,ネクストウェア株式会社,2026-03-31,2026-06-29 16:33,2026-06-29
S100YMXX,E27032,45840,キッズウェル・バイオ株式会社,2026-03-31,2026-06-29 16:35,2026-06-29
S100YLRH,E30863,,ＪＡ三井リース株式会社,2026-03-31,2026-06-29 16:41,2026-06-29
S100YLEZ,E01482,61040,芝浦機械株式会社,2026-03-31,2026-06-29 16:48,2026-06-29
S100YMGV,E31131,39050,データセクション株式会社,2026-03-31,2026-06-29 16:50,2026-06-29
S100YMHZ,E00453,28940,石井食品株式会社,2026-03-31,2026-06-29 16:55,2026-06-29
S100YIZC,E04393,,山口放送株式会社,2026-03-31,2026-06-30 09:00,2026-06-30
S100YN95,E33864,65740,株式会社コンヴァノ,2026-03-31,2026-06-30 09:00,2026-06-30
S100YN9E,E02385,79850,ネポン株式会社,2026-03-31,2026-06-30 09:06,2026-06-30
S100YLXG,E25115,,株式会社新南愛知,2026-03-31,2026-06-30 09:12,2026-06-30
S100YN6S,E03824,,三井住友海上火災保険株式会社,2026-03-31,2026-06-30 09:14,2026-06-30
S100YMGL,E04613,,株式会社　大利根カントリー倶楽部,2026-03-31,2026-06-30 09:16,2026-06-30
S100YM2J,E00982,,株式会社ＬＴＴバイオファーマ,2026-03-31,2026-06-30 09:18,2026-06-30
S100YN9T,E31957,39250,株式会社ダブルスタンダード,2026-03-31,2026-06-30 10:06,2026-06-30
S100YNCJ,E03854,87250,ＭＳ＆ＡＤインシュアランスグループホールディングス株式会社,2026-03-31,2026-06-30 10:07,2026-06-30
S100YN5G,E03833,,あいおいニッセイ同和損害保険株式会社,2026-03-31,2026-06-30 10:12,2026-06-30
S100YNCK,E04112,,越後交通株式会社,2026-03-31,2026-06-30 10:12,2026-06-30
S100YNDU,E02483,42400,クラスターテクノロジー株式会社,2026-03-31,2026-06-30 10:24,2026-06-30
S100YNEC,E01239,54710,大同特殊鋼株式会社,2026-03-31,2026-06-30 11:15,2026-06-30
S100YH6S,E01897,67060,電気興業株式会社,2026-03-31,2026-06-30 11:26,2026-06-30
S100YNFT,E04161,90850,北海道中央バス株式会社,2026-03-31,2026-06-30 11:40,2026-06-30
S100YNI3,E05297,23210,株式会社ソフトフロントホールディングス,2026-03-31,2026-06-30 13:05,2026-06-30
S100YMDA,E05031,,トヨタファイナンス株式会社,2026-03-31,2026-06-30 13:07,2026-06-30
S100YNBV,E04206,90600,日本ロジテム株式会社,2026-03-31,2026-06-30 13:20,2026-06-30
S100YKR6,E04181,,瀬戸内運輸株式会社,2026-03-31,2026-06-30 13:23,2026-06-30
S100YNJD,E04704,46500,ＳＤエンターテイメント株式会社,2026-03-31,2026-06-30 13:24,2026-06-30
S100YHSS,E04142,,のと鉄道株式会社,2026-03-31,2026-06-30 13:25,2026-06-30
S100YNKO,E01300,57210,エスクリプトエナジー株式会社,2026-03-31,2026-06-30 13:51,2026-06-30
S100YNLK,E04916,96100,ウィルソン・ラーニング　ワールドワイド株式会社,2026-03-31,2026-06-30 14:04,2026-06-30
S100YH7L,E02045,68400,株式会社ＡＫＩＢＡホールディングス,2026-03-31,2026-06-30 14:06,2026-06-30
S100YNIO,E01833,,株式会社サンコーシヤ,2026-03-31,2026-06-30 14:17,2026-06-30
S100YN9U,E04196,,立山黒部貫光株式会社,2026-03-31,2026-06-30 14:22,2026-06-30
S100YMR2,E04130,,北陸鉄道株式会社,2026-03-31,2026-06-30 14:27,2026-06-30
S100YNMH,E36338,,オリックス銀行株式会社,2026-03-31,2026-06-30 14:37,2026-06-30
S100YNBB,E33615,65620,株式会社ジーニー,2026-03-31,2026-06-30 14:50,2026-06-30
S100YNMW,E04655,,南国産業開発株式会社,2026-03-31,2026-06-30 14:51,2026-06-30
S100YNO3,E41514,554A0,株式会社バトンズ,2026-03-31,2026-06-30 15:02,2026-06-30
S100YMZO,E04262,,新日本海フェリー株式会社,2026-03-31,2026-06-30 15:14,2026-06-30
S100YMK7,E00867,78860,ヤマト　モビリティ　＆　Ｍｆｇ．株式会社,2026-03-31,2026-06-30 15:17,2026-06-30
S100YNIS,E03745,21340,北浜キャピタルパートナーズ株式会社,2026-03-31,2026-06-30 15:30,2026-06-30
S100YNGH,E26933,60690,トレンダーズ株式会社,2026-03-31,2026-06-30 15:30,2026-06-30
S100YGJH,E39483,147A0,株式会社ソラコム,2026-03-31,2026-06-30 15:30,2026-06-30
S100YBI7,E04980,46670,アイサンテクノロジー株式会社,2026-03-31,2026-06-30 15:32,2026-06-30
S100YM3V,E34736,,アクサ・ホールディングス・ジャパン株式会社,2026-03-31,2026-06-30 15:38,2026-06-30
S100YNQ1,E36431,73630,株式会社ベビーカレンダー,2025-12-31,2026-06-30 15:40,2026-06-30
S100YNPY,E03816,,株式会社ＳＢＩ証券,2026-03-31,2026-06-30 15:43,2026-06-30
S100YNOG,E37457,71380,株式会社ＴＯＲＩＣＯ,2026-03-31,2026-06-30 15:43,2026-06-30
S100YNQJ,E02676,81540,加賀電子株式会社,2026-03-31,2026-06-30 15:48,2026-06-30
S100YNJP,E02174,72560,河西工業株式会社,2026-03-31,2026-06-30 16:00,2026-06-30
S100YNQL,E34165,14470,ＳＡＡＦホールディングス株式会社,2026-03-31,2026-06-30 16:08,2026-06-30
S100YNAN,E02565,,三国商事株式会社,2026-03-31,2026-06-30 16:09,2026-06-30
S100YNMZ,E03717,87460,ｕｎｂａｎｋｅｄ株式会社,2026-03-31,2026-06-30 16:17,2026-06-30
S100YNAF,E03736,,株式会社日産フィナンシャルサービス,2026-03-31,2026-06-30 16:29,2026-06-30
S100YNSR,E30466,36860,株式会社ディー・エル・イー,2026-03-31,2026-06-30 16:31,2026-06-30
S100YNKG,E25282,19090,日本ドライケミカル株式会社,2026-03-31,2026-06-30 16:35,2026-06-30
S100YNSQ,E34082,65790,ログリー株式会社,2026-03-31,2026-06-30 16:36,2026-06-30
S100YH1E,E41128,,ＰａｙＰａｙ株式会社,2026-03-31,2026-06-30 16:39,2026-06-30
S100YMEB,E34006,,大阪市高速電気軌道株式会社,2026-03-31,2026-06-30 16:42,2026-06-30
S100YMZU,E33595,23340,株式会社イオレ,2026-03-31,2026-06-30 16:46,2026-06-30
S100YNM9,E01245,54840,東北特殊鋼株式会社,2026-03-31,2026-06-30 16:50,2026-06-30
S100YNR0,E02655,81360,株式会社サンリオ,2026-03-31,2026-06-30 16:52,2026-06-30
S100YNS5,E32161,39330,チエル株式会社,2026-03-31,2026-06-30 16:56,2026-06-30
S100YNWZ,E05070,47500,株式会社ダイサン,2026-04-20,2026-07-02 14:56,2026-07-02
S100YP3N,E02843,74880,株式会社ヤガミ,2026-04-20,2026-07-07 09:41,2026-07-07
S100YQCW,E00763,40260,神島化学工業株式会社,2026-04-30,2026-07-14 16:03,2026-07-14
S100YR8L,E02356,66560,インスペック株式会社,2026-04-30,2026-07-17 15:31,2026-07-17
S100YR44,E00510,29230,サトウ食品株式会社,2026-04-30,2026-07-21 13:45,2026-07-21
S100YRFE,E41554,556A0,犬猫生活株式会社,2026-04-30,2026-07-21 15:35,2026-07-21
S100YRK7,E00414,25930,株式会社伊藤園,2026-04-30,2026-07-21 16:20,2026-07-21
S100YR73,E01442,59710,株式会社共和工業所,2026-04-30,2026-07-22 09:10,2026-07-22
S100YRIV,E05563,30310,株式会社ラクーンホールディングス,2026-04-30,2026-07-22 09:45,2026-07-22
S100YR5P,E00197,18730,株式会社日本ハウスホールディングス,2026-04-30,2026-07-22 10:00,2026-07-22
S100YRR3,E00715,79010,株式会社マツモト,2026-04-30,2026-07-22 13:47,2026-07-22
S100YROC,E22016,34440,株式会社菊池製作所,2026-04-30,2026-07-22 13:53,2026-07-22
S100YR3G,E25884,77770,株式会社スリー・ディー・マトリックス,2026-04-30,2026-07-22 16:01,2026-07-22
S100YRWH,E32163,14360,株式会社グリーンエナジー＆カンパニー,2026-04-30,2026-07-23 09:00,2026-07-23
S100YS1Z,E33880,43820,ＨＥＲＯＺ株式会社,2026-04-30,2026-07-23 15:28,2026-07-23
S100YQZ2,E00578,35240,日東製網株式会社,2026-04-30,2026-07-23 15:32,2026-07-23
S100YRG8,E03283,22940,株式会社柿安本店,2026-04-30,2026-07-23 15:35,2026-07-23
S100YRYV,E40979,441A0,ＮＥ株式会社,2026-04-30,2026-07-23 15:59,2026-07-23
S100YRYL,E05483,24380,株式会社アスカネット,2026-04-30,2026-07-24 09:35,2026-07-24
S100YRU0,E04732,,株式会社涼仙,2026-04-30,2026-07-24 14:46,2026-07-24
S100YRSR,E41010,436A0,サイバーソリューションズ株式会社,2026-04-30,2026-07-24 15:31,2026-07-24
S100YS4J,E31386,31340,Ｈａｍｅｅ株式会社,2026-04-30,2026-07-24 15:32,2026-07-24
S100YS6C,E00281,17660,東建コーポレーション株式会社,2026-04-30,2026-07-24 15:40,2026-07-24
S100YS74,E27215,31800,株式会社ビューティガレージ,2026-04-30,2026-07-24 15:46,2026-07-24
S100YSCR,E39812,272A0,株式会社グリーンクロスホールディングス,2026-04-30,2026-07-27 09:27,2026-07-27
S100YSC6,E00482,29100,株式会社ロック・フィールド,2026-04-30,2026-07-27 13:07,2026-07-27
S100YS8Y,E39760,215A0,株式会社タイミー,2026-04-30,2026-07-27 15:30,2026-07-27
S100YSEA,E37573,50320,ＡＮＹＣＯＬＯＲ株式会社,2026-04-30,2026-07-27 15:30,2026-07-27
S100YSEQ,E35534,70950,株式会社Ｍａｃｂｅｅ　Ｐｌａｎｅｔ,2026-04-30,2026-07-27 15:35,2026-07-27
S100YSBO,E41257,500A0,株式会社ＴＯブックス,2026-04-30,2026-07-27 16:00,2026-07-27
S100YSCT,E02011,74350,株式会社ナ・デックス,2026-04-30,2026-07-27 16:03,2026-07-27
S100YSGA,E00394,25020,アサヒグループホールディングス株式会社,2025-12-31,2026-07-27 16:30,2026-07-27
S100YS3R,E04695,,尾道ゴルフ観光株式会社,2026-04-30,2026-07-28 09:25,2026-07-28
S100YSDU,E03454,33610,株式会社トーエル,2026-04-30,2026-07-28 10:00,2026-07-28
S100YSIF,E03314,76040,株式会社　梅の花グループ,2026-04-30,2026-07-28 10:13,2026-07-28
S100YSG1,E03436,33290,東和フードサービス株式会社,2026-04-30,2026-07-28 11:13,2026-07-28
S100YS8T,E02953,27510,株式会社テンポスホールディングス,2026-04-30,2026-07-28 13:36,2026-07-28
S100YSPI,E34643,44310,株式会社スマレジ,2026-04-30,2026-07-28 16:41,2026-07-28
S100YSTQ,E04896,96270,株式会社アインホールディングス,2026-04-30,2026-07-29 10:35,2026-07-29
S100YSZC,E39661,186A0,株式会社アストロスケールホールディングス,2026-04-30,2026-07-29 15:34,2026-07-29
S100YSTV,E40334,324A0,株式会社ブッキングリゾート,2026-04-30,2026-07-29 15:34,2026-07-29
S100YSTZ,E37468,50790,株式会社ノバック,2026-04-30,2026-07-29 15:37,2026-07-29
S100YSP4,E31060,39030,株式会社ｇｕｍｉ,2026-04-30,2026-07-29 15:47,2026-07-29
S100YSV9,E34657,70500,株式会社フロンティアインターナショナル,2026-04-30,2026-07-29 16:01,2026-07-29
S100YSR5,E39653,184A0,株式会社学びエイド,2026-04-30,2026-07-29 16:26,2026-07-29
S100YSKW,E24248,31610,アゼアス株式会社,2026-04-30,2026-07-29 16:30,2026-07-29
S100YT4P,E40748,391A0,株式会社山忠,2026-04-30,2026-07-30 10:00,2026-07-30
S100YSW8,E04651,,株式会社中山カントリークラブ,2026-04-30,2026-07-30 15:09,2026-07-30
S100YSYE,E03363,26780,アスクル株式会社,2026-05-20,2026-07-30 15:31,2026-07-30
S100YTBE,E05630,38230,ＴＨＥ　ＷＨＹ　ＨＯＷ　ＤＯ　ＣＯＭＰＡＮＹ株式会社,2026-04-30,2026-07-30 16:38,2026-07-30
S100YSM2,E04192,,新潟運輸株式会社,2026-04-30,2026-07-31 09:57,2026-07-31
S100YTJR,E31627,,株式会社東京クラシック,2026-04-30,2026-07-31 15:16,2026-07-31
S100YTD8,E05137,94440,株式会社トーシンホールディングス,2026-04-30,2026-07-31 15:51,2026-07-31
S100YTDH,E01329,,株式会社エルアイイーエイチ,2026-03-31,2026-07-31 16:01,2026-07-31
S100YTII,E00792,40880,エア・ウォーター株式会社,2026-03-31,2026-07-31 17:00,2026-07-31
S100YUHC,E32381,35440,サツドラホールディングス株式会社,2026-05-15,2026-08-06 14:00,2026-08-06
S100YUI9,E01856,69050,コーセル株式会社,2026-05-20,2026-08-10 09:14,2026-08-10
S100YWGX,E34102,92780,ブックオフグループホールディングス株式会社,2026-05-31,2026-08-14 12:17,2026-08-14
S100YW7F,E05729,21680,株式会社パソナグループ,2026-05-31,2026-08-14 15:30,2026-08-14
S100YX88,E24129,31600,株式会社大光,2026-05-31,2026-08-18 15:49,2026-08-18
S100YXG0,E35765,40570,株式会社インターファクトリー,2026-05-31,2026-08-19 10:02,2026-08-19
S100YXMA,E05713,38560,Ａｂａｌａｎｃｅ株式会社,2026-03-31,2026-08-19 11:48,2026-08-19
S100YXFQ,E34960,44430,Ｓａｎｓａｎ株式会社,2026-05-31,2026-08-19 15:33,2026-08-19
S100YXF5,E10737,35490,株式会社クスリのアオキホールディングス,2026-05-20,2026-08-19 15:35,2026-08-19
S100YXNS,E21606,31480,株式会社クリエイトＳＤホールディングス,2026-05-31,2026-08-20 09:18,2026-08-20
S100YXSF,E39349,137A0,Ｃｏｃｏｌｉｖｅ株式会社,2026-05-31,2026-08-20 12:43,2026-08-20
S100YXMM,E05162,48250,株式会社ウェザーニューズ,2026-05-31,2026-08-20 13:12,2026-08-20
S100YXWI,E05379,27960,ファーマライズホールディングス株式会社,2026-05-31,2026-08-20 15:16,2026-08-20
S100YXLE,E05289,23030,株式会社ドーン,2026-05-31,2026-08-21 09:30,2026-08-21
S100YXZQ,E38684,58850,株式会社ジーデップ・アドバンス,2026-05-31,2026-08-21 10:05,2026-08-21
S100YY0V,E05027,47160,日本オラクル株式会社,2026-05-31,2026-08-21 13:26,2026-08-21
S100YXXI,E00059,18870,日本国土開発株式会社,2026-05-31,2026-08-21 15:01,2026-08-21
S100YXUM,E00006,13770,株式会社　サカタのタネ,2026-05-31,2026-08-21 15:30,2026-08-21
S100YXYC,E36638,73700,株式会社Ｅｎｊｉｎ,2026-05-31,2026-08-21 15:40,2026-08-21
S100YY3G,E05527,24590,アウンコンサルティング株式会社,2026-05-31,2026-08-24 09:02,2026-08-24
S100YY3Q,E03424,27920,株式会社ハニーズホールディングス,2026-05-31,2026-08-24 10:33,2026-08-24
S100YXKH,E02323,77130,シグマ光機株式会社,2026-05-31,2026-08-24 13:51,2026-08-24
S100YXXB,E31306,14300,ファーストコーポレーション株式会社,2026-05-31,2026-08-24 14:14,2026-08-24
S100YY3A,E05313,89080,株式会社毎日コムネット,2026-05-31,2026-08-24 14:46,2026-08-24
S100YYE5,E34995,70680,フィードフォースグループ株式会社,2026-05-31,2026-08-24 16:00,2026-08-24
S100YYGF,E30598,32970,株式会社東武住販,2026-05-31,2026-08-25 09:15,2026-08-25
S100YYHK,E03423,27910,大黒天物産株式会社,2026-05-31,2026-08-25 10:07,2026-08-25
S100YXFY,E33393,92650,ヤマシタヘルスケアホールディングス株式会社,2026-05-31,2026-08-25 10:12,2026-08-25
S100YYAI,E37399,92160,ビーウィズ株式会社,2026-05-31,2026-08-25 10:17,2026-08-25
S100YYIN,E03169,98120,株式会社テーオーホールディングス,2026-05-31,2026-08-25 10:41,2026-08-25
S100YYIV,E03465,30210,株式会社パシフィックネット,2026-05-31,2026-08-25 11:00,2026-08-25
S100YYF7,E00687,38920,株式会社岡山製紙,2026-05-31,2026-08-25 11:38,2026-08-25
S100YYK8,E33800,29340,ジェイフロンティア株式会社,2026-05-31,2026-08-25 12:57,2026-08-25
S100YY0T,E04764,97650,株式会社オオバ,2026-05-31,2026-08-25 12:57,2026-08-25
S100YY6D,E02842,74870,小津産業株式会社,2026-05-31,2026-08-25 13:00,2026-08-25
S100YYBG,E36350,48850,室町ケミカル株式会社,2026-05-31,2026-08-25 14:20,2026-08-25
S100YYKZ,E31454,60470,株式会社Ｇｕｎｏｓｙ,2026-05-31,2026-08-25 15:30,2026-08-25
S100YYMC,E38662,55750,株式会社Ｇｌｏｂｅｅ,2026-05-31,2026-08-25 15:30,2026-08-25
S100YYH7,E33254,65520,株式会社ＧａｍｅＷｉｔｈ,2026-05-31,2026-08-25 16:00,2026-08-25
S100YYKB,E41409,523A0,株式会社セイワホールディングス,2026-05-31,2026-08-25 16:55,2026-08-25
S100YYMP,E00890,44650,株式会社ニイタカ,2026-05-31,2026-08-26 09:01,2026-08-26
S100YYLT,E05706,21530,Ｅ・Ｊホールディングス株式会社,2026-05-31,2026-08-26 09:21,2026-08-26
S100YYOS,E01742,65050,東洋電機製造株式会社,2026-05-31,2026-08-26 10:10,2026-08-26
S100YYNO,E00710,79210,株式会社ＴＡＫＡＲＡ　＆　ＣＯＭＰＡＮＹ,2026-05-31,2026-08-26 11:39,2026-08-26
S100YYFP,E01649,64960,株式会社中北製作所,2026-05-31,2026-08-26 12:53,2026-08-26
S100YYEO,E00004,13760,カネコ種苗株式会社,2026-05-31,2026-08-26 13:04,2026-08-26
S100YYEW,E04873,96510,日本プロセス株式会社,2026-05-31,2026-08-26 13:07,2026-08-26
S100YYSK,E39165,58690,株式会社早稲田学習研究会,2026-05-31,2026-08-26 13:33,2026-08-26
S100YYRG,E36840,40760,株式会社シイエヌエス,2026-05-31,2026-08-26 13:38,2026-08-26
S100YYTC,E39671,205A0,株式会社ロゴスホールディングス,2026-05-31,2026-08-26 14:25,2026-08-26
S100YYS4,E24982,36450,株式会社メディカルネット,2026-05-31,2026-08-26 15:03,2026-08-26
S100YYIA,E05641,38240,メディアファイブ株式会社,2026-05-31,2026-08-26 15:15,2026-08-26
S100YYNI,E24187,45770,ダイト株式会社,2026-05-31,2026-08-26 15:23,2026-08-26
S100YYQX,E40147,277A0,グロービング株式会社,2026-05-31,2026-08-26 15:30,2026-08-26
S100YYFR,E27305,14190,タマホーム株式会社,2026-05-31,2026-08-26 15:30,2026-08-26
S100YXP8,E36637,41980,株式会社テンダ,2026-05-31,2026-08-26 15:30,2026-08-26
S100YYRV,E02480,37910,株式会社ＩＧポート,2026-05-31,2026-08-26 15:31,2026-08-26
S100YYUS,E40189,340A0,株式会社ジグザグ,2026-05-31,2026-08-26 15:36,2026-08-26
S100YYQQ,E03386,27220,株式会社ＩＫホールディングス,2026-05-31,2026-08-26 15:59,2026-08-26
S100YYN7,E26831,59320,三協立山株式会社,2026-05-31,2026-08-26 16:00,2026-08-26
S100YYQB,E00323,14010,株式会社エムビーエス,2026-05-31,2026-08-26 16:00,2026-08-26
S100YYGU,E27855,60830,ＥＲＩホールディングス株式会社,2026-05-31,2026-08-26 16:21,2026-08-26
S100YYT8,E40879,463A0,株式会社インテリックスホールディングス,2026-05-31,2026-08-26 16:32,2026-08-26
S100YYO2,E40662,372A0,株式会社レント,2026-05-31,2026-08-26 16:36,2026-08-26
S100YYDI,E03446,33490,株式会社コスモス薬品,2026-05-31,2026-08-26 16:42,2026-08-26
S100YYV1,E40500,402A0,株式会社アクセルスペースホールディングス,2026-05-31,2026-08-26 16:47,2026-08-26
S100YYOW,E40854,464A0,株式会社ＱＰＳホールディングス,2026-05-31,2026-08-26 17:04,2026-08-26
S100YYY4,E33497,78080,株式会社シー・エス・ランバー,2026-05-31,2026-08-27 10:05,2026-08-27
S100YYVJ,E02968,33210,ミタチ産業株式会社,2026-05-31,2026-08-27 10:44,2026-08-27
S100YZ0G,E41309,505A0,株式会社ギークリー,2026-05-31,2026-08-27 12:01,2026-08-27
S100YXXZ,E05449,37600,株式会社ケイブ,2026-05-31,2026-08-27 12:17,2026-08-27
S100YYF5,E34644,76730,ダイコー通産株式会社,2026-05-31,2026-08-27 14:12,2026-08-27
S100YYJX,E02336,77250,株式会社インターアクション,2026-05-31,2026-08-27 14:40,2026-08-27
S100YYVN,E00574,35010,ＳＵＭＩＮＯＥ株式会社,2026-05-31,2026-08-27 15:00,2026-08-27
S100YYUD,E34663,44300,東海ソフト株式会社,2026-05-31,2026-08-27 15:30,2026-08-27
S100YZ0T,E05169,48290,日本エンタープライズ株式会社,2026-05-31,2026-08-27 15:46,2026-08-27
S100YZ31,E03409,27690,株式会社ヴィレッジヴァンガードコーポレーション,2026-05-31,2026-08-27 15:51,2026-08-27
S100YYT4,E31379,60440,株式会社三機サービス,2026-05-31,2026-08-27 16:00,2026-08-27
S100YZ4E,E39708,198A0,ＰｏｓｔＰｒｉｍｅ株式会社,2026-05-31,2026-08-27 16:13,2026-08-27
S100YZ57,E39646,189A0,株式会社Ｄ＆Ｍカンパニー,2026-05-31,2026-08-27 16:39,2026-08-27
S100YZ7E,E04767,,互助会保証株式会社,2026-05-31,2026-08-28 09:23,2026-08-28
S100YZ9G,E04601,,新橋演舞場株式会社,2026-05-31,2026-08-28 10:32,2026-08-28
S100YZ2B,E00866,78880,三光合成株式会社,2026-05-31,2026-08-28 10:35,2026-08-28
S100YXGH,E05600,,モジュレ株式会社,2026-05-31,2026-08-28 13:00,2026-08-28
S100YZCT,E05536,24620,ライク株式会社,2026-05-31,2026-08-28 13:19,2026-08-28
S100YYYH,E04685,,株式会社金太郎温泉,2026-05-31,2026-08-28 13:45,2026-08-28
S100YZDE,E01380,59670,ＴＯＮＥ株式会社,2026-05-31,2026-08-28 13:53,2026-08-28
S100YZ4M,E01508,61500,タケダ機械株式会社,2026-05-31,2026-08-28 14:33,2026-08-28
S100YZC8,E05601,38100,サイバーステップホールディングス株式会社,2026-05-31,2026-08-28 15:30,2026-08-28
S100YZBZ,E40516,353A0,エレベーターコミュニケーションズ株式会社,2026-05-31,2026-08-28 15:31,2026-08-28
S100YZF9,E04064,32360,株式会社プロパスト,2026-05-31,2026-08-28 16:39,2026-08-28
S100YZC3,E05450,24370,Ｓｈｉｎｗａ　Ｗｉｓｅ　Ｈｏｌｄｉｎｇｓ株式会社,2026-05-31,2026-08-28 16:55,2026-08-28
S100YZFP,E03989,88870,株式会社シーラホールディングス,2026-05-31,2026-08-28 16:56,2026-08-28
S100YZFU,E41784,581A0,ＧＯ株式会社,2026-05-31,2026-08-28 17:00,2026-08-28
S100YYQN,E01059,49230,コタ株式会社,2026-03-31,2026-08-31 10:00,2026-08-31
S100YZEV,E37627,192A0,インテグループ株式会社,2026-05-31,2026-08-31 13:25,2026-08-31
S100Z0JO,E39505,208A0,株式会社構造計画研究所ホールディングス,2026-06-30,2026-09-04 15:37,2026-09-04
S100Z0VF,E42126,00000,クラサスケミカル株式会社,2025-12-31,2026-09-07 15:30,2026-09-07
S100Z0OS,E33416,92670,Ｇｅｎｋｙ　ＤｒｕｇＳｔｏｒｅｓ株式会社,2026-06-20,2026-09-09 10:59,2026-09-09
S100Z1WR,E03196,99420,株式会社ジョイフル,2026-06-30,2026-09-14 17:08,2026-09-14
S100Z1T7,E30501,31910,株式会社ジョイフル本田,2026-06-20,2026-09-15 15:00,2026-09-15
S100Z29T,E02398,79620,株式会社キングジム,2026-06-20,2026-09-16 10:00,2026-09-16
S100Z2OT,E33026,39840,株式会社ユーザーローカル,2026-06-30,2026-09-16 15:36,2026-09-16
S100Z2CK,E05163,48260,株式会社ＣＩＪ,2026-06-30,2026-09-16 16:29,2026-09-16
S100Z2EI,E30071,60900,ヒューマン・メタボローム・テクノロジーズ株式会社,2026-06-30,2026-09-17 15:31,2026-09-17
S100Z2BE,E34064,43850,株式会社メルカリ,2026-06-30,2026-09-17 15:31,2026-09-17
S100Z32B,E37740,92270,マイクロ波化学株式会社,2026-06-30,2026-09-17 16:41,2026-09-17
S100Z2KC,E05191,48470,株式会社インテリジェント　ウェイブ,2026-06-30,2026-09-18 09:34,2026-09-18
S100Z2QT,E27868,56980,株式会社エンビプロ・ホールディングス,2026-06-30,2026-09-18 10:22,2026-09-18
S100Z32U,E05576,24810,株式会社タウンニュース社,2026-06-30,2026-09-18 11:00,2026-09-18
S100Z38F,E05663,38360,株式会社アバントグループ,2026-06-30,2026-09-18 11:02,2026-09-18
S100Z2Z6,E34071,92730,コーア商事ホールディングス株式会社,2026-06-30,2026-09-18 12:54,2026-09-18
S100Z2G0,E38687,91590,株式会社Ｗ　ＴＯＫＹＯ,2026-06-30,2026-09-18 13:26,2026-09-18
S100Z35K,E05695,21540,株式会社オープンアップグループ,2026-06-30,2026-09-18 15:30,2026-09-18
S100Z35T,E33110,65480,株式会社旅工房,2026-06-30,2026-09-18 15:30,2026-09-18
S100Z33X,E34288,43980,株式会社ブロードバンドセキュリティ,2026-06-30,2026-09-18 15:30,2026-09-18
S100Z37I,E36393,93460,株式会社ココルポート,2026-06-30,2026-09-18 15:35,2026-09-18
S100Z3DI,E40439,603A0,株式会社アイ・グリッド・ソリューションズ,2026-06-30,2026-09-18 15:40,2026-09-18
S100Z2XO,E02492,78210,前田工繊株式会社,2026-06-30,2026-09-18 15:44,2026-09-18
S100Z33F,E02338,77070,プレシジョン・システム・サイエンス株式会社,2026-06-30,2026-09-18 16:00,2026-09-18
S100Z2S2,E05570,94210,株式会社エヌジェイホールディングス,2026-06-30,2026-09-18 16:07,2026-09-18
S100Z2TG,E36666,40730,株式会社ジィ・シィ企画,2026-06-30,2026-09-18 17:00,2026-09-18
S100Z3E4,E33392,78090,株式会社壽屋,2026-06-30,2026-09-24 09:13,2026-09-24
S100Z383,E33838,65710,キュービーネットホールディングス株式会社,2026-06-30,2026-09-24 09:35,2026-09-24
S100Z3FH,E40715,378A0,株式会社ヒット,2026-06-30,2026-09-24 09:39,2026-09-24
S100Z3JA,E02491,34390,株式会社三ツ知,2026-06-30,2026-09-24 09:45,2026-09-24
S100Z3CO,E31575,62390,株式会社ナガオカ,2026-06-30,2026-09-24 09:55,2026-09-24
S100Z3AF,E38693,91650,株式会社クオルテック,2026-06-30,2026-09-24 10:01,2026-09-24
S100Z3L9,E36621,73690,株式会社メイホーホールディングス,2026-06-30,2026-09-24 10:11,2026-09-24
S100Z3LJ,E40689,559A0,梅乃宿酒造株式会社,2026-06-30,2026-09-24 10:33,2026-09-24
S100Z39B,E02039,68740,協立電機株式会社,2026-06-30,2026-09-24 10:54,2026-09-24
S100Z3JY,E05367,23850,株式会社総医研ホールディングス,2026-06-30,2026-09-24 11:05,2026-09-24
S100Z3O7,E00009,13810,株式会社アクシーズ,2026-06-30,2026-09-24 11:10,2026-09-24
S100Z359,E01666,63400,澁谷工業株式会社,2026-06-30,2026-09-24 11:12,2026-09-24
S100Z3HP,E03331,76360,株式会社ハンズマン,2026-06-30,2026-09-24 11:46,2026-09-24
S100Z3O3,E00329,14140,ショーボンドホールディングス株式会社,2026-06-30,2026-09-24 11:53,2026-09-24
S100Z35F,E02058,67850,株式会社鈴木,2026-06-30,2026-09-24 12:13,2026-09-24
S100Z3NV,E00476,29040,一正蒲鉾株式会社,2026-06-30,2026-09-24 12:18,2026-09-24
S100Z3PM,E38512,55300,日本システムバンク株式会社,2026-06-30,2026-09-24 12:28,2026-09-24
S100Z3PS,E38139,93400,株式会社アソインターナショナル,2026-06-30,2026-09-24 13:00,2026-09-24
S100Z37J,E04069,32420,株式会社アーバネットコーポレーション,2026-06-30,2026-09-24 13:15,2026-09-24
S100Z3BW,E31622,78120,株式会社クレステック,2026-06-30,2026-09-24 13:16,2026-09-24
S100Z3IZ,E05100,47670,株式会社テー・オー・ダブリュー,2026-06-30,2026-09-24 13:19,2026-09-24
S100Z3CG,E32988,65470,株式会社グリーンズ,2026-06-30,2026-09-24 14:04,2026-09-24
S100Z3R0,E38155,95650,ＧＬＯＥ株式会社,2026-06-30,2026-09-24 14:14,2026-09-24
S100Z3JM,E05137,94440,株式会社トーシンホールディングス,2026-05-08,2026-09-24 14:31,2026-09-24
S100Z3RZ,E36659,40680,ベイシス株式会社,2026-06-30,2026-09-24 14:51,2026-09-24
S100Z3H2,E02324,68880,アクモス株式会社,2026-06-30,2026-09-24 15:10,2026-09-24
S100Z3CP,E30880,33000,株式会社アンビションＤＸホールディングス,2026-06-30,2026-09-24 15:29,2026-09-24
S100Z3QG,E05458,24280,ウェルネット株式会社,2026-06-30,2026-09-24 15:30,2026-09-24
S100Z3MW,E05564,24770,手間いらず株式会社,2026-06-30,2026-09-24 15:30,2026-09-24
S100Z39P,E05239,43260,株式会社インテージホールディングス,2026-06-30,2026-09-24 15:30,2026-09-24
S100Z3DU,E03404,27620,株式会社ＳＡＮＫＯ　ＭＡＲＫＥＴＩＮＧ　ＦＯＯＤＳ,2026-06-30,2026-09-24 15:30,2026-09-24
S100Z3PT,E31284,34570,株式会社Ａｎｄ　Ｄｏホールディングス,2026-06-30,2026-09-24 15:33,2026-09-24
S100Z32V,E01991,69200,レーザーテック株式会社,2026-06-30,2026-09-24 15:39,2026-09-24
S100Z2YO,E03475,30280,株式会社アルペン,2026-06-30,2026-09-24 15:55,2026-09-24
S100Z3FV,E31036,60300,株式会社アドベンチャー,2026-06-30,2026-09-24 15:56,2026-09-24
S100Z3JC,E01068,49760,東洋ドライルーブ株式会社,2026-06-30,2026-09-24 15:57,2026-09-24
S100Z33V,E38898,39580,笹徳印刷株式会社,2026-06-30,2026-09-24 16:00,2026-09-24
S100Z3TN,E38525,141A0,株式会社トライアルホールディングス,2026-06-30,2026-09-24 16:00,2026-09-24
S100Z3D3,E38460,52560,株式会社Ｆｕｓｉｃ,2026-06-30,2026-09-24 16:00,2026-09-24
S100Z3BY,E05597,30410,株式会社ビューティカダンホールディングス,2026-06-30,2026-09-24 16:00,2026-09-24
S100Z3SN,E33854,73200,Ｓｏｌｖｖｙ株式会社,2026-06-30,2026-09-24 16:01,2026-09-24
S100Z3ME,E03528,30970,株式会社物語コーポレーション,2026-06-30,2026-09-24 16:08,2026-09-24
S100Z3AD,E33839,94500,株式会社ファイバーゲート,2026-06-30,2026-09-24 16:21,2026-09-24
S100Z3FB,E36750,62270,ＡＩメカテック株式会社,2026-06-30,2026-09-24 16:22,2026-09-24
S100Z3TC,E39645,197A0,株式会社タウンズ,2026-06-30,2026-09-24 16:40,2026-09-24
S100Z3ST,E37796,95570,株式会社エアークローゼット,2026-06-30,2026-09-24 16:42,2026-09-24
S100Z3GH,E38979,29380,株式会社オカムラ食品工業,2026-06-30,2026-09-24 16:50,2026-09-24
S100Z38M,E02920,34260,アトムリビンテック株式会社,2026-06-30,2026-09-25 09:46,2026-09-25
S100Z3BG,E36969,71350,ジャパンクラフトホールディングス株式会社,2026-06-30,2026-09-25 10:00,2026-09-25
S100Z3YV,E38523,29620,株式会社テクニスコ,2026-06-30,2026-09-25 10:51,2026-09-25
S100Z3I1,E01219,53800,新東株式会社,2026-06-30,2026-09-25 11:06,2026-09-25
S100Z3V1,E05505,89450,サンネクスタグループ株式会社,2026-06-30,2026-09-25 12:00,2026-09-25
S100Z3WK,E31614,14310,株式会社Ｌｉｂ　Ｗｏｒｋ,2026-06-30,2026-09-25 13:06,2026-09-25
S100Z3CI,E30164,,株式会社日本能率協会マネジメントセンター,2026-06-30,2026-09-25 13:11,2026-09-25
S100Z42D,E36412,50740,テスホールディングス株式会社,2026-06-30,2026-09-25 13:37,2026-09-25
S100Z42G,E03280,75320,株式会社パン・パシフィック・インターナショナルホールディングス,2026-06-30,2026-09-25 14:07,2026-09-25
S100Z429,E34111,43960,株式会社システムサポートホールディングス,2026-06-30,2026-09-25 14:09,2026-09-25
S100Z44N,E31602,77810,株式会社平山ホールディングス,2026-06-30,2026-09-25 14:48,2026-09-25
S100Z42X,E02100,66620,株式会社ユビテック,2026-06-30,2026-09-25 15:02,2026-09-25
S100Z3WJ,E00607,35970,株式会社自重堂,2026-06-30,2026-09-25 15:23,2026-09-25
S100Z45U,E03006,30760,あいホールディングス株式会社,2026-06-30,2026-09-25 15:29,2026-09-25
S100Z461,E37175,44180,株式会社ＪＤＳＣ,2026-06-30,2026-09-25 15:30,2026-09-25
S100Z3VX,E03512,30820,株式会社きちりホールディングス,2026-06-30,2026-09-25 15:30,2026-09-25
S100Z3UE,E41917,598A0,チャットプラス株式会社,2026-06-30,2026-09-25 15:30,2026-09-25
S100Z3C1,E36312,40180,株式会社Ｇｅｏｌｏｃａｔｉｏｎ　Ｔｅｃｈｎｏｌｏｇｙ,2026-06-30,2026-09-25 15:35,2026-09-25
S100Z3T5,E26301,36600,株式会社アイスタイル,2026-06-30,2026-09-25 15:37,2026-09-25
S100Z3S0,E36478,73750,株式会社リファインバースグループ,2026-06-30,2026-09-25 15:38,2026-09-25
S100Z45E,E37546,92190,株式会社ギックス,2026-06-30,2026-09-25 15:39,2026-09-25
S100Z3KY,E01589,67280,株式会社　アルバック,2026-06-30,2026-09-25 15:47,2026-09-25
S100Z3F1,E22012,36320,グリーホールディングス株式会社,2026-06-30,2026-09-25 15:53,2026-09-25
S100Z39X,E35578,44950,株式会社アイキューブドシステムズ,2026-06-30,2026-09-25 16:01,2026-09-25
S100Z45A,E05470,95140,株式会社エフオン,2026-06-30,2026-09-25 16:04,2026-09-25
S100Z404,E26446,60610,株式会社ユニバーサル園芸社,2026-06-30,2026-09-25 16:07,2026-09-25
S100Z2RN,E34045,43910,ロジザード株式会社,2026-06-30,2026-09-25 16:09,2026-09-25
S100Z46T,E03306,75850,株式会社かんなん丸,2026-06-30,2026-09-25 16:10,2026-09-25
S100Z3J0,E39668,196A0,株式会社ＭＦＳ,2026-06-30,2026-09-25 16:12,2026-09-25
S100Z46V,E37815,50340,株式会社ｕｎｅｒｒｙ,2026-06-30,2026-09-25 16:20,2026-09-25
S100Z483,E31216,60360,ＫｅｅＰｅｒ技研株式会社,2026-06-30,2026-09-25 16:40,2026-09-25
S100Z43C,E04740,,株式会社リオフジワラカントリー,2026-06-30,2026-09-25 16:48,2026-09-25
