docID,edinetCode,secCode,filerName,periodEnd,revenue,sw_invest,sw_prev,basis,employees,error,version,item
S100WL3S,E04036,89400,株式会社インテリックス,2025-05-31,44793776000.0,,,,311.0,,2,
S100WLIK,E39137,55950,株式会社ＱＰＳ研究所,2025-05-31,2681000000.0,45000000.0,36000000.0,無形資産,62.0,,2,無形固定資産の取得による支出
S100WLAZ,E05176,48340,キャリアバンク株式会社,2025-05-31,5126057000.0,,42519000.0,,362.0,,2,
S100WKXB,E01672,64890,前澤工業株式会社,2025-05-31,37499000000.0,291000000.0,161000000.0,無形資産,1048.0,,2,無形固定資産の取得による支出
S100WLHT,E02803,74340,株式会社オータケ,2025-05-31,32993580000.0,14267000.0,,無形資産,300.0,,2,無形固定資産の取得による支出
S100WK6A,E03189,,株式会社ドミー,2025-05-31,31805911000.0,27249000.0,79757000.0,無形資産,275.0,,2,無形固定資産の取得による支出
S100WM8S,E38690,55770,株式会社アイデミー,2025-05-31,2056395000.0,50437000.0,50540000.0,無形資産,130.0,,2,無形固定資産の取得による支出
S100WP45,E02448,59030,シンポ株式会社,2025-06-30,7368800000.0,,,,128.0,,2,
S100WOXW,E38202,71160,ダイワ通信株式会社,2025-03-31,5241044000.0,,,,116.0,,2,
S100WQ16,E04972,46570,株式会社環境管理センター,2025-06-30,6099354000.0,34474000.0,28705000.0,無形資産,288.0,,2,無形固定資産の取得による支出
S100WQDH,E02847,75000,西川計測株式会社,2025-06-30,38719270000.0,44162000.0,5443000.0,無形資産,403.0,,2,無形固定資産の取得による支出
S100WQGP,E01208,52830,株式会社高見澤,2025-06-30,73567000000.0,87000000.0,47000000.0,無形資産,1054.0,,2,無形固定資産の取得による支出
S100WQ81,E38452,93440,アクシスコンサルティング株式会社,2025-06-30,5271000000.0,,,,138.0,,2,
S100WQ48,E02928,26890,オルバヘルスケアホールディングス株式会社,2025-06-30,122702463000.0,163466000.0,125758000.0,無形資産,1393.0,,2,無形固定資産の取得による支出
S100WP4G,E04680,,各務原開発株式会社,2025-06-30,67200000.0,,,,1.0,,2,
S100WQF8,E04008,89120,株式会社エリアクエスト,2025-06-30,2476579000.0,3480000.0,3800000.0,無形資産,31.0,,2,無形固定資産の取得による支出
S100WQQ5,E31573,39160,デジタル・インフォメーション・テクノロジー株式会社,2025-06-30,24159035000.0,15492000.0,24180000.0,無形資産,1532.0,,2,無形固定資産の取得による支出
S100WQQU,E31343,60380,株式会社イード,2025-06-30,6084749000.0,6956000.0,54351000.0,無形資産,230.0,,2,無形固定資産の取得による支出
S100WQO9,E26444,60620,株式会社チャーム・ケア・コーポレーション,2025-06-30,46673000000.0,146000000.0,296000000.0,無形資産,2261.0,,2,無形固定資産の取得による支出
S100WPAF,E00010,13820,株式会社ホーブ,2025-06-30,2412711000.0,,,,44.0,,2,
S100WQNM,E02349,77470,朝日インテック株式会社,2025-06-30,120025000000.0,482000000.0,667000000.0,無形資産,9473.0,,2,無形固定資産の取得による支出
S100WQR9,E39408,157A0,グリーンモンスター株式会社,2025-06-30,2006859000.0,10350000.0,11850000.0,無形資産,43.0,,2,無形固定資産の取得による支出
S100WQCJ,E39476,151A0,株式会社ダイブ,2025-06-30,13781848000.0,92023000.0,153402000.0,無形資産,159.0,,2,無形固定資産の取得による支出
S100WQQH,E35004,78030,株式会社ブシロード,2025-06-30,56175627000.0,,,,873.0,,2,
S100WQAV,E27421,36750,株式会社クロス・マーケティンググループ,2025-06-30,28896589000.0,188346000.0,223899000.0,無形資産,1535.0,,2,無形固定資産の取得による支出
S100WQLE,E05742,36250,テックファームホールディングス株式会社,2025-06-30,6705697000.0,,4070000.0,,317.0,,2,
S100WQCF,E24465,73710,Ｚｅｎｋｅｎ株式会社,2025-06-30,5536925000.0,,8101000.0,,466.0,,2,
S100WQTF,E27464,32860,トラストホールディングス株式会社,2025-06-30,12887524000.0,7198000.0,3264000.0,無形資産,196.0,,2,無形固定資産の取得による支出
S100WQPM,E35821,40540,日本情報クリエイト株式会社,2025-06-30,5075325000.0,773770000.0,459546000.0,無形資産,306.0,,2,無形固定資産の取得による支出
S100WQBH,E32181,35380,株式会社ウイルプラスホールディングス,2025-06-30,88614291000.0,7313000.0,9599000.0,無形資産,759.0,,2,無形固定資産の取得による支出
S100WQYW,E01215,,株式会社武井工業所,2025-06-30,5699690000.0,2403000.0,3945000.0,無形資産,205.0,,2,無形固定資産の取得による支出
S100WQZC,E04025,89280,穴吹興産株式会社,2025-06-30,130973099000.0,75134000.0,70302000.0,無形資産,1780.0,,2,無形固定資産の取得による支出
S100WQST,E21381,21800,株式会社サニーサイドアップグループ,2025-06-30,19587229000.0,233000.0,7115000.0,無形資産,403.0,,2,無形固定資産の取得による支出
S100WQP5,E22995,31540,メディアスホールディングス株式会社,2025-06-30,288689338000.0,311174000.0,442255000.0,無形資産,2614.0,,2,無形固定資産の取得による支出
S100WQWW,E38695,74090,ＡｅｒｏＥｄｇｅ株式会社,2025-06-30,3602276000.0,1434000.0,6327000.0,無形資産,132.0,,2,無形固定資産の取得による支出
S100WQYI,E25817,36550,株式会社ブレインパッド,2025-06-30,11772254000.0,109872000.0,44481000.0,無形資産,589.0,,2,無形固定資産の取得による支出
S100WR5N,E38698,91620,株式会社ブリーチ,2025-06-30,17160468000.0,12045000.0,,無形資産,126.0,,2,無形固定資産の取得による支出
S100WQUM,E32364,28200,株式会社やまみ,2025-06-30,21064618000.0,59704000.0,,無形資産,256.0,,2,無形固定資産の取得による支出
S100WPSD,E05187,48450,株式会社スカラ,2025-06-30,8179945000.0,16590000.0,70057000.0,無形資産,408.0,,2,無形資産の取得による支出
S100WQZW,E31524,94170,株式会社スマートバリュー,2025-06-30,4361869000.0,175947000.0,100191000.0,無形資産,197.0,,2,無形固定資産の取得による支出
S100WR44,E02485,78260,株式会社フルヤ金属,2025-06-30,57379000000.0,1005000000.0,865000000.0,無形資産,418.0,,2,無形固定資産の取得による支出
S100WQR3,E35325,44780,フリー株式会社,2025-06-30,33270601000.0,3832520000.0,,無形資産,1901.0,,2,無形固定資産の取得による支出
S100WQ2M,E38683,55820,株式会社グリッド,2025-06-30,2063415000.0,43436000.0,34952000.0,無形資産,109.0,,2,無形固定資産の取得による支出
S100WQ3S,E36539,73770,ＤＮホールディングス株式会社,2025-06-30,36975577000.0,52919000.0,112524000.0,無形資産,1447.0,,2,無形固定資産の取得による支出
S100WQ59,E05055,94390,株式会社エム・エイチ・グループ,2025-06-30,1844060000.0,2400000.0,,無形資産,228.0,,2,無形固定資産の取得による支出
S100WQMF,E01713,63270,北川精機株式会社,2025-06-30,6227215000.0,11805000.0,3014000.0,無形資産,151.0,,2,無形固定資産の取得による支出
S100WQMZ,E00362,,新中糖産業株式会社,2025-06-30,571604000.0,,,,4.0,,2,
S100WQSP,E04339,93610,伏木海陸運送株式会社,2025-06-30,13453480000.0,29024000.0,9716000.0,無形資産,684.0,,2,無形固定資産の取得による支出
S100WRCV,E32683,65420,株式会社ＦＣホールディングス,2025-06-30,8531256000.0,,,,426.0,,2,
S100WRCI,E05740,21720,株式会社インサイト,2025-06-30,2458818000.0,360000.0,2262000.0,無形資産,71.0,,2,無形固定資産の取得による支出
S100WRL1,E33777,34460,株式会社ジェイテックコーポレーション,2025-06-30,1925592000.0,,920000.0,,76.0,,2,
S100WRGF,E39488,176A0,レジル株式会社,2025-06-30,46647755000.0,22610000.0,19908000.0,無形資産,260.0,,2,無形固定資産の取得による支出
S100WRK2,E31030,60280,テクノプロ・ホールディングス株式会社,2025-06-30,238966000000.0,281000000.0,179000000.0,無形資産,30649.0,,2,無形資産の取得による支出
S100WQUS,E38722,387A0,フラー株式会社,2025-06-30,2008991000.0,,,,190.0,,2,
S100WR1U,E37207,42630,サスメド株式会社,2025-06-30,,15653000.0,6717000.0,無形資産,43.0,,2,無形固定資産の取得による支出
S100WRPW,E38682,58840,株式会社クラダシ,2025-06-30,3075886000.0,65919000.0,,無形資産,39.0,,2,無形固定資産の取得による支出
S100WRPN,E05255,43350,ＩＰＳホールディングス株式会社,2025-06-30,3732794000.0,139388000.0,1060000.0,無形資産,157.0,,2,無形固定資産の取得による支出
S100WRDT,E31551,31350,株式会社マーケットエンタープライズ,2025-06-30,24771890000.0,,,,394.0,,2,
S100WRLD,E39936,246A0,株式会社アスア,2025-06-30,1392627000.0,38436000.0,15811000.0,無形資産,91.0,,2,無形固定資産の取得による支出
S100WRQP,E32468,34690,株式会社デュアルタップ,2025-06-30,8367950000.0,,,,219.0,,2,
S100WLVW,E31344,78130,株式会社プラッツ,2025-06-30,8422729000.0,620000.0,2953000.0,無形資産,149.0,,2,無形固定資産の取得による支出
S100WR75,E40756,386A0,株式会社みのや,2025-06-30,24016722000.0,,9830000.0,,177.0,,2,
S100WR2U,E33232,39860,株式会社ビーブレイクシステムズ,2025-06-30,1377558000.0,3340000.0,21735000.0,無形資産,150.0,,2,無形固定資産の取得による支出
S100WRRL,E39640,194A0,株式会社ＷＯＬＶＥＳ　ＨＡＮＤ,2025-06-30,5463817000.0,4886000.0,2844000.0,無形資産,453.0,,2,無形固定資産の取得による支出
S100WRH7,E01975,65940,ニデック株式会社,2025-03-31,2607813000000.0,28118000000.0,16391000000.0,無形資産,104285.0,,2,無形資産の取得による支出
S100WQRX,E02343,61560,株式会社エーワン精密,2025-06-30,1590845000.0,10722000.0,49735000.0,無形資産,109.0,,2,無形固定資産の取得による支出
S100WROP,E00259,17880,株式会社三東工業社,2025-06-30,8199727000.0,1548000.0,15690000.0,無形資産,121.0,,2,無形固定資産の取得による支出
S100WRNQ,E38472,52540,株式会社Ａｒｅｎｔ,2025-06-30,4028518000.0,69423000.0,1242000.0,無形資産,247.0,,2,無形固定資産の取得による支出
S100WRVO,E01446,59870,株式会社オーネックス,2025-06-30,5053326000.0,38968000.0,1860000.0,無形資産,244.0,,2,無形固定資産の取得による支出
S100WN39,E00248,19990,サイタホールディングス株式会社,2025-06-30,7841913000.0,,,,262.0,,2,
S100WRNH,E04230,90280,株式会社ゼロ,2025-06-30,147843000000.0,795000000.0,539000000.0,無形資産,2703.0,,2,無形資産の取得による支出
S100WRYM,E00365,,北部製糖株式会社,2025-06-30,2871263000.0,,,,51.0,,2,
S100WRYE,E24392,36390,株式会社ボルテージ,2025-06-30,2818440000.0,22087000.0,23970000.0,無形資産,143.0,,2,無形固定資産の取得による支出
S100WS12,E21259,31400,ＢＲＵＮＯ株式会社,2025-06-30,14502000000.0,10000000.0,8000000.0,無形資産,237.0,,2,無形固定資産の取得による支出
S100WRZ3,E00320,17160,第一カッター興業株式会社,2025-06-30,20228578000.0,97182000.0,2106000.0,無形資産,656.0,,2,無形固定資産の取得による支出
S100WS0W,E34281,73250,株式会社アイリックコーポレーション,2025-06-30,9424658000.0,305826000.0,256885000.0,無形資産,643.0,,2,無形固定資産の取得による支出
S100WRTG,E04664,,瀬戸内開発株式会社,2025-06-30,210859000.0,,,,27.0,,2,
S100WS3E,E05587,38080,株式会社オウケイウェイヴ,2025-06-30,234701000.0,,,,13.0,,2,
S100WRZI,E00282,17640,工藤建設株式会社,2025-06-30,22497292000.0,,,,762.0,,2,
S100WS3O,E35114,65970,ＨＰＣシステムズ株式会社,2025-06-30,7064432000.0,3834000.0,3837000.0,無形資産,123.0,,2,無形固定資産の取得による支出
S100WQRS,E23487,45750,株式会社キャンバス,2025-06-30,,,,,14.0,,2,
S100WS5A,E04189,,株式会社ニヤクコーポレーション,2025-06-30,52172160000.0,,,,2308.0,,2,
S100WS5Q,E24340,32710,株式会社　ＴＨＥグローバル社,2025-06-30,61747800000.0,,,,142.0,,2,
S100WS69,E34748,70630,株式会社Ｂｉｒｄｍａｎ,2025-06-30,319062000.0,,300000.0,,11.0,,2,
S100WS33,E37482,51250,株式会社ファインズ,2025-06-30,2685382000.0,15502000.0,21101000.0,無形資産,256.0,,2,無形固定資産の取得による支出
S100WSAY,E00366,,株式会社　りゅうとう,2025-06-30,393630000.0,,,,3.0,,2,
S100WS54,E40865,,株式会社ＵＮＩＣＯＮホールディングス,2025-06-30,17620881000.0,5209000.0,8267000.0,無形資産,360.0,,2,無形資産の取得による支出
S100WQ82,E35758,40520,フィーチャ株式会社,2025-06-30,497614000.0,,,,31.0,,2,
S100WSE9,E00367,,久米島製糖株式会社,2025-06-30,1118000000.0,1813000.0,331000.0,無形資産,55.0,,2,無形固定資産の取得による支出
S100WVK4,E05705,38540,株式会社アイル,2025-07-31,19294870000.0,372568000.0,489635000.0,無形資産,1009.0,,2,無形固定資産の取得による支出
S100WU40,E02515,80570,株式会社内田洋行,2025-07-20,337055000000.0,1243000000.0,1302000000.0,無形資産,3272.0,,2,無形固定資産の取得による支出
S100WVTP,E02060,63870,サムコ　株式会社,2025-07-31,9342282000.0,,,,191.0,,2,
S100WW30,E39729,211A0,株式会社カドス・コーポレーション,2025-07-31,7587908000.0,1360000.0,7492000.0,無形資産,96.0,,2,無形固定資産の取得による支出
S100WW86,E35989,40140,株式会社カラダノート,2025-07-31,1270151000.0,,3000000.0,,45.0,,2,
S100WW19,E34999,45990,株式会社ステムリム,2025-07-31,,572000.0,2445000.0,無形資産,45.0,,2,無形固定資産の取得による支出
S100WW38,E02484,29290,株式会社ファーマフーズ,2025-07-31,65260000000.0,15000000.0,31000000.0,無形資産,613.0,,2,無形固定資産の取得による支出
S100WW8R,E36886,92420,メディア総研株式会社,2025-07-31,1536683000.0,,3502000.0,,73.0,,2,
S100WW9E,E05378,23910,株式会社プラネット,2025-07-31,3162307000.0,219587000.0,304235000.0,ソフトウェア,46.0,,2,ソフトウエアの取得による支出
S100WW40,E05327,23530,日本駐車場開発株式会社,2025-07-31,36832381000.0,90116000.0,47662000.0,無形資産,1120.0,,2,無形固定資産の取得による支出
S100WW0V,E36484,41940,ビジョナル株式会社,2025-07-31,80161000000.0,,,,2175.0,,2,
S100WWGS,E31408,60400,日本スキー場開発株式会社,2025-07-31,10461767000.0,69028000.0,3320000.0,無形資産,250.0,,2,無形固定資産の取得による支出
S100WW4T,E32687,65350,株式会社アイモバイル,2025-07-31,21528000000.0,209000000.0,149000000.0,無形資産,215.0,,2,無形固定資産の取得による支出
S100WW0E,E33966,43840,ラクスル株式会社,2025-07-31,61950000000.0,497000000.0,176000000.0,無形資産,791.0,,2,無形固定資産の取得による支出
S100WWME,E36321,49360,株式会社アクシージア,2025-07-31,13478088000.0,20899000.0,26160000.0,無形資産,248.0,,2,無形固定資産の取得による支出
S100WWIC,E26322,31720,ティーライフ株式会社,2025-07-31,11502000000.0,29000000.0,19000000.0,無形資産,144.0,,2,無形固定資産の取得による支出
S100WW7U,E02342,67780,株式会社アルチザネットワークス,2025-07-31,2680911000.0,,910000.0,,161.0,,2,
S100WWCW,E02469,62670,ゼネラルパッカー株式会社,2025-07-31,10108411000.0,14967000.0,12738000.0,無形資産,215.0,,2,無形固定資産の取得による支出
S100WWNJ,E33313,78100,株式会社クロスフォー,2025-07-31,3757259000.0,8124000.0,23544000.0,無形資産,69.0,,2,無形固定資産の取得による支出
S100WWO9,E31248,60370,楽待株式会社,2025-07-31,3159456000.0,,300000.0,,80.0,,2,
S100WWJN,E37987,51310,リンカーズ株式会社,2025-07-31,1360735000.0,100930000.0,,無形資産,102.0,,2,無形固定資産の取得による支出
S100WWP5,E35611,70970,株式会社さくらさくプラス,2025-07-31,18388000000.0,46000000.0,73000000.0,無形資産,1804.0,,2,無形固定資産の取得による支出
S100WWVI,E38483,62250,株式会社エコム,2025-07-31,2639951000.0,,,,75.0,,2,
S100WWVV,E38567,55720,株式会社Ｒｉｄｇｅ－ｉ,2025-07-31,2593322000.0,14757000.0,,無形資産,74.0,,2,無形固定資産の取得による支出
S100WWX1,E35614,29910,株式会社ランドネット,2025-07-31,95992728000.0,289822000.0,265454000.0,無形資産,807.0,,2,無形固定資産の取得による支出
S100WWWK,E36046,49340,プレミアアンチエイジング株式会社,2025-07-31,16160000000.0,165000000.0,191000000.0,無形資産,216.0,,2,無形固定資産の取得による支出
S100WVWR,E36658,71260,グローバルスタイル株式会社,2025-07-31,11460350000.0,11779000.0,10798000.0,無形資産,254.0,,2,無形固定資産の取得による支出
S100WWED,E33282,92620,株式会社シルバーライフ,2025-07-31,14918337000.0,98221000.0,88898000.0,無形資産,336.0,,2,無形固定資産の取得による支出
S100WWG0,E01451,34210,株式会社稲葉製作所,2025-07-31,41905707000.0,358435000.0,75825000.0,無形資産,1073.0,,2,無形固定資産の取得による支出
S100WWUT,E30042,60910,株式会社ウエスコホールディングス,2025-07-31,16114809000.0,12418000.0,20926000.0,無形資産,797.0,,2,無形固定資産の取得による支出
S100WWVN,E02121,34410,株式会社山王,2025-07-31,10830372000.0,,17231000.0,,403.0,,2,
S100WW3R,E33948,65770,株式会社ベストワンドットコム,2025-07-31,2543844000.0,,,,19.0,,2,
S100WWYA,E35932,76920,株式会社アースインフィニティ,2025-07-31,6725025000.0,705000.0,5680000.0,無形資産,22.0,,2,無形固定資産の取得による支出
S100WX0H,E31815,34180,株式会社バルニバービ,2025-07-31,14336766000.0,9621000.0,14534000.0,無形資産,695.0,,2,無形固定資産の取得による支出
S100WX3D,E37779,95560,ＩＮＴＬＯＯＰ株式会社,2025-07-31,33551838000.0,382530000.0,18447000.0,無形資産,1374.0,,2,無形固定資産の取得による支出
S100WX4A,E36421,92350,売れるネット広告社グループ株式会社,2025-07-31,1567549000.0,76905000.0,124161000.0,無形資産,54.0,,2,無形固定資産の取得による支出
S100WX02,E32119,24240,株式会社ブラス,2025-07-31,13562102000.0,5787000.0,4296000.0,無形資産,581.0,,2,無形固定資産の取得による支出
S100WWZA,E00239,18440,株式会社大盛工業,2025-07-31,6443842000.0,,,,135.0,,2,
S100WX9N,E32141,39300,株式会社はてな,2025-07-31,3794875000.0,154318000.0,130278000.0,無形資産,217.0,,2,無形固定資産の取得による支出
S100WWX8,E30699,31930,株式会社エターナルホスピタリティグループ,2025-07-31,46356977000.0,111138000.0,80260000.0,無形資産,1030.0,,2,無形固定資産の取得による支出
S100WX5A,E36722,40750,ブレインズテクノロジー株式会社,2025-07-31,1255876000.0,188463000.0,232350000.0,無形資産,73.0,,2,無形固定資産の取得による支出
S100WX6F,E33910,14440,株式会社ニッソウ,2025-07-31,5279959000.0,,2489000.0,,104.0,,2,
S100WWW2,E37848,71100,株式会社クラシコム,2025-07-31,8490727000.0,1360000.0,6448000.0,無形資産,100.0,,2,無形固定資産の取得による支出
S100WVYP,E04696,,株式会社　藤ケ谷カントリー倶楽部,2025-07-31,807059000.0,,,,60.0,,2,
S100WXEV,E05635,38160,株式会社大和コンピューター,2025-07-31,3204763000.0,5724000.0,3154000.0,無形資産,191.0,,2,無形固定資産の取得による支出
S100WXAF,E26369,36620,株式会社エイチームホールディングス,2025-07-31,23917000000.0,1000000.0,3000000.0,無形資産,783.0,,2,無形固定資産の取得による支出
S100WXDJ,E34853,44460,Ｌｉｎｋ－Ｕグループ株式会社,2025-07-31,4835406000.0,246566000.0,27685000.0,無形資産,193.0,,2,無形資産の取得による支出
S100WXH6,E00735,78500,総合商研株式会社,2025-07-31,16236035000.0,102809000.0,60335000.0,無形資産,388.0,,2,無形固定資産の取得による支出
S100WXPT,E35125,76820,株式会社浜木綿,2025-07-31,6092106000.0,1246000.0,5860000.0,無形資産,241.0,,2,無形固定資産の取得による支出
S100WXFC,E35028,29780,株式会社ツクルバ,2025-07-31,8099031000.0,,,,235.0,,2,
S100WXMD,E33235,39880,株式会社ＳＹＳホールディングス,2025-07-31,14051094000.0,28391000.0,44989000.0,無形資産,1669.0,,2,無形固定資産の取得による支出
S100WX4G,E34114,44220,ＶＡＬＵＥＮＥＸ株式会社,2025-07-31,690858000.0,,,,33.0,,2,
S100WXSN,E03212,,株式会社一や,2025-07-31,740274000.0,,,,18.0,,2,
S100WWAM,E32254,35390,株式会社ＪＭホールディングス,2025-07-31,186207000000.0,,,,1525.0,,2,
S100WXET,E40505,350A0,デジタルグリッド株式会社,2025-07-31,6153606000.0,36930000.0,,無形資産,79.0,,2,無形固定資産の取得による支出
S100WXTF,E36711,92400,株式会社デリバリーコンサルティング,2025-07-31,2740744000.0,2183000.0,15983000.0,無形資産,191.0,,2,無形固定資産の取得による支出
S100WXQ6,E04024,89270,株式会社明豊エンタープライズ,2025-07-31,29796484000.0,,,,151.0,,2,
S100WXKZ,E02995,30350,ケイティケイ株式会社,2025-08-20,18927608000.0,39067000.0,76244000.0,無形資産,309.0,,2,無形固定資産の取得による支出
S100WY33,E39788,218A0,株式会社Ｌｉｂｅｒａｗａｒｅ,2025-07-31,1406949000.0,850000.0,,無形資産,82.0,,2,無形固定資産の取得による支出
S100X17L,E00722,78700,福島印刷株式会社,2025-08-20,7331485000.0,24239000.0,79174000.0,無形資産,428.0,,2,無形固定資産の取得による支出
S100X50A,E03270,75130,株式会社コジマ,2025-08-31,282790000000.0,104000000.0,156000000.0,無形資産,2919.0,,2,無形固定資産の取得による支出
S100X51A,E03044,82540,株式会社さいか屋,2025-08-31,4632926000.0,200000.0,35119000.0,無形資産,137.0,,2,無形固定資産の取得による支出
S100X59Q,E02340,77300,マニー株式会社,2025-08-31,29968000000.0,252000000.0,258000000.0,無形資産,4140.0,,2,無形固定資産の取得による支出
S100X54M,E30454,94140,日本ＢＳ放送株式会社,2025-08-31,11812703000.0,1596000.0,9344000.0,無形資産,128.0,,2,無形固定資産の取得による支出
S100X59V,E00246,19970,暁飯島工業株式会社,2025-08-31,9135653000.0,23545000.0,8497000.0,無形資産,144.0,,2,無形固定資産の取得による支出
S100X5J8,E03481,30480,株式会社ビックカメラ,2025-08-31,974483000000.0,5002000000.0,3482000000.0,無形資産,12039.0,,2,無形固定資産の取得による支出
S100X5AK,E02809,74470,ナガイレーベン株式会社,2025-08-31,16983838000.0,97725000.0,25815000.0,無形資産,501.0,,2,無形固定資産の取得による支出
S100X5L9,E02896,76070,株式会社進和,2025-08-31,86146486000.0,49236000.0,108636000.0,無形資産,925.0,,2,無形固定資産の取得による支出
S100X5JM,E05042,47280,株式会社トーセ,2025-08-31,6636289000.0,23626000.0,18458000.0,無形資産,613.0,,2,無形固定資産の取得による支出
S100X5M8,E02478,61590,ミクロン精密株式会社,2025-08-31,5782372000.0,,381000.0,,229.0,,2,
S100X5W6,E36351,41760,株式会社ココナラ,2025-08-31,9410783000.0,10737000.0,1900000.0,無形資産,266.0,,2,無形固定資産の取得による支出
S100X5JB,E04981,46680,株式会社明光ネットワークジャパン,2025-08-31,24827000000.0,75000000.0,173000000.0,無形資産,1208.0,,2,無形固定資産の取得による支出
S100X5IF,E00600,81270,ヤマトインターナショナル株式会社,2025-08-31,19444522000.0,,,,159.0,,2,
S100X5OB,E25443,31680,株式会社ＭＥＲＦ,2025-08-31,82463458000.0,19217000.0,20084000.0,無形資産,154.0,,2,無形固定資産の取得による支出
S100X5OA,E32397,61990,株式会社セラク,2025-08-31,24776494000.0,,,,3276.0,,2,
S100X5IQ,E00617,36070,株式会社クラウディアホールディングス,2025-08-31,13591000000.0,23273000.0,56456000.0,無形資産,957.0,,2,無形固定資産の取得による支出
S100X5NI,E03248,74530,株式会社　良品計画,2025-08-31,784629000000.0,15007000000.0,11977000000.0,無形資産,13912.0,,2,無形固定資産の取得による支出
S100X61U,E35488,70850,株式会社カーブスホールディングス,2025-08-31,37566000000.0,543000000.0,805000000.0,無形資産,601.0,,2,無形固定資産の取得による支出
S100X63V,E38905,190A0,Ｃｈｏｒｄｉａ　Ｔｈｅｒａｐｅｕｔｉｃｓ株式会社,2025-08-31,,,,,20.0,,2,
S100X62P,E05622,38150,株式会社メディア工房,2025-08-31,1873495000.0,198083000.0,134164000.0,無形資産,59.0,,2,無形固定資産の取得による支出
S100X63F,E30969,36970,株式会社ＳＨＩＦＴ,2025-08-31,129819000000.0,155000000.0,59000000.0,無形資産,11688.0,,2,無形固定資産の取得による支出
S100X6CU,E01465,62640,株式会社マルマエ,2025-08-31,11403403000.0,21783000.0,,無形資産,462.0,,2,無形固定資産の取得による支出
S100X67D,E03271,75140,株式会社　ヒマラヤ,2025-08-31,60447000000.0,,,,721.0,,2,
S100X6EM,E04706,,株式会社　高滝リンクス倶楽部,2025-08-31,470805000.0,,390000.0,,36.0,,2,
S100X6F1,E30999,60250,日本ＰＣサービス株式会社,2025-08-31,6828036000.0,24337000.0,1300000.0,無形資産,380.0,,2,無形固定資産の取得による支出
S100X68L,E00327,14070,株式会社ウエストホールディングス,2025-08-31,47250000000.0,25000000.0,15000000.0,無形資産,359.0,,2,無形固定資産の取得による支出
S100X5DP,E03223,99790,株式会社大庄,2025-08-31,52556000000.0,21000000.0,31000000.0,無形資産,1537.0,,2,無形固定資産の取得による支出
S100X626,E03391,27350,株式会社ワッツ,2025-08-31,61578772000.0,84450000.0,54607000.0,無形資産,418.0,,2,無形固定資産の取得による支出
S100X6G1,E35234,29990,ホームポジション株式会社,2025-08-31,17364543000.0,410000.0,10388000.0,無形資産,104.0,,2,無形固定資産の取得による支出
S100X6GX,E34729,44390,株式会社東名,2025-08-31,29070434000.0,5496000.0,209707000.0,無形資産,586.0,,2,無形固定資産の取得による支出
S100X6HK,E40904,414A0,株式会社オーバーラップホールディングス,2025-08-31,8535000000.0,1000000.0,,無形資産,85.0,,2,無形資産の取得による支出
S100X6IA,E38109,55740,株式会社ＡＢＥＪＡ,2025-08-31,3585409000.0,,19947000.0,,133.0,,2,
S100X5MX,E36070,40150,ペイクラウドホールディングス株式会社,2025-08-31,10234033000.0,271175000.0,166239000.0,無形資産,301.0,,2,無形固定資産の取得による支出
S100X5TH,E33514,92640,ポエック株式会社,2025-08-31,10114295000.0,5215000.0,16572000.0,無形資産,275.0,,2,無形固定資産の取得による支出
S100X5Z0,E03305,75810,株式会社サイゼリヤ,2025-08-31,256714000000.0,125000000.0,317000000.0,無形資産,4868.0,,2,無形固定資産の取得による支出
S100X6HU,E33364,39910,ウォンテッドリー株式会社,2025-08-31,4908830000.0,,,,135.0,,2,
S100X6EQ,E38654,55780,ＡＲアドバンストテクノロジ株式会社,2025-08-31,14152706000.0,49652000.0,,無形資産,759.0,,2,無形固定資産の取得による支出
S100X6BK,E33807,92700,バリュエンスホールディングス株式会社,2025-08-31,84841115000.0,656162000.0,753683000.0,無形資産,1124.0,,2,無形固定資産の取得による支出
S100X6AI,E34238,70350,ａｎｄ　ｆａｃｔｏｒｙ株式会社,2025-08-31,3209035000.0,28526000.0,,無形資産,131.0,,2,無形固定資産の取得による支出
S100X6HQ,E03000,30450,株式会社カワサキ,2025-08-31,2291251000.0,,4000000.0,,61.0,,2,
S100X6JZ,E02238,72190,株式会社エッチ・ケー・エス,2025-08-31,8976620000.0,41431000.0,9806000.0,無形資産,383.0,,2,無形固定資産の取得による支出
S100X5LJ,E05083,47600,株式会社アルファ,2025-08-31,6365005000.0,11710000.0,21357000.0,無形資産,334.0,,2,無形固定資産の取得による支出
S100X68N,E34363,78050,プリントネット株式会社,2025-08-31,9213751000.0,16922000.0,26350000.0,無形資産,256.0,,2,無形固定資産の取得による支出
S100X6JF,E01690,62890,株式会社技研製作所,2025-08-31,26337000000.0,,,,703.0,,2,
S100X6MC,E02493,34400,日創グループ株式会社,2025-08-31,23037000000.0,44000000.0,28000000.0,無形資産,695.0,,2,無形固定資産の取得による支出
S100X6EF,E31052,94180,株式会社Ｕ－ＮＥＸＴ　ＨＯＬＤＩＮＧＳ,2025-08-31,390408000000.0,6822000000.0,3793000000.0,無形資産,5737.0,,2,無形固定資産の取得による支出
S100X6CC,E01031,79280,旭化学工業株式会社,2025-08-31,8359845000.0,8990000.0,30467000.0,無形資産,477.0,,2,無形固定資産の取得による支出
S100X6ND,E34739,44400,株式会社ヴィッツ,2025-08-31,4856610000.0,60575000.0,65817000.0,無形資産,317.0,,2,無形固定資産の取得による支出
S100X6JA,E31968,35360,アクサスホールディングス株式会社,2025-08-31,12134207000.0,325000.0,71130000.0,無形資産,135.0,,2,無形固定資産の取得による支出
S100X6MF,E36795,43700,モビルス株式会社,2025-08-31,1854738000.0,444146000.0,,無形資産,109.0,,2,無形固定資産の取得による支出
S100X6JN,E34225,43970,株式会社チームスピリット,2025-08-31,4922684000.0,,,,207.0,,2,
S100X6QO,E03392,27360,フェスタリアホールディングス株式会社,2025-08-31,9403118000.0,141527000.0,22700000.0,無形資産,520.0,,2,無形固定資産の取得による支出
S100X6MS,E24753,78180,株式会社トランザクション,2025-08-31,27453452000.0,66631000.0,84835000.0,無形資産,495.0,,2,無形固定資産の取得による支出
S100X6SE,E03221,99780,株式会社文教堂グループホールディングス,2025-08-31,14456385000.0,450000.0,3176000.0,無形資産,131.0,,2,無形固定資産の取得による支出
S100X6ST,E39961,244A0,グロースエクスパートナーズ株式会社,2025-08-31,5086725000.0,2006000.0,4909000.0,無形資産,246.0,,2,無形固定資産の取得による支出
S100X6QU,E31743,70650,ユーピーアール株式会社,2025-08-31,15354233000.0,289918000.0,404327000.0,無形資産,224.0,,2,無形固定資産の取得による支出
S100X6O3,E05498,24490,株式会社プラップジャパン,2025-08-31,7388134000.0,74794000.0,67634000.0,無形資産,378.0,,2,無形固定資産の取得による支出
S100X6SQ,E39473,156A0,マテリアルグループ株式会社,2025-08-31,6288325000.0,22463000.0,23090000.0,無形資産,347.0,,2,無形固定資産の取得による支出
S100X6TZ,E40398,325A0,株式会社ＴＥＮＴＩＡＬ,2025-08-31,11134485000.0,15956000.0,54171000.0,無形資産,161.0,,2,無形固定資産の取得による支出
S100X6TA,E34289,34980,霞ヶ関キャピタル株式会社,2025-08-31,96501000000.0,151000000.0,249000000.0,無形資産,727.0,,2,無形固定資産の取得による支出
S100X6RU,E26579,31740,株式会社ハピネス・アンド・ディ,2025-08-31,8841449000.0,1320000.0,7435000.0,無形資産,316.0,,2,無形固定資産の取得による支出
S100X6FE,E36661,41990,ワンダープラネット株式会社,2025-08-31,2316539000.0,,,,136.0,,2,
S100X6P1,E40130,276A0,ククレブ・アドバイザーズ株式会社,2025-08-31,2555046000.0,7166000.0,15374000.0,無形資産,15.0,,2,無形固定資産の取得による支出
S100X1KO,E38651,93310,株式会社キャスター,2025-08-31,4588129000.0,7818000.0,7866000.0,無形資産,458.0,,2,無形固定資産の取得による支出
S100X6NP,E40640,373A0,株式会社リップス,2025-08-31,4409577000.0,11579000.0,68615000.0,無形資産,48.0,,2,無形固定資産の取得による支出
S100X66L,E40648,367A0,プリモグローバルホールディングス株式会社,2025-08-31,28002000000.0,273000000.0,113000000.0,無形資産,1082.0,,2,無形資産の取得による支出
S100X6GM,E31741,14340,ＪＥＳＣＯホールディングス株式会社,2025-08-31,19067640000.0,,,,642.0,,2,
S100X153,E05584,24840,株式会社出前館,2025-08-31,39721000000.0,,,,392.0,,2,
S100X6W8,E01064,29270,株式会社ＡＦＣ－ＨＤアムスライフサイエンス,2025-08-31,32655022000.0,,,,1008.0,,2,
S100X6VA,E02092,66680,株式会社アドテックプラズマテクノロジー,2025-08-31,12680000000.0,27000000.0,20000000.0,無形資産,523.0,,2,無形固定資産の取得による支出
S100X6VP,E24998,36470,株式会社ジー・スリーホールディングス,2025-08-31,606547000.0,5480000.0,,無形資産,14.0,,2,無形固定資産の取得による支出
S100X6R9,E00311,89040,株式会社ＡＶＡＮＴＩＡ,2025-08-31,69270817000.0,68081000.0,32528000.0,無形資産,575.0,,2,無形固定資産の取得による支出
S100X6WC,E04677,,御調観光開発株式会社,2025-08-31,248627000.0,,,,19.0,,2,
S100X72V,E33237,39870,エコモット株式会社,2025-08-31,3003786000.0,133735000.0,78002000.0,無形資産,134.0,,2,無形固定資産の取得による支出
S100X6X1,E05716,21640,株式会社地域新聞社,2025-08-31,3153453000.0,10702000.0,32642000.0,無形資産,167.0,,2,無形固定資産の取得による支出
S100X6V7,E03240,74450,株式会社ライトオン,2025-08-31,28130000000.0,45000000.0,197000000.0,無形資産,435.0,,2,無形固定資産の取得による支出
S100X72L,E39928,245A0,株式会社ＩＮＧＳ,2025-08-31,7732630000.0,,,,334.0,,2,
S100X6RV,E37095,44120,株式会社サイエンスアーツ,2025-08-31,1654620000.0,,,,58.0,,2,
S100X76V,E37936,95600,株式会社プログリット,2025-08-31,5747514000.0,,,,238.0,,2,
S100X6Y2,E38641,55800,株式会社プロディライト,2025-08-31,2834772000.0,47818000.0,,無形資産,140.0,,2,無形固定資産の取得による支出
S100X6R1,E04656,,鳴門ゴルフ株式会社,2025-08-31,432450000.0,,,,24.0,,2,
S100X66T,E36860,65220,株式会社アスタリスク,2025-08-31,1666306000.0,6635000.0,2802000.0,無形資産,75.0,,2,無形固定資産の取得による支出
S100X6Y8,E35773,73510,株式会社グッドパッチ,2025-08-31,5085553000.0,,,,262.0,,2,
S100X770,E37959,51290,株式会社ＦＩＸＥＲ,2025-08-31,3980000000.0,,,,357.0,,2,
S100X747,E35767,73520,株式会社ＴＷＯＳＴＯＮＥ＆Ｓｏｎｓ,2025-08-31,18077366000.0,5059000.0,7440000.0,無形資産,750.0,,2,無形固定資産の取得による支出
S100X74E,E03471,30460,株式会社ジンズホールディングス,2025-08-31,97215000000.0,3431000000.0,739000000.0,無形資産,3671.0,,2,無形固定資産の取得による支出
S100X793,E38190,,めぶくグラウンド株式会社,2025-08-31,88080000.0,12433000.0,81131000.0,無形資産,,,2,無形固定資産の取得による支出
S100X6V1,E34538,44330,株式会社ヒト・コミュニケーションズ・ホールディングス,2025-08-31,63596000000.0,356000000.0,447000000.0,無形資産,1411.0,,2,無形固定資産の取得による支出
S100X79I,E03740,87830,ａｂｃ株式会社,2025-08-31,1109625000.0,47765000.0,146335000.0,無形資産,79.0,,2,無形固定資産の取得による支出
S100X7C2,E00471,29010,株式会社ウェルディッシュ,2025-08-31,1305000000.0,9978000.0,172244000.0,無形資産,51.0,,2,無形固定資産の取得による支出
S100X7EY,E36667,369A0,株式会社エータイ,2025-08-31,2929212000.0,1225000.0,3725000.0,無形資産,55.0,,2,無形固定資産の取得による支出
S100X6PR,E01734,62550,株式会社エヌ・ピー・シー,2025-08-31,9272037000.0,,,,168.0,,2,
S100X7D0,E37098,92520,株式会社ラストワンマイル,2025-08-31,15510418000.0,8032000.0,5000000.0,無形資産,313.0,,2,無形資産の取得による支出
S100X6X6,E03217,99830,株式会社ファーストリテイリング,2025-08-31,3400539000000.0,27329000000.0,30260000000.0,無形資産,59522.0,,2,無形資産の取得による支出
S100X7HS,E36801,92410,株式会社フューチャーリンクネットワーク,2025-08-31,1544788000.0,38860000.0,18402000.0,無形資産,116.0,,2,無形固定資産の取得による支出
S100X7I8,E04608,,株式会社明治座,2025-08-31,11583737000.0,19195000.0,11360000.0,無形資産,312.0,,2,無形固定資産の取得による支出
S100X7DQ,E04751,21570,株式会社コシダカホールディングス,2025-08-31,69387151000.0,589819000.0,348883000.0,無形資産,1106.0,,2,無形固定資産の取得による支出
S100X7DA,E36648,73730,株式会社アイドマ・ホールディングス,2025-08-31,13269538000.0,,1205000.0,,429.0,,2,
S100X7IQ,E05409,24040,株式会社鉄人化ホールディングス,2025-08-31,8043054000.0,7485000.0,150000.0,無形資産,446.0,,2,無形固定資産の取得による支出
S100X725,E04675,,菊陽緑化興産株式会社,2025-08-31,434819000.0,,3530000.0,,49.0,,2,
S100X6M7,E32991,35600,株式会社ほぼ日,2025-08-31,8677878000.0,346843000.0,351871000.0,無形資産,156.0,,2,無形固定資産の取得による支出
S100X7KP,E40917,428A0,サイプレス・ホールディングス株式会社,2025-08-31,11288362000.0,,7973000.0,,411.0,,2,
S100X7OR,E30020,31890,株式会社ＡＮＡＰホールディングス,2025-08-31,1774723000.0,,,,250.0,,2,
S100X7ID,E32351,35410,株式会社農業総合研究所,2025-08-31,8358514000.0,29243000.0,26075000.0,無形資産,123.0,,2,無形固定資産の取得による支出
S100X79V,E37458,50260,株式会社トリプルアイズ,2025-08-31,5714030000.0,66225000.0,,無形資産,449.0,,2,無形固定資産の取得による支出
S100X8TQ,E24991,49280,株式会社ノエビアホールディングス,2025-09-30,64724000000.0,252000000.0,384000000.0,無形資産,1354.0,,2,無形固定資産の取得による支出
S100X9BV,E23492,36360,株式会社三菱総合研究所,2025-09-30,121458000000.0,2782000000.0,2769000000.0,無形資産,4695.0,,2,無形固定資産の取得による支出
S100X9H5,E24917,60500,イー・ガーディアン株式会社,2025-09-30,11321381000.0,37939000.0,25154000.0,無形資産,427.0,,2,無形固定資産の取得による支出
S100X9C6,E04925,97950,株式会社ステップ,2025-09-30,15846886000.0,12249000.0,61824000.0,無形資産,954.0,,2,無形固定資産の取得による支出
S100X9BR,E34557,44790,株式会社マクアケ,2025-09-30,4577997000.0,138474000.0,383834000.0,無形資産,152.0,,2,無形固定資産の取得による支出
S100X978,E00422,25510,マルサンアイ株式会社,2025-09-20,32872887000.0,8553000.0,4974000.0,無形資産,439.0,,2,無形固定資産の取得による支出
S100X9LY,E04807,97460,株式会社　ＴＫＣ,2025-09-30,83476000000.0,2126000000.0,4066000000.0,無形資産,2964.0,,2,無形固定資産の取得による支出
S100X9V9,E38667,55320,株式会社リアルゲイト,2025-09-30,9791998000.0,27291000.0,7942000.0,無形資産,93.0,,2,無形固定資産の取得による支出
S100X9E8,E22042,21850,株式会社シイエム・シイ,2025-09-30,18256391000.0,83424000.0,234901000.0,無形資産,825.0,,2,無形固定資産の取得による支出
S100X9ZE,E35642,40510,ＧＭＯフィナンシャルゲート株式会社,2025-09-30,17927780000.0,721945000.0,553752000.0,無形資産,123.0,,2,無形資産の取得による支出
S100XAAS,E00515,29260,株式会社　篠崎屋,2025-09-30,2940221000.0,,319000.0,,20.0,,2,
S100X9RU,E05476,37690,ＧＭＯペイメントゲートウェイ株式会社,2025-09-30,82499385000.0,3368842000.0,3951825000.0,無形資産,882.0,,2,無形資産の取得による支出
S100XAGE,E01997,77110,助川電気工業株式会社,2025-09-30,5467931000.0,1705000.0,1360000.0,無形資産,191.0,,2,無形固定資産の取得による支出
S100XAF9,E31776,61760,株式会社ブランジスタ,2025-09-30,5196705000.0,48913000.0,31090000.0,無形資産,307.0,,2,無形固定資産の取得による支出
S100XAH0,E30996,36980,株式会社ＣＲＩ・ミドルウェア,2025-09-30,3448587000.0,2094000.0,77038000.0,無形資産,173.0,,2,無形固定資産の取得による支出
S100XAHG,E33367,39920,株式会社ニーズウェル,2025-09-30,10032902000.0,31309000.0,13670000.0,無形資産,597.0,,2,無形固定資産の取得による支出
S100XAHE,E01034,49580,長谷川香料株式会社,2025-09-30,73495000000.0,1700000000.0,818000000.0,無形資産,1942.0,,2,無形固定資産の取得による支出
S100XAOQ,E32495,62000,株式会社インソース,2025-09-30,14510945000.0,,,,550.0,,2,
S100XAQJ,E30537,36870,株式会社フィックスターズ,2025-09-30,9617686000.0,,,,334.0,,2,
S100XAEN,E31681,34610,株式会社パルマ,2025-09-30,2312413000.0,6577000.0,10979000.0,無形資産,33.0,,2,無形固定資産の取得による支出
S100XADZ,E34285,34960,株式会社アズーム,2025-09-30,13479945000.0,304833000.0,231725000.0,無形資産,455.0,,2,無形固定資産の取得による支出
S100XA5Q,E34965,49310,新日本製薬株式会社,2025-09-30,41140000000.0,133000000.0,265000000.0,無形資産,316.0,,2,無形固定資産の取得による支出
S100XAOR,E05492,87890,フィンテック　グローバル株式会社,2025-09-30,14432830000.0,,,,220.0,,2,
S100XAFO,E30836,36900,株式会社イルグルム,2025-09-30,4934733000.0,147359000.0,141304000.0,無形資産,334.0,,2,無形固定資産の取得による支出
S100XAG9,E04691,96790,ホウライ株式会社,2025-09-30,6111745000.0,27869000.0,859000.0,無形資産,155.0,,2,無形固定資産の取得による支出
S100XALI,E35258,70760,名南Ｍ＆Ａ株式会社,2025-09-30,1487676000.0,,,,71.0,,2,
S100XAUW,E04072,32450,株式会社ディア・ライフ,2025-09-30,78505000000.0,0.0,5000000.0,無形資産,639.0,,2,無形固定資産の取得による支出
S100XAQS,E03264,75050,扶桑電通株式会社,2025-09-30,54684025000.0,185990000.0,98176000.0,無形資産,1005.0,,2,無形固定資産の取得による支出
S100XAZ4,E32603,39390,株式会社カナミックネットワーク,2025-09-30,5500786000.0,235834000.0,228916000.0,無形資産,310.0,,2,無形固定資産の取得による支出
S100XAZ6,E32400,61940,株式会社アトラエ,2025-09-30,7634032000.0,,,,124.0,,2,
S100XACD,E34455,76810,株式会社レオクラン,2025-09-30,21489527000.0,52105000.0,21610000.0,無形資産,155.0,,2,無形固定資産の取得による支出
S100XAQD,E01568,63160,株式会社丸山製作所,2025-09-30,41266000000.0,44000000.0,0.0,無形資産,977.0,,2,無形固定資産の取得による支出
S100XAX3,E34973,41650,株式会社プレイド,2025-09-30,13396474000.0,58540000.0,,無形資産,531.0,,2,無形固定資産の取得による支出
S100XAO8,E02865,75390,株式会社アイナボホールディングス,2025-09-30,92272175000.0,177689000.0,75352000.0,無形資産,1107.0,,2,無形固定資産の取得による支出
S100XAN1,E32380,61960,株式会社ストライク,2025-09-30,20314153000.0,,,,452.0,,2,
S100XAET,E03343,76460,株式会社ＰＬＡＮＴ,2025-09-20,97764000000.0,174000000.0,219000000.0,無形資産,651.0,,2,無形固定資産の取得による支出
S100XAIS,E04275,92330,アジア航測株式会社,2025-09-30,41591491000.0,516869000.0,585489000.0,無形資産,1872.0,,2,無形固定資産の取得による支出
S100XAMG,E02810,74460,東北化学薬品株式会社,2025-09-30,34442625000.0,,108013000.0,,315.0,,2,
S100XB0H,E05351,23700,株式会社メディネット,2025-09-30,810291000.0,9565000.0,5832000.0,無形資産,107.0,,2,無形固定資産の取得による支出
S100XB0Y,E05424,37470,株式会社インタートレード,2025-09-30,1836486000.0,889000.0,190000.0,無形資産,91.0,,2,無形固定資産の取得による支出
S100XAXC,E32156,61890,株式会社グローバルキッズＣＯＭＰＡＮＹ,2025-09-30,26997000000.0,8000000.0,81000000.0,無形資産,3358.0,,2,無形固定資産の取得による支出
S100XAQC,E05340,37120,株式会社情報企画,2025-09-30,3843500000.0,15547000.0,14658000.0,無形資産,154.0,,2,無形固定資産の取得による支出
S100XB5U,E05280,87980,株式会社アドバンスクリエイト,2025-09-30,6608055000.0,261209000.0,619663000.0,無形資産,229.0,,2,無形固定資産の取得による支出
S100XB7G,E27062,36680,株式会社コロプラ,2025-09-30,25933000000.0,27000000.0,9000000.0,無形資産,1148.0,,2,無形固定資産の取得による支出
S100XABQ,E02548,31760,三洋貿易株式会社,2025-09-30,132703798000.0,122034000.0,469646000.0,無形資産,747.0,,2,無形固定資産の取得による支出
S100X93C,E02672,81510,株式会社東陽テクニカ,2025-09-30,32559176000.0,407389000.0,400715000.0,無形資産,653.0,,2,無形固定資産の取得による支出
S100XB6O,E02346,66770,株式会社エスケーエレクトロニクス,2025-09-30,29187200000.0,21730000.0,168158000.0,無形資産,437.0,,2,無形固定資産の取得による支出
S100XB09,E04848,96990,ニシオホールディングス株式会社,2025-09-30,214954000000.0,334000000.0,289000000.0,無形資産,4842.0,,2,無形固定資産の取得による支出
S100XAWU,E01955,69650,浜松ホトニクス株式会社,2025-09-30,212051000000.0,1317000000.0,1272000000.0,無形資産,6601.0,,2,無形固定資産の取得による支出
S100XAU2,E00975,45540,富士製薬工業株式会社,2025-09-30,51677000000.0,1873000000.0,1594000000.0,無形資産,1760.0,,2,無形固定資産の取得による支出
S100XAPZ,E34271,34940,株式会社マリオン,2025-09-30,3254456000.0,73898000.0,,無形資産,20.0,,2,無形固定資産の取得による支出
S100XARO,E27043,60870,株式会社アビスト,2025-09-30,10627251000.0,125700000.0,24038000.0,無形資産,1352.0,,2,無形固定資産の取得による支出
S100XBF5,E05073,47540,株式会社トスネット,2025-09-30,11907000000.0,,,,864.0,,2,
S100XB9Q,E32619,39650,株式会社キャピタル・アセット・プランニング,2025-09-30,9689408000.0,55205000.0,65626000.0,無形資産,387.0,,2,無形固定資産の取得による支出
S100XBFS,E03173,98230,株式会社マミーマートホールディングス,2025-09-30,191390000000.0,63000000.0,53000000.0,無形資産,1137.0,,2,無形固定資産の取得による支出
S100XAKV,E23465,78190,粧美堂株式会社,2025-09-30,22122189000.0,79826000.0,20255000.0,無形資産,260.0,,2,無形固定資産の取得による支出
S100XB87,E01682,62840,日精エー・エス・ビー機械株式会社,2025-09-30,43654000000.0,96000000.0,80000000.0,無形資産,2177.0,,2,無形固定資産の取得による支出
S100XB2A,E05233,43200,株式会社ＣＥホールディングス,2025-09-30,15831137000.0,503795000.0,586537000.0,無形資産,443.0,,2,無形固定資産の取得による支出
S100XB8X,E37833,50360,日本ビジネスシステムズ株式会社,2025-09-30,172580000000.0,,,,2839.0,,2,
S100XBFK,E01715,63380,株式会社タカトリ,2025-09-30,7330581000.0,4135000.0,2745000.0,無形資産,201.0,,2,無形固定資産の取得による支出
S100XB94,E38906,91700,成友興業株式会社,2025-09-30,15308721000.0,,,,368.0,,2,
S100XB7R,E05181,94460,株式会社サカイホールディングス,2025-09-30,17017023000.0,,,,438.0,,2,
S100XBCH,E38200,93420,株式会社スマサポ,2025-09-30,2816558000.0,104955000.0,81659000.0,無形資産,70.0,,2,無形固定資産の取得による支出
S100XBEJ,E05419,24100,株式会社キャリアデザインセンター,2025-09-30,18646255000.0,334953000.0,586641000.0,無形資産,768.0,,2,無形固定資産の取得による支出
S100XBEF,E05268,43460,株式会社ＮＥＸＹＺ．Ｇｒｏｕｐ,2025-09-30,28433000000.0,54000000.0,35000000.0,無形資産,1066.0,,2,無形固定資産の取得による支出
S100XAL6,E02352,77600,ＩＭＶ株式会社,2025-09-30,17941000000.0,97000000.0,65000000.0,無形資産,373.0,,2,無形固定資産の取得による支出
S100XB9B,E00276,17710,日本乾溜工業株式会社,2025-09-30,17594435000.0,3650000.0,,無形資産,337.0,,2,無形固定資産の取得による支出
S100XB82,E36420,73610,株式会社ヒューマンクリエイションホールディングス,2025-09-30,8945582000.0,56750000.0,1300000.0,無形資産,914.0,,2,無形固定資産の取得による支出
S100XB7E,E00723,94760,株式会社中央経済社ホールディングス,2025-09-30,3256664000.0,503000.0,4095000.0,無形資産,91.0,,2,無形固定資産の取得による支出
S100XBM8,E31754,39200,アイビーシー株式会社,2025-09-30,2404511000.0,95675000.0,,無形資産,82.0,,2,無形固定資産の取得による支出
S100XBI1,E00707,94700,株式会社学研ホールディングス,2025-09-30,199119000000.0,,,,10120.0,,2,
S100XBL7,E05360,37230,日本ファルコム株式会社,2025-09-30,2612982000.0,,435000.0,,69.0,,2,
S100XBJI,E35993,73560,Ｒｅｔｔｙ株式会社,2025-09-30,1630179000.0,107752000.0,,無形資産,87.0,,2,無形固定資産の取得による支出
S100XBPL,E04648,,呉羽観光株式会社,2025-09-30,779658000.0,,361000.0,,43.0,,2,
S100XB3E,E05414,48090,パラカ株式会社,2025-09-30,17630000000.0,126000000.0,6000000.0,無形資産,112.0,,2,無形固定資産の取得による支出
S100XB4O,E01676,62770,ホソカワミクロン株式会社,2025-09-30,77994000000.0,142000000.0,620000000.0,無形資産,1957.0,,2,無形固定資産の取得による支出
S100XBLK,E05049,94380,株式会社エムティーアイ,2025-09-30,29910940000.0,1279255000.0,1303429000.0,無形資産,1236.0,,2,無形固定資産の取得による支出
S100XBIV,E02858,75270,株式会社システムソフト,2025-09-30,1373351000.0,4024000.0,3916000.0,無形資産,58.0,,2,無形固定資産の取得による支出
S100XBKO,E39259,166A0,株式会社タスキホールディングス,2025-09-30,74412166000.0,60064000.0,5445000.0,無形資産,147.0,,2,無形固定資産の取得による支出
S100X9MO,E04038,89440,株式会社ランドビジネス,2025-09-30,18603111000.0,21555000.0,1916000.0,無形資産,604.0,,2,無形固定資産の取得による支出
S100XBJD,E36129,48840,クリングルファーマ株式会社,2025-09-30,72215000.0,,,,17.0,,2,
S100XBVP,E05585,24850,株式会社ティア,2025-09-30,21563000000.0,78000000.0,148000000.0,無形資産,971.0,,2,無形固定資産の取得による支出
S100XBSF,E02576,28740,横浜冷凍株式会社,2025-09-30,125563000000.0,239000000.0,143000000.0,無形資産,1804.0,,2,無形固定資産の取得による支出
S100XBLU,E37199,92580,株式会社ＣＳ－Ｃ,2025-09-30,3178971000.0,79043000.0,,無形資産,173.0,,2,無形固定資産の取得による支出
S100XBQ8,E35089,70690,株式会社サイバー・バズ,2025-09-30,7131164000.0,,14160000.0,,202.0,,2,
S100XBWA,E37192,42600,株式会社ハイブリッドテクノロジーズ,2025-09-30,3024742000.0,4795000.0,5112000.0,無形資産,408.0,,2,無形資産の取得による支出
S100XBUR,E31448,60460,株式会社リンクバル,2025-09-30,906312000.0,,,,58.0,,2,
S100XBLH,E38864,55870,株式会社インバウンドプラットフォーム,2025-09-30,3006963000.0,188365000.0,,無形資産,63.0,,2,無形固定資産の取得による支出
S100XBWH,E37742,95530,株式会社マイクロアド,2025-09-30,15670556000.0,188182000.0,277748000.0,無形資産,391.0,,2,無形固定資産の取得による支出
S100XBWT,E39968,269A0,株式会社Ｓａｐｅｅｔ,2025-09-30,996301000.0,93810000.0,89834000.0,ソフトウェア,53.0,,2,ソフトウエアの取得による支出
S100XBVM,E38755,55860,株式会社Ｌａｂｏｒｏ．ＡＩ,2025-09-30,1900339000.0,2200000.0,,無形資産,100.0,,2,無形固定資産の取得による支出
S100XBX1,E34054,78060,株式会社ＭＴＧ,2025-09-30,98810000000.0,1842000000.0,912000000.0,無形資産,1514.0,,2,無形固定資産の取得による支出
S100XBXT,E24651,71480,株式会社ＦＰＧ,2025-09-30,129764000000.0,85000000.0,46000000.0,無形資産,383.0,,2,無形固定資産の取得による支出
S100XBN5,E36629,73720,株式会社デコルテ・ホールディングス,2025-09-30,6046172000.0,,,,469.0,,2,
S100XBNE,E05101,47690,株式会社ＩＣ,2025-09-30,10136104000.0,30806000.0,31854000.0,無形資産,807.0,,2,無形固定資産の取得による支出
S100XBQE,E04635,,株式会社花屋敷ゴルフ倶楽部,2025-09-30,1010558000.0,,,,39.0,,2,
S100XBYD,E01609,64920,岡野バルブ製造株式会社,2025-09-30,7006000000.0,10000000.0,36000000.0,無形資産,324.0,,2,無形固定資産の取得による支出
S100XB5N,E02040,68770,ＯＢＡＲＡ　ＧＲＯＵＰ株式会社,2025-09-30,61682000000.0,114000000.0,123000000.0,無形資産,1926.0,,2,無形固定資産の取得による支出
S100XC1P,E02494,42430,株式会社ニックス,2025-09-30,4403000000.0,9444000.0,2605000.0,無形資産,154.0,,2,無形固定資産の取得による支出
S100XA3X,E02719,98690,加藤産業株式会社,2025-09-30,1214265000000.0,3237000000.0,1641000000.0,無形資産,4099.0,,2,無形固定資産の取得による支出
S100XC2D,E03340,76430,株式会社ダイイチ,2025-09-30,58570779000.0,,48482000.0,,437.0,,2,
S100XBTQ,E35157,70720,株式会社インティメート・マージャー,2025-09-30,3363631000.0,,,,57.0,,2,
S100XBNR,E00495,29170,株式会社大森屋,2025-09-30,16511214000.0,57840000.0,31345000.0,無形資産,152.0,,2,無形固定資産の取得による支出
S100XBSY,E33357,65540,株式会社エスユーエス,2025-09-30,15015000000.0,6000000.0,42000000.0,無形資産,2409.0,,2,無形固定資産の取得による支出
S100XBZW,E36670,77920,株式会社コラントッテ,2025-09-30,6917910000.0,17902000.0,11695000.0,無形資産,104.0,,2,無形固定資産の取得による支出
S100XC55,E02470,78390,株式会社ＳＨＯＥＩ,2025-09-30,32363623000.0,57568000.0,75888000.0,無形資産,670.0,,2,無形固定資産の取得による支出
S100XC4P,E33391,39930,株式会社ＰＫＳＨＡ　Ｔｅｃｈｎｏｌｏｇｙ,2025-09-30,21771392000.0,701780000.0,609545000.0,無形資産,1001.0,,2,無形資産の取得による支出
S100XC3I,E37744,95540,株式会社ＡＶｉＣ,2025-09-30,2680875000.0,17124000.0,,無形資産,91.0,,2,無形固定資産の取得による支出
S100XC53,E34944,29740,大英産業株式会社,2025-09-30,39093129000.0,355000.0,908000.0,無形資産,322.0,,2,無形固定資産の取得による支出
S100XBJH,E01381,59210,川岸工業株式会社,2025-09-30,24219000000.0,17076000.0,13377000.0,無形資産,273.0,,2,無形固定資産の取得による支出
S100XAR7,E04729,,株式会社小原カントリークラブ,2025-09-30,281412000.0,,,,19.0,,2,
S100XC5E,E05623,21220,株式会社インタースペース,2025-09-30,8846245000.0,255884000.0,223779000.0,無形資産,405.0,,2,無形固定資産の取得による支出
S100XBJQ,E02982,33590,株式会社ｃｏｔｔａ,2025-09-30,13675545000.0,78094000.0,50092000.0,無形資産,163.0,,2,無形固定資産の取得による支出
S100XC7V,E05288,23040,株式会社ＣＳＳホールディングス,2025-09-30,19499573000.0,17500000.0,21640000.0,無形資産,613.0,,2,無形固定資産の取得による支出
S100XC79,E00263,17830,株式会社ｆａｎｔａｓｉｓｔａ,2025-09-30,9422342000.0,90525000.0,83765000.0,無形資産,28.0,,2,無形固定資産の取得による支出
S100XBTG,E27842,32880,株式会社オープンハウスグループ,2025-09-30,1336468000000.0,538000000.0,503000000.0,無形資産,6620.0,,2,無形固定資産の取得による支出
S100XBSH,E34273,62330,ＫＬＡＳＳ株式会社,2025-09-30,9569361000.0,23299000.0,21857000.0,無形資産,293.0,,2,無形固定資産の取得による支出
S100XBTY,E33000,35630,株式会社ＦＯＯＤ　＆　ＬＩＦＥ　ＣＯＭＰＡＮＩＥＳ,2025-09-30,429574000000.0,1161000000.0,1196000000.0,無形資産,11720.0,,2,無形資産の取得による支出
S100X8TY,E05624,21200,株式会社ＬＩＦＵＬＬ,2025-09-30,28127000000.0,158000000.0,148000000.0,無形資産,918.0,,2,無形資産の取得による支出
S100XBZH,E34095,14460,株式会社キャンディル,2025-09-30,13860556000.0,13914000.0,9379000.0,無形資産,591.0,,2,無形固定資産の取得による支出
S100XBUA,E39778,220A0,株式会社Ｆａｂｅｒ　Ｃｏｍｐａｎｙ,2025-09-30,2560913000.0,,,,100.0,,2,
S100XC8W,E38541,55700,株式会社ジェノバ,2025-09-30,1366994000.0,64625000.0,3627000.0,無形資産,17.0,,2,無形固定資産の取得による支出
S100XBZI,E33601,65630,株式会社みらいワークス,2025-09-30,11144579000.0,450000.0,,無形資産,193.0,,2,無形固定資産の取得による支出
S100XC6R,E36733,43760,株式会社くふうカンパニーホールディングス,2025-09-30,14110000000.0,570000000.0,644000000.0,無形資産,549.0,,2,無形固定資産の取得による支出
S100XC4O,E33242,39890,シェアリングテクノロジー株式会社,2025-09-30,8579864000.0,7214000.0,,無形資産,229.0,,2,無形資産の取得による支出
S100XBTL,E33040,39850,テモナ株式会社,2025-09-30,1832558000.0,,117176000.0,,115.0,,2,
S100XC8K,E37810,92250,ブリッジコンサルティンググループ株式会社,2025-09-30,2239359000.0,,,,72.0,,2,
S100XC0B,E04186,,九州産業交通ホールディングス株式会社,2025-09-30,25375449000.0,,,,1476.0,,2,
S100XBLZ,E31019,39000,株式会社クラウドワークス,2025-09-30,22657413000.0,,,,760.0,,2,
S100XC5Q,E38205,51370,株式会社スマートドライブ,2025-09-30,2878647000.0,252768000.0,191583000.0,無形資産,111.0,,2,無形固定資産の取得による支出
S100XCAD,E40477,335A0,株式会社ミライロ,2025-09-30,832291000.0,37777000.0,35603000.0,無形資産,50.0,,2,無形固定資産の取得による支出
S100XC4C,E35632,44990,株式会社Ｓｐｅｅｅ,2025-09-30,16435177000.0,72325000.0,37908000.0,無形資産,661.0,,2,無形固定資産の取得による支出
S100XCAO,E05395,37260,株式会社フォーシーズＨＤ,2025-09-30,2441039000.0,59000000.0,,無形資産,92.0,,2,無形固定資産の取得による支出
S100XCA9,E33272,65510,株式会社ツナググループ・ホールディングス,2025-09-30,18269126000.0,30574000.0,4652000.0,無形資産,511.0,,2,無形固定資産の取得による支出
S100XCA4,E38716,58430,ニッポンインシュア株式会社,2025-09-30,3737526000.0,54992000.0,48239000.0,無形資産,118.0,,2,無形固定資産の取得による支出
S100XC0P,E20810,,株式会社秋津原,2025-09-30,447304000.0,,,,22.0,,2,
S100XC7N,E36655,73760,ＢＣＣ株式会社,2025-09-30,1467462000.0,5800000.0,1650000.0,無形資産,242.0,,2,無形固定資産の取得による支出
S100XC1F,E03259,74940,株式会社コナカ,2025-09-30,55487000000.0,208000000.0,759000000.0,無形資産,1882.0,,2,無形固定資産の取得による支出
S100XCGP,E39864,231A0,Ｃｒｏｓｓ　Ｅホールディングス株式会社,2025-09-30,4582851000.0,,,,93.0,,2,
S100XCEC,E38288,52590,ＢＢＤイニシアティブ株式会社,2025-09-30,4399466000.0,224632000.0,308726000.0,無形資産,215.0,,2,無形資産の取得による支出
S100XBK6,E01716,64660,株式会社ＴＶＥ,2025-09-30,10183746000.0,25687000.0,20782000.0,無形資産,400.0,,2,無形固定資産の取得による支出
S100XCIO,E34335,44210,株式会社ディ・アイ・システム,2025-09-30,7222984000.0,93906000.0,24468000.0,無形資産,739.0,,2,無形固定資産の取得による支出
S100XCAJ,E36697,49370,株式会社Ｗａｑｏｏ,2025-09-30,1960902000.0,,,,93.0,,2,
S100XAH7,E02922,26670,株式会社イメージワン,2025-09-30,866599000.0,10150000.0,17763000.0,無形資産,42.0,,2,無形固定資産の取得による支出
S100XCE0,E36968,92490,日本エコシステム株式会社,2025-09-30,11261332000.0,45822000.0,11921000.0,無形資産,429.0,,2,無形固定資産の取得による支出
S100XBHA,E05646,24980,株式会社オリエンタルコンサルタンツホールディングス,2025-09-30,95365512000.0,785543000.0,390417000.0,無形資産,3635.0,,2,無形固定資産の取得による支出
S100XBJN,E05707,36240,アクセルマーク株式会社,2025-09-30,973566000.0,4549000.0,,無形資産,50.0,,2,無形固定資産の取得による支出
S100XC32,E37153,92120,Ｇｒｅｅｎ　Ｅａｒｔｈ　Ｉｎｓｔｉｔｕｔｅ株式会社,2025-09-30,1075413000.0,2318000.0,1053000.0,無形資産,50.0,,2,無形固定資産の取得による支出
S100XBZX,E35945,40590,株式会社まぐまぐ,2025-09-30,438853000.0,9322000.0,10790000.0,無形資産,18.0,,2,無形固定資産の取得による支出
S100XCLW,E21649,57240,株式会社アサカ理研,2025-09-30,8685989000.0,12895000.0,13483000.0,無形資産,194.0,,2,無形固定資産の取得による支出
S100XBUH,E36223,92480,人・夢・技術グループ株式会社,2025-09-30,45984000000.0,191000000.0,115000000.0,無形資産,2150.0,,2,無形固定資産の取得による支出
S100XCN2,E32194,61910,株式会社エアトリ,2025-09-30,28104000000.0,947000000.0,855000000.0,無形資産,439.0,,2,無形資産の取得による支出
S100XCIM,E04683,,株式会社明智ゴルフ倶楽部,2025-09-30,2694907000.0,,961000.0,,103.0,,2,
S100XCR2,E04739,,株式会社　明世カントリークラブ,2025-09-30,480525000.0,,1800000.0,,13.0,,2,
S100XCJ8,E36991,29610,日本調理機株式会社,2025-09-30,18118892000.0,,,,532.0,,2,
S100XCQ3,E38634,55330,株式会社エリッツホールディングス,2025-09-30,6385724000.0,,,,405.0,,2,
S100XCQ7,E36002,41720,東和ハイシステム株式会社,2025-09-30,2406943000.0,1450000.0,531000.0,無形資産,117.0,,2,無形固定資産の取得による支出
S100XCMA,E34256,34950,香陵住販株式会社,2025-09-30,11532888000.0,5548000.0,18349000.0,無形資産,240.0,,2,無形固定資産の取得による支出
S100X8S3,E02537,,株式会社日教販,2025-09-30,28952732000.0,124802000.0,112266000.0,無形資産,110.0,,2,無形固定資産の取得による支出
S100XCIW,E36961,92440,株式会社デジタリフト,2025-09-30,3490010000.0,1017000.0,,無形資産,55.0,,2,無形固定資産の取得による支出
S100XCGX,E34028,78000,株式会社アミファ,2025-09-30,8842205000.0,17866000.0,37133000.0,無形資産,86.0,,2,無形固定資産の取得による支出
S100XCIB,E00254,17950,株式会社マサル,2025-09-30,10647689000.0,1370000.0,3895000.0,無形資産,171.0,,2,無形固定資産の取得による支出
S100XCUO,E04365,93760,株式会社ユーラシア旅行社,2025-09-30,4787696000.0,2216000.0,12851000.0,無形資産,93.0,,2,無形固定資産の取得による支出
S100XCIN,E39751,206A0,株式会社ＰＲＩＳＭ　ＢｉｏＬａｂ,2025-09-30,677330000.0,2986000.0,5910000.0,無形資産,35.0,,2,無形固定資産の取得による支出
S100XCV7,E38849,93300,株式会社揚羽,2025-09-30,1547053000.0,18800000.0,6400000.0,無形資産,141.0,,2,無形固定資産の取得による支出
S100XCS6,E30022,60800,Ｍ＆Ａキャピタルパートナーズ株式会社,2025-09-30,22449092000.0,32162000.0,27782000.0,無形資産,364.0,,2,無形資産の取得による支出
S100XCX0,E40018,264A0,株式会社Ｓｃｈｏｏ,2025-09-30,3360107000.0,105375000.0,14069000.0,無形資産,191.0,,2,無形固定資産の取得による支出
S100XCNC,E34352,70410,ＣＲＧホールディングス株式会社,2025-09-30,16420175000.0,21470000.0,13588000.0,無形資産,510.0,,2,無形固定資産の取得による支出
S100XCQC,E34497,44240,株式会社Ａｍａｚｉａ,2025-09-30,2843175000.0,,,,53.0,,2,
S100XCC9,E35150,44750,ＨＥＮＮＧＥ株式会社,2025-09-30,10923564000.0,36138000.0,,無形資産,390.0,,2,無形固定資産の取得による支出
S100XCY2,E33384,44470,株式会社ピー・ビーシステムズ,2025-09-30,2634554000.0,4401000.0,10512000.0,無形資産,73.0,,2,無形固定資産の取得による支出
S100XCVT,E30648,60940,株式会社フリークアウト・ホールディングス,2025-09-30,50323355000.0,383384000.0,452729000.0,無形資産,1051.0,,2,無形固定資産の取得による支出
S100XCY4,E32682,14380,株式会社岐阜造園,2025-09-30,6271357000.0,19327000.0,10466000.0,無形資産,151.0,,2,無形固定資産の取得による支出
S100XCJL,E36532,41960,株式会社ネオマーケティング,2025-09-30,2306479000.0,2741000.0,,無形資産,124.0,,2,無形固定資産の取得による支出
S100XCU9,E05072,47510,株式会社サイバーエージェント,2025-09-30,874030000000.0,17060000000.0,14237000000.0,無形資産,8150.0,,2,無形固定資産の取得による支出
S100XCKW,E27815,31870,株式会社ミラタップ,2025-09-30,16746745000.0,122120000.0,63830000.0,無形資産,289.0,,2,無形固定資産の取得による支出
S100XCYG,E34544,44270,株式会社ＥｄｕＬａｂ,2025-09-30,6229675000.0,226093000.0,244287000.0,無形資産,232.0,,2,無形固定資産の取得による支出
S100XCZ7,E30856,36910,株式会社デジタルプラス,2025-09-30,933135000.0,114498000.0,82580000.0,無形資産,31.0,,2,無形資産の取得による支出
S100X8UN,E03928,,ＫＯＮＯＩＫＥ　Ｃｏ．株式会社,2025-09-30,3318000000.0,400000.0,200000.0,無形資産,30.0,,2,無形固定資産の取得による支出
S100XD1M,E04667,,道後観光ゴルフ株式会社,2025-09-30,436781000.0,230000.0,1750000.0,無形資産,21.0,,2,無形固定資産の取得による支出
S100XC0Z,E04646,,株式会社松永カントリークラブ,2025-09-30,371904000.0,,,,27.0,,2,
S100XCZ1,E03485,30670,株式会社東京一番フーズ,2025-09-30,7250870000.0,2953000.0,,無形資産,241.0,,2,無形固定資産の取得による支出
S100XCYM,E04618,,北陸観光開発株式会社,2025-09-30,1659000000.0,54060000.0,2760000.0,無形資産,90.0,,2,無形固定資産の取得による支出
S100XCRL,E02604,423A0,株式会社ライオン事務器,2025-09-30,37022000000.0,,,,487.0,,2,
S100XD4C,E02971,33230,レカム株式会社,2025-09-30,13088331000.0,,,,484.0,,2,
S100XCST,E37957,95620,ビジネスコーチ株式会社,2025-09-30,2003993000.0,33471000.0,9890000.0,無形資産,59.0,,2,無形固定資産の取得による支出
S100XCNH,E27280,36720,株式会社オルトプラス,2025-09-30,2897753000.0,,,,199.0,,2,
S100XD0A,E36635,40710,株式会社プラスアルファ・コンサルティング,2025-09-30,17084345000.0,4855000.0,3068000.0,無形資産,469.0,,2,無形固定資産の取得による支出
S100XD2T,E35824,40550,ティアンドエスグループ株式会社,2025-09-30,4103317000.0,,473000.0,,368.0,,2,
S100XD95,E34954,70660,株式会社ピアズ,2025-09-30,6103869000.0,25678000.0,620035000.0,無形資産,413.0,,2,無形固定資産の取得による支出
S100XD0Z,E03347,26520,株式会社まんだらけ,2025-09-30,15183051000.0,3307000.0,300000.0,無形資産,420.0,,2,無形固定資産の取得による支出
S100XD1A,E35140,70710,株式会社アンビスホールディングス,2025-09-30,49174000000.0,17000000.0,23000000.0,無形資産,5135.0,,2,無形固定資産の取得による支出
S100XD0G,E32193,61980,株式会社キャリア,2025-09-30,14935902000.0,18598000.0,9046000.0,無形資産,355.0,,2,無形固定資産の取得による支出
S100XD6Y,E34116,43930,株式会社バンク・オブ・イノベーション,2025-09-30,12366000000.0,,,,247.0,,2,
S100XD30,E02762,99410,太洋物産株式会社,2025-09-30,19662137000.0,,14796000.0,,31.0,,2,
S100XDAL,E38007,95640,株式会社ＦＣＥ,2025-09-30,6099848000.0,80787000.0,53014000.0,無形資産,264.0,,2,無形固定資産の取得による支出
S100XCWL,E39906,241A0,株式会社ＲＯＸＸ,2025-09-30,4513177000.0,,,,305.0,,2,
S100XDCJ,E04644,,内海観光開発株式会社,2025-09-30,286022000.0,,210000.0,,18.0,,2,
S100XD85,E04165,,南国交通株式会社,2025-09-30,9178964000.0,5541000.0,34363000.0,無形資産,1017.0,,2,無形固定資産の取得による支出
S100XDDC,E39920,242A0,株式会社リプライオリティ,2025-09-30,2631261000.0,,,,69.0,,2,
S100XCO8,E02075,67310,株式会社ピクセラ,2025-09-30,1001129000.0,,,,50.0,,2,
S100XCQX,E31751,35560,リネットジャパングループ株式会社,2025-09-30,10412149000.0,181620000.0,243643000.0,無形資産,254.0,,2,無形固定資産の取得による支出
S100XDGQ,E33382,41240,大阪油化工業株式会社,2025-09-30,1178074000.0,,,,52.0,,2,
S100XC0Y,E04684,,株式会社笠間ゴルフクラブ,2025-09-30,680070000.0,,,,22.0,,2,
S100XCCN,E39677,253A0,株式会社ＥＴＳグループ,2025-09-30,11261178000.0,,,,241.0,,2,
S100XDIK,E00745,23880,株式会社ウェッジホールディングス,2025-09-30,816181000.0,,,,63.0,,2,
S100XDE3,E27394,36740,株式会社オークファン,2025-09-30,4657045000.0,197046000.0,204440000.0,無形資産,163.0,,2,無形固定資産の取得による支出
S100XDG9,E05336,37100,ジョルダン株式会社,2025-09-30,2834256000.0,68207000.0,49828000.0,無形資産,178.0,,2,無形固定資産の取得による支出
S100XCTM,E34053,70300,株式会社スプリックス,2025-09-30,35127000000.0,248000000.0,227000000.0,無形資産,1550.0,,2,無形固定資産の取得による支出
S100XDJI,E34513,44450,リビン・テクノロジーズ株式会社,2025-09-30,3592752000.0,,,,87.0,,2,
S100XDKZ,E39945,259A0,株式会社ケイ・ウノ,2025-09-30,7004176000.0,41875000.0,22598000.0,無形資産,578.0,,2,無形固定資産の取得による支出
S100XDEA,E40991,,辻・本郷ＩＴコンサルティング株式会社,2025-09-30,2124225000.0,,,,123.0,,2,
S100XCXG,E37197,92590,株式会社タカヨシホールディングス,2025-09-30,7982449000.0,,50443000.0,,59.0,,2,
S100XDNQ,E37733,95520,株式会社Ｍ＆Ａ総研ホールディングス,2025-09-30,16602585000.0,,,,690.0,,2,
S100XE31,E05633,,株式会社アルファクス・フード・システム,2025-09-30,1170516000.0,137159000.0,194039000.0,無形資産,79.0,,2,無形固定資産の取得による支出
S100XFRF,E05015,47070,株式会社キタック,2025-10-20,3467586000.0,6371000.0,36612000.0,無形資産,197.0,,2,無形固定資産の取得による支出
S100XGQC,E00555,,太陽毛絲紡績株式会社,2025-10-31,509956000.0,,433000.0,,29.0,,2,
S100XGOW,E04862,96780,株式会社カナモト,2025-10-31,213266000000.0,221000000.0,189000000.0,無形資産,3933.0,,2,無形固定資産の取得による支出
S100XGG2,E05286,23010,株式会社学情,2025-10-31,11019177000.0,459786000.0,437239000.0,無形資産,392.0,,2,無形固定資産の取得による支出
S100XH4J,E04013,89170,ファースト住建株式会社,2025-10-31,42883657000.0,9842000.0,5304000.0,無形資産,411.0,,2,無形固定資産の取得による支出
S100XH8O,E04077,32480,株式会社アールエイジ,2025-10-31,3289922000.0,4743000.0,11264000.0,無形資産,17.0,,2,無形固定資産の取得による支出
S100XHCP,E05376,37330,株式会社ソフトウェア・サービス,2025-10-31,42298000000.0,5000000.0,3000000.0,無形資産,1804.0,,2,無形固定資産の取得による支出
S100XGCL,E02204,72790,株式会社ハイレックスコーポレーション,2025-10-31,304123000000.0,433000000.0,841000000.0,無形資産,12071.0,,2,無形固定資産の取得による支出
S100XH0G,E02232,72650,エイケン工業株式会社,2025-10-31,8100115000.0,242000.0,298000.0,無形資産,251.0,,2,無形固定資産の取得による支出
S100XHE7,E37082,71310,のむら産業株式会社,2025-10-31,7111932000.0,645000.0,862000.0,無形資産,112.0,,2,無形固定資産の取得による支出
S100XH65,E24550,21980,アイ・ケイ・ケイホールディングス株式会社,2025-10-31,22455222000.0,16410000.0,28708000.0,無形資産,1033.0,,2,無形固定資産の取得による支出
S100XH69,E00915,46270,ナトコ株式会社,2025-10-31,22275001000.0,32154000.0,11823000.0,無形資産,452.0,,2,無形固定資産の取得による支出
S100XHBD,E00240,18400,株式会社土屋ホールディングス,2025-10-31,31456837000.0,69281000.0,45545000.0,無形資産,679.0,,2,無形固定資産の取得による支出
S100XH0H,E32814,39740,ＳＣＡＴ株式会社,2025-10-31,2605272000.0,88014000.0,92614000.0,無形資産,190.0,,2,無形固定資産の取得による支出
S100XH5R,E38036,51340,株式会社ＰＯＰＥＲ,2025-10-31,1389448000.0,22228000.0,8916000.0,無形資産,85.0,,2,無形固定資産の取得による支出
S100XHEY,E38008,51320,株式会社ｐｌｕｓｚｅｒｏ,2025-10-31,1546369000.0,161898000.0,90000000.0,無形資産,113.0,,2,無形固定資産の取得による支出
S100XH92,E38072,51360,ｔｒｉｐｌａ株式会社,2025-10-31,2573543000.0,,,,190.0,,2,
S100XHE2,E25148,34800,株式会社ジェイ・エス・ビー,2025-10-31,76045573000.0,151276000.0,101290000.0,無形資産,1254.0,,2,無形固定資産の取得による支出
S100XH6J,E34814,44410,トビラシステムズ株式会社,2025-10-31,2805366000.0,85002000.0,63150000.0,無形資産,114.0,,2,無形固定資産の取得による支出
S100XHK4,E34336,92790,株式会社ギフトホールディングス,2025-10-31,35878100000.0,,,,744.0,,2,
S100XH23,E00828,49960,クミアイ化学工業株式会社,2025-10-31,170462000000.0,383000000.0,173000000.0,無形資産,2153.0,,2,無形固定資産の取得による支出
S100XHE6,E02376,79830,株式会社ミロク,2025-10-31,12518322000.0,222811000.0,57298000.0,無形資産,627.0,,2,無形固定資産の取得による支出
S100XHO2,E34994,73780,株式会社アシロ,2025-10-31,6647361000.0,14400000.0,,無形資産,127.0,,2,無形資産の取得による支出
S100XHI8,E37038,92510,株式会社ＡＢ＆Ｃｏｍｐａｎｙ,2025-10-31,19378000000.0,4000000.0,67000000.0,無形資産,276.0,,2,無形資産の取得による支出
S100XHL0,E41086,460A0,ＢＲＡＮＵ株式会社,2025-10-31,2122790000.0,4640000.0,,ソフトウェア,108.0,,2,ソフトウエアの取得による支出
S100XHDP,E04358,96030,株式会社エイチ・アイ・エス,2025-10-31,373106000000.0,,,,10804.0,,2,
S100XHNU,E34148,70340,株式会社プロレド・パートナーズ,2025-10-31,12302688000.0,,3150000.0,,329.0,,2,
S100XHJG,E02570,80770,トルク株式会社,2025-10-31,22538290000.0,26060000.0,34185000.0,無形資産,213.0,,2,無形固定資産の取得による支出
S100XHP5,E03375,26950,くら寿司株式会社,2025-10-31,245109000000.0,813000000.0,297000000.0,無形資産,2854.0,,2,無形固定資産の取得による支出
S100XHGC,E05516,38040,株式会社システム　ディ,2025-10-31,5032292000.0,348536000.0,383993000.0,ソフトウェア,290.0,,2,ソフトウエアの取得による支出
S100XHFP,E00639,78270,株式会社オービス,2025-10-31,12639125000.0,,12638000.0,,211.0,,2,
S100XHSU,E01053,78560,萩原工業株式会社,2025-10-31,31936485000.0,,,,1292.0,,2,
S100XHUJ,E02999,30380,株式会社神戸物産,2025-10-31,551701000000.0,266000000.0,219000000.0,無形資産,1674.0,,2,無形固定資産の取得による支出
S100XHU7,E02681,80790,正栄食品工業株式会社,2025-10-31,124897835000.0,76562000.0,370081000.0,無形資産,1483.0,,2,無形固定資産の取得による支出
S100XHQ6,E01705,63090,巴工業株式会社,2025-10-31,59365470000.0,6034000.0,39632000.0,無形資産,724.0,,2,無形固定資産の取得による支出
S100XHVC,E34800,78040,株式会社ビーアンドピー,2025-10-31,4495008000.0,8378000.0,,無形資産,207.0,,2,無形固定資産の取得による支出
S100XGYG,E38728,91630,株式会社ナレルグループ,2025-10-31,24158934000.0,38138000.0,3639000.0,無形資産,4283.0,,2,無形資産の取得による支出
S100XHDT,E39008,92360,ジャパンＭ＆Ａソリューション株式会社,2025-10-31,654208000.0,,,,41.0,,2,
S100XHVV,E02742,98240,泉州電業株式会社,2025-10-31,135591000000.0,,,,838.0,,2,
S100XHNB,E36989,43780,株式会社ＣＩＮＣ,2025-10-31,1824903000.0,33451000.0,,無形資産,114.0,,2,無形固定資産の取得による支出
S100XHRP,E05356,23750,ギグワークス株式会社,2025-10-31,22261869000.0,304534000.0,245872000.0,無形資産,780.0,,2,無形固定資産の取得による支出
S100XHS4,E30726,34750,株式会社グッドコムアセット,2025-10-31,54581745000.0,44807000.0,1911000.0,無形資産,245.0,,2,無形固定資産の取得による支出
S100XHWF,E35169,48800,セルソース株式会社,2025-10-31,3711455000.0,6924000.0,,無形資産,148.0,,2,無形固定資産の取得による支出
S100XHQ8,E00545,31210,マーチャント・バンカーズ株式会社,2025-10-31,3383239000.0,,,,2.0,,2,
S100XHMO,E04979,46660,パーク二四株式会社（定款上の商号　パーク２４株式会社）,2025-10-31,406168000000.0,4900000000.0,3806000000.0,無形資産,5734.0,,2,無形固定資産の取得による支出
S100XHX5,E25969,13830,ベルグアース株式会社,2025-10-31,7303461000.0,3812000.0,15596000.0,無形資産,313.0,,2,無形固定資産の取得による支出
S100XHR9,E01864,68380,株式会社多摩川ホールディングス,2025-10-31,5587974000.0,4319000.0,5653000.0,無形資産,278.0,,2,無形固定資産の取得による支出
S100XHZH,E25682,36530,株式会社モルフォ,2025-10-31,3359633000.0,189091000.0,128909000.0,無形資産,166.0,,2,無形固定資産の取得による支出
S100XHNL,E05353,23730,株式会社ケア２１,2025-10-31,48158162000.0,160055000.0,135341000.0,無形資産,6319.0,,2,無形固定資産の取得による支出
S100XHWU,E34177,34910,株式会社ＧＡ　ｔｅｃｈｎｏｌｏｇｉｅｓ,2025-10-31,248947000000.0,1933000000.0,1585000000.0,無形資産,1665.0,,2,無形資産の取得による支出
S100XI3C,E03993,88940,株式会社ＲＥＶＯＬＵＴＩＯＮ,2025-10-31,34570459000.0,88689000.0,330000.0,無形資産,64.0,,2,無形固定資産の取得による支出
S100XI2U,E00748,78310,株式会社ウイルコホールディングス,2025-10-31,8478000000.0,9000000.0,193000000.0,無形資産,389.0,,2,無形固定資産の取得による支出
S100XI4U,E04654,,株式会社三好ゴルフ倶楽部,2025-10-31,312902000.0,,,,,,2,
S100XI5B,E41081,462A0,株式会社ＦＵＮＤＩＮＮＯ,2025-10-31,2501057000.0,20491000.0,34894000.0,無形資産,124.0,,2,無形固定資産の取得による支出
S100XHU3,E30881,31950,株式会社ジェネレーションパス,2025-10-31,16552295000.0,60153000.0,38065000.0,無形資産,273.0,,2,無形固定資産の取得による支出
S100XI4H,E03336,76400,株式会社トップカルチャー,2025-10-31,17333260000.0,1360000.0,700000.0,無形資産,192.0,,2,無形固定資産の取得による支出
S100XHYM,E31918,34190,アートグリーン株式会社,2025-10-31,2513960000.0,21579000.0,9135000.0,無形資産,87.0,,2,無形固定資産の取得による支出
S100XHTP,E01170,52180,株式会社オハラ,2025-10-31,28895673000.0,48088000.0,47110000.0,無形資産,1421.0,,2,無形固定資産の取得による支出
S100XHWN,E39732,212A0,フィットイージー株式会社,2025-10-31,9731508000.0,131556000.0,7179000.0,無形資産,65.0,,2,無形固定資産の取得による支出
S100XHQT,E05331,23150,株式会社ＣＡＩＣＡ　ＤＩＧＩＴＡＬ,2025-10-31,5195531000.0,,,,356.0,,2,
S100XHX1,E31424,60490,株式会社イトクロ,2025-10-31,3669622000.0,4470000.0,19900000.0,無形資産,96.0,,2,無形固定資産の取得による支出
S100XI7V,E41030,442A0,クラシコ株式会社,2025-10-31,3631916000.0,5673000.0,,無形資産,84.0,,2,無形固定資産の取得による支出
S100XIHR,E05320,23450,株式会社クシム,2025-10-31,26550000.0,,68929000.0,,7.0,,2,
S100XIBW,E05481,94250,ＲｅＹｕｕ　Ｊａｐａｎ株式会社,2025-10-31,6259161000.0,,,,34.0,,2,
S100XIJD,E38969,92370,株式会社笑美面,2025-10-31,1872987000.0,3312000.0,,無形資産,188.0,,2,無形固定資産の取得による支出
S100XL0K,E02395,79650,象印マホービン株式会社,2025-11-20,91151000000.0,245000000.0,199000000.0,無形資産,1515.0,,2,無形固定資産の取得による支出
S100XL6L,E03408,27340,株式会社サーラコーポレーション,2025-11-30,251533000000.0,2080000000.0,1576000000.0,無形資産,4172.0,,2,無形固定資産の取得による支出
S100XM1D,E02722,98720,北恵株式会社,2025-11-20,58977000000.0,80000000.0,43000000.0,無形資産,383.0,,2,無形固定資産の取得による支出
S100XLTO,E02988,33770,株式会社バイク王＆カンパニー,2025-11-30,38574085000.0,81972000.0,114553000.0,無形資産,1029.0,,2,無形固定資産の取得による支出
S100XM3S,E01377,61360,オーエスジー株式会社,2025-11-30,160619000000.0,447000000.0,683000000.0,無形資産,7563.0,,2,無形固定資産の取得による支出
S100XM4Q,E33390,39940,株式会社マネーフォワード,2025-11-30,50349943000.0,8318153000.0,6205448000.0,無形資産,2839.0,,2,無形固定資産の取得による支出
S100XM43,E34707,29750,スター・マイカ・ホールディングス株式会社,2025-11-30,69158274000.0,33571000.0,24735000.0,無形資産,230.0,,2,無形固定資産の取得による支出
S100XM1X,E27693,31860,株式会社ネクステージ,2025-11-30,652072000000.0,546000000.0,163000000.0,無形資産,7537.0,,2,無形固定資産の取得による支出
S100XMEJ,E27761,60760,株式会社アメイズ,2025-11-30,19560000000.0,,,,197.0,,2,
S100XMF0,E01001,49920,北興化学工業株式会社,2025-11-30,49125000000.0,17000000.0,163000000.0,無形資産,742.0,,2,無形固定資産の取得による支出
S100XMOI,E00896,46160,川上塗料株式会社,2025-11-30,5932496000.0,1652000.0,600000.0,無形資産,132.0,,2,無形固定資産の取得による支出
S100XLV8,E00552,32010,日本毛織株式会社,2025-11-30,119377000000.0,,,,4291.0,,2,
S100XLSD,E01006,43610,川口化学工業株式会社,2025-11-30,8814476000.0,1650000.0,428000.0,無形資産,160.0,,2,無形固定資産の取得による支出
S100XLS3,E00855,41870,大阪有機化学工業株式会社,2025-11-30,36265691000.0,,15000000.0,,467.0,,2,
S100XMO8,E04213,93690,株式会社キユーソー流通システム,2025-11-30,202602000000.0,1242000000.0,1492000000.0,無形資産,7971.0,,2,無形固定資産の取得による支出
S100XMJE,E00464,28090,キユーピー株式会社,2025-11-30,513417000000.0,936000000.0,5803000000.0,無形資産,10773.0,,2,無形固定資産の取得による支出
S100XMJD,E01524,62170,津田駒工業株式会社,2025-11-30,35447000000.0,17000000.0,5000000.0,無形資産,1103.0,,2,無形固定資産の取得による支出
S100XMVG,E36077,40160,ＭＩＴホールディングス株式会社,2025-11-30,5117826000.0,62320000.0,65415000.0,無形資産,382.0,,2,無形固定資産の取得による支出
S100XMFU,E02703,98370,モリト株式会社,2025-11-30,56867188000.0,105841000.0,44783000.0,無形資産,1708.0,,2,無形固定資産の取得による支出
S100XMUD,E31729,31390,株式会社ラクト・ジャパン,2025-11-30,182816000000.0,457000000.0,264000000.0,無形資産,424.0,,2,無形固定資産の取得による支出
S100XMRN,E01603,64740,株式会社不二越,2025-11-30,235903000000.0,851000000.0,1301000000.0,無形資産,6532.0,,2,無形固定資産の取得による支出
S100XMTU,E36132,73600,株式会社オンデック,2025-11-30,864425000.0,1075000.0,,無形資産,57.0,,2,無形固定資産の取得による支出
S100XMNZ,E02774,99720,アルテック株式会社,2025-11-30,17551597000.0,,19115000.0,,418.0,,2,
S100XMX3,E39377,138A0,光フードサービス株式会社,2025-11-30,2861834000.0,4788000.0,5232000.0,ソフトウェア,189.0,,2,ソフトウエアの取得による支出
S100XMZE,E32571,32670,株式会社フィル・カンパニー,2025-11-30,8233505000.0,,,,126.0,,2,
S100XN0E,E38129,55270,株式会社ｐｒｏｐｅｒｔｙ　ｔｅｃｈｎｏｌｏｇｉｅｓ,2025-11-30,50909668000.0,12735000.0,,無形資産,340.0,,2,無形固定資産の取得による支出
S100XN26,E39846,228A0,株式会社オプロ,2025-11-30,2552601000.0,106781000.0,65927000.0,無形資産,119.0,,2,無形固定資産の取得による支出
S100XN1B,E04296,93130,丸八倉庫株式会社,2025-11-30,4931022000.0,1484000.0,,無形資産,102.0,,2,無形固定資産の取得による支出
S100XN3A,E34140,43940,株式会社エクスモーション,2025-11-30,1386816000.0,37946000.0,2720000.0,無形資産,88.0,,2,無形固定資産の取得による支出
S100XN00,E05555,24710,株式会社エスプール,2025-11-30,26029000000.0,24000000.0,72000000.0,無形資産,1147.0,,2,無形資産の取得による支出
S100XN3N,E02372,79970,株式会社くろがね工作所,2025-11-30,6342269000.0,32480000.0,21534000.0,無形資産,264.0,,2,無形固定資産の取得による支出
S100XMSL,E04566,97200,株式会社ホテル、ニューグランド,2025-11-30,6529518000.0,14768000.0,3415000.0,無形資産,232.0,,2,無形固定資産の取得による支出
S100XN4S,E03007,30890,テクノアルファ株式会社,2025-11-30,4522433000.0,18137000.0,15572000.0,無形資産,87.0,,2,無形固定資産の取得による支出
S100XMRB,E01370,59420,日本フイルコン株式会社,2025-11-30,27842145000.0,78317000.0,64001000.0,無形資産,1273.0,,2,無形固定資産の取得による支出
S100XMC1,E04021,89230,トーセイ株式会社,2025-11-30,94688969000.0,32431000.0,33772000.0,無形資産,875.0,,2,無形資産の取得による支出
S100XN61,E37911,95580,ジャパニアス株式会社,2025-11-30,12084720000.0,,15258000.0,,1805.0,,2,
S100XN2T,E02585,80950,アステナホールディングス株式会社,2025-11-30,62744000000.0,282000000.0,357000000.0,無形資産,1543.0,,2,無形固定資産の取得による支出
S100XMWH,E34221,42500,株式会社フロンティア,2025-11-30,1686930000.0,,,,24.0,,2,
S100XMWX,E38043,52430,ｎｏｔｅ株式会社,2025-11-30,4141280000.0,,,,158.0,,2,
S100XMVL,E22612,32660,株式会社ファンドクリエーショングループ,2025-11-30,5842000000.0,,,,23.0,,2,
S100XMZ1,E35250,70830,ＡＨＣグループ株式会社,2025-11-30,6660074000.0,500000.0,,無形資産,489.0,,2,無形固定資産の取得による支出
S100XMYW,E00636,78790,株式会社ノダ,2025-11-30,64686719000.0,,,,1798.0,,2,
S100XMUN,E38169,52460,株式会社ＥＬＥＭＥＮＴＳ,2025-11-30,3895112000.0,772147000.0,298360000.0,無形資産,103.0,,2,無形固定資産の取得による支出
S100XMR5,E05607,34540,ファーストブラザーズ株式会社,2025-11-30,19063701000.0,22285000.0,5887000.0,無形資産,174.0,,2,無形固定資産の取得による支出
S100XN95,E03505,30770,ホリイフードサービス株式会社,2025-11-30,3220077000.0,932000.0,1070000.0,無形資産,140.0,,2,無形固定資産の取得による支出
S100XN3U,E04987,46730,川崎地質株式会社,2025-11-30,12708831000.0,7025000.0,10017000.0,無形資産,373.0,,2,無形固定資産の取得による支出
S100XN24,E32592,35470,株式会社串カツ田中ホールディングス,2025-11-30,21091523000.0,10950000.0,3200000.0,無形資産,563.0,,2,無形固定資産の取得による支出
S100XN9A,E38367,52500,プライム・ストラテジー株式会社,2025-11-30,887044000.0,19357000.0,3941000.0,無形資産,28.0,,2,無形固定資産の取得による支出
S100XMVS,E37432,92150,株式会社ＣａＳｙ,2025-11-30,1922120000.0,32973000.0,,無形資産,74.0,,2,無形固定資産の取得による支出
S100XN0W,E05702,66340,株式会社ネクスグループ,2025-11-30,3562181000.0,58871000.0,,無形資産,99.0,,2,無形固定資産の取得による支出
S100XNCR,E01009,49950,サンケイ化学株式会社,2025-11-30,6444435000.0,,,,129.0,,2,
S100XNBS,E05611,24930,イーサポートリンク株式会社,2025-11-30,6470128000.0,120418000.0,417131000.0,無形資産,174.0,,2,無形固定資産の取得による支出
S100XNA6,E02233,72270,アスカ株式会社,2025-11-30,46356735000.0,16014000.0,4894000.0,無形資産,746.0,,2,無形固定資産の取得による支出
S100XNEI,E36988,92500,株式会社ＧＲＣＳ,2025-11-30,3333680000.0,88204000.0,13099000.0,無形資産,213.0,,2,無形固定資産の取得による支出
S100XNDR,E00698,,株式会社神戸新聞社,2025-11-30,36511104000.0,142703000.0,68984000.0,無形資産,1172.0,,2,無形固定資産の取得による支出
S100XMV5,E02848,75010,株式会社ティムコ,2025-11-30,3219133000.0,12740000.0,21981000.0,無形資産,71.0,,2,無形固定資産の取得による支出
S100XN8S,E37913,73880,株式会社ＦＰパートナー,2025-11-30,32104060000.0,,,,2601.0,,2,
S100XNL3,E31256,39070,シリコンスタジオ株式会社,2025-11-30,4303000000.0,10000000.0,,無形資産,260.0,,2,無形固定資産の取得による支出
S100XNDX,E33515,65580,クックビズ株式会社,2025-11-30,2860676000.0,72531000.0,170980000.0,無形資産,169.0,,2,無形固定資産の取得による支出
S100XN60,E40919,418A0,ウリドキ株式会社,2025-11-30,1519616000.0,,,,16.0,,2,
S100XMZO,E04884,96470,株式会社協和コンサルタンツ,2025-11-30,8441870000.0,10754000.0,7092000.0,無形資産,206.0,,2,無形固定資産の取得による支出
S100XMWM,E35238,70740,株式会社トゥエンティーフォーセブンホールディングス,2025-11-30,2094682000.0,3050000.0,,無形資産,114.0,,2,無形固定資産の取得による支出
S100XNIW,E02095,66640,株式会社オプトエレクトロニクス,2025-11-30,6772484000.0,5000000.0,8888000.0,無形資産,164.0,,2,無形固定資産の取得による支出
S100XNR4,E01176,53410,ＡＳＡＨＩ　ＥＩＴＯホールディングス株式会社,2025-11-30,4336907000.0,420000.0,3256000.0,無形資産,146.0,,2,無形固定資産の取得による支出
S100XMLH,E04733,,大松産業株式会社,2025-11-30,752988000.0,,,,11.0,,2,
S100XNO2,E01375,,株式会社山本製作所,2025-11-30,10958609000.0,,,,726.0,,2,
S100XNPA,E37502,41970,株式会社アスマーク,2025-11-30,4416257000.0,26034000.0,,無形資産,328.0,,2,無形固定資産の取得による支出
S100XNNH,E40175,280A0,株式会社ＴＭＨ,2025-11-30,8628372000.0,16854000.0,,無形資産,45.0,,2,無形固定資産の取得による支出
S100XO08,E41055,469A0,株式会社フィットクルー,2025-11-30,2920951000.0,1687000.0,1146000.0,無形資産,277.0,,2,無形固定資産の取得による支出
S100XNNG,E01999,68660,日置電機株式会社,2025-12-31,40531817000.0,,,,1153.0,,2,
S100XN0D,E30504,31920,株式会社白鳩,2025-11-30,4208482000.0,17926000.0,34682000.0,無形資産,80.0,,2,無形固定資産の取得による支出
S100XOKI,E02378,79360,株式会社アシックス,2025-12-31,810916000000.0,14107000000.0,12664000000.0,無形資産,9455.0,,2,無形固定資産の取得による支出
S100XNYW,E01834,79440,ローランド株式会社,2025-12-31,100952000000.0,425000000.0,1173000000.0,無形資産,2897.0,,2,無形固定資産の取得による支出
S100XPFN,E05416,24080,株式会社ＫＧ情報,2025-12-20,2736105000.0,21488000.0,14527000.0,無形資産,176.0,,2,無形固定資産の取得による支出
S100XPJL,E01714,63280,荏原実業株式会社,2025-12-31,41211000000.0,14000000.0,44000000.0,無形資産,548.0,,2,無形固定資産の取得による支出
S100XPTY,E00816,41510,協和キリン株式会社,2025-12-31,496826000000.0,45804000000.0,79231000000.0,無形資産,5161.0,,2,無形資産の取得による支出
S100XQ8M,E31331,39120,株式会社モバイルファクトリー,2025-12-31,3427344000.0,,,,75.0,,2,
S100XQN0,E00444,28110,カゴメ株式会社,2025-12-31,294264000000.0,,,,3253.0,,2,
S100XQT8,E01971,68170,スミダコーポレーション株式会社,2025-12-31,147194000000.0,1114000000.0,1145000000.0,無形資産,14964.0,,2,無形資産の取得による支出
S100XQHI,E00474,22680,Ｂ－Ｒ　サーティワン　アイスクリーム株式会社,2025-12-31,34285506000.0,153667000.0,191090000.0,無形資産,301.0,,2,無形固定資産の取得による支出
S100XR40,E31854,61800,ＧＭＯメディア株式会社,2025-12-31,7115026000.0,40310000.0,89944000.0,無形資産,208.0,,2,無形固定資産の取得による支出
S100XR0M,E01267,63260,株式会社　クボタ,2025-12-31,3018891000000.0,32887000000.0,32826000000.0,無形資産,52503.0,,2,無形資産の取得による支出
S100XR70,E38192,93380,株式会社ＩＮＦＯＲＩＣＨ,2025-12-31,14431778000.0,,,,303.0,,2,
S100XQSE,E02257,73090,株式会社シマノ,2025-12-31,466243000000.0,10247000000.0,8753000000.0,無形資産,10242.0,,2,無形固定資産の取得による支出
S100XR77,E02306,68580,株式会社小野測器,2025-12-31,13629000000.0,248000000.0,314000000.0,無形資産,653.0,,2,無形固定資産の取得による支出
S100XQYR,E00559,33020,帝国繊維株式会社,2025-12-31,33639887000.0,26062000.0,19590000.0,無形資産,362.0,,2,無形固定資産の取得による支出
S100XRD8,E02794,74220,東邦レマック株式会社,2025-12-20,4547599000.0,1805000.0,14355000.0,無形資産,74.0,,2,無形固定資産の取得による支出
S100XRF9,E02097,66630,太洋テクノレックス株式会社,2025-12-20,3751667000.0,4078000.0,19570000.0,無形資産,192.0,,2,無形固定資産の取得による支出
S100XR5L,E00523,30030,ヒューリック株式会社,2025-12-31,727447000000.0,19810000000.0,10059000000.0,無形資産,3495.0,,2,無形固定資産の取得による支出
S100XR0F,E40916,410A0,ＧＭＯコマース株式会社,2025-12-31,2459803000.0,146166000.0,73292000.0,無形資産,103.0,,2,無形固定資産の取得による支出
S100XQP3,E01613,63950,株式会社タダノ,2025-12-31,349477000000.0,,,,5997.0,,2,
S100XRMD,E05123,47840,ＧＭＯインターネット株式会社,2025-12-31,78548000000.0,967000000.0,31000000.0,無形資産,1826.0,,2,無形固定資産の取得による支出
S100XRBT,E01350,58190,カナレ電気株式会社,2025-12-31,13114992000.0,17567000.0,8429000.0,無形資産,258.0,,2,無形固定資産の取得による支出
S100XRJW,E02701,98300,トラスコ中山株式会社,2025-12-31,320043000000.0,3359000000.0,2479000000.0,無形資産,1809.0,,2,無形固定資産の取得による支出
S100XRH4,E01659,59460,株式会社長府製作所,2025-12-31,46501000000.0,,,,1166.0,,2,
S100XRR0,E02991,33860,コスモ・バイオ株式会社,2025-12-31,10766000000.0,52000000.0,60000000.0,無形資産,182.0,,2,無形固定資産の取得による支出
S100XQKR,E38162,93370,株式会社トリドリ,2025-12-31,5372804000.0,330953000.0,96627000.0,ソフトウェア,136.0,,2,ソフトウエアの取得による支出
S100XRJK,E05147,48120,株式会社電通総研,2025-12-31,164865000000.0,2422000000.0,2848000000.0,無形資産,4618.0,,2,無形固定資産の取得による支出
S100XRDM,E01114,51840,株式会社ニチリン,2025-12-31,73668000000.0,87000000.0,105000000.0,無形資産,2440.0,,2,無形固定資産の取得による支出
S100XRA9,E30857,36950,ＧＭＯプロダクトプラットフォーム株式会社,2025-12-31,6818184000.0,25480000.0,123465000.0,無形資産,199.0,,2,無形固定資産の取得による支出
S100XREJ,E05545,37880,ＧＭＯグローバルサイン・ホールディングス株式会社,2025-12-31,20670761000.0,1432329000.0,1431561000.0,無形資産,962.0,,2,無形固定資産の取得による支出
S100XRPR,E01086,51080,株式会社ブリヂストン,2025-12-31,4429452000000.0,36064000000.0,38001000000.0,無形資産,115716.0,,2,無形資産の取得による支出
S100XRE0,E03482,30470,株式会社ＴＲＵＣＫ－ＯＮＥ,2025-12-31,7974063000.0,,,,97.0,,2,
S100XRRA,E30841,71720,株式会社ジャパンインベストメントアドバイザー,2025-12-31,38738000000.0,,,,343.0,,2,
S100XRIU,E02371,79720,株式会社イトーキ,2025-12-31,153682000000.0,2268000000.0,2890000000.0,無形資産,4164.0,,2,無形固定資産の取得による支出
S100XRWE,E02389,79890,立川ブラインド工業株式会社,2025-12-31,42623365000.0,207636000.0,107190000.0,無形資産,1264.0,,2,無形固定資産の取得による支出
S100XRUO,E05467,24290,株式会社ワールドホールディングス,2025-12-31,284350000000.0,135000000.0,79000000.0,無形資産,60880.0,,2,無形固定資産の取得による支出
S100XRP4,E27486,45870,ペプチドリーム株式会社,2025-12-31,18521234000.0,111862000.0,141767000.0,無形資産,645.0,,2,無形資産の取得による支出
S100XRWN,E01678,64810,ＴＨＫ株式会社,2025-12-31,240444000000.0,,,,13036.0,,2,
S100XRPZ,E00664,39440,古林紙工株式会社,2025-12-31,17865127000.0,934000.0,21219000.0,無形資産,527.0,,2,無形固定資産の取得による支出
S100XS2Y,E38078,58670,株式会社エスネットワークス,2025-12-31,3418693000.0,,,,279.0,,2,
S100XRLA,E00903,46340,ａｒｔｉｅｎｃｅ株式会社,2025-12-31,349979000000.0,692000000.0,863000000.0,無形資産,7880.0,,2,無形固定資産の取得による支出
S100XS40,E02404,79560,ピジョン株式会社,2025-12-31,109170000000.0,345000000.0,184000000.0,無形資産,3042.0,,2,無形固定資産の取得による支出
S100XRU1,E35307,44860,ユナイトアンドグロウ株式会社,2025-12-31,3514731000.0,18418000.0,2850000.0,無形資産,307.0,,2,無形固定資産の取得による支出
S100XS5R,E22101,36330,ＧＭＯペパボ株式会社,2025-12-31,10959103000.0,90495000.0,128599000.0,無形資産,307.0,,2,無形固定資産の取得による支出
S100XS6L,E35323,70800,株式会社スポーツフィールド,2025-12-31,4784887000.0,,,,335.0,,2,
S100XS3C,E02322,77440,ノーリツ鋼機株式会社,2025-12-31,119223000000.0,1065000000.0,685000000.0,無形資産,1344.0,,2,無形資産の取得による支出
S100WZGB,E05494,37760,株式会社ブロードバンドタワー,2025-12-31,15289750000.0,65867000.0,9571000.0,ソフトウェア,218.0,,2,ソフトウエアの取得による支出
S100XRYQ,E34276,70370,株式会社テノ．ホールディングス,2025-12-31,18129000000.0,26000000.0,31000000.0,無形資産,2110.0,,2,無形固定資産の取得による支出
S100XR06,E02081,67230,ルネサスエレクトロニクス株式会社,2025-12-31,1321212000000.0,44619000000.0,39946000000.0,無形資産,21629.0,,2,無形資産の取得による支出
S100XS5K,E35340,29820,株式会社ＡＤワークスグループ,2025-12-31,67531965000.0,94573000.0,64788000.0,無形資産,255.0,,2,無形固定資産の取得による支出
S100XRXN,E00373,22060,江崎グリコ株式会社,2025-12-31,361390000000.0,2270000000.0,6851000000.0,無形資産,5588.0,,2,無形固定資産の取得による支出
S100XRFQ,E00397,25330,オエノンホールディングス株式会社,2025-12-31,87630000000.0,,,,811.0,,2,
S100XR7V,E35967,40130,勤次郎株式会社,2025-12-31,5370470000.0,930785000.0,729625000.0,無形資産,321.0,,2,無形固定資産の取得による支出
S100XS7V,E27208,45860,株式会社メドレックス,2025-12-31,128084000.0,,,,21.0,,2,
S100XS6X,E01660,64980,株式会社キッツ,2025-12-31,176682000000.0,898000000.0,647000000.0,無形資産,5469.0,,2,無形固定資産の取得による支出
S100XOZ3,E25156,58420,インテグラル株式会社,2025-12-31,13655000000.0,,,,98.0,,2,
S100XR9Z,E33039,39830,株式会社オロ,2025-12-31,8307953000.0,97316000.0,74362000.0,無形資産,585.0,,2,無形資産の取得による支出
S100XS22,E03366,27020,日本マクドナルドホールディングス株式会社,2025-12-31,416602000000.0,3293000000.0,2827000000.0,ソフトウェア,2454.0,,2,ソフトウエアの取得による支出
S100XSAX,E32664,91600,株式会社ノバレーゼ,2025-12-31,22039886000.0,64330000.0,38236000.0,無形資産,1099.0,,2,無形資産の取得による支出
S100XS80,E40792,415A0,ＧＭＯ　ＴＥＣＨホールディングス株式会社,2025-12-31,6923000000.0,214000000.0,,無形資産,414.0,,2,無形固定資産の取得による支出
S100XRW5,E05474,37650,ガンホー・オンライン・エンターテイメント株式会社,2025-12-31,93242000000.0,,,,1614.0,,2,
S100XS04,E35959,40120,株式会社アクシス,2025-12-31,8134225000.0,27653000.0,3568000.0,無形資産,545.0,,2,無形固定資産の取得による支出
S100XR1L,E00417,25790,コカ・コーラボトラーズジャパンホールディングス株式会社,2025-12-31,893805000000.0,,,,12667.0,,2,
S100XSEU,E00678,81130,ユニ・チャーム株式会社,2025-12-31,945268000000.0,,,,16542.0,,2,
S100XRW4,E33588,65600,株式会社エル・ティー・エス,2025-12-31,17101000000.0,49000000.0,59000000.0,無形資産,1003.0,,2,無形固定資産の取得による支出
S100XS0N,E04626,,株式会社武蔵カントリー倶楽部,2025-12-31,1463469000.0,,6998000.0,,61.0,,2,
S100XS06,E00703,79150,ＮＩＳＳＨＡ株式会社,2025-12-31,73394000000.0,1491000000.0,1398000000.0,無形資産,5305.0,,2,無形資産の取得による支出
S100XS9W,E00374,22110,株式会社不二家,2025-12-31,119558000000.0,191000000.0,197000000.0,無形資産,2457.0,,2,無形固定資産の取得による支出
S100XSCO,E04801,85940,中道リース株式会社,2025-12-31,51233507000.0,193142000.0,20371000.0,無形資産,180.0,,2,無形固定資産の取得による支出
S100XSIT,E39268,130A0,株式会社Ｖｅｒｉｔａｓ　Ｉｎ　Ｓｉｌｉｃｏ,2025-12-31,,5579000.0,,無形資産,19.0,,2,無形固定資産の取得による支出
S100XS94,E04048,89960,株式会社ハウスフリーダム,2025-12-31,16928018000.0,,,,243.0,,2,
S100XS2D,E38440,93430,株式会社アイビス,2025-12-31,5005091000.0,165212000.0,,無形資産,356.0,,2,無形固定資産の取得による支出
S100XS43,E27361,36730,株式会社ブロードリーフ,2025-12-31,20815301000.0,4432924000.0,4553200000.0,無形資産,924.0,,2,無形資産の取得による支出
S100XSML,E31037,42480,竹本容器株式会社,2025-12-31,14491278000.0,180400000.0,4694000.0,無形資産,767.0,,2,無形固定資産の取得による支出
S100XS3W,E36883,92450,株式会社リベロ,2025-12-31,4364484000.0,103471000.0,112401000.0,無形資産,147.0,,2,無形固定資産の取得による支出
S100XSGJ,E31023,39010,マークラインズ株式会社,2025-12-31,5570370000.0,43592000.0,49685000.0,無形資産,195.0,,2,無形固定資産の取得による支出
S100XSIJ,E01901,68560,株式会社堀場製作所,2025-12-31,333081000000.0,867000000.0,1295000000.0,無形資産,9101.0,,2,無形固定資産の取得による支出
S100XSOA,E27622,25870,サントリー食品インターナショナル株式会社,2025-12-31,1715438000000.0,,,,22700.0,,2,
S100XSO1,E05609,24920,株式会社インフォマート,2025-12-31,18817130000.0,1553584000.0,1850002000.0,無形資産,856.0,,2,無形固定資産の取得による支出
S100XS2N,E00901,46310,ＤＩＣ株式会社,2025-12-31,1052194000000.0,309000000.0,4337000000.0,無形資産,20884.0,,2,無形固定資産の取得による支出
S100XSOI,E31723,61710,株式会社土木管理総合試験所,2025-12-31,7695661000.0,,,,522.0,,2,
S100XSOR,E22559,,サントリーホールディングス株式会社,2025-12-31,3070120000000.0,,,,41628.0,,2,
S100XSP4,E38453,48930,ノイルイミューン・バイオテック株式会社,2025-12-31,,,,,23.0,,2,
S100XSPB,E00736,78490,スターツ出版株式会社,2025-12-31,8143367000.0,62113000.0,50490000.0,無形資産,240.0,,2,無形固定資産の取得による支出
S100XSJU,E01596,64400,ＪＵＫＩ株式会社,2025-12-31,88761000000.0,,,,3828.0,,2,
S100XSDA,E21122,39640,株式会社オークネット,2025-12-31,64139920000.0,1261545000.0,1019336000.0,無形資産,1119.0,,2,無形固定資産の取得による支出
S100XS4G,E22024,45760,株式会社デ・ウエスタン・セラピテクス研究所,2025-12-31,387620000.0,,1100000.0,,19.0,,2,
S100XS71,E04560,97220,藤田観光株式会社,2025-12-31,82004000000.0,,,,1638.0,,2,
S100XSK6,E34130,56990,株式会社イボキン,2025-12-31,10005640000.0,339000.0,8924000.0,無形資産,189.0,,2,無形固定資産の取得による支出
S100XSP9,E00905,46330,サカタインクス株式会社,2025-12-31,257668000000.0,1219000000.0,491000000.0,無形資産,5323.0,,2,無形固定資産の取得による支出
S100XSJP,E35124,44480,株式会社ｋｕｂｅｌｌ,2025-12-31,9529226000.0,438714000.0,579365000.0,無形資産,658.0,,2,無形固定資産の取得による支出
S100XS0T,E05692,32520,地主株式会社,2025-12-31,76327000000.0,23000000.0,12000000.0,無形資産,116.0,,2,無形固定資産の取得による支出
S100XSOH,E37926,51260,ポーターズ株式会社,2025-12-31,2137000000.0,206000000.0,194000000.0,無形資産,144.0,,2,無形固定資産の取得による支出
S100XSQX,E25269,45790,ラクオリア創薬株式会社,2025-12-31,,7315000.0,19192000.0,無形資産,85.0,,2,無形固定資産の取得による支出
S100XSMS,E35163,44770,ＢＡＳＥ株式会社,2025-12-31,20729000000.0,3000000.0,,無形資産,401.0,,2,無形固定資産の取得による支出
S100XSCU,E00990,49110,株式会社資生堂,2025-12-31,969992000000.0,19127000000.0,25849000000.0,無形資産,26330.0,,2,無形資産の取得による支出
S100XSQQ,E41149,471A0,ＮＳグループ株式会社,2025-12-31,29826000000.0,303000000.0,182000000.0,無形資産,788.0,,2,無形資産の取得による支出
S100XSFM,E26815,71770,ＧＭＯフィナンシャルホールディングス株式会社,2025-12-31,49518000000.0,809000000.0,783000000.0,無形資産,476.0,,2,無形固定資産の取得による支出
S100XSKF,E03859,88040,東京建物株式会社,2025-12-31,474586000000.0,,,,5035.0,,2,
S100XSSA,E00492,29140,日本たばこ産業株式会社,2025-12-31,3467675000000.0,19182000000.0,22598000000.0,無形資産,52867.0,,2,無形資産の取得による支出
S100XRVX,E02366,79760,三菱鉛筆株式会社,2025-12-31,89814000000.0,,,,2871.0,,2,
S100XSNI,E00834,42210,大倉工業株式会社,2025-12-31,86658000000.0,,,,1883.0,,2,
S100XSGS,E37115,44150,株式会社ブロードエンタープライズ,2025-12-31,7413568000.0,,4246000.0,,127.0,,2,
S100XS15,E02350,62660,タツモ株式会社,2025-12-31,35428641000.0,76460000.0,50106000.0,無形資産,1150.0,,2,無形固定資産の取得による支出
S100XSJZ,E37902,50380,株式会社ｅＷｅＬＬ,2025-12-31,3392422000.0,79590000.0,60190000.0,無形資産,107.0,,2,無形固定資産の取得による支出
S100XSR6,E31071,60340,ＭＲＴ株式会社,2025-12-31,4191472000.0,69287000.0,31090000.0,無形資産,307.0,,2,無形資産の取得による支出
S100XSG3,E05041,94490,ＧＭＯインターネットグループ株式会社,2025-12-31,285626000000.0,4937000000.0,4855000000.0,無形資産,6484.0,,2,無形資産の取得による支出
S100XSL3,E27054,29310,株式会社ユーグレナ,2025-12-31,50370000000.0,386000000.0,313000000.0,無形資産,793.0,,2,無形固定資産の取得による支出
S100XS6Z,E35220,42510,恵和株式会社,2025-12-31,20473325000.0,62077000.0,28042000.0,無形資産,409.0,,2,無形固定資産の取得による支出
S100XRJV,E01054,49710,メック株式会社,2025-12-31,20947752000.0,38401000.0,29599000.0,無形資産,508.0,,2,無形固定資産の取得による支出
S100XS6E,E01542,63610,株式会社荏原製作所,2025-12-31,958285000000.0,,,,21148.0,,2,
S100XSRU,E05741,36230,ビリングシステム株式会社,2025-12-31,4546706000.0,37206000.0,48557000.0,無形資産,97.0,,2,無形固定資産の取得による支出
S100XRTH,E02168,72720,ヤマハ発動機株式会社,2025-12-31,2534203000000.0,,,,55176.0,,2,
S100XSV4,E34508,70480,ベルトラ株式会社,2025-12-31,4581627000.0,,,,242.0,,2,
S100XRAK,E04699,,山陽開発株式会社,2025-12-31,458091000.0,,,,31.0,,2,
S100XS6R,E04700,,株式会社四日市カンツリー倶楽部,2025-12-31,519607000.0,,,,36.0,,2,
S100XSUV,E05647,43440,ソースネクスト株式会社,2025-12-31,9274295000.0,849039000.0,1252597000.0,ソフトウェア,163.0,,2,ソフトウエアの取得による支出
S100XSUO,E26675,94190,株式会社ワイヤレスゲート,2025-12-31,8348613000.0,,,,55.0,,2,
S100XSL6,E04783,81790,ロイヤルホールディングス株式会社,2025-12-31,8080000000.0,410000000.0,739000000.0,無形資産,2383.0,,2,無形固定資産の取得による支出
S100XSJW,E36460,40720,株式会社電算システムホールディングス,2025-12-31,68131000000.0,403000000.0,328000000.0,無形資産,1036.0,,2,無形固定資産の取得による支出
S100XSP5,E04011,89140,エリアリンク株式会社,2025-12-31,26418207000.0,142385000.0,130383000.0,無形資産,81.0,,2,無形固定資産の取得による支出
S100XSV5,E05727,21700,株式会社リンクアンドモチベーション,2025-12-31,41522000000.0,569000000.0,635000000.0,無形資産,1629.0,,2,無形資産の取得による支出
S100XT1E,E38118,71150,株式会社アルファパーチェス,2025-12-31,58922000000.0,884416000.0,798602000.0,無形資産,265.0,,2,無形固定資産の取得による支出
S100XQ5C,E00375,22120,山崎製パン株式会社,2025-12-31,1311430000000.0,2506000000.0,2614000000.0,無形資産,33545.0,,2,無形固定資産の取得による支出
S100XSVP,E38985,48960,株式会社ケイファーマ,2025-12-31,,,,,20.0,,2,
S100XT1W,E31354,39130,ＧｒｅｅｎＢｅｅ株式会社,2025-12-31,961943000.0,3260000.0,292000.0,無形資産,41.0,,2,無形固定資産の取得による支出
S100XT2X,E39487,175A0,株式会社Ｗｉｌｌ　Ｓｍａｒｔ,2025-12-31,805211000.0,55434000.0,8943000.0,無形資産,50.0,,2,無形固定資産の取得による支出
S100XSNC,E01692,61490,株式会社小田原エンジニアリング,2025-12-31,18238272000.0,7826000.0,24091000.0,無形資産,425.0,,2,無形固定資産の取得による支出
S100XRPJ,E05592,30400,株式会社ソリトンシステムズ,2025-12-31,19762000000.0,46000000.0,86000000.0,無形資産,655.0,,2,無形固定資産の取得による支出
S100XSHI,E30697,49790,ＯＡＴアグリオ株式会社,2025-12-31,31950000000.0,160000000.0,56000000.0,無形資産,596.0,,2,無形固定資産の取得による支出
S100XSPG,E05293,23110,株式会社エプコ,2025-12-31,6252070000.0,12421000.0,8969000.0,無形資産,600.0,,2,無形固定資産の取得による支出
S100XT1L,E30649,32990,株式会社ムゲンエステート,2025-12-31,68262000000.0,7000000.0,0.0,無形資産,501.0,,2,無形固定資産の取得による支出
S100XT68,E33044,45970,ソレイジア・ファーマ株式会社,2025-12-31,429000000.0,,,,22.0,,2,
S100XSTU,E01122,52010,ＡＧＣ株式会社,2025-12-31,2058832000000.0,,,,52896.0,,2,
S100XSVW,E26086,32770,株式会社サンセイランディック,2025-12-31,23348884000.0,8446000.0,43222000.0,無形資産,190.0,,2,無形固定資産の取得による支出
S100XS8C,E02644,80600,キヤノンマーケティングジャパン株式会社,2025-12-31,679799000000.0,8173000000.0,2845000000.0,無形資産,18425.0,,2,無形固定資産の取得による支出
S100XSY8,E00881,44040,ミヨシ油脂株式会社,2025-12-31,59474000000.0,315000000.0,832000000.0,無形資産,599.0,,2,無形固定資産の取得による支出
S100XT7A,E01110,51100,住友ゴム工業株式会社,2025-12-31,1207061000000.0,120177000000.0,15440000000.0,無形資産,37671.0,,2,無形資産の取得による支出
S100XSPO,E00841,40990,四国化成ホールディングス株式会社,2025-12-31,70705000000.0,,,,1331.0,,2,
S100XSCJ,E40253,298A0,ＧＶＡ　ＴＥＣＨ株式会社,2025-12-31,1483813000.0,429672000.0,360036000.0,無形資産,69.0,,2,無形固定資産の取得による支出
S100XT5I,E22554,73140,株式会社小田原機器,2025-12-31,7672954000.0,57213000.0,35378000.0,無形資産,224.0,,2,無形固定資産の取得による支出
S100XT9C,E04902,96220,株式会社スペース,2025-12-31,71511451000.0,207227000.0,56384000.0,無形資産,990.0,,2,無形固定資産の取得による支出
S100XT2Q,E03492,262A0,株式会社インターメスティック,2025-12-31,50151000000.0,347000000.0,212000000.0,無形資産,3347.0,,2,無形固定資産の取得による支出
S100XSYD,E31925,14350,株式会社ｒｏｂｏｔ　ｈｏｍｅ,2025-12-31,24068206000.0,24404000.0,65486000.0,無形資産,244.0,,2,無形固定資産の取得による支出
S100XSRL,E40925,421A0,株式会社ムービン・ストラテジック・キャリア,2025-12-31,3799672000.0,,,,124.0,,2,
S100XTB1,E39892,268A0,リガク・ホールディングス株式会社,2025-12-31,94193000000.0,824000000.0,495000000.0,無形資産,1971.0,,2,無形資産の取得による支出
S100XS1A,E35911,40580,トヨクモ株式会社,2025-12-31,4858000000.0,89000000.0,63000000.0,無形資産,116.0,,2,無形固定資産の取得による支出
S100XRTM,E39409,145A0,株式会社Ｌ　ｉｓ　Ｂ,2025-12-31,2132680000.0,19569000.0,28718000.0,無形資産,185.0,,2,無形固定資産の取得による支出
S100XSBE,E32770,57040,株式会社ＪＭＣ,2025-12-31,3223030000.0,9950000.0,10366000.0,無形資産,138.0,,2,無形固定資産の取得による支出
S100XSXU,E05599,24890,株式会社アドウェイズ,2025-12-31,12219492000.0,131598000.0,980000.0,無形資産,941.0,,2,無形固定資産の取得による支出
S100XRZ8,E23634,21950,アミタホールディングス株式会社,2025-12-31,4865635000.0,238000.0,10513000.0,無形資産,189.0,,2,無形固定資産の取得による支出
S100XSRQ,E35790,73530,ＫＩＹＯラーニング株式会社,2025-12-31,5031211000.0,101010000.0,114698000.0,無形資産,118.0,,2,無形固定資産の取得による支出
S100XT4W,E01551,63830,株式会社ダイフク,2025-12-31,660724000000.0,,,,11417.0,,2,
S100XSUL,E05282,43560,応用技術株式会社,2025-12-31,7454059000.0,1620000.0,10649000.0,無形資産,270.0,,2,無形固定資産の取得による支出
S100XT2K,E04754,97310,株式会社白洋舍,2025-12-31,44625000000.0,133000000.0,81000000.0,無形資産,1722.0,,2,無形固定資産の取得による支出
S100XSVU,E05020,47120,株式会社ＫｅｙＨｏｌｄｅｒ,2025-12-31,35630349000.0,15524000.0,5540000.0,無形資産,1053.0,,2,無形資産の取得による支出
S100XSMG,E37506,50280,セカンドサイトアナリティカ株式会社,2025-12-31,1436294000.0,16121000.0,,無形資産,80.0,,2,無形固定資産の取得による支出
S100XSUW,E01049,49220,株式会社コーセーホールディングス,2025-12-31,330193000000.0,4329000000.0,2286000000.0,無形資産,8566.0,,2,無形固定資産の取得による支出
S100XTBP,E31335,45930,株式会社ヘリオス,2025-12-31,104000000.0,,292000000.0,,75.0,,2,
S100XSJ2,E22560,45740,大幸薬品株式会社,2025-12-31,6397000000.0,13000000.0,30000000.0,無形資産,220.0,,2,無形固定資産の取得による支出
S100XSLS,E01015,49850,アース製薬株式会社,2025-12-31,179182000000.0,1223000000.0,875000000.0,無形資産,4963.0,,2,無形固定資産の取得による支出
S100XTBZ,E39133,58910,株式会社魁力屋,2025-12-31,14721631000.0,,,,439.0,,2,
S100XT1Y,E36140,91450,株式会社ビーイングホールディングス,2025-12-31,33515000000.0,,13000000.0,,1012.0,,2,
S100XT2O,E34142,70330,株式会社マネジメントソリューションズ,2025-12-31,23066816000.0,52873000.0,72448000.0,無形資産,1621.0,,2,無形固定資産の取得による支出
S100XSU7,E01505,62780,ユニオンツール株式会社,2025-12-31,40165000000.0,,,,1530.0,,2,
S100XT2J,E34498,70430,アルー株式会社,2025-12-31,3637843000.0,5119000.0,40782000.0,無形資産,198.0,,2,無形固定資産の取得による支出
S100XSVD,E31436,39140,ＪＩＧ－ＳＡＷ株式会社,2025-12-31,3625500000.0,7340000.0,14103000.0,無形資産,171.0,,2,無形固定資産の取得による支出
S100XTAQ,E38919,55890,株式会社オートサーバー,2025-12-31,6462582000.0,120234000.0,92850000.0,無形資産,114.0,,2,無形固定資産の取得による支出
S100XRYC,E02120,66330,株式会社ＣＧＳホールディングス,2025-12-31,4982129000.0,229000.0,452000.0,無形資産,299.0,,2,無形固定資産の取得による支出
S100XT0N,E00854,41860,東京応化工業株式会社,2025-12-31,237029000000.0,613000000.0,936000000.0,無形資産,2132.0,,2,無形固定資産の取得による支出
S100XT30,E36410,41920,スパイダープラス株式会社,2025-12-31,4895537000.0,170198000.0,31793000.0,無形資産,260.0,,2,無形固定資産の取得による支出
S100XSDT,E03724,85080,Ｊトラスト株式会社,2025-12-31,3389000000.0,623000000.0,578000000.0,無形資産,3100.0,,2,無形資産の取得による支出
S100XSYR,E21258,62500,株式会社やまびこ,2025-12-31,174020000000.0,,,,2945.0,,2,
S100XTDI,E38180,51390,オープンワーク株式会社,2025-12-31,4653739000.0,,,,148.0,,2,
S100XT60,E22470,60780,株式会社バリューＨＲ,2025-12-31,10068322000.0,579426000.0,387755000.0,無形資産,970.0,,2,無形固定資産の取得による支出
S100XSM4,E25850,36590,株式会社ネクソン,2025-12-31,475102000000.0,1560000000.0,4047000000.0,無形資産,9834.0,,2,無形資産の取得による支出
S100XTDG,E00505,25970,株式会社ユニカフェ,2025-12-31,16056227000.0,,,,199.0,,2,
S100XTDE,E05407,89290,株式会社青山財産ネットワークス,2025-12-31,41785000000.0,85000000.0,17000000.0,無形資産,398.0,,2,無形固定資産の取得による支出
S100XS7T,E36366,41780,株式会社Ｓｈａｒｉｎｇ　Ｉｎｎｏｖａｔｉｏｎｓ,2025-12-31,4458053000.0,,4839000.0,,212.0,,2,
S100XSXL,E04224,23840,ＳＢＳホールディングス株式会社,2025-12-31,490344000000.0,,,,11772.0,,2,
S100XSN5,E31056,39020,メディカル・データ・ビジョン株式会社,2025-12-31,6539159000.0,,,,336.0,,2,
S100XTDT,E32989,48810,株式会社ファンペップ,2025-12-31,,,,,15.0,,2,
S100XNE5,E24682,45820,シンバイオ製薬株式会社,2025-12-31,1307648000.0,82472000.0,27061000.0,無形資産,91.0,,2,無形固定資産の取得による支出
S100XT6D,E38335,52570,ノバシステム株式会社,2025-12-31,6716189000.0,,,,510.0,,2,
S100XTDL,E27047,36670,株式会社ｅｎｉｓｈ,2025-12-31,2170101000.0,,,,82.0,,2,
S100XS6V,E00762,40250,多木化学株式会社,2025-12-31,41977000000.0,,,,640.0,,2,
S100XT6G,E00883,44520,花王株式会社,2025-12-31,1688633000000.0,9631000000.0,10072000000.0,無形資産,31514.0,,2,無形資産の取得による支出
S100XTLN,E00887,44630,日華化学株式会社,2025-12-31,55705000000.0,,,,1576.0,,2,
S100XTFR,E34290,70380,フロンティア・マネジメント株式会社,2025-12-31,13489533000.0,13418000.0,25887000.0,無形資産,417.0,,2,無形固定資産の取得による支出
S100XSYM,E02301,77390,キヤノン電子株式会社,2025-12-31,104421000000.0,160000000.0,103000000.0,無形資産,5574.0,,2,無形固定資産の取得による支出
S100XTFP,E05033,47220,フューチャー株式会社,2025-12-31,75993000000.0,384000000.0,752000000.0,無形資産,3624.0,,2,無形固定資産の取得による支出
S100XS73,E00773,,北海道曹達株式会社,2025-12-31,8973795000.0,,,,151.0,,2,
S100XTJV,E04816,97550,応用地質株式会社,2025-12-31,76285000000.0,,,,2718.0,,2,
S100XSXS,E01047,49670,小林製薬株式会社,2025-12-31,165742000000.0,758000000.0,573000000.0,無形資産,3731.0,,2,無形固定資産の取得による支出
S100XT0W,E00133,18970,金下建設株式会社,2025-12-31,8837000000.0,,,,171.0,,2,
S100XTMG,E30058,45880,オンコリスバイオファーマ株式会社,2025-12-31,28546000.0,,,,38.0,,2,
S100XTMQ,E05301,45630,アンジェス株式会社,2025-12-31,,,10170000.0,,56.0,,2,
S100XSS6,E02861,75310,清和中央ホールディングス株式会社,2025-12-31,50026375000.0,5065000.0,22497000.0,無形資産,218.0,,2,無形固定資産の取得による支出
S100XSX2,E02877,72280,株式会社デイトナ,2025-12-31,14376961000.0,34446000.0,45302000.0,無形資産,206.0,,2,無形固定資産の取得による支出
S100XSJ5,E39136,58680,株式会社ロココ,2025-12-31,9189733000.0,31793000.0,15583000.0,無形資産,712.0,,2,無形固定資産の取得による支出
S100XTNM,E22663,21930,クックパッド株式会社,2025-12-31,5336733000.0,40371000.0,35166000.0,無形資産,101.0,,2,無形資産の取得による支出
S100XTDX,E04516,95430,静岡ガス株式会社,2025-12-31,201207000000.0,,,,1586.0,,2,
S100XSVY,E00708,39480,光ビジネスフォーム株式会社,2025-12-31,7743777000.0,2390000.0,,無形資産,391.0,,2,無形固定資産の取得による支出
S100XTNK,E25283,36490,株式会社ファインデックス,2025-12-31,6109941000.0,259832000.0,271585000.0,無形資産,325.0,,2,無形固定資産の取得による支出
S100XTGV,E26596,36640,株式会社モブキャストホールディングス,2025-12-31,2808134000.0,6417000.0,13246000.0,無形資産,95.0,,2,無形固定資産の取得による支出
S100XRKS,E03092,81650,株式会社千趣会,2025-12-31,42071000000.0,185000000.0,155000000.0,無形資産,886.0,,2,無形固定資産の取得による支出
S100XTP9,E01223,53100,東洋炭素株式会社,2025-12-31,46189000000.0,332000000.0,449000000.0,無形資産,1678.0,,2,無形固定資産の取得による支出
S100XTGC,E27046,32610,株式会社グランディーズ,2025-12-31,3416769000.0,1092000.0,,無形資産,60.0,,2,無形固定資産の取得による支出
S100XTPB,E00315,17180,美樹工業株式会社,2025-12-31,36151700000.0,1575000.0,8398000.0,無形資産,590.0,,2,無形固定資産の取得による支出
S100XTD8,E02030,68710,株式会社日本マイクロニクス,2025-12-31,70173000000.0,,,,1785.0,,2,
S100XRYY,E05533,24610,株式会社ファンコミュニケーションズ,2025-12-31,7096657000.0,144318000.0,146679000.0,無形資産,356.0,,2,無形固定資産の取得による支出
S100XTPW,E40019,261A0,株式会社日水コン,2025-12-31,24413727000.0,,,,737.0,,2,
S100XTHD,E36172,41710,株式会社グローバルインフォメーション,2025-12-31,2567624000.0,1005000.0,,無形資産,51.0,,2,無形固定資産の取得による支出
S100XSDL,E24951,49270,株式会社ポーラ・オルビスホールディングス,2025-12-31,170285000000.0,3506000000.0,3983000000.0,無形資産,3898.0,,2,無形固定資産の取得による支出
S100XT5G,E03342,94410,株式会社ベルパーク,2025-12-31,129301029000.0,1640000.0,16462000.0,無形資産,2108.0,,2,無形固定資産の取得による支出
S100XTC0,E05411,24180,株式会社ツカダ・グローバルホールディング,2025-12-31,73095000000.0,231000000.0,70000000.0,無形資産,2365.0,,2,無形固定資産の取得による支出
S100XS86,E36905,43720,ユミルリンク株式会社,2025-12-31,3054570000.0,10296000.0,29229000.0,無形資産,163.0,,2,無形固定資産の取得による支出
S100XSGM,E01921,68530,株式会社共和電業,2025-12-31,16272345000.0,325272000.0,172518000.0,無形資産,763.0,,2,無形固定資産の取得による支出
S100XTH1,E01459,78410,株式会社遠藤製作所,2025-12-31,18237248000.0,31987000.0,32979000.0,無形資産,1290.0,,2,無形固定資産の取得による支出
S100XSQ8,E02934,27000,木徳神糧株式会社,2025-12-31,176191339000.0,6202000.0,19492000.0,無形資産,385.0,,2,無形固定資産の取得による支出
S100XTGN,E04954,46410,株式会社アルプス技研,2025-12-31,52649756000.0,52224000.0,25765000.0,無形資産,6265.0,,2,無形固定資産の取得による支出
S100XT40,E01379,58510,リョービ株式会社,2025-12-31,309111000000.0,,,,7511.0,,2,
S100XTT0,E05088,47720,株式会社ＳＭ　ＥＮＴＥＲＴＡＩＮＭＥＮＴ　ＪＡＰＡＮ,2025-12-31,10195588000.0,313000.0,4019000.0,無形資産,104.0,,2,無形固定資産の取得による支出
S100XT0V,E00196,18990,株式会社福田組,2025-12-31,167960000000.0,61000000.0,77000000.0,無形資産,2226.0,,2,無形固定資産の取得による支出
S100XTT8,E00751,40040,株式会社レゾナック・ホールディングス,2025-12-31,1347125000000.0,,,,21525.0,,2,
S100XTIP,E32591,39400,株式会社ノムラシステムコーポレーション,2025-12-31,3320879000.0,,,,136.0,,2,
S100XTTR,E37160,42580,株式会社網屋,2025-12-31,5936430000.0,30043000.0,35488000.0,無形資産,252.0,,2,無形固定資産の取得による支出
S100XT97,E05326,17240,シンクレイヤ株式会社,2025-12-31,10488000000.0,53000000.0,20000000.0,無形資産,259.0,,2,無形固定資産の取得による支出
S100XTUB,E01005,50100,日本精蝋株式会社,2025-12-31,19776000000.0,,,,272.0,,2,
S100XTBY,E35116,76850,株式会社ＢｕｙＳｅｌｌ　Ｔｅｃｈｎｏｌｏｇｉｅｓ,2025-12-31,100614584000.0,408341000.0,721791000.0,無形資産,2466.0,,2,無形固定資産の取得による支出
S100XT3M,E01140,53020,日本カーボン株式会社,2025-12-31,37735000000.0,27000000.0,53000000.0,無形資産,667.0,,2,無形固定資産の取得による支出
S100XSWN,E01141,53370,ダントーホールディングス株式会社,2025-12-31,4915000000.0,70000000.0,23000000.0,無形資産,165.0,,2,無形固定資産の取得による支出
S100XTSL,E33594,62350,株式会社オプトラン,2025-12-31,33861286000.0,4047000.0,2981000.0,無形資産,620.0,,2,無形固定資産の取得による支出
S100XTVO,E00011,19110,住友林業株式会社,2025-12-31,2267577000000.0,5606000000.0,5579000000.0,無形資産,27613.0,,2,無形固定資産の取得による支出
S100XSHO,E35518,48830,株式会社モダリス,2025-12-31,,,,,17.0,,2,
S100XTI8,E00770,40450,東亞合成株式会社,2025-12-31,162312000000.0,3444000000.0,558000000.0,無形資産,2680.0,,2,無形固定資産の取得による支出
S100XT28,E32642,41890,ＫＨネオケム株式会社,2025-12-31,115098000000.0,149000000.0,192000000.0,無形資産,863.0,,2,無形固定資産の取得による支出
S100XTJA,E04603,96720,東京都競馬株式会社,2025-12-31,41758749000.0,582291000.0,2575785000.0,無形資産,198.0,,2,無形固定資産の取得による支出
S100XRPQ,E05198,42840,株式会社　ソルクシーズ,2025-12-31,17359251000.0,342487000.0,363268000.0,無形資産,866.0,,2,無形固定資産の取得による支出
S100XSLT,E02932,26930,ＹＫＴ株式会社,2025-12-31,13386414000.0,170000.0,130000.0,無形資産,135.0,,2,無形固定資産の取得による支出
S100XTX9,E35827,40530,株式会社Ｓｕｎ　Ａｓｔｅｒｉｓｋ,2025-12-31,14835000000.0,,,,2006.0,,2,
S100XTH9,E02396,79630,興研株式会社,2025-12-31,11857057000.0,,,,312.0,,2,
S100XTCV,E01988,69290,日本セラミック株式会社,2025-12-31,27325000000.0,2000000.0,5000000.0,無形資産,1377.0,,2,無形固定資産の取得による支出
S100XTY1,E03896,,株式会社全国旅館会館,2025-12-31,102577000.0,,,,2.0,,2,
S100XTTY,E30930,78140,株式会社日本創発グループ,2025-12-31,86987000000.0,64000000.0,239000000.0,無形資産,4038.0,,2,無形固定資産の取得による支出
S100XTM0,E00393,25010,サッポロホールディングス株式会社,2025-12-31,506861000000.0,1405000000.0,1797000000.0,無形資産,6102.0,,2,無形資産の取得による支出
S100XTP6,E01675,62760,シリウスビジョン株式会社,2025-12-31,2064763000.0,244640000.0,192233000.0,無形資産,85.0,,2,無形固定資産の取得による支出
S100XSMJ,E01085,51010,横浜ゴム株式会社,2025-12-31,1234959000000.0,658000000.0,825000000.0,無形資産,34471.0,,2,無形資産の取得による支出
S100XSYQ,E00337,22660,六甲バター株式会社,2025-12-31,43293000000.0,,,,726.0,,2,
S100XTG9,E02979,33550,クリヤマホールディングス株式会社,2025-12-31,88685565000.0,51953000.0,78387000.0,無形資産,1893.0,,2,無形固定資産の取得による支出
S100XTN4,E39449,248A0,株式会社キッズスター,2025-12-31,1157139000.0,246119000.0,,無形資産,72.0,,2,無形固定資産の取得による支出
S100XTGG,E34522,29700,ＧＬＣ　ＧＲＯＵＰ株式会社,2025-12-31,24505000000.0,1000000.0,5000000.0,無形資産,170.0,,2,無形固定資産の取得による支出
S100XTGZ,E38957,55900,株式会社ネットスターズ,2025-12-31,4788117000.0,101772000.0,144171000.0,無形資産,221.0,,2,無形固定資産の取得による支出
S100XTLJ,E02274,77510,キヤノン株式会社,2025-12-31,4624727000000.0,,,,165547.0,,2,
S100XSOT,E01654,64650,ホシザキ株式会社,2025-12-31,485890000000.0,2192000000.0,1136000000.0,無形資産,17041.0,,2,無形固定資産の取得による支出
S100XTYS,E40964,431A0,ユーソナー株式会社,2025-12-31,7191612000.0,144001000.0,137963000.0,無形資産,228.0,,2,無形固定資産の取得による支出
S100XTK0,E35908,73580,株式会社ポピンズ,2025-12-31,34409000000.0,67000000.0,16000000.0,無形資産,3222.0,,2,無形固定資産の取得による支出
S100XTY6,E35354,44930,株式会社サイバーセキュリティクラウド,2025-12-31,5084678000.0,72355000.0,39650000.0,無形資産,164.0,,2,無形固定資産の取得による支出
S100XQSG,E34565,76750,セントラルフォレストグループ株式会社,2025-12-31,366060000000.0,,,,798.0,,2,
S100XSEW,E40934,485A0,株式会社パワーエックス,2025-12-31,19306000000.0,32000000.0,141000000.0,無形資産,179.0,,2,無形固定資産の取得による支出
S100XTMW,E34735,70610,日本ホスピスホールディングス株式会社,2025-12-31,14168928000.0,44438000.0,19693000.0,無形資産,1108.0,,2,無形固定資産の取得による支出
S100XTWQ,E39405,155A0,株式会社情報戦略テクノロジー,2025-12-31,8019568000.0,,,,406.0,,2,
S100XTAR,E41191,479A0,ＰＲＯＮＩ株式会社,2025-12-31,3233597000.0,102822000.0,,無形資産,156.0,,2,無形固定資産の取得による支出
S100XTGF,E38373,52410,株式会社日本オーエー研究所,2025-12-31,2990619000.0,,1200000.0,,239.0,,2,
S100XT6S,E01995,69150,千代田インテグレ株式会社,2025-12-31,38042000000.0,38000000.0,119000000.0,無形資産,2756.0,,2,無形固定資産の取得による支出
S100XTKE,E37105,42550,ＴＨＥＣＯＯ株式会社,2025-12-31,4831327000.0,98201000.0,114909000.0,無形資産,115.0,,2,無形固定資産の取得による支出
S100XTG8,E36706,91470,ＮＩＰＰＯＮ　ＥＸＰＲＥＳＳホールディングス株式会社,2025-12-31,2574826000000.0,14929000000.0,15316000000.0,無形資産,77925.0,,2,無形資産の取得による支出
S100XTA7,E32796,65400,株式会社船場,2025-12-31,32831820000.0,17638000.0,13085000.0,無形資産,554.0,,2,無形固定資産の取得による支出
S100XTZB,E40058,265A0,Ｈｍｃｏｍｍ株式会社,2025-12-31,1112224000.0,9968000.0,,無形資産,57.0,,2,無形固定資産の取得による支出
S100XTT5,E01563,63100,井関農機株式会社,2025-12-31,185770000000.0,,,,5199.0,,2,
S100XT7F,E05206,42930,株式会社セプテーニ・ホールディングス,2025-12-31,30308899000.0,292002000.0,391188000.0,無形資産,1674.0,,2,無形資産の取得による支出
S100XTBJ,E00932,45190,中外製薬株式会社,2025-12-31,1257941000000.0,35334000000.0,3974000000.0,無形資産,7872.0,,2,無形資産の取得による支出
S100XSYP,E03497,30640,株式会社ＭｏｎｏｔａＲＯ,2025-12-31,333880000000.0,4131000000.0,2178000000.0,無形資産,1525.0,,2,無形固定資産の取得による支出
S100XTL0,E36031,77900,株式会社バルコス,2025-12-31,5504338000.0,154000000.0,3750000.0,無形資産,128.0,,2,無形固定資産の取得による支出
S100XTYD,E35139,70810,コーユーレンティア株式会社,2025-12-31,34701560000.0,,,,893.0,,2,
S100XT4I,E41154,480A0,株式会社リブ・コンサルティング,2025-12-31,6109227000.0,22360000.0,31414000.0,無形資産,345.0,,2,無形固定資産の取得による支出
S100XTR2,E32601,65330,株式会社Ｏｒｃｈｅｓｔｒａ　Ｈｏｌｄｉｎｇｓ,2025-12-31,15768184000.0,4050000.0,4839000.0,無形資産,1178.0,,2,無形資産の取得による支出
S100XTSA,E38178,93390,株式会社コーチ・エィ,2025-12-31,3501884000.0,203513000.0,166328000.0,無形資産,140.0,,2,無形固定資産の取得による支出
S100XTWJ,E35289,70820,株式会社ジモティー,2025-12-31,1932044000.0,2400000.0,16226000.0,無形資産,54.0,,2,無形固定資産の取得による支出
S100XTLM,E31954,64640,株式会社ツバキ・ナカシマ,2025-12-31,69837000000.0,66000000.0,123000000.0,無形資産,2447.0,,2,無形資産の取得による支出
S100XSRF,E35118,58710,ＳＯＬＩＺＥ　Ｈｏｌｄｉｎｇｓ株式会社,2025-12-31,25779000000.0,436000000.0,66000000.0,無形資産,2526.0,,2,無形固定資産の取得による支出
S100XTL6,E37960,71120,株式会社キューブ,2025-12-31,4863553000.0,36024000.0,13242000.0,無形資産,87.0,,2,無形固定資産の取得による支出
S100XTRE,E36174,41660,かっこ株式会社,2025-12-31,819443000.0,,,,36.0,,2,
S100XU0K,E41108,478A0,株式会社フツパー,2025-12-31,1256503000.0,9179000.0,1925000.0,無形資産,68.0,,2,無形固定資産の取得による支出
S100XTOY,E01726,62680,ナブテスコ株式会社,2025-12-31,307912000000.0,2814000000.0,3453000000.0,無形資産,8472.0,,2,無形資産の取得による支出
S100XU06,E33579,34860,株式会社グローバル・リンク・マネジメント,2025-12-31,69262846000.0,41336000.0,3829000.0,無形資産,155.0,,2,無形固定資産の取得による支出
S100XTYN,E00981,45650,ネクセラファーマ株式会社,2025-12-31,29615000000.0,177000000.0,1011000000.0,無形資産,382.0,,2,無形資産の取得による支出
S100XU05,E05183,48400,株式会社トライアイズ,2025-12-31,1424424000.0,180000.0,,無形資産,13.0,,2,無形固定資産の取得による支出
S100XTA9,E04515,95390,京葉瓦斯株式会社,2025-12-31,117665000000.0,,,,1275.0,,2,
S100XSXA,E05036,47250,株式会社ＣＡＣ　Ｈｏｌｄｉｎｇｓ,2025-12-31,50588000000.0,219000000.0,126000000.0,無形資産,4764.0,,2,無形固定資産の取得による支出
S100XTY8,E05413,37440,サイオス株式会社,2025-12-31,19059817000.0,203131000.0,89766000.0,無形資産,493.0,,2,無形固定資産の取得による支出
S100XU0E,E37985,95630,Ａｔｌａｓ　Ｔｅｃｈｎｏｌｏｇｉｅｓ株式会社,2025-12-31,2280860000.0,,,,69.0,,2,
S100XTE7,E31093,39040,株式会社カヤック,2025-12-31,20094686000.0,55180000.0,56298000.0,無形資産,618.0,,2,無形固定資産の取得による支出
S100XTCP,E36091,66120,バルミューダ株式会社,2025-12-31,10115000000.0,75000000.0,15000000.0,無形資産,104.0,,2,無形固定資産の取得による支出
S100XT84,E34471,14490,株式会社ＦＵＪＩジャパン,2025-12-31,989140000.0,,,,40.0,,2,
S100XTOJ,E24994,66270,株式会社テラプローブ,2025-12-31,41746379000.0,95496000.0,49471000.0,無形資産,1127.0,,2,無形固定資産の取得による支出
S100XT8X,E03517,30910,株式会社ブロンコビリー,2025-12-31,30219000000.0,12000000.0,70000000.0,無形資産,711.0,,2,無形固定資産の取得による支出
S100XT5L,E02800,50150,ビーピー・カストロール株式会社,2025-12-31,14689719000.0,,28289000.0,,79.0,,2,
S100XU0T,E40512,377A0,株式会社エージェントＩＧホールディングス,2025-12-31,13066374000.0,100723000.0,,無形資産,296.0,,2,無形固定資産の取得による支出
S100XTYP,E02177,72440,市光工業株式会社,2025-12-31,117089000000.0,11000000.0,18000000.0,無形資産,2693.0,,2,無形固定資産の取得による支出
S100XSSZ,E00876,34050,株式会社クラレ,2025-12-31,808447000000.0,,,,12117.0,,2,
S100XU2H,E00674,39500,ザ・パック株式会社,2025-12-31,103125000000.0,1157000000.0,919000000.0,無形資産,1223.0,,2,無形固定資産の取得による支出
S100XSM3,E04693,96560,グリーンランドリゾート株式会社,2025-12-31,6452959000.0,8961000.0,5856000.0,無形資産,209.0,,2,無形固定資産の取得による支出
S100XU72,E39171,56190,マーソ株式会社,2025-12-31,1078086000.0,240000.0,,無形資産,25.0,,2,無形固定資産の取得による支出
S100XTV5,E38926,62230,株式会社　西部技研,2025-12-31,34322000000.0,21000000.0,30000000.0,無形資産,785.0,,2,無形固定資産の取得による支出
S100XT3I,E02797,74250,初穂商事株式会社,2025-12-31,35444619000.0,33323000.0,7584000.0,無形資産,485.0,,2,無形固定資産の取得による支出
S100XTF0,E31946,45950,株式会社ミズホメディー,2025-12-31,11260000000.0,28000000.0,,無形資産,193.0,,2,無形固定資産の取得による支出
S100XU17,E01190,52140,日本電気硝子株式会社,2025-12-31,311402000000.0,,,,5218.0,,2,
S100XU1U,E04721,,株式会社紫雲ゴルフ倶楽部,2025-12-31,760259000.0,,330000.0,,43.0,,2,
S100XTTL,E04674,,株式会社小樽ゴルフ場,2025-12-31,908970000.0,,,,27.0,,2,
S100XTWS,E00378,22160,カンロ株式会社,2025-12-31,34771829000.0,111403000.0,,無形資産,705.0,,2,無形固定資産の取得による支出
S100XT3K,E37156,65240,湖北工業株式会社,2025-12-31,17454000000.0,153000000.0,294000000.0,無形資産,1710.0,,2,無形固定資産の取得による支出
S100XU8Z,E30898,31960,株式会社ホットランドホールディングス,2025-12-31,51040982000.0,84021000.0,10227000.0,無形資産,1099.0,,2,無形固定資産の取得による支出
S100XTTU,E05182,48480,株式会社フルキャストホールディングス,2025-12-31,77227000000.0,221000000.0,394000000.0,無形資産,1515.0,,2,無形固定資産の取得による支出
S100XT1R,E01533,63020,住友重機械工業株式会社,2025-12-31,1066881000000.0,,,,25123.0,,2,
S100XTZY,E04634,,株式会社相模原ゴルフクラブ,2025-12-31,1761983000.0,,1692000.0,,72.0,,2,
S100XU5I,E02466,78460,株式会社パイロットコーポレーション,2025-12-31,126391000000.0,264000000.0,327000000.0,無形資産,3175.0,,2,無形固定資産の取得による支出
S100XTR8,E33305,35660,ユニフォームネクスト株式会社,2025-12-31,9856728000.0,2030000.0,2889000.0,無形資産,157.0,,2,無形固定資産の取得による支出
S100XTWL,E04795,97680,いであ株式会社,2025-12-31,24616233000.0,6824000.0,7857000.0,無形資産,1105.0,,2,無形固定資産の取得による支出
S100XSWS,E26032,60540,株式会社リブセンス,2025-12-31,5639875000.0,1680000.0,,無形資産,254.0,,2,無形固定資産の取得による支出
S100XU5J,E05149,24910,バリューコマース株式会社,2025-12-31,24169000000.0,308000000.0,347000000.0,無形資産,381.0,,2,無形固定資産の取得による支出
S100XTN7,E00556,32040,株式会社トーア紡コーポレーション,2025-12-31,17471000000.0,7000000.0,14000000.0,無形資産,414.0,,2,無形固定資産の取得による支出
S100XU3R,E01591,63760,日機装株式会社,2025-12-31,215642000000.0,1981000000.0,482000000.0,無形資産,8120.0,,2,無形資産の取得による支出
S100XUA7,E21183,45780,大塚ホールディングス株式会社,2025-12-31,2468892000000.0,53828000000.0,33804000000.0,無形資産,37758.0,,2,無形資産の取得による支出
S100XTAP,E00351,20090,鳥越製粉株式会社,2025-12-31,26250493000.0,35340000.0,36222000.0,無形資産,354.0,,2,無形固定資産の取得による支出
S100XUAR,E04728,,小金井ゴルフ株式会社,2025-12-31,730158000.0,,5029000.0,,113.0,,2,
S100XS9S,E01421,59500,日本パワーファスニング株式会社,2025-12-31,5064474000.0,12123000.0,16566000.0,無形資産,142.0,,2,無形固定資産の取得による支出
S100XT8Q,E04663,,株式会社旭川国際ゴルフ場,2025-12-31,158693000.0,,1680000.0,,8.0,,2,
S100XUB4,E02308,77400,株式会社タムロン,2025-12-31,85071000000.0,287000000.0,342000000.0,無形資産,4977.0,,2,無形固定資産の取得による支出
S100XUAO,E00222,19940,高橋カーテンウォール工業株式会社,2025-12-31,7338120000.0,4570000.0,7672000.0,無形資産,186.0,,2,無形固定資産の取得による支出
S100XTWY,E02978,33500,株式会社メタプラネット,2025-12-31,8905000000.0,698000000.0,76000000.0,無形資産,35.0,,2,無形固定資産の取得による支出
S100XU2F,E33602,65610,株式会社ＨＡＮＡＴＯＵＲ　ＪＡＰＡＮ,2025-12-31,7180131000.0,57715000.0,95536000.0,無形資産,308.0,,2,無形固定資産の取得による支出
S100XU39,E38163,52420,株式会社アイズ,2025-12-31,965730000.0,29447000.0,4970000.0,無形資産,64.0,,2,無形固定資産の取得による支出
S100XSSJ,E23829,66300,ヤーマン株式会社,2025-12-31,17246000000.0,43000000.0,132000000.0,無形資産,420.0,,2,無形固定資産の取得による支出
S100XRR5,E02103,34360,株式会社ＳＵＭＣＯ,2025-12-31,409670000000.0,,,,9714.0,,2,
S100XUCR,E02365,79920,セーラー万年筆株式会社,2025-12-31,4300000000.0,7192000.0,970000.0,無形資産,197.0,,2,無形固定資産の取得による支出
S100XTYE,E01090,51050,ＴＯＹＯ　ＴＩＲＥ株式会社,2025-12-31,594923000000.0,3513000000.0,9173000000.0,無形資産,9941.0,,2,無形固定資産の取得による支出
S100XTPA,E04256,91730,東海汽船株式会社,2025-12-31,14288469000.0,59395000.0,38978000.0,無形資産,377.0,,2,無形固定資産の取得による支出
S100XSFK,E00987,45720,カルナバイオサイエンス株式会社,2025-12-31,579057000.0,,,,61.0,,2,
S100XU3Y,E38157,52400,ｍｏｎｏＡＩ　ｔｅｃｈｎｏｌｏｇｙ株式会社,2025-12-31,980881000.0,25791000.0,27008000.0,無形資産,126.0,,2,無形固定資産の取得による支出
S100XUDU,E04903,96210,株式会社建設技術研究所,2025-12-31,101038000000.0,134000000.0,102000000.0,無形資産,4087.0,,2,無形固定資産の取得による支出
S100XU87,E30929,60990,株式会社エラン,2025-12-31,55448687000.0,30395000.0,19815000.0,無形資産,974.0,,2,無形固定資産の取得による支出
S100XU2G,E04846,97020,株式会社アイ・エス・ビー,2025-12-31,37020000000.0,57000000.0,64000000.0,無形資産,2246.0,,2,無形固定資産の取得による支出
S100XUF0,E35631,29860,株式会社ＬＡホールディングス,2025-12-31,46544340000.0,,4503000.0,,118.0,,2,
S100XT1X,E00668,39470,ダイナパック株式会社,2025-12-31,67083405000.0,,,,2418.0,,2,
S100XU6C,E01725,62690,三井海洋開発株式会社,2025-12-31,4581232000.0,,,,6460.0,,2,
S100XU5A,E01961,64590,大和冷機工業株式会社,2025-12-31,46919738000.0,42890000.0,211483000.0,無形資産,2355.0,,2,無形固定資産の取得による支出
S100XUDS,E02116,66350,株式会社大日光・エンジニアリング,2025-12-31,36954622000.0,95083000.0,65456000.0,無形資産,988.0,,2,無形固定資産の取得による支出
S100XU1E,E00991,49120,ライオン株式会社,2025-12-31,422092000000.0,1254000000.0,938000000.0,無形資産,8346.0,,2,無形資産の取得による支出
S100XTK8,E00524,30010,片倉工業株式会社,2025-12-31,40652000000.0,80000000.0,71000000.0,無形資産,900.0,,2,無形固定資産の取得による支出
S100XUDW,E31625,31380,株式会社富士山マガジンサービス,2025-12-31,5814858000.0,311952000.0,353631000.0,無形資産,111.0,,2,無形固定資産の取得による支出
S100XU8N,E01205,52160,株式会社倉元製作所,2025-12-31,2010798000.0,73403000.0,1499000.0,無形資産,74.0,,2,無形固定資産の取得による支出
S100XU1Y,E36173,73590,株式会社東京通信グループ,2025-12-31,6219055000.0,13943000.0,43259000.0,無形資産,122.0,,2,無形固定資産の取得による支出
S100XU22,E00169,,株式会社竹中工務店,2025-12-31,1614799000000.0,,,,14006.0,,2,
S100XT95,E05512,78330,株式会社アイフィスジャパン,2025-12-31,6956047000.0,71024000.0,73041000.0,無形資産,286.0,,2,無形固定資産の取得による支出
S100XU4V,E01061,42350,ウルトラファブリックス・ホールディングス株式会社,2025-12-31,20553000000.0,118000000.0,67000000.0,無形資産,334.0,,2,無形資産の取得による支出
S100XUGX,E39161,149A0,株式会社シンカ,2025-12-31,1464358000.0,38766000.0,43317000.0,無形資産,75.0,,2,無形固定資産の取得による支出
S100XUGF,E35284,44820,株式会社ウィルズ,2025-12-31,6051801000.0,399270000.0,192367000.0,無形資産,115.0,,2,無形固定資産の取得による支出
S100XTUG,E33025,66940,株式会社ズーム,2025-12-31,17437011000.0,44939000.0,35288000.0,無形資産,187.0,,2,無形固定資産の取得による支出
S100XUBY,E05497,37750,株式会社ガイアックス,2025-12-31,3498673000.0,12861000.0,7493000.0,無形資産,124.0,,2,無形固定資産の取得による支出
S100XU5X,E36353,73620,株式会社Ｔ．Ｓ．Ｉ,2025-12-31,4886212000.0,19570000.0,16670000.0,無形資産,511.0,,2,無形固定資産の取得による支出
S100XUGB,E04039,89460,株式会社ＡＳＩＡＮ　ＳＴＡＲ,2025-12-31,4541319000.0,,8430000.0,,76.0,,2,
S100XU6D,E35137,44500,株式会社パワーソリューションズ,2025-12-31,8099962000.0,,173454000.0,,481.0,,2,
S100XUHN,E04999,47040,トレンドマイクロ株式会社,2025-12-31,275984000000.0,21699000000.0,23720000000.0,無形資産,6717.0,,2,無形固定資産の取得による支出
S100XTRA,E03327,76250,株式会社グローバルダイニング,2025-12-31,13660201000.0,,,,179.0,,2,
S100XU0X,E05099,47680,株式会社　大塚商会,2025-12-31,1322791000000.0,15654000000.0,8869000000.0,ソフトウェア,10079.0,,2,ソフトウエアの取得による支出
S100XUIC,E39407,146A0,コロンビア・ワークス株式会社,2025-12-31,37084000000.0,,128000000.0,,84.0,,2,
S100XRTE,E00408,25730,北海道コカ・コーラボトリング株式会社,2025-12-31,59086000000.0,234000000.0,165000000.0,無形資産,1173.0,,2,無形固定資産の取得による支出
S100XTHX,E02062,67690,ザインエレクトロニクス株式会社,2025-12-31,4639402000.0,,,,134.0,,2,
S100XUBI,E03515,31970,株式会社すかいらーくホールディングス,2025-12-31,457794000000.0,2211000000.0,1951000000.0,無形資産,6744.0,,2,無形資産の取得による支出
S100XTS2,E05631,24990,日本和装ホールディングス株式会社,2025-12-31,4485990000.0,1905000.0,3584000.0,無形資産,154.0,,2,無形固定資産の取得による支出
S100XUEF,E02416,51870,クリエートメディック株式会社,2025-12-31,13617561000.0,30814000.0,92103000.0,無形資産,1010.0,,2,無形固定資産の取得による支出
S100XU4M,E37790,50350,ＨＯＵＳＥＩ株式会社,2025-12-31,4779287000.0,60529000.0,52800000.0,無形資産,456.0,,2,無形固定資産の取得による支出
S100XUJ9,E02462,64000,不二精機株式会社,2025-12-31,8719263000.0,4722000.0,19722000.0,無形資産,792.0,,2,無形固定資産の取得による支出
S100XU07,E36707,71280,ユニソルホールディングス株式会社,2025-12-31,159036000000.0,181000000.0,462000000.0,無形資産,1966.0,,2,無形固定資産の取得による支出
S100XUE1,E00670,79840,コクヨ株式会社,2025-12-31,359876000000.0,4811000000.0,3409000000.0,無形資産,8079.0,,2,無形固定資産の取得による支出
S100XU8H,E35294,34490,株式会社テクノフレックス,2025-12-31,26025002000.0,36908000.0,42805000.0,無形資産,809.0,,2,無形固定資産の取得による支出
S100XU2S,E00892,46120,日本ペイントホールディングス株式会社,2025-12-31,1774231000000.0,,,,38481.0,,2,
S100XUKD,E24158,77760,株式会社セルシード,2025-12-31,83678000.0,488000.0,,無形資産,36.0,,2,無形固定資産の取得による支出
S100XU9L,E00043,16050,株式会社ＩＮＰＥＸ,2025-12-31,2011351000000.0,,,,3720.0,,2,
S100XU33,E04955,46420,オリジナル設計株式会社,2025-12-31,8515210000.0,51476000.0,,無形資産,498.0,,2,無形固定資産の取得による支出
S100XUK7,E01256,55630,新日本電工株式会社,2025-12-31,77277000000.0,,,,964.0,,2,
S100XUAQ,E02743,98270,リリカラ株式会社,2025-12-31,33207091000.0,83579000.0,49087000.0,無形資産,545.0,,2,無形固定資産の取得による支出
S100XU6G,E31348,39110,株式会社Ａｉｍｉｎｇ,2025-12-31,15826223000.0,,3436000.0,,687.0,,2,
S100XUKL,E02379,59430,株式会社ノーリツ,2025-12-31,202049000000.0,,,,5934.0,,2,
S100XU41,E37950,50390,株式会社キットアライブ,2025-12-31,924633000.0,,,,63.0,,2,
S100XTWZ,E31024,34520,株式会社ビーロット,2025-12-31,37778000000.0,4000000.0,6000000.0,無形資産,234.0,,2,無形固定資産の取得による支出
S100XUHI,E35931,73540,株式会社ダイレクトマーケティングミックス,2025-12-31,22694234000.0,,3839000.0,,665.0,,2,
S100XUL3,E01412,59590,岡部株式会社,2025-12-31,69758000000.0,1058000000.0,146000000.0,無形資産,966.0,,2,無形固定資産の取得による支出
S100XUL5,E39759,219A0,Ｈｅａｒｔｓｅｅｄ株式会社,2025-12-31,3026500000.0,,,,43.0,,2,
S100XTNW,E05080,47550,楽天グループ株式会社,2025-12-31,2496575000000.0,140299000000.0,159285000000.0,無形資産,29419.0,,2,無形資産の取得による支出
S100XUJP,E35947,29320,株式会社ＳＴＩフードホールディングス,2025-12-31,38605000000.0,17000000.0,70000000.0,無形資産,413.0,,2,無形固定資産の取得による支出
S100XUK8,E38450,93450,ビズメイツ株式会社,2025-12-31,3491179000.0,155021000.0,140472000.0,無形資産,189.0,,2,無形固定資産の取得による支出
S100XUA2,E31042,34450,株式会社ＲＳ　Ｔｅｃｈｎｏｌｏｇｉｅｓ,2025-12-31,76707000000.0,261000000.0,47000000.0,無形資産,2744.0,,2,無形固定資産の取得による支出
S100XUBZ,E32779,34820,ロードスターキャピタル株式会社,2025-12-31,44633000000.0,11000000.0,42000000.0,無形資産,85.0,,2,無形固定資産の取得による支出
S100XUFT,E05477,24360,共同ピーアール株式会社,2025-12-31,8554609000.0,,,,377.0,,2,
S100XUHG,E37466,50270,ＡｎｙＭｉｎｄ　Ｇｒｏｕｐ株式会社,2025-12-31,57300000000.0,118000000.0,38000000.0,無形資産,2160.0,,2,無形資産の取得による支出
S100XT9M,E35230,,楽天カード株式会社,2025-12-31,462264000000.0,10014000000.0,21304000000.0,無形資産,3432.0,,2,無形資産の取得による支出
S100XUID,E27066,60710,株式会社ＩＢＪ,2025-12-31,20172914000.0,273471000.0,241733000.0,無形資産,1469.0,,2,無形固定資産の取得による支出
S100XU9B,E01760,66530,株式会社正興電機製作所,2025-12-31,31380000000.0,56000000.0,34000000.0,無形資産,971.0,,2,無形固定資産の取得による支出
S100XTNG,E36372,41800,Ａｐｐｉｅｒ　Ｇｒｏｕｐ株式会社,2025-12-31,43737000000.0,5034000000.0,4191000000.0,無形資産,791.0,,2,無形資産の取得による支出
S100XULB,E38949,55910,株式会社ＡＶＩＬＥＮ,2025-12-31,1672557000.0,,12544000.0,,70.0,,2,
S100XTVB,E32815,39680,セグエグループ株式会社,2025-12-31,25074483000.0,59370000.0,44388000.0,無形資産,712.0,,2,無形固定資産の取得による支出
S100XU6Z,E05625,21240,株式会社ジェイエイシーリクルートメント,2025-12-31,46089000000.0,216000000.0,257000000.0,無形資産,2398.0,,2,無形固定資産の取得による支出
S100XU98,E30398,36830,株式会社サイバーリンクス,2025-12-31,18136000000.0,619000000.0,896000000.0,無形資産,815.0,,2,無形固定資産の取得による支出
S100XS1R,E39410,148A0,株式会社ハッチ・ワーク,2025-12-31,2759255000.0,2390000.0,8791000.0,無形資産,73.0,,2,無形固定資産の取得による支出
S100XULF,E03478,30530,株式会社ペッパーフードサービス,2025-12-31,14553000000.0,,,,351.0,,2,
S100XTX2,E30091,36800,株式会社ホットリンク,2025-12-31,3651137000.0,412644000.0,401064000.0,無形資産,136.0,,2,無形資産の取得による支出
S100XUCN,E34509,44280,株式会社シノプス,2025-12-31,2040717000.0,100130000.0,168912000.0,無形資産,110.0,,2,無形固定資産の取得による支出
S100XTWU,E36155,40190,株式会社スタメン,2025-12-31,3817816000.0,1600000.0,,無形資産,198.0,,2,無形固定資産の取得による支出
S100XU36,E01998,69140,オプテックスグループ株式会社,2025-12-31,65878000000.0,545000000.0,175000000.0,無形資産,2162.0,,2,無形固定資産の取得による支出
S100XU19,E02098,,日亜化学工業株式会社,2025-12-31,364041000000.0,1852000000.0,2509000000.0,無形資産,9509.0,,2,無形固定資産の取得による支出
S100XT05,E00544,31050,日清紡ホールディングス株式会社,2025-12-31,502339000000.0,,,,17811.0,,2,
S100XTQS,E25870,32760,株式会社ＪＰＭＣ,2025-12-31,58498097000.0,330599000.0,22879000.0,無形資産,411.0,,2,無形固定資産の取得による支出
S100XU1F,E30998,60290,アトラグループ株式会社,2025-12-31,3927223000.0,37607000.0,37357000.0,無形資産,131.0,,2,無形固定資産の取得による支出
S100XU7P,E25867,36560,ＫＬａｂ株式会社,2025-12-31,6856276000.0,492426000.0,1925985000.0,無形資産,322.0,,2,無形固定資産の取得による支出
S100XUCA,E34091,43950,株式会社アクリート,2025-12-31,8791215000.0,246315000.0,24807000.0,無形資産,185.0,,2,無形固定資産の取得による支出
S100XTSK,E37563,281A0,インフォメティス株式会社,2025-12-31,530019000.0,264751000.0,318094000.0,無形資産,38.0,,2,無形固定資産の取得による支出
S100XS0O,E04760,43240,株式会社電通グループ,2025-12-31,1435245000000.0,,,,67454.0,,2,
S100XTKS,E05308,23300,株式会社フォーサイド,2025-12-31,8748842000.0,,8300000.0,,180.0,,2,
S100XUN1,E36708,40740,株式会社ラキール,2025-12-31,7728364000.0,497585000.0,477488000.0,無形資産,490.0,,2,無形固定資産の取得による支出
S100XUN8,E41318,504A0,イノバセル株式会社,2025-12-31,,9841000.0,,無形資産,48.0,,2,無形固定資産の取得による支出
S100XUKI,E35164,44810,ベース株式会社,2025-12-31,21787441000.0,2385000.0,1000000.0,無形資産,1332.0,,2,無形固定資産の取得による支出
S100XUIK,E05155,48200,株式会社イーエムシステムズ（商号　株式会社ＥＭシステムズ）,2025-12-31,23658000000.0,446000000.0,358000000.0,無形資産,858.0,,2,無形固定資産の取得による支出
S100XQHE,E36498,73470,株式会社マーキュリアホールディングス,2025-12-31,7215726000.0,1013000.0,,無形資産,119.0,,2,無形固定資産の取得による支出
S100XUAX,E01944,65920,マブチモーター株式会社,2025-12-31,200417000000.0,,,,17408.0,,2,
S100XU85,E01162,53010,東海カーボン株式会社,2025-12-31,322960000000.0,1807000000.0,1554000000.0,無形資産,4436.0,,2,無形固定資産の取得による支出
S100XUO9,E40216,290A0,株式会社Ｓｙｎｓｐｅｃｔｉｖｅ,2025-12-31,2376506000.0,712167000.0,26788000.0,無形資産,228.0,,2,無形固定資産の取得による支出
S100XU1D,E30133,42450,株式会社ダイキアクシス,2025-12-31,48321000000.0,,,,1088.0,,2,
S100XURB,E04658,,株式会社　表蔵王国際ゴルフクラブ,2025-12-31,425802000.0,,,,30.0,,2,
S100XUGC,E01906,69770,株式会社日本抵抗器製作所,2025-12-31,5905941000.0,30000.0,3615000.0,無形資産,302.0,,2,無形固定資産の取得による支出
S100XUQ2,E38948,55880,ファーストアカウンティング株式会社,2025-12-31,2369766000.0,55129000.0,,無形資産,74.0,,2,無形固定資産の取得による支出
S100XSG2,E04643,,株式会社犬山カンツリー倶楽部,2025-12-31,503732000.0,,,,26.0,,2,
S100XUE0,E02898,76090,ダイトロン株式会社,2025-12-31,103142476000.0,,,,1117.0,,2,
S100XUNZ,E05066,47460,株式会社東計電算,2025-12-31,20835656000.0,234845000.0,43729000.0,無形資産,820.0,,2,無形固定資産の取得による支出
S100XU04,E39162,56160,株式会社雨風太陽,2025-12-31,1027929000.0,32904000.0,269000.0,無形資産,37.0,,2,無形固定資産の取得による支出
S100XUT7,E04615,,宮崎ゴルフ株式会社,2025-12-31,793355000.0,,,,72.0,,2,
S100XUTD,E04670,,魚津観光開発株式会社,2025-12-31,275807000.0,,,,13.0,,2,
S100XUMN,E30048,16630,Ｋ＆Ｏエナジーグループ株式会社,2025-12-31,91354000000.0,,,,691.0,,2,
S100XUUD,E36901,43740,株式会社ＲＯＢＯＴ　ＰＡＹＭＥＮＴ,2025-12-31,3256436000.0,45914000.0,78665000.0,無形資産,140.0,,2,無形固定資産の取得による支出
S100XTLL,E04652,,松山観光ゴルフ株式会社,2025-12-31,286986000.0,,,,21.0,,2,
S100XTS5,E00738,,株式会社日本経済新聞社,2025-12-31,393813000000.0,15500000000.0,15229000000.0,無形資産,10174.0,,2,無形固定資産の取得による支出
S100XUQB,E30126,14290,株式会社日本アクア,2025-12-31,33670846000.0,31432000.0,26638000.0,無形資産,710.0,,2,無形固定資産の取得による支出
S100XT8H,E01028,41070,伊勢化学工業株式会社,2025-12-31,39258000000.0,242000000.0,26000000.0,無形資産,327.0,,2,無形固定資産の取得による支出
S100XUSL,E35941,40110,株式会社ヘッドウォータース,2025-12-31,3900040000.0,930000.0,,無形資産,389.0,,2,無形固定資産の取得による支出
S100XUIL,E01431,59970,協立エアテック株式会社,2025-12-31,11923263000.0,1140000.0,4933000.0,無形資産,333.0,,2,無形固定資産の取得による支出
S100XUVY,E12328,286A0,株式会社ユカリア,2025-12-31,24734767000.0,,,,1347.0,,2,
S100XUXN,E01652,64970,株式会社ハマイ,2025-12-31,12715003000.0,2411000.0,14503000.0,無形資産,297.0,,2,無形固定資産の取得による支出
S100XUE5,E00604,80290,株式会社ルックホールディングス,2025-12-31,52117000000.0,82000000.0,240000000.0,無形資産,884.0,,2,無形固定資産の取得による支出
S100XUYQ,E26625,60630,日本エマージェンシーアシスタンス株式会社,2025-12-31,3714674000.0,14102000.0,36900000.0,無形資産,247.0,,2,無形固定資産の取得による支出
S100XUYW,E05227,,株式会社　ＤＡホールディングス,2025-12-31,188000000.0,,,,0.0,,2,
S100XU6S,E30919,36960,株式会社セレス,2025-12-31,29660382000.0,269478000.0,292664000.0,無形資産,351.0,,2,無形固定資産の取得による支出
S100XUZC,E35930,40600,ｒａｋｕｍｏ株式会社,2025-12-31,1830057000.0,111843000.0,61385000.0,無形資産,124.0,,2,無形固定資産の取得による支出
S100XUYZ,E01728,62650,コンバム株式会社,2025-12-31,1982229000.0,3187000.0,6947000.0,無形資産,91.0,,2,無形固定資産の取得による支出
S100XU9P,E02331,77160,株式会社ナカニシ,2025-12-31,81179143000.0,919006000.0,428770000.0,無形資産,2204.0,,2,無形固定資産の取得による支出
S100XUJB,E01913,64440,サンデン株式会社,2025-12-31,190875000000.0,234000000.0,479000000.0,無形資産,4791.0,,2,無形固定資産の取得による支出
S100XTTF,E01039,49190,株式会社ミルボン,2025-12-31,52863291000.0,385996000.0,346085000.0,無形資産,1237.0,,2,無形固定資産の取得による支出
S100XRGD,E04641,,株式会社日高カントリー倶楽部,2025-12-31,1127161000.0,,,,63.0,,2,
S100XV06,E04640,,浜名湖観光開発株式会社,2025-12-31,677254000.0,2830000.0,1250000.0,無形資産,41.0,,2,無形固定資産の取得による支出
S100XUVD,E04817,97570,株式会社船井総研ホールディングス,2025-12-31,33330000000.0,253211000.0,101289000.0,無形資産,1651.0,,2,無形固定資産の取得による支出
S100XUPN,E36108,40200,ビートレンド株式会社,2025-12-31,1159416000.0,93606000.0,64526000.0,無形資産,61.0,,2,無形固定資産の取得による支出
S100XV0N,E03400,27520,株式会社フジオフードグループ本社,2025-12-31,31932000000.0,,,,600.0,,2,
S100XUQM,E01504,61430,株式会社ソディック,2025-12-31,80572000000.0,205000000.0,363000000.0,無形資産,3272.0,,2,無形固定資産の取得による支出
S100XUTV,E02402,79570,フジコピアン株式会社,2025-12-31,8475562000.0,17740000.0,72549000.0,無形資産,551.0,,2,無形固定資産の取得による支出
S100XTVS,E00395,25030,キリンホールディングス株式会社,2025-12-31,2433363000000.0,,,,31144.0,,2,
S100XUH3,E32784,77820,株式会社シンシア,2025-12-31,7456078000.0,11205000.0,6170000.0,無形資産,60.0,,2,無形固定資産の取得による支出
S100XV29,E40452,334A0,株式会社ビジュアル・プロセッシング・ジャパン,2025-12-31,1374194000.0,46062000.0,36563000.0,無形資産,66.0,,2,無形固定資産の取得による支出
S100XV36,E40429,338A0,株式会社ＺｅｎｍｕＴｅｃｈ,2025-12-31,851943000.0,40587000.0,18970000.0,無形資産,36.0,,2,無形固定資産の取得による支出
S100XUT2,E05627,30540,株式会社ハイパー,2025-12-31,13775768000.0,13299000.0,8596000.0,無形資産,340.0,,2,無形固定資産の取得による支出
S100XUJV,E35117,44760,ＡＩ　ＣＲＯＳＳ株式会社,2025-12-31,4151609000.0,60035000.0,24195000.0,無形資産,86.0,,2,無形固定資産の取得による支出
S100XUXF,E36946,43750,セーフィー株式会社,2025-12-31,19029026000.0,,,,548.0,,2,
S100XUWD,E39009,48110,株式会社ドリーム・アーツ,2025-12-31,5654084000.0,244721000.0,176658000.0,無形資産,293.0,,2,無形固定資産の取得による支出
S100XV3D,E37060,43790,株式会社Ｐｈｏｔｏｓｙｎｔｈ,2025-12-31,3384833000.0,3911000.0,32111000.0,無形資産,155.0,,2,無形固定資産の取得による支出
S100XUW1,E32486,34740,Ｇ－ＦＡＣＴＯＲＹ株式会社,2025-12-31,6465324000.0,5394000.0,19548000.0,無形資産,317.0,,2,無形固定資産の取得による支出
S100XUJ0,E02900,76130,シークス株式会社,2025-12-31,289491000000.0,202000000.0,1251000000.0,無形資産,8712.0,,2,無形固定資産の取得による支出
S100XUPZ,E02421,62910,日本エアーテック株式会社,2025-12-31,14151101000.0,15915000.0,15916000.0,無形資産,473.0,,2,無形固定資産の取得による支出
S100XUHX,E32854,45960,窪田製薬ホールディングス株式会社,2025-12-31,21335000.0,,,,8.0,,2,
S100XV3G,E04698,,古賀ゴルフ株式会社,2025-12-31,748299000.0,,,,34.0,,2,
S100XUME,E31749,34160,ピクスタ株式会社,2025-12-31,2663631000.0,28945000.0,14743000.0,無形資産,118.0,,2,無形固定資産の取得による支出
S100XUKS,E05116,47760,サイボウズ株式会社,2025-12-31,37430000000.0,318000000.0,280000000.0,無形資産,1356.0,,2,無形固定資産の取得による支出
S100XUAL,E33702,43920,ＦＩＧ株式会社,2025-12-31,13318000000.0,494000000.0,341000000.0,無形資産,668.0,,2,無形固定資産の取得による支出
S100XUQE,E32992,39810,株式会社ビーグリー,2025-12-31,16720153000.0,169585000.0,161028000.0,無形資産,227.0,,2,無形固定資産の取得による支出
S100XUMZ,E05453,37580,株式会社アエリア,2025-12-31,16472000000.0,22000000.0,37000000.0,無形資産,460.0,,2,無形固定資産の取得による支出
S100XTNP,E36859,42640,株式会社セキュア,2025-12-31,6840816000.0,32079000.0,14809000.0,無形資産,199.0,,2,無形固定資産の取得による支出
S100XV2A,E37979,95610,株式会社グラッドキューブ,2025-12-31,1755413000.0,10709000.0,,無形資産,106.0,,2,無形固定資産の取得による支出
S100XRSE,E31991,39280,株式会社マイネット,2025-12-31,7478296000.0,326943000.0,198461000.0,無形資産,262.0,,2,無形固定資産の取得による支出
S100XUJT,E26096,45830,株式会社カイオム・バイオサイエンス,2025-12-31,593290000.0,,,,49.0,,2,
S100XUPT,E33858,92710,株式会社和心,2025-12-31,2783840000.0,3255000.0,,無形資産,48.0,,2,無形固定資産の取得による支出
S100XV2Z,E35514,70930,アディッシュ株式会社,2025-12-31,3696018000.0,,3996000.0,,439.0,,2,
S100XUP0,E33626,39980,株式会社すららネット,2025-12-31,1932007000.0,483007000.0,414762000.0,無形資産,104.0,,2,無形固定資産の取得による支出
S100XUUG,E04914,96120,株式会社ラックランド,2025-12-31,56574000000.0,67000000.0,119000000.0,無形資産,1338.0,,2,無形固定資産の取得による支出
S100XUP3,E36944,43770,株式会社ワンキャリア,2025-12-31,7576830000.0,164963000.0,,無形資産,295.0,,2,無形固定資産の取得による支出
S100XV3B,E32855,39760,株式会社シャノン,2025-12-31,3208384000.0,165437000.0,144344000.0,無形資産,195.0,,2,無形固定資産の取得による支出
S100XV28,E05510,37770,株式会社環境フレンドリーホールディングス,2025-12-31,1371110000.0,44764000.0,,無形資産,36.0,,2,無形固定資産の取得による支出
S100XV0H,E01656,79860,日本アイ・エス・ケイ株式会社,2025-12-31,6064134000.0,1600000.0,,無形資産,283.0,,2,無形固定資産の取得による支出
S100XV4F,E05457,38070,株式会社フィスコ,2025-12-31,842936000.0,,36925000.0,,24.0,,2,
S100XUQY,E36896,92460,株式会社プロジェクトホールディングス,2025-12-31,5485518000.0,,,,350.0,,2,
S100XUR2,E03101,82020,ラオックスホールディングス株式会社,2025-12-31,57535000000.0,162000000.0,91000000.0,無形資産,969.0,,2,無形固定資産の取得による支出
S100XV4H,E39023,55370,株式会社ＡｌｂａＬｉｎｋ,2025-12-31,8191248000.0,12449000.0,,無形資産,184.0,,2,無形固定資産の取得による支出
S100XUXC,E36897,43710,株式会社コアコンセプト・テクノロジー,2025-12-31,20878460000.0,,,,584.0,,2,
S100XV32,E00377,22150,第一屋製パン株式会社,2025-12-31,28957000000.0,7000000.0,5000000.0,無形資産,876.0,,2,無形固定資産の取得による支出
S100XUYO,E05098,47660,株式会社ピーエイ,2025-12-31,2021104000.0,,,,159.0,,2,
S100XV4M,E38156,48920,株式会社サイフューズ,2025-12-31,230999000.0,425000.0,934000.0,無形資産,23.0,,2,無形固定資産の取得による支出
S100XV05,E05951,93990,ビート・ホールディングス・リミテッド　（貝德控股有限公司、Ｂｅａｔ　Ｈｏｌｄｉｎｇｓ　Ｌｉｍｉｔｅｄ）,2025-12-31,,,,,,,2,
S100XUX4,E04068,32410,株式会社ウィル,2025-12-31,14880000000.0,20000000.0,4000000.0,無形資産,272.0,,2,無形固定資産の取得による支出
S100XTO4,E34484,70440,株式会社ピアラ,2025-12-31,15731198000.0,33939000.0,78798000.0,無形資産,161.0,,2,無形固定資産の取得による支出
S100XU23,E05275,43510,株式会社山田再生系債権回収総合事務所,2025-12-31,2280554000.0,,,,231.0,,2,
S100XUYI,E35330,44870,株式会社スペースマーケット,2025-12-31,2567755000.0,92285000.0,59347000.0,無形資産,73.0,,2,無形固定資産の取得による支出
S100XV5Y,E39203,56180,ナイル株式会社,2025-12-31,6730288000.0,,,,268.0,,2,
S100XUO8,E35096,44490,株式会社ギフティ,2025-12-31,14149000000.0,289000000.0,196000000.0,無形資産,685.0,,2,無形固定資産の取得による支出
S100XUVG,E05199,42860,株式会社ＣＬホールディングス,2025-12-31,39002067000.0,116680000.0,59525000.0,無形資産,605.0,,2,無形資産の取得による支出
S100XURW,E33868,65730,ＣＲＡＶＩＡ株式会社,2025-12-31,546224000.0,3912000.0,2932000.0,無形資産,25.0,,2,無形固定資産の取得による支出
S100XURZ,E27276,36710,ソフトマックス株式会社,2025-12-31,6928650000.0,25634000.0,2923000.0,無形資産,230.0,,2,無形固定資産の取得による支出
S100XV0K,E39397,153A0,株式会社カウリス,2025-12-31,1400716000.0,65077000.0,,無形資産,53.0,,2,無形固定資産の取得による支出
S100XV4B,E05712,21600,株式会社ジーエヌアイグループ,2025-12-31,26840000000.0,1223000000.0,1013000000.0,無形資産,990.0,,2,無形資産の取得による支出
S100XUX3,E33586,44800,株式会社メドレー,2025-12-31,36786000000.0,289000000.0,222000000.0,無形資産,1815.0,,2,無形固定資産の取得による支出
S100XUMY,E01502,61410,ＤＭＧ森精機株式会社,2025-12-31,514976000000.0,12885000000.0,16637000000.0,無形資産,14026.0,,2,無形資産の取得による支出
S100XU2A,E04627,,株式会社府中カントリークラブ,2025-12-31,865978000.0,,,,47.0,,2,
S100XV3Y,E35841,40560,ニューラルグループ株式会社,2025-12-31,3299035000.0,,3800000.0,,204.0,,2,
S100XV8N,E02679,80400,株式会社東京ソワール,2025-12-31,16112480000.0,,,,235.0,,2,
S100XU9W,E02020,68700,日本フェンオール株式会社,2025-12-31,12909850000.0,25239000.0,22163000.0,ソフトウェア,271.0,,2,ソフトウエアの取得による支出
S100XVB7,E36107,41680,株式会社ヤプリ,2025-12-31,6056126000.0,,,,294.0,,2,
S100XVBS,E37069,48910,㈱ティムス,2025-12-31,,,,,18.0,,2,
S100XVC2,E04744,,南部富士株式会社,2025-12-31,60000000.0,,,,,,2,
S100XVCG,E33553,39970,株式会社トレードワークス,2025-12-31,5052458000.0,451619000.0,123365000.0,無形資産,270.0,,2,無形固定資産の取得による支出
S100XULK,E05726,21690,ＣＤＳ株式会社,2025-12-31,8827238000.0,28491000.0,68308000.0,無形資産,714.0,,2,無形固定資産の取得による支出
S100XV4T,E02445,59650,株式会社フジマック,2025-12-31,47436908000.0,16970000.0,47946000.0,無形資産,1160.0,,2,無形固定資産の取得による支出
S100XVC1,E37419,77930,株式会社イメージ・マジック,2025-12-31,9402044000.0,20482000.0,61864000.0,無形資産,224.0,,2,無形固定資産の取得による支出
S100XV33,E05737,21730,株式会社博展,2025-12-31,23336351000.0,730000.0,9644000.0,無形資産,586.0,,2,無形固定資産の取得による支出
S100XV5A,E05299,23250,株式会社ＮＪＳ,2025-12-31,24854337000.0,292134000.0,253148000.0,無形資産,1471.0,,2,無形固定資産の取得による支出
S100XVEI,E04724,,株式会社宇都宮ゴルフクラブ,2025-12-31,439610000.0,,300000.0,,26.0,,2,
S100XV70,E34331,70390,ブリッジインターナショナル株式会社,2025-12-31,8564871000.0,79815000.0,25644000.0,無形資産,722.0,,2,無形固定資産の取得による支出
S100XV4W,E05369,37270,株式会社アプリックス,2025-12-31,2873930000.0,86514000.0,139744000.0,無形資産,53.0,,2,無形資産の取得による支出
S100XUWK,E02300,,株式会社　ミツトヨ,2025-12-31,155152810000.0,3314618000.0,6284625000.0,無形資産,5862.0,,2,無形固定資産の取得による支出
S100XV8F,E05348,37190,ＡＩストーム株式会社,2025-12-31,2653555000.0,26780000.0,,無形資産,34.0,,2,無形固定資産の取得による支出
S100XSOQ,E36122,41700,株式会社Ｋａｉｚｅｎ　Ｐｌａｔｆｏｒｍ,2025-12-31,4354800000.0,4314000.0,32485000.0,無形資産,132.0,,2,無形固定資産の取得による支出
S100XURA,E33009,65460,フルテック株式会社,2025-12-31,13566729000.0,5756000.0,11917000.0,無形資産,737.0,,2,無形固定資産の取得による支出
S100XVG3,E39114,55970,ブルーイノベーション株式会社,2025-12-31,1051466000.0,,,,68.0,,2,
S100XVH2,E01984,67480,星和電機株式会社,2025-12-31,25385622000.0,90095000.0,68520000.0,無形資産,637.0,,2,無形固定資産の取得による支出
S100XTM9,E01257,55420,新報国マテリアル株式会社,2025-12-31,5539581000.0,9096000.0,6937000.0,ソフトウェア,99.0,,2,ソフトウエアの取得による支出
S100XV82,E00846,58160,オーナンバ株式会社,2025-12-31,44441960000.0,,,,3556.0,,2,
S100XVFP,E01867,68350,アライドテレシスホールディングス株式会社,2025-12-31,49950064000.0,10208000.0,40956000.0,無形資産,1856.0,,2,無形固定資産の取得による支出
S100XVIQ,E41486,519A0,株式会社ベーシック,2025-12-31,2275636000.0,36974000.0,,無形資産,110.0,,2,無形固定資産の取得による支出
S100XVJC,E02775,99730,ＫＯＺＯホールディングス株式会社,2025-12-31,19441295000.0,10121000.0,18729000.0,無形資産,333.0,,2,無形固定資産の取得による支出
S100XVJS,E04673,,森ビルゴルフリゾート株式会社,2025-12-31,2531671000.0,1637000.0,,無形資産,151.0,,2,無形固定資産の取得による支出
S100XV85,E30010,94160,株式会社ビジョン,2025-12-31,39012357000.0,143927000.0,33427000.0,無形資産,789.0,,2,無形固定資産の取得による支出
S100XUOH,E05241,27210,株式会社ジェイホールディングス,2025-12-31,189613000.0,,,,11.0,,2,
S100XVDD,E02452,64250,株式会社ユニバーサルエンターテインメント,2025-12-31,122827000000.0,696000000.0,475000000.0,無形資産,7004.0,,2,無形固定資産の取得による支出
S100XVE0,E32753,65370,ＷＡＳＨハウス株式会社,2025-12-31,2529000000.0,23000000.0,31000000.0,無形資産,107.0,,2,無形固定資産の取得による支出
S100XV3C,E04649,,広島ゴルフ観光株式会社,2025-12-31,370153000.0,,,,13.0,,2,
S100XUI4,E41144,472A0,株式会社ミラティブ,2025-12-31,7188192000.0,,,,151.0,,2,
S100XTQ4,E37304,92130,株式会社セイファート,2025-12-31,1928222000.0,31247000.0,97733000.0,無形資産,133.0,,2,無形固定資産の取得による支出
S100XVCR,E02963,27880,アップルインターナショナル株式会社,2025-12-31,40809537000.0,17165000.0,1740000.0,無形資産,83.0,,2,無形固定資産の取得による支出
S100XV6D,E34321,44200,イーソル株式会社,2025-12-31,12129822000.0,7653000.0,20294000.0,無形資産,549.0,,2,無形固定資産の取得による支出
S100XV6A,E37292,92140,Ｒｅｃｏｖｅｒｙ　Ｉｎｔｅｒｎａｔｉｏｎａｌ株式会社,2025-12-31,2689620000.0,433000.0,,無形資産,349.0,,2,無形固定資産の取得による支出
S100XVKK,E37176,92110,株式会社エフ・コード,2025-12-31,11937987000.0,75404000.0,94044000.0,無形資産,489.0,,2,無形資産の取得による支出
S100XV6R,E04549,,株式会社パレスホテル,2025-12-31,42354000000.0,35000000.0,92000000.0,無形資産,978.0,,2,無形固定資産の取得による支出
S100XVK0,E05114,47770,株式会社ガーラ,2025-12-31,2589328000.0,,2319000.0,,72.0,,2,
S100XVL7,E37508,92180,株式会社メンタルヘルステクノロジーズ,2025-12-31,6435361000.0,57526000.0,44180000.0,無形資産,140.0,,2,無形固定資産の取得による支出
S100XVCC,E30053,60810,アライドアーキテクツ株式会社,2025-12-31,2990959000.0,72465000.0,84622000.0,無形資産,159.0,,2,無形固定資産の取得による支出
S100XVHM,E31817,61770,ＡｐｐＢａｎｋ株式会社,2025-12-31,1242240000.0,,,,22.0,,2,
S100XV9V,E40269,319A0,株式会社技術承継機構,2025-12-31,14961000000.0,,,,1208.0,,2,
S100XRSA,E04730,,株式会社サイプレスクラブ,2025-12-31,646653000.0,,,,40.0,,2,
S100XV9R,E04611,,奈良ゴルフ場株式会社,2025-12-31,904416000.0,,,,33.0,,2,
S100XV65,E04163,,長崎自動車株式会社,2025-12-31,18055000000.0,,,,1556.0,,2,
S100XVDP,E02104,,株式会社ディー・ディー・エス,2025-12-31,1098392000.0,15783000.0,7755000.0,無形資産,50.0,,2,無形固定資産の取得による支出
S100XSK1,E04538,97040,株式会社アゴーラホスピタリティーグループ,2025-12-31,9908171000.0,12503000.0,4019000.0,無形資産,529.0,,2,無形固定資産の取得による支出
S100XVFT,E04669,,株式会社　秋田椿台ゴルフクラブ,2025-12-31,362060000.0,,,,15.0,,2,
S100XVS5,E04731,,株式会社山田クラブ２１,2025-12-31,4580885000.0,,,,582.0,,2,
S100XVIW,E26231,36630,株式会社セルシス,2025-12-31,9471638000.0,864587000.0,,無形資産,260.0,,2,無形固定資産の取得による支出
S100XUUE,E04642,,株式会社エムケー,2025-12-31,422438000.0,,,,10.0,,2,
S100XVUY,E34514,62320,株式会社ＡＣＳＬ,2025-12-31,2598734000.0,,60088000.0,,58.0,,2,
S100XVOA,E04244,,佐渡汽船株式会社,2025-12-31,13633710000.0,,,,729.0,,2,
S100XVV3,E02296,59570,日東精工株式会社,2025-12-31,50238187000.0,,,,2267.0,,2,
S100XVLI,E37131,42610,アジアクエスト株式会社,2025-12-31,4920288000.0,,200000.0,,565.0,,2,
S100XVY3,E05248,43310,株式会社テイクアンドギヴ・ニーズ,2025-12-31,35709000000.0,90000000.0,87000000.0,ソフトウェア,1846.0,,2,ソフトウエアの取得による支出
S100XVUK,E31089,60310,ＺＥＴＡ株式会社,2025-12-31,1858712000.0,,,,80.0,,2,
S100XVNJ,E36133,49350,株式会社リベルタ,2025-12-31,10031969000.0,2190000.0,19350000.0,無形資産,136.0,,2,無形固定資産の取得による支出
S100XVWO,E34294,70360,株式会社イーエムネットジャパン,2025-12-31,1594782000.0,,,,130.0,,2,
S100XVVP,E34721,44380,株式会社Ｗｅｌｂｙ,2025-12-31,635724000.0,98427000.0,170606000.0,無形資産,44.0,,2,無形固定資産の取得による支出
S100XVZN,E38477,52550,株式会社モンスターラボ,2025-12-31,7795270000.0,37113000.0,134224000.0,無形資産,847.0,,2,無形資産の取得による支出
S100XVY4,E04628,,株式会社伊香保カントリー倶楽部,2025-12-31,215127000.0,,,,19.0,,2,
S100XVW2,E02949,,ピクセルカンパニーズ株式会社,2025-12-31,886726000.0,,,,83.0,,2,
S100XW1R,E39183,,株式会社ポイント機構,2025-12-31,2566000.0,,,,,,2,
S100XW0L,E02083,67210,ウインテスト株式会社,2025-12-31,429053000.0,29223000.0,,無形資産,68.0,,2,無形固定資産の取得による支出
S100XYDT,E00424,25900,ダイドーグループホールディングス株式会社,2026-01-20,241236000000.0,,,,5375.0,,2,
S100XXPI,E04075,32460,株式会社コーセーアールイー,2026-01-31,10045621000.0,,,,81.0,,2,
S100XYGD,E02882,78650,ピープル株式会社,2026-01-20,1612901000.0,7551000.0,27500000.0,無形資産,40.0,,2,無形固定資産の取得による支出
S100XZ22,E00143,19280,積水ハウス株式会社,2026-01-31,4197922000000.0,28158000000.0,14313000000.0,無形資産,32186.0,,2,無形固定資産の取得による支出
S100XYFO,E02888,75900,株式会社タカショー,2026-01-20,20246400000.0,77529000.0,79035000.0,無形資産,891.0,,2,無形固定資産の取得による支出
S100XZ7G,E31731,14330,ベステラ株式会社,2026-01-31,11140386000.0,3429000.0,225000.0,無形資産,185.0,,2,無形固定資産の取得による支出
S100XZF3,E26082,66190,ダブル・スコープ株式会社,2026-01-31,3630000000.0,,,,274.0,,2,
S100XZ5Y,E04592,96360,株式会社きんえい,2026-01-31,3771317000.0,1865000.0,,無形資産,45.0,,2,無形固定資産の取得による支出
S100XZTW,E31382,45920,サンバイオ株式会社,2026-01-31,,,,,33.0,,2,
S100XZDC,E02293,69660,株式会社三井ハイテック,2026-01-31,218329000000.0,1167000000.0,528000000.0,無形資産,4858.0,,2,無形固定資産の取得による支出
S100XZWO,E02007,66540,不二電機工業株式会社,2026-01-31,3777945000.0,,,,114.0,,2,
S100XZVZ,E04853,96920,株式会社シーイーシー,2026-01-31,65882000000.0,,,,2401.0,,2,
S100XZNA,E25898,36570,ポールトゥウィンホールディングス株式会社,2026-01-31,48837730000.0,109109000.0,477542000.0,無形資産,2953.0,,2,無形固定資産の取得による支出
S100Y03C,E35144,29830,株式会社アールプランナー,2026-01-31,48623906000.0,18570000.0,15280000.0,無形資産,419.0,,2,無形固定資産の取得による支出
S100Y086,E37333,50310,モイ株式会社,2026-01-31,6688610000.0,,,,39.0,,2,
S100Y01F,E00287,17580,太洋基礎工業株式会社,2026-01-31,14511488000.0,1800000.0,2743000.0,無形資産,221.0,,2,無形固定資産の取得による支出
S100Y04L,E00208,97430,株式会社丹青社,2026-01-31,107222000000.0,177000000.0,122000000.0,無形資産,1579.0,,2,無形固定資産の取得による支出
S100Y025,E03506,30710,株式会社ストリーム,2026-01-31,32774910000.0,151156000.0,149827000.0,無形資産,74.0,,2,無形固定資産の取得による支出
S100Y034,E00571,80130,株式会社ナイガイ,2026-01-31,13356000000.0,,,,164.0,,2,
S100Y02W,E38256,52480,株式会社テクノロジーズ,2026-01-31,10149087000.0,143797000.0,28360000.0,無形資産,143.0,,2,無形固定資産の取得による支出
S100Y0D8,E31742,34150,株式会社ＴＯＫＹＯ　ＢＡＳＥ,2026-01-31,23734349000.0,21243000.0,3790000.0,ソフトウェア,402.0,,2,ソフトウエアの取得による支出
S100Y03W,E02439,78780,株式会社光・彩,2026-01-31,4241718000.0,3480000.0,2902000.0,無形資産,97.0,,2,無形固定資産の取得による支出
S100Y0AL,E33323,66960,株式会社トラース・オン・プロダクト,2026-01-31,485942000.0,33044000.0,,無形資産,25.0,,2,無形固定資産の取得による支出
S100Y062,E05717,21630,株式会社アルトナー,2026-01-31,12046664000.0,78079000.0,,無形資産,1623.0,,2,無形固定資産の取得による支出
S100Y0E1,E37595,29970,株式会社ストレージ王,2026-01-31,3999797000.0,4096000.0,23850000.0,無形資産,25.0,,2,無形固定資産の取得による支出
S100Y0E4,E02477,42380,ミライアル株式会社,2026-01-31,12572137000.0,,,,449.0,,2,
S100Y0DZ,E00381,22170,モロゾフ株式会社,2026-01-31,36273371000.0,,,,573.0,,2,
S100Y0EE,E02047,63360,株式会社石井表記,2026-01-31,15651000000.0,31000000.0,7000000.0,無形資産,695.0,,2,無形固定資産の取得による支出
S100Y0F4,E02967,33200,クロスプラス株式会社,2026-01-31,59852000000.0,58000000.0,47000000.0,無形資産,705.0,,2,無形固定資産の取得による支出
S100Y0I2,E39074,58890,Ｊａｐａｎ　Ｅｙｅｗｅａｒ　Ｈｏｌｄｉｎｇｓ株式会社,2026-01-31,18640000000.0,1000000.0,0.0,無形資産,637.0,,2,無形資産の取得による支出
S100Y0DN,E04672,,備後観光開発株式会社,2026-01-31,298637000.0,,1280000.0,,20.0,,2,
S100Y0LF,E34704,76780,株式会社あさくま,2026-01-31,10045883000.0,,,,156.0,,2,
S100Y0EP,E03004,30700,株式会社ジェリービーンズグループ,2026-01-31,3590899000.0,10560000.0,12706000.0,無形資産,55.0,,2,無形固定資産の取得による支出
S100Y0CE,E38738,58880,ＤＡＩＷＡ　ＣＹＣＬＥ株式会社,2026-01-31,21106860000.0,6645000.0,5572000.0,無形資産,758.0,,2,無形固定資産の取得による支出
S100Y0D4,E36862,50750,アップコン株式会社,2026-01-31,1387514000.0,,,,49.0,,2,
S100XZL9,E33485,71960,株式会社Ｃａｓａ,2026-01-31,12753987000.0,125745000.0,72642000.0,無形資産,276.0,,2,無形固定資産の取得による支出
S100Y0DB,E33784,43800,株式会社Ｍマート,2026-01-31,1363651000.0,,,,53.0,,2,
S100Y0HP,E32108,39310,株式会社バリューゴルフ,2026-01-31,4426721000.0,13743000.0,17040000.0,無形資産,77.0,,2,無形固定資産の取得による支出
S100XYYG,E02490,43690,株式会社　トリケミカル研究所,2026-01-31,23883175000.0,48625000.0,14588000.0,無形資産,313.0,,2,無形固定資産の取得による支出
S100Y0J1,E31871,61840,株式会社鎌倉新書,2026-01-31,8335519000.0,423424000.0,364416000.0,無形資産,244.0,,2,無形固定資産の取得による支出
S100Y0MX,E02960,27760,新都ホールディングス株式会社,2026-01-31,27939637000.0,650000.0,394000.0,無形資産,121.0,,2,無形固定資産の取得による支出
S100Y0OW,E02065,67570,株式会社ＯＳＧコーポレーション,2026-01-31,8185210000.0,16201000.0,35754000.0,無形資産,366.0,,2,無形固定資産の取得による支出
S100Y0TV,E23841,31590,丸善ＣＨＩホールディングス株式会社,2026-01-31,185053000000.0,1357000000.0,741000000.0,無形資産,1574.0,,2,無形固定資産の取得による支出
S100Y0NF,E05204,42870,株式会社ジャストプランニング,2026-01-31,2533784000.0,12990000.0,,無形資産,69.0,,2,無形固定資産の取得による支出
S100Y0VC,E26095,31690,株式会社ミサワ,2026-01-31,12159248000.0,364037000.0,151555000.0,無形資産,166.0,,2,無形固定資産の取得による支出
S100Y0KM,E36322,41750,株式会社ｃｏｌｙ,2026-01-31,7020100000.0,14030000.0,31959000.0,無形資産,229.0,,2,無形固定資産の取得による支出
S100Y0O4,E02016,68980,トミタ電機株式会社,2026-01-31,1603226000.0,,,,271.0,,2,
S100Y07P,E34747,76740,株式会社ＮＡＴＴＹ　ＳＷＡＮＫＹホールディングス,2026-01-31,7683476000.0,2262000.0,5428000.0,無形資産,314.0,,2,無形固定資産の取得による支出
S100Y0K4,E00688,39550,株式会社イムラ,2026-01-31,21831000000.0,36000000.0,28000000.0,無形資産,973.0,,2,無形固定資産の取得による支出
S100Y0Y3,E04599,96320,スバル興業株式会社,2026-01-31,29611297000.0,,,,704.0,,2,
S100Y0NT,E05254,43340,株式会社ユークス,2026-01-31,4288913000.0,2772000.0,5749000.0,無形資産,333.0,,2,無形固定資産の取得による支出
S100Y0S6,E02665,81420,株式会社トーホー,2026-01-31,259747000000.0,,,,2540.0,,2,
S100Y12C,E04676,,三原京覧開発　株式会社,2026-01-31,421156000.0,,,,18.0,,2,
S100Y0WP,E26703,36650,株式会社エニグモ,2026-01-31,6295864000.0,6826000.0,11100000.0,無形資産,157.0,,2,無形固定資産の取得による支出
S100Y111,E39273,168A0,株式会社イタミアート,2026-01-31,4761203000.0,20864000.0,,無形資産,189.0,,2,無形固定資産の取得による支出
S100Y0W0,E31902,39210,株式会社ネオジャパン,2026-01-31,8230230000.0,252013000.0,305412000.0,無形資産,322.0,,2,無形固定資産の取得による支出
S100Y14Y,E33109,35650,アセンテック株式会社,2026-01-31,17254054000.0,3268000.0,890000.0,無形資産,177.0,,2,無形固定資産の取得による支出
S100Y159,E35170,76830,株式会社ダブルエー,2026-01-31,23327358000.0,8639000.0,2262000.0,無形資産,566.0,,2,無形固定資産の取得による支出
S100Y150,E40136,,株式会社カブ＆ピース,2026-01-31,8026248000.0,1709882000.0,,無形資産,176.0,,2,無形固定資産の取得による支出
S100XVTU,E34866,70640,株式会社ハウテレビジョン,2026-01-31,2558118000.0,88257000.0,100688000.0,無形資産,78.0,,2,無形固定資産の取得による支出
S100Y012,E04647,,株式会社福岡カンツリー倶楽部,2026-01-31,162450000.0,,,,,,2,
S100Y1CH,E04671,,株式会社可児ゴルフ倶楽部,2026-01-31,2178786000.0,1960000.0,3521000.0,無形資産,115.0,,2,無形固定資産の取得による支出
S100Y1BL,E35187,70730,株式会社ジェイック,2026-01-31,4475801000.0,71376000.0,60377000.0,無形資産,289.0,,2,無形固定資産の取得による支出
S100Y16K,E36213,41740,株式会社アピリッツ,2026-01-31,9955206000.0,,,,820.0,,2,
S100Y1F9,E38739,91660,株式会社ＧＥＮＤＡ,2026-01-31,170787000000.0,738000000.0,601000000.0,無形資産,2018.0,,2,無形固定資産の取得による支出
S100Y17X,E41076,456A0,ＨＵＭＡＮ　ＭＡＤＥ株式会社,2026-01-31,14273231000.0,97557000.0,38464000.0,無形資産,193.0,,2,無形固定資産の取得による支出
S100Y11L,E03317,76140,株式会社オーエムツーネットワーク,2026-01-31,35371072000.0,34405000.0,17045000.0,無形資産,753.0,,2,無形固定資産の取得による支出
S100Y070,E05168,48130,株式会社ＡＣＣＥＳＳ,2026-01-31,19215583000.0,1126681000.0,1004172000.0,無形資産,795.0,,2,無形固定資産の取得による支出
S100Y1HV,E41104,446A0,株式会社ノースサンド,2026-01-31,26185000000.0,,,,1762.0,,2,
S100Y1KO,E03470,33990,株式会社丸千代山岡家,2026-01-31,43000813000.0,18284000.0,73448000.0,無形資産,776.0,,2,無形固定資産の取得による支出
S100Y1NL,E30114,36810,株式会社ブイキューブ,2025-12-31,9859467000.0,685161000.0,1129202000.0,無形資産,344.0,,2,無形固定資産の取得による支出
S100XY8O,E40060,278A0,Ｔｅｒｒａ　Ｄｒｏｎｅ株式会社,2026-01-31,4782585000.0,124403000.0,211796000.0,無形資産,551.0,,2,無形固定資産の取得による支出
S100Y2FB,E03081,82760,株式会社　平和堂,2026-02-20,456010000000.0,,,,4674.0,,2,
S100Y2PP,E03137,82270,株式会社しまむら,2026-02-20,700034000000.0,872000000.0,,無形資産,3393.0,,2,無形固定資産の取得による支出
S100Y39Y,E03415,27780,パレモ・ホールディングス株式会社,2026-02-20,14082615000.0,98718000.0,131176000.0,無形資産,118.0,,2,無形固定資産の取得による支出
S100Y3CW,E03287,75450,株式会社西松屋チェーン,2026-02-20,193365000000.0,,,,733.0,,2,
S100Y2X4,E03439,33330,株式会社あさひ,2026-02-20,81374883000.0,108483000.0,190981000.0,無形資産,1826.0,,2,無形固定資産の取得による支出
S100Y362,E03119,82170,株式会社オークワ,2026-02-20,239549000000.0,,,,2068.0,,2,
S100Y3VC,E03219,99760,株式会社　セキチュー,2026-02-20,31867170000.0,4531000.0,57760000.0,無形資産,310.0,,2,無形固定資産の取得による支出
S100Y3PF,E01677,62790,株式会社瑞光,2026-02-20,21170251000.0,78893000.0,48937000.0,無形資産,641.0,,2,無形固定資産の取得による支出
S100Y36L,E03268,75120,イオン北海道株式会社,2026-02-28,380063000000.0,221000000.0,245000000.0,無形資産,3095.0,,2,無形固定資産の取得による支出
S100Y415,E35928,49330,株式会社Ｉ－ｎｅ,2025-12-31,48975000000.0,67000000.0,63000000.0,無形資産,433.0,,2,無形固定資産の取得による支出
S100Y4CU,E03118,82780,株式会社フジ,2026-02-28,784256000000.0,,,,7757.0,,2,
S100Y494,E03087,81980,マックスバリュ東海株式会社,2026-02-28,384951000000.0,2000000.0,9000000.0,無形資産,2510.0,,2,無形固定資産の取得による支出
S100Y4PA,E03093,81660,株式会社タカキュー,2026-02-28,8666899000.0,142870000.0,83456000.0,無形資産,273.0,,2,無形固定資産の取得による支出
S100Y3Q6,E01839,68140,古野電気株式会社,2026-02-28,140616000000.0,2483000000.0,2323000000.0,無形資産,3411.0,,2,無形固定資産の取得による支出
S100Y4BQ,E03274,75200,株式会社エコス,2026-02-28,134198000000.0,,,,1574.0,,2,
S100Y4UK,E05264,43430,株式会社イオンファンタジー,2026-02-28,93290048000.0,376535000.0,395218000.0,無形資産,3955.0,,2,無形固定資産の取得による支出
S100Y4UP,E37006,92530,スローガン株式会社,2026-02-28,1589911000.0,9507000.0,9453000.0,無形資産,107.0,,2,無形固定資産の取得による支出
S100Y4US,E04002,,イオンモール株式会社,2026-02-28,472702000000.0,1237000000.0,1098000000.0,無形資産,3856.0,,2,無形固定資産の取得による支出
S100Y4MW,E02903,76240,株式会社ＮａＩＴＯ,2026-02-28,43518000000.0,241000000.0,76000000.0,無形資産,309.0,,2,無形固定資産の取得による支出
S100Y4YP,E03349,26530,イオン九州株式会社,2026-02-28,520588000000.0,,,,5431.0,,2,
S100Y4RA,E03163,98760,株式会社コックス,2026-02-28,14955340000.0,8700000.0,8937000.0,無形資産,288.0,,2,無形固定資産の取得による支出
S100Y4Y9,E03443,33530,株式会社メディカル一光グループ,2026-02-28,54982518000.0,25142000.0,38428000.0,無形資産,1608.0,,2,無形固定資産の取得による支出
S100Y53G,E04912,85700,イオンフィナンシャルサービス株式会社,2026-02-28,569370000000.0,32632000000.0,36964000000.0,無形資産,14942.0,,2,無形固定資産の取得による支出
S100Y4MZ,E00667,79750,株式会社リヒトラブ,2026-02-28,9124181000.0,10709000.0,25552000.0,無形資産,591.0,,2,無形固定資産の取得による支出
S100Y4Z8,E02923,26680,タビオ株式会社,2026-02-28,16812398000.0,119398000.0,73431000.0,無形資産,268.0,,2,無形固定資産の取得による支出
S100Y4X5,E03013,82330,株式会社髙島屋,2026-02-28,401958000000.0,,,,6518.0,,2,
S100Y4VB,E03462,33820,株式会社セブン＆アイ・ホールディングス,2026-02-28,10430269000000.0,70705000000.0,108151000000.0,無形資産,35967.0,,2,無形固定資産の取得による支出
S100Y563,E03077,81850,株式会社チヨダ,2026-02-28,81377000000.0,243000000.0,216000000.0,無形資産,1231.0,,2,無形固定資産の取得による支出
S100Y4UH,E03188,99460,ミニストップ株式会社,2026-02-28,91788000000.0,747000000.0,1520000000.0,無形資産,1492.0,,2,無形固定資産の取得による支出
S100Y5A2,E25234,36080,株式会社ＴＳＩホールディングス,2026-02-28,167085000000.0,2437000000.0,630000000.0,無形資産,4108.0,,2,無形固定資産の取得による支出
S100Y510,E05368,23790,ディップ株式会社,2026-02-28,54852760000.0,4739543000.0,4994366000.0,無形資産,2663.0,,2,無形固定資産の取得による支出
S100Y55S,E40194,275A0,ハンワホームズ株式会社,2026-02-20,2377473000.0,1500000.0,5100000.0,無形資産,39.0,,2,無形固定資産の取得による支出
S100Y3QN,E03344,76490,スギホールディングス株式会社,2026-02-28,1010336000000.0,2657000000.0,2410000000.0,無形資産,13417.0,,2,無形固定資産の取得による支出
S100Y4X3,E03216,99740,株式会社ベルク,2026-02-28,416514000000.0,248000000.0,467000000.0,無形資産,2914.0,,2,無形固定資産の取得による支出
S100Y58I,E03103,82030,株式会社ミスターマックス・ホールディングス,2026-02-28,147684000000.0,224000000.0,366000000.0,無形資産,719.0,,2,無形固定資産の取得による支出
S100Y50H,E05314,23370,いちご株式会社,2026-02-28,92705000000.0,85000000.0,85000000.0,無形資産,729.0,,2,無形固定資産の取得による支出
S100Y4W7,E02767,36120,株式会社ワールド,2026-02-28,284014000000.0,2464000000.0,1693000000.0,無形資産,7094.0,,2,無形資産の取得による支出
S100Y56T,E05328,23540,株式会社ＹＥ　ＤＩＧＩＴＡＬ,2026-02-28,20263161000.0,594351000.0,86676000.0,無形資産,690.0,,2,無形固定資産の取得による支出
S100Y585,E31159,32220,ユナイテッド・スーパーマーケット・ホールディングス株式会社,2026-02-28,944425000000.0,3461000000.0,3810000000.0,無形資産,9349.0,,2,無形固定資産の取得による支出
S100Y58Q,E05024,47140,株式会社　リソー教育グループ,2026-02-28,34240928000.0,345570000.0,182731000.0,無形資産,1183.0,,2,無形固定資産の取得による支出
S100Y5H5,E00342,22920,エスフーズ株式会社,2026-02-28,472312000000.0,45000000.0,38000000.0,無形資産,2818.0,,2,無形固定資産の取得による支出
S100Y5KF,E31029,31980,ＳＦＰホールディングス株式会社,2026-02-28,31119339000.0,8287000.0,5364000.0,無形資産,1149.0,,2,無形固定資産の取得による支出
S100Y5EY,E03464,33910,株式会社ツルハホールディングス,2026-02-28,1450585000000.0,3561000000.0,2732000000.0,ソフトウェア,27681.0,,2,ソフトウエアの取得による支出
S100Y5KN,E02706,98420,アークランズ株式会社,2026-02-28,341141000000.0,1582000000.0,1495000000.0,無形資産,4678.0,,2,無形固定資産の取得による支出
S100Y4K3,E34943,76790,株式会社薬王堂ホールディングス,2026-02-28,163808000000.0,650000000.0,337000000.0,無形資産,1094.0,,2,無形固定資産の取得による支出
S100Y57I,E30120,60860,シンメンテホールディングス株式会社,2026-02-28,29946500000.0,13786000.0,30827000.0,無形資産,326.0,,2,無形固定資産の取得による支出
S100Y4QT,E32736,35500,株式会社スタジオアタオ,2026-02-28,4126272000.0,154000.0,2026000.0,無形資産,62.0,,2,無形固定資産の取得による支出
S100Y5LD,E00863,78940,丸東産業株式会社,2026-02-28,18775003000.0,16053000.0,133998000.0,無形資産,388.0,,2,無形固定資産の取得による支出
S100Y5Q8,E03302,,オリジン東秀株式会社,2026-02-28,53002755000.0,467222000.0,548547000.0,無形資産,663.0,,2,無形固定資産の取得による支出
S100Y53V,E04369,93810,株式会社エーアイテイー,2026-02-28,58399000000.0,64000000.0,14000000.0,無形資産,1165.0,,2,無形固定資産の取得による支出
S100Y5NR,E03153,98610,株式会社吉野家ホールディングス,2026-02-28,225667000000.0,527000000.0,302000000.0,無形資産,3361.0,,2,無形固定資産の取得による支出
S100Y5JR,E02425,79080,株式会社きもと,2026-03-31,10546000000.0,,,,417.0,,2,
S100Y5TM,E03313,76030,ジーイエット株式会社,2026-02-28,11590000000.0,23000000.0,32000000.0,無形資産,224.0,,2,無形固定資産の取得による支出
S100Y5QW,E36433,65210,株式会社オキサイド,2026-02-28,10040393000.0,27852000.0,48335000.0,無形資産,312.0,,2,無形固定資産の取得による支出
S100Y5OG,E03365,26830,株式会社魚喜,2026-02-28,9492627000.0,,2060000.0,,290.0,,2,
S100Y5RH,E22049,21860,ソーバル株式会社,2026-02-28,8976977000.0,345000.0,,無形資産,978.0,,2,無形固定資産の取得による支出
S100Y5GM,E02328,63230,ローツェ株式会社,2026-02-28,128794000000.0,380000000.0,252000000.0,無形資産,4435.0,,2,無形固定資産の取得による支出
S100Y5AX,E36100,40170,株式会社クリーマ,2026-02-28,2535110000.0,56702000.0,,無形資産,83.0,,2,無形固定資産の取得による支出
S100Y5VD,E33610,93880,株式会社パパネッツ,2026-02-28,5771133000.0,135047000.0,76815000.0,無形資産,106.0,,2,無形固定資産の取得による支出
S100Y5Q4,E30476,60930,株式会社エスクロー・エージェント・ジャパン,2026-02-28,5078141000.0,138671000.0,284094000.0,無形資産,314.0,,2,無形固定資産の取得による支出
S100Y5GZ,E37456,50780,株式会社セレコーポレーション,2026-02-28,20190480000.0,72699000.0,75578000.0,無形資産,198.0,,2,無形固定資産の取得による支出
S100Y628,E33957,44320,ウイングアーク１ｓｔ株式会社,2026-02-28,30945574000.0,385208000.0,429313000.0,無形資産,1126.0,,2,無形資産の取得による支出
S100Y5F0,E02925,26700,株式会社エービーシー・マート,2026-02-28,378624000000.0,653000000.0,942000000.0,無形資産,9101.0,,2,無形固定資産の取得による支出
S100Y62K,E04029,89310,和田興産株式会社,2026-02-28,42144739000.0,3908000.0,18734000.0,無形資産,125.0,,2,無形固定資産の取得による支出
S100Y5RZ,E05316,23410,株式会社アルバイトタイムス,2026-02-28,4719056000.0,87648000.0,143751000.0,無形資産,188.0,,2,無形固定資産の取得による支出
S100Y5SJ,E03358,26690,カネ美食品株式会社,2026-02-28,86653533000.0,,,,1121.0,,2,
S100Y635,E31924,78110,中本パックス株式会社,2026-02-28,49635946000.0,,,,883.0,,2,
S100Y62Z,E02776,99820,タキヒヨー株式会社,2026-02-28,63970000000.0,175000000.0,45000000.0,無形資産,731.0,,2,無形固定資産の取得による支出
S100Y5WR,E03395,27420,株式会社ハローズ,2026-02-28,225719000000.0,241000000.0,264000000.0,無形資産,1437.0,,2,無形固定資産の取得による支出
S100Y5TO,E03021,82440,株式会社近鉄百貨店,2026-02-28,125450000000.0,484000000.0,385000000.0,無形資産,1954.0,,2,無形固定資産の取得による支出
S100Y5VV,E26549,29300,株式会社北の達人コーポレーション,2026-02-28,11210259000.0,6749000.0,13623000.0,無形資産,227.0,,2,無形固定資産の取得による支出
S100Y651,E03370,26860,株式会社ジーフット,2026-02-28,56906000000.0,,,,726.0,,2,
S100Y4A4,E03146,98460,株式会社天満屋ストア,2026-02-28,56016467000.0,161266000.0,164722000.0,無形資産,501.0,,2,無形固定資産の取得による支出
S100Y600,E24512,14180,インターライフホールディングス株式会社,2026-02-28,16336273000.0,4645000.0,25274000.0,無形資産,238.0,,2,無形固定資産の取得による支出
S100Y650,E03094,81670,株式会社リテールパートナーズ,2026-02-28,268295000000.0,,,,2016.0,,2,
S100Y64A,E03352,26590,株式会社サンエー,2026-02-28,225485000000.0,105000000.0,133000000.0,無形資産,1825.0,,2,無形固定資産の取得による支出
S100Y5TC,E01454,64690,株式会社　放電精密加工研究所,2026-02-28,14312812000.0,14335000.0,17670000.0,無形資産,641.0,,2,無形固定資産の取得による支出
S100Y60M,E02618,81250,株式会社ワキタ,2026-02-28,93222000000.0,,,,2160.0,,2,
S100Y613,E05053,47350,株式会社京進,2026-02-28,20286291000.0,92600000.0,145160000.0,無形資産,2195.0,,2,無形固定資産の取得による支出
S100Y5VH,E03061,82670,イオン株式会社,2026-02-28,10715342000000.0,,,,179230.0,,2,
S100Y60F,E31453,39150,株式会社テラスカイ,2026-02-28,28056820000.0,760960000.0,730352000.0,無形資産,1608.0,,2,無形固定資産の取得による支出
S100Y66L,E40674,365A0,伊澤タオル株式会社,2026-02-28,10283187000.0,,,,76.0,,2,
S100Y5Z2,E31896,61830,株式会社ベルシステム２４ホールディングス,2026-02-28,145826000000.0,427000000.0,531000000.0,無形資産,2500.0,,2,無形資産の取得による支出
S100Y5S8,E41361,,株式会社ビタブリッドジャパン,2026-02-28,15296545000.0,,56371000.0,,95.0,,2,
S100Y5VS,E36937,42700,株式会社ＢｅｅＸ,2026-02-28,10626073000.0,42983000.0,,無形資産,256.0,,2,無形固定資産の取得による支出
S100Y64P,E03377,26980,株式会社キャンドゥ,2026-02-28,87057000000.0,181000000.0,146000000.0,無形資産,559.0,,2,無形固定資産の取得による支出
S100Y621,E00447,28720,株式会社セイヒョー,2026-02-28,4796658000.0,4070000.0,4955000.0,無形資産,108.0,,2,無形固定資産の取得による支出
S100Y5TF,E31580,44340,株式会社サーバーワークス,2026-02-28,40006534000.0,150417000.0,44096000.0,無形資産,520.0,,2,無形固定資産の取得による支出
S100Y66K,E04582,96010,松竹株式会社,2026-02-28,98249000000.0,88000000.0,197000000.0,無形資産,1462.0,,2,無形固定資産の取得による支出
S100Y62C,E33037,35620,株式会社Ｎｏ．１,2026-02-28,17529922000.0,79061000.0,48905000.0,無形資産,957.0,,2,無形固定資産の取得による支出
S100Y640,E03199,99480,株式会社アークス,2026-02-28,626957000000.0,1144000000.0,932000000.0,無形資産,5464.0,,2,無形固定資産の取得による支出
S100Y5O3,E04583,96020,東宝株式会社,2026-02-28,360663000000.0,,,,4088.0,,2,
S100Y68H,E40354,323A0,株式会社フライヤー,2026-02-28,1068695000.0,,,,57.0,,2,
S100Y69Y,E33881,65720,オープングループ株式会社,2026-02-28,8148088000.0,250222000.0,260715000.0,無形資産,241.0,,2,無形固定資産の取得による支出
S100Y69H,E01741,65060,株式会社安川電機,2026-02-28,542122000000.0,,,,12483.0,,2,
S100Y6A9,E32238,39350,株式会社エディア,2026-02-28,4659720000.0,,16812000.0,,99.0,,2,
S100Y64O,E02892,75990,株式会社ＩＤＯＭ,2026-02-28,562774000000.0,1090000000.0,720000000.0,無形資産,4260.0,,2,無形固定資産の取得による支出
S100Y5RU,E04941,97780,株式会社昴,2026-02-28,3375506000.0,4315000.0,2605000.0,無形資産,300.0,,2,無形固定資産の取得による支出
S100Y69Z,E03509,30800,株式会社ジェーソン,2026-02-28,28604828000.0,545000.0,1285000.0,無形資産,181.0,,2,無形固定資産の取得による支出
S100Y57D,E03490,30650,株式会社ライフフーズ,2026-02-28,9614830000.0,177842000.0,20665000.0,無形資産,173.0,,2,無形固定資産の取得による支出
S100Y64F,E01083,50180,株式会社ＭＯＲＥＳＣＯ,2026-02-28,34871000000.0,38000000.0,175000000.0,無形資産,797.0,,2,無形固定資産の取得による支出
S100Y63D,E03083,81940,株式会社ライフコーポレーション,2026-02-28,881325000000.0,1316000000.0,1001000000.0,無形資産,7506.0,,2,無形固定資産の取得による支出
S100Y6FE,E04799,97400,セントラル警備保障株式会社,2026-02-28,78745171000.0,1234942000.0,793471000.0,無形資産,7150.0,,2,無形固定資産の取得による支出
S100Y67Z,E02801,74270,エコートレーディング株式会社,2026-02-28,105811956000.0,209532000.0,23968000.0,無形資産,300.0,,2,無形固定資産の取得による支出
S100Y647,E03387,27260,株式会社パルグループホールディングス,2026-02-28,234704000000.0,137000000.0,475000000.0,無形資産,4441.0,,2,無形固定資産の取得による支出
S100Y6GL,E03397,27470,北雄ラッキー株式会社,2026-02-28,37199649000.0,3802000.0,30783000.0,無形資産,383.0,,2,無形固定資産の取得による支出
S100Y6GG,E01348,58170,ＪＭＡＣＳ株式会社,2026-02-28,6028000000.0,10340000.0,799000.0,無形資産,112.0,,2,無形固定資産の取得による支出
S100Y69G,E32549,65320,株式会社ベイカレント,2026-02-28,148332000000.0,,,,6788.0,,2,
S100Y5ZC,E03368,26850,株式会社アンドエスティＨＤ,2026-02-28,304351000000.0,4425000000.0,3874000000.0,無形資産,6936.0,,2,無形固定資産の取得による支出
S100Y671,E03068,82730,株式会社イズミ,2026-02-28,569312000000.0,1311000000.0,1041000000.0,無形資産,5025.0,,2,無形固定資産の取得による支出
S100Y6B9,E02438,59820,株式会社マルゼン,2026-02-28,66782423000.0,21739000.0,25193000.0,無形資産,1293.0,,2,無形固定資産の取得による支出
S100Y5YH,E02553,74850,岡谷鋼機株式会社,2026-02-28,1155774000000.0,,,,6536.0,,2,
S100Y6D7,E03518,30870,株式会社ドトール・日レスホールディングス,2026-02-28,159147000000.0,97000000.0,49000000.0,無形資産,2892.0,,2,無形固定資産の取得による支出
S100Y6EN,E02017,68970,株式会社ツインバード,2026-02-28,8998865000.0,,313062000.0,,256.0,,2,
S100Y68G,E32382,35460,アレンザホールディングス株式会社,2026-02-28,2198000000.0,123000000.0,281000000.0,無形資産,1875.0,,2,無形固定資産の取得による支出
S100Y68C,E03372,26870,株式会社シー・ヴイ・エス・ベイエリア,2026-02-28,7902050000.0,30649000.0,6442000.0,無形資産,184.0,,2,無形固定資産の取得による支出
S100Y644,E03520,30930,株式会社トレジャー・ファクトリー,2026-02-28,48597000000.0,80000000.0,72000000.0,無形資産,1434.0,,2,無形固定資産の取得による支出
S100Y4LV,E01165,52710,株式会社トーヨーアサノ,2026-02-28,11690853000.0,30636000.0,189077000.0,無形資産,179.0,,2,無形固定資産の取得による支出
S100Y66D,E04835,97160,株式会社乃村工藝社,2026-02-28,162679000000.0,186000000.0,230000000.0,無形資産,2154.0,,2,無形固定資産の取得による支出
S100Y6K0,E03516,30860,Ｊ．フロント　リテイリング株式会社,2026-02-28,445094000000.0,4561000000.0,2574000000.0,無形資産,5584.0,,2,無形資産の取得による支出
S100Y6DH,E31965,39220,株式会社ＰＲ　ＴＩＭＥＳ,2026-02-28,9546297000.0,4455000.0,183795000.0,無形資産,215.0,,2,無形固定資産の取得による支出
S100Y6G1,E05278,23000,株式会社きょくとう,2026-02-28,5244187000.0,,3714000.0,,141.0,,2,
S100Y6IG,E05096,47630,株式会社クリーク・アンド・リバー社,2026-02-28,61393938000.0,154893000.0,406047000.0,無形資産,2858.0,,2,無形固定資産の取得による支出
S100Y6L3,E20870,65550,株式会社ＭＳ＆Ｃｏｎｓｕｌｔｉｎｇ,2026-02-28,2584946000.0,127160000.0,124964000.0,無形資産,152.0,,2,無形資産の取得による支出
S100Y65X,E04606,96610,株式会社歌舞伎座,2026-02-28,3632657000.0,240000.0,7949000.0,無形資産,38.0,,2,無形固定資産の取得による支出
S100Y6L2,E32951,65430,株式会社日宣,2026-02-28,6481269000.0,6232000.0,3227000.0,無形資産,134.0,,2,無形固定資産の取得による支出
S100Y2PC,E05517,33870,株式会社クリエイト・レストランツ・ホールディングス,2026-02-28,165449000000.0,93000000.0,59000000.0,無形資産,4468.0,,2,無形資産の取得による支出
S100Y64B,E03318,76110,株式会社ハイデイ日高,2026-02-28,62252860000.0,25574000.0,76811000.0,無形資産,1088.0,,2,無形固定資産の取得による支出
S100Y63V,E04931,97930,株式会社ダイセキ,2026-02-28,71845000000.0,24000000.0,6000000.0,無形資産,1295.0,,2,無形固定資産の取得による支出
S100Y6JW,E03393,23050,株式会社スタジオアリス,2026-02-28,32928091000.0,343318000.0,330117000.0,無形資産,1257.0,,2,無形固定資産の取得による支出
S100Y2CG,E39382,135A0,株式会社ＶＲＡＩＮ　Ｓｏｌｕｔｉｏｎ,2026-02-28,3278000000.0,0.0,2000000.0,無形資産,138.0,,2,無形固定資産の取得による支出
S100Y5AV,E03272,75150,株式会社マルヨシセンター,2026-02-28,40754887000.0,73959000.0,302213000.0,無形資産,455.0,,2,無形固定資産の取得による支出
S100Y62P,E37741,29350,株式会社ピックルスホールディングス,2026-02-28,40923000000.0,28000000.0,6000000.0,無形資産,411.0,,2,無形固定資産の取得による支出
S100Y6C2,E03141,98350,株式会社ジュンテンドー,2026-02-28,,,,,555.0,,2,
S100Y6MK,E03489,30500,ＤＣＭホールディングス株式会社,2026-02-28,542317000000.0,3149000000.0,2505000000.0,無形資産,4982.0,,2,無形固定資産の取得による支出
S100Y6QH,E02897,76080,株式会社エスケイジャパン,2026-02-28,16232632000.0,68551000.0,,無形資産,145.0,,2,無形固定資産の取得による支出
S100Y6ED,E04963,,ポケットカード株式会社,2026-02-28,42487000000.0,1116000000.0,1487000000.0,無形資産,404.0,,2,無形固定資産の取得による支出
S100Y68I,E03286,75440,株式会社スリーエフ,2026-02-28,15084000000.0,,,,112.0,,2,
S100Y5IT,E03099,82000,株式会社リンガーハット,2026-02-28,,44810000.0,23465000.0,無形資産,587.0,,2,無形固定資産の取得による支出
S100Y6LI,E04958,46450,株式会社市進ホールディングス,2026-02-28,18653429000.0,92837000.0,76887000.0,無形資産,924.0,,2,無形固定資産の取得による支出
S100Y6PQ,E26966,32800,株式会社エストラスト,2026-02-28,22313000000.0,,,,95.0,,2,
S100Y6N1,E00496,29180,わらべや日洋ホールディングス株式会社,2026-02-28,233833000000.0,114000000.0,88000000.0,無形資産,1960.0,,2,無形固定資産の取得による支出
S100Y6JY,E03228,99930,株式会社ヤマザワ,2026-02-28,105405000000.0,540000000.0,994000000.0,無形資産,1107.0,,2,無形固定資産の取得による支出
S100Y6PJ,E27202,31810,株式会社買取王国,2026-02-28,9330889000.0,68508000.0,18681000.0,無形資産,175.0,,2,無形固定資産の取得による支出
S100Y6HY,E03032,82600,株式会社井筒屋,2026-02-28,21283000000.0,11000000.0,133000000.0,無形資産,651.0,,2,無形固定資産の取得による支出
S100Y6A8,E03017,82370,株式会社松屋,2026-02-28,45706000000.0,326000000.0,261000000.0,無形資産,871.0,,2,無形固定資産の取得による支出
S100Y67I,E03179,99030,株式会社カンセキ,2026-02-28,35470795000.0,144197000.0,44000000.0,無形資産,280.0,,2,無形固定資産の取得による支出
S100Y688,E38780,62240,株式会社ＪＲＣ,2026-02-28,13746885000.0,34058000.0,34586000.0,無形資産,470.0,,2,無形固定資産の取得による支出
S100Y6J6,E02521,80160,株式会社オンワードホールディングス,2026-02-28,236804000000.0,1832000000.0,2275000000.0,無形資産,6527.0,,2,無形固定資産の取得による支出
S100Y6VZ,E35544,44940,バリオセキュア株式会社,2026-02-28,2842655000.0,28029000.0,63038000.0,無形資産,83.0,,2,無形資産の取得による支出
S100Y69B,E35288,70770,株式会社ＡＬｉＮＫインターネット,2026-02-28,1015965000.0,,,,35.0,,2,
S100Y6BQ,E03312,76010,株式会社ポプラ,2026-02-28,11654047000.0,23915000.0,10350000.0,無形資産,181.0,,2,無形固定資産の取得による支出
S100Y6AI,E32750,39670,株式会社エルテス,2026-02-28,8958812000.0,200311000.0,375385000.0,無形資産,504.0,,2,無形固定資産の取得による支出
S100Y6WH,E40066,274A0,株式会社ガーデン,2026-02-28,17895282000.0,3242000.0,,無形資産,289.0,,2,無形固定資産の取得による支出
S100Y6Q0,E37397,50250,株式会社マーキュリー,2026-02-28,1601996000.0,,18950000.0,,59.0,,2,
S100Y6VO,E33863,34900,株式会社アズ企画設計,2026-02-28,13543337000.0,,,,76.0,,2,
S100Y6O9,E32427,35430,株式会社コメダホールディングス,2026-02-28,57225000000.0,344000000.0,274000000.0,無形資産,828.0,,2,無形資産の取得による支出
S100Y6MY,E02621,80080,株式会社ヨンドシーホールディングス,2026-02-28,69962000000.0,73000000.0,56000000.0,無形資産,1047.0,,2,無形固定資産の取得による支出
S100Y6RE,E32966,35580,ジェイドグループ株式会社,2026-02-28,19441498000.0,88647000.0,79628000.0,無形資産,336.0,,2,無形固定資産の取得による支出
S100Y6XM,E03467,33960,株式会社フェリシモ,2026-02-28,29179000000.0,407000000.0,513000000.0,無形資産,425.0,,2,無形固定資産の取得による支出
S100Y6J0,E37133,44130,株式会社ボードルア,2026-02-28,17423340000.0,,,,3704.0,,2,
S100Y6XK,E25551,28820,株式会社イートアンドホールディングス,2026-02-28,40456000000.0,149000000.0,354000000.0,無形資産,564.0,,2,無形固定資産の取得による支出
S100Y6MO,E40230,304A0,フォルシア株式会社,2026-02-28,2197552000.0,109596000.0,105236000.0,無形資産,140.0,,2,無形固定資産の取得による支出
S100Y6U1,E03428,27980,株式会社ワイズテーブルコーポレーション,2026-02-28,13046266000.0,14267000.0,5944000.0,無形資産,514.0,,2,無形固定資産の取得による支出
S100Y6XY,E40448,339A0,プログレス・テクノロジーズ　グループ株式会社,2026-02-28,6314000000.0,2000000.0,27000000.0,無形資産,568.0,,2,無形資産の取得による支出
S100Y6L5,E34633,44290,リックソフト株式会社,2026-02-28,10892579000.0,7251000.0,15481000.0,無形資産,136.0,,2,無形固定資産の取得による支出
S100Y6NR,E01503,61420,富士精工株式会社,2026-02-28,20465054000.0,,,,1169.0,,2,
S100Y1AF,E34634,70490,株式会社識学,2026-02-28,6536914000.0,4783000.0,54597000.0,無形資産,306.0,,2,無形固定資産の取得による支出
S100Y6LQ,E32956,39770,フュージョン株式会社,2026-02-28,1490439000.0,,6811000.0,,77.0,,2,
S100Y6W8,E31901,61820,株式会社メタリアル,2026-02-28,4487157000.0,164551000.0,134100000.0,無形資産,172.0,,2,無形固定資産の取得による支出
S100Y6NU,E04784,81810,株式会社東天紅,2026-02-28,4807526000.0,,15100000.0,,145.0,,2,
S100Y6S7,E03054,80050,株式会社スクロール,2026-03-31,88548000000.0,173000000.0,159000000.0,無形資産,967.0,,2,無形固定資産の取得による支出
S100Y73F,E03329,76300,株式会社壱番屋,2026-02-28,65518000000.0,406000000.0,681000000.0,無形資産,1298.0,,2,無形固定資産の取得による支出
S100Y764,E03473,30300,株式会社ハブ,2026-02-28,11335384000.0,58023000.0,16951000.0,無形資産,312.0,,2,無形固定資産の取得による支出
S100Y766,E04580,,株式会社ホテルニューオータニ長岡,2026-02-28,1852409000.0,,,,130.0,,2,
S100Y721,E04015,89180,株式会社ランド,2026-02-28,3007169000.0,,,,11.0,,2,
S100Y6Y2,E26965,,株式会社安芸ゴルフ倶楽部,2026-02-28,484808000.0,,,,16.0,,2,
S100Y77U,E32138,28840,株式会社ヨシムラ・フード・ホールディングス,2026-02-28,57484563000.0,28419000.0,31862000.0,無形資産,985.0,,2,無形固定資産の取得による支出
S100Y77K,E00593,80110,株式会社三陽商会,2026-02-28,58448000000.0,294000000.0,160000000.0,無形資産,1125.0,,2,無形固定資産の取得による支出
S100Y71R,E30002,36780,株式会社メディアドゥ,2026-02-28,108537000000.0,513000000.0,475000000.0,無形資産,507.0,,2,無形固定資産の取得による支出
S100Y7A6,E30119,60850,アーキテクツ・スタジオ・ジャパン株式会社,2026-02-28,658989000.0,,22580000.0,,34.0,,2,
S100Y6YJ,E05315,23380,クオンタムソリューションズ株式会社,2026-02-28,266756000.0,,,,41.0,,2,
S100Y7A4,E38104,29360,ベースフード株式会社,2026-02-28,15191882000.0,5994000.0,766000.0,無形資産,98.0,,2,無形固定資産の取得による支出
S100Y6RF,E31291,32230,株式会社エスエルディー,2026-02-28,3656915000.0,,,,137.0,,2,
S100Y797,E33491,78070,株式会社幸和製作所,2026-02-28,6394414000.0,6768000.0,4715000.0,無形資産,211.0,,2,無形固定資産の取得による支出
S100Y6WM,E03507,30750,株式会社銚子丸,2026-02-28,23667000000.0,144126000.0,329820000.0,無形資産,514.0,,2,無形固定資産の取得による支出
S100Y74O,E20385,36270,テクミラホールディングス株式会社,2026-02-28,10405091000.0,766080000.0,510004000.0,無形資産,501.0,,2,無形固定資産の取得による支出
S100Y6V9,E32697,35480,株式会社バロックジャパンリミテッド,2026-02-28,51499000000.0,649000000.0,1059000000.0,無形資産,1266.0,,2,無形固定資産の取得による支出
S100Y6K8,E38895,91680,株式会社ライズ・コンサルティング・グループ,2026-02-28,8421187000.0,,,,397.0,,2,
S100Y78J,E01723,64320,株式会社竹内製作所,2026-02-28,225284000000.0,416000000.0,71000000.0,無形資産,1366.0,,2,無形固定資産の取得による支出
S100Y78X,E33928,65780,株式会社コレックホールディングス,2026-02-28,6685077000.0,,9152000.0,,358.0,,2,
S100Y66O,E02464,78470,株式会社グラファイトデザイン,2026-02-28,2711902000.0,7802000.0,2763000.0,無形資産,128.0,,2,無形固定資産の取得による支出
S100Y6B0,E33519,39960,サインポスト株式会社,2026-02-28,3138857000.0,,,,204.0,,2,
S100Y77X,E03132,82890,株式会社Ｏｌｙｍｐｉｃグループ,2026-02-28,90809000000.0,106000000.0,145000000.0,無形資産,1457.0,,2,無形固定資産の取得による支出
S100Y770,E34891,,株式会社ＪＴＣ,2026-02-28,31849000000.0,,,,406.0,,2,
S100Y7CP,E03495,30630,株式会社ジェイグループホールディングス,2026-02-28,13045916000.0,30044000.0,26768000.0,無形資産,432.0,,2,無形固定資産の取得による支出
S100Y4L4,E04614,,株式会社芦の湖カントリークラブ,2026-02-28,331100000.0,,,,19.0,,2,
S100Y72E,E04681,,株式会社房総カントリークラブ,2026-02-28,1498972000.0,6417000.0,,無形資産,61.0,,2,無形固定資産の取得による支出
S100Y78C,E04086,32600,株式会社エスポア,2026-02-28,556656000.0,,,,2.0,,2,
S100Y6PS,E02989,33840,株式会社アークコア,2026-02-28,7252961000.0,10823000.0,5386000.0,無形資産,89.0,,2,無形固定資産の取得による支出
S100Y775,E02556,,小泉株式会社,2026-02-28,53122000000.0,204000000.0,40000000.0,ソフトウェア,703.0,,2,ソフトウエアの取得による支出
S100Y72L,E03422,27890,株式会社カルラ,2026-02-28,7544571000.0,1836000.0,200000.0,無形資産,250.0,,2,無形固定資産の取得による支出
S100Y7H8,E05230,43170,株式会社レイ,2026-02-28,13419035000.0,1063000.0,969000.0,ソフトウェア,424.0,,2,ソフトウエアの取得による支出
S100Y7GV,E36078,73570,株式会社ジオコード,2026-02-28,1893429000.0,,,,137.0,,2,
S100Y7HD,E01040,49200,株式会社日本色材工業研究所,2026-02-28,16643028000.0,55780000.0,3078000.0,無形資産,505.0,,2,無形固定資産の取得による支出
S100Y7HH,E26821,31770,株式会社ありがとうサービス,2026-02-28,11398039000.0,1130000.0,451000.0,無形資産,318.0,,2,無形固定資産の取得による支出
S100Y7D7,E05017,47090,株式会社ＩＤホールディングス,2026-03-31,39371101000.0,16661000.0,16238000.0,無形資産,2241.0,,2,無形固定資産の取得による支出
S100Y7D9,E03025,82470,株式会社大和,2026-02-28,15983358000.0,2278000.0,278334000.0,無形資産,694.0,,2,無形固定資産の取得による支出
S100Y7HW,E35554,76890,株式会社コパ・コーポレーション,2026-02-28,1779529000.0,863000.0,18083000.0,無形資産,37.0,,2,無形固定資産の取得による支出
S100Y7E2,E38911,,株式会社ロジック・アンド・デザイン,2026-02-28,110772000.0,,,,,,2,
S100Y7KL,E03273,75160,コーナン商事株式会社,2026-02-28,519779000000.0,805000000.0,925000000.0,無形資産,5244.0,,2,無形固定資産の取得による支出
S100Y6RH,E01325,59000,株式会社ダイケン,2026-02-28,11567552000.0,34358000.0,,無形資産,354.0,,2,無形固定資産の取得による支出
S100Y7LR,E00605,81430,株式会社ラピーヌ,2026-02-28,1873910000.0,,,,37.0,,2,
S100Y7MS,E05643,38260,株式会社システムインテグレータ,2026-02-28,5558183000.0,138049000.0,113752000.0,無形資産,338.0,,2,無形固定資産の取得による支出
S100Y7MQ,E01587,77190,株式会社東京衡機,2026-02-28,4473482000.0,510000.0,5503000.0,無形資産,185.0,,2,無形固定資産の取得による支出
S100Y7JM,E36545,62280,株式会社ジェイ・イー・ティ,2025-12-31,14662000000.0,22000000.0,68000000.0,無形資産,275.0,,2,無形固定資産の取得による支出
S100Y7IM,E26428,60580,株式会社ベクトル,2026-02-28,63794000000.0,625000000.0,670000000.0,無形資産,1571.0,,2,無形固定資産の取得による支出
S100Y7OP,E35278,44900,株式会社ビザスク,2026-02-28,9974670000.0,237708000.0,251792000.0,無形資産,493.0,,2,無形固定資産の取得による支出
S100Y7L3,E03319,76100,株式会社テイツー,2026-02-28,42233216000.0,66210000.0,46120000.0,無形資産,443.0,,2,無形固定資産の取得による支出
S100Y7I7,E35493,93260,関通ホールディングス株式会社,2026-02-28,18345950000.0,119913000.0,329204000.0,無形資産,243.0,,2,無形固定資産の取得による支出
S100Y7DO,E31123,78150,東京ボード工業株式会社,2026-02-28,6625098000.0,,4000000.0,,243.0,,2,
S100Y7MV,E05242,87390,スパークス・グループ株式会社,2026-03-31,19578000000.0,10000000.0,1000000.0,無形資産,187.0,,2,無形固定資産の取得による支出
S100Y7OL,E20616,34790,株式会社ティーケーピー,2026-02-28,114357000000.0,,,,3801.0,,2,
S100Y7MG,E39089,92380,バリュークリエーション株式会社,2026-02-28,3127333000.0,,,,66.0,,2,
S100Y7EJ,E32965,35570,ユナイテッド＆コレクティブ株式会社,2026-02-28,6460676000.0,150000.0,220000.0,無形資産,198.0,,2,無形固定資産の取得による支出
S100Y7NR,E31694,,株式会社アクアライン,2026-02-28,1834776000.0,,3640000.0,,52.0,,2,
S100Y7XS,E03498,30830,スターシーズ株式会社,2026-02-28,10382417000.0,1160000.0,3150000.0,無形資産,145.0,,2,無形固定資産の取得による支出
S100Y935,E02512,80610,西華産業株式会社,2026-03-31,108485000000.0,126000000.0,100000000.0,無形資産,1558.0,,2,無形固定資産の取得による支出
S100Y8UO,E02155,72360,株式会社ティラド,2026-03-31,162278000000.0,206000000.0,239000000.0,無形資産,4087.0,,2,無形固定資産の取得による支出
S100Y848,E04228,90290,株式会社ヒガシホールディングス,2026-03-31,57972556000.0,41783000.0,21866000.0,無形資産,1744.0,,2,無形固定資産の取得による支出
S100Y90T,E01124,77410,ＨＯＹＡ株式会社,2026-03-31,947749000000.0,,,,37752.0,,2,
S100Y703,E04708,,株式会社京ヶ野ゴルフ倶楽部,2026-03-20,464934000.0,4934000.0,,無形資産,18.0,,2,無形固定資産の取得による支出
S100Y90D,E04246,91270,玉井商船株式会社,2026-03-31,5122027000.0,,,,61.0,,2,
S100Y9HQ,E03072,81900,株式会社ヤマナカ,2026-03-20,80975000000.0,116000000.0,115000000.0,無形資産,780.0,,2,無形固定資産の取得による支出
S100Y951,E05725,30920,株式会社ＺＯＺＯ,2026-03-31,228373000000.0,2226000000.0,1486000000.0,無形資産,1894.0,,2,無形固定資産の取得による支出
S100Y9AH,E00540,31160,トヨタ紡織株式会社,2026-03-31,2037063000000.0,4124000000.0,4967000000.0,無形資産,45521.0,,2,無形資産の取得による支出
S100Y9EI,E02958,27680,双日株式会社,2026-03-31,2757350000000.0,5675000000.0,3540000000.0,無形資産,26789.0,,2,無形資産の取得による支出
S100Y9M2,E01898,69950,株式会社東海理化電機製作所,2026-03-31,644701000000.0,,,,19381.0,,2,
S100Y9PU,E01435,59900,株式会社スーパーツール,2026-03-15,5437265000.0,280000.0,62713000.0,無形資産,95.0,,2,無形固定資産の取得による支出
S100Y9UW,E03356,26640,株式会社カワチ薬品,2026-03-15,284492000000.0,114000000.0,181000000.0,無形資産,2750.0,,2,無形固定資産の取得による支出
S100Y9P7,E32292,91430,ＳＧホールディングス株式会社,2026-03-31,1644762000000.0,4673000000.0,4432000000.0,無形資産,60483.0,,2,無形固定資産の取得による支出
S100Y9PN,E00838,42200,リケンテクノス株式会社,2026-03-31,131377381000.0,88372000.0,481447000.0,無形資産,1877.0,,2,無形固定資産の取得による支出
S100YADW,E04217,90400,大宝運輸株式会社,2026-03-20,8084610000.0,,10500000.0,,681.0,,2,
S100Y9T5,E04460,94360,沖縄セルラー電話株式会社,2026-03-31,86348000000.0,181000000.0,96000000.0,無形資産,545.0,,2,無形固定資産の取得による支出
S100Y8NY,E02144,72030,トヨタ自動車株式会社,2026-03-31,18259979000000.0,,,,390927.0,,2,
S100YA7J,E36703,73800,株式会社十六フィナンシャルグループ,2026-03-31,169093000000.0,2965000000.0,2956000000.0,無形資産,2322.0,,2,無形固定資産の取得による支出
S100YA84,E03814,86970,株式会社日本取引所グループ,2026-03-31,198735000000.0,7499000000.0,13437000000.0,無形資産,1268.0,,2,無形資産の取得による支出
S100Y9N3,E02162,72830,愛三工業株式会社,2026-03-31,330834000000.0,,,,8712.0,,2,
S100YAIC,E40164,296A0,令和アカウンティング・ホールディングス株式会社,2026-03-31,5705099000.0,59200000.0,2990000.0,無形資産,326.0,,2,無形固定資産の取得による支出
S100YAL6,E02692,82850,三谷産業株式会社,2026-03-31,117531000000.0,482000000.0,269000000.0,無形資産,3569.0,,2,無形固定資産の取得による支出
S100YA6U,E02409,59060,エムケー精工株式会社,2026-03-20,29788221000.0,53456000.0,71645000.0,無形資産,1258.0,,2,無形固定資産の取得による支出
S100YARY,E36928,43730,シンプレクス・ホールディングス株式会社,2026-03-31,58682000000.0,24000000.0,9000000.0,無形資産,1850.0,,2,無形資産の取得による支出
S100YA1U,E00112,18350,東鉄工業株式会社,2026-03-31,163018353000.0,132958000.0,181460000.0,無形資産,1921.0,,2,無形固定資産の取得による支出
S100YA32,E32022,71860,株式会社横浜フィナンシャルグループ,2026-03-31,490724000000.0,9499000000.0,5631000000.0,無形資産,6313.0,,2,無形固定資産の取得による支出
S100Y9T1,E01892,69020,株式会社デンソー,2026-03-31,7539975000000.0,64019000000.0,65351000000.0,無形資産,154716.0,,2,無形資産の取得による支出
S100Y9Z9,E03926,,鷹之台ゴルフ株式会社,2026-03-31,156695000.0,,,,1.0,,2,
S100Y9U0,E03398,27530,株式会社　あみやき亭,2026-03-31,37711000000.0,24000000.0,6000000.0,無形資産,635.0,,2,無形固定資産の取得による支出
S100Y9UP,E03851,87950,株式会社Ｔ＆Ｄホールディングス,2026-03-31,169118000000.0,,,,21268.0,,2,
S100YA1Y,E00730,78570,セキ株式会社,2026-03-31,12132853000.0,4450000.0,1950000.0,無形資産,484.0,,2,無形固定資産の取得による支出
S100Y9RT,E37777,58310,株式会社しずおかフィナンシャルグループ,2026-03-31,438546000000.0,11097000000.0,9318000000.0,無形資産,4226.0,,2,無形固定資産の取得による支出
S100YAYL,E04187,90640,ヤマトホールディングス株式会社,2026-03-31,1865675000000.0,,,,174696.0,,2,
S100YB05,E00939,45230,エーザイ株式会社,2026-03-31,825378000000.0,25808000000.0,11036000000.0,無形資産,10543.0,,2,無形資産の取得による支出
S100YB11,E01210,53440,株式会社ＭＡＲＵＷＡ,2026-03-31,74476000000.0,50000000.0,185000000.0,無形資産,1322.0,,2,無形固定資産の取得による支出
S100YAZT,E04109,90460,神戸電鉄株式会社,2026-03-31,23347000000.0,,,,827.0,,2,
S100YAOX,E36700,73810,株式会社ＣＣＩグループ,2026-03-31,167102000000.0,10307000000.0,5971000000.0,無形資産,1950.0,,2,無形固定資産の取得による支出
S100YAUW,E05669,38410,株式会社ジーダット,2026-03-31,2041604000.0,,3000000.0,,130.0,,2,
S100YANQ,E03772,86240,いちよし証券株式会社,2026-03-31,24579000000.0,465000000.0,392000000.0,無形資産,1014.0,,2,無形固定資産の取得による支出
S100YATP,E00937,49970,日本農薬株式会社,2026-03-31,111822000000.0,438000000.0,814000000.0,無形資産,1527.0,,2,無形固定資産の取得による支出
S100Y8O1,E03554,83340,株式会社　群馬銀行,2026-03-31,264965000000.0,3040000000.0,2170000000.0,無形資産,2899.0,,2,無形固定資産の取得による支出
S100YA6H,E02497,80010,伊藤忠商事株式会社,2026-03-31,14823087000000.0,,,,114570.0,,2,
S100YATA,E31054,60350,株式会社アイ・アールジャパンホールディングス,2026-03-31,6141932000.0,279365000.0,271440000.0,無形資産,183.0,,2,無形固定資産の取得による支出
S100Y992,E00436,28020,味の素株式会社,2026-03-31,1583719000000.0,8104000000.0,6986000000.0,無形資産,34787.0,,2,無形資産の取得による支出
S100YB1Q,E00995,79710,東リ株式会社,2026-03-31,112337000000.0,263000000.0,193000000.0,無形資産,1940.0,,2,無形固定資産の取得による支出
S100YAMN,E04841,97090,ＮＣＳ＆Ａ株式会社,2026-03-31,22485991000.0,491619000.0,430667000.0,無形資産,1228.0,,2,無形固定資産の取得による支出
S100YAX4,E34113,73270,株式会社第四北越フィナンシャルグループ,2026-03-31,260253000000.0,1723000000.0,1892000000.0,無形資産,3456.0,,2,無形固定資産の取得による支出
S100YAMP,E03587,83880,株式会社阿波銀行,2026-03-31,95363000000.0,724000000.0,1320000000.0,無形資産,1410.0,,2,無形固定資産の取得による支出
S100YARD,E02528,80530,住友商事株式会社,2026-03-31,7337259000000.0,,,,82488.0,,2,
S100YAWO,E01593,72590,株式会社アイシン,2026-03-31,5117764000000.0,18351000000.0,17571000000.0,無形資産,113292.0,,2,無形資産の取得による支出
S100YAVM,E30103,71670,株式会社めぶきフィナンシャルグループ,2026-03-31,443313000000.0,3387000000.0,3589000000.0,無形資産,5880.0,,2,無形固定資産の取得による支出
S100YB7U,E03739,87050,日産証券グループ株式会社,2026-03-31,8631114000.0,212174000.0,1500000.0,無形資産,254.0,,2,無形固定資産の取得による支出
S100YAVT,E02513,80310,三井物産株式会社,2026-03-31,13995222000000.0,,,,55463.0,,2,
S100YB25,E02529,80580,三菱商事株式会社,2026-03-31,18915995000000.0,,,,63037.0,,2,
S100YB93,E00989,49020,コニカミノルタ株式会社,2026-03-31,1087738000000.0,13187000000.0,15569000000.0,無形資産,34363.0,,2,無形資産の取得による支出
S100YAIZ,E09753,71640,全国保証株式会社,2026-03-31,58739000000.0,319000000.0,804000000.0,無形資産,378.0,,2,無形固定資産の取得による支出
S100YAY4,E02498,80020,丸紅株式会社,2026-03-31,8265841000000.0,,,,52658.0,,2,
S100YAQW,E31612,71800,株式会社九州フィナンシャルグループ,2026-03-31,263250000000.0,9349000000.0,6222000000.0,無形資産,4858.0,,2,無形固定資産の取得による支出
S100YB34,E05355,,ＮＴＴファイナンス株式会社,2026-03-31,356831000000.0,,,,2785.0,,2,
S100YBB2,E33623,43900,株式会社アイ・ピー・エス,2026-03-31,16999000000.0,706000000.0,1239000000.0,無形資産,766.0,,2,無形固定資産の取得による支出
S100YB8F,E37206,42620,ニフティライフスタイル株式会社,2026-03-31,5238123000.0,200660000.0,157157000.0,無形資産,119.0,,2,無形固定資産の取得による支出
S100YBAY,E00820,42040,積水化学工業株式会社,2026-03-31,1309281000000.0,12806000000.0,12213000000.0,無形資産,26752.0,,2,無形固定資産の取得による支出
S100YAUM,E02909,47430,株式会社アイティフォー,2026-03-31,23101002000.0,450778000.0,178439000.0,無形資産,892.0,,2,無形固定資産の取得による支出
S100YAOT,E03235,74190,株式会社ノジマ,2026-03-31,982804000000.0,7024000000.0,2785000000.0,無形資産,12112.0,,2,無形固定資産の取得による支出
S100YAZQ,E01074,81310,株式会社ミツウロコグループホールディングス,2026-03-31,339498000000.0,1253000000.0,757000000.0,無形資産,1759.0,,2,無形固定資産の取得による支出
S100YA20,E00945,45280,小野薬品工業株式会社,2026-03-31,515785000000.0,47246000000.0,2559000000.0,無形資産,4206.0,,2,無形資産の取得による支出
S100Y9OW,E00806,40820,第一稀元素化学工業株式会社,2026-03-31,35751000000.0,83000000.0,407000000.0,無形資産,709.0,,2,無形固定資産の取得による支出
S100Y9NY,E01188,53670,株式会社ニッカトー,2026-03-31,11340906000.0,28025000.0,30857000.0,無形資産,279.0,,2,無形固定資産の取得による支出
S100YB7Y,E03953,88600,フジ住宅株式会社,2026-03-31,138332189000.0,156807000.0,148750000.0,無形資産,931.0,,2,無形固定資産の取得による支出
S100YAWY,E23250,87140,株式会社池田泉州ホールディングス,2026-03-31,117417000000.0,2428000000.0,1217000000.0,無形資産,2244.0,,2,無形固定資産の取得による支出
S100YB2W,E02517,80980,稲畑産業株式会社,2026-03-31,832745000000.0,5548000000.0,2372000000.0,無形資産,4719.0,,2,無形固定資産の取得による支出
S100YBJ3,E02760,99320,杉本商事株式会社,2026-03-31,48611621000.0,9998000.0,738762000.0,無形資産,592.0,,2,無形固定資産の取得による支出
S100YBFQ,E00119,19640,中外炉工業株式会社,2026-03-31,37332000000.0,119000000.0,75000000.0,無形資産,748.0,,2,無形固定資産の取得による支出
S100YB46,E00967,45440,Ｈ．Ｕ．グループホールディングス株式会社,2026-03-31,247362000000.0,2507000000.0,6231000000.0,無形資産,5157.0,,2,無形固定資産の取得による支出
S100YBAP,E03632,85240,株式会社北洋銀行,2026-03-31,235927000000.0,3571000000.0,2418000000.0,無形資産,2828.0,,2,無形固定資産の取得による支出
S100YBA0,E04106,90440,株式会社ＮＡＮＫＡＩ,2026-03-31,264714000000.0,,,,9408.0,,2,
S100YBM8,E05062,43070,株式会社野村総合研究所,2026-03-31,814708000000.0,40467000000.0,42942000000.0,無形資産,16894.0,,2,無形資産の取得による支出
S100YBCU,E00878,44010,株式会社ＡＤＥＫＡ,2026-03-31,416563000000.0,2287000000.0,2181000000.0,無形資産,5434.0,,2,無形固定資産の取得による支出
S100Y9W6,E03550,83460,株式会社東邦銀行,2026-03-31,92465000000.0,1220000000.0,1275000000.0,無形資産,2037.0,,2,無形固定資産の取得による支出
S100YAZE,E03562,83600,株式会社　山梨中央銀行,2026-03-31,86104000000.0,751000000.0,1745000000.0,無形資産,1649.0,,2,無形固定資産の取得による支出
S100YBOB,E00957,45390,日本ケミファ株式会社,2026-03-31,33090000000.0,98000000.0,263000000.0,無形資産,878.0,,2,無形固定資産の取得による支出
S100YAM0,E03545,83410,株式会社七十七銀行,2026-03-31,211208000000.0,33000000.0,11000000.0,無形資産,2456.0,,2,無形固定資産の取得による支出
S100YB0D,E37785,58320,株式会社ちゅうぎんフィナンシャルグループ,2026-03-31,249074000000.0,2266000000.0,899000000.0,無形資産,3025.0,,2,無形固定資産の取得による支出
S100YBEF,E04867,96630,株式会社ナガワ,2026-03-31,35385000000.0,,,,552.0,,2,
S100YBKB,E01413,59300,文化シヤッター株式会社,2026-03-31,236282000000.0,248000000.0,541000000.0,無形資産,5546.0,,2,無形固定資産の取得による支出
S100YBPW,E31012,28830,株式会社大冷,2026-03-31,25053423000.0,562000.0,116800000.0,無形資産,146.0,,2,無形固定資産の取得による支出
S100YATN,E03546,83430,株式会社秋田銀行,2026-03-31,61062000000.0,417000000.0,241000000.0,無形資産,1175.0,,2,無形固定資産の取得による支出
S100YBIH,E00138,19670,株式会社ヤマト,2026-03-20,54327010000.0,334694000.0,215430000.0,無形資産,1161.0,,2,無形固定資産の取得による支出
S100YAO1,E01769,67410,日本信号株式会社,2026-03-31,114071000000.0,1043000000.0,908000000.0,無形資産,3066.0,,2,無形固定資産の取得による支出
S100Y9UU,E04348,97260,ＫＮＴ－ＣＴホールディングス株式会社,2026-03-31,297065000000.0,,,,3305.0,,2,
S100YA4U,E03588,83860,株式会社百十四銀行,2026-03-31,108556000000.0,2431000000.0,2005000000.0,無形資産,2107.0,,2,無形固定資産の取得による支出
S100YAEV,E05304,23270,日鉄ソリューションズ株式会社,2026-03-31,381340000000.0,,,,10276.0,,2,
S100YBDH,E02560,80510,株式会社山善,2026-03-31,541885000000.0,,,,3309.0,,2,
S100YBGE,E04093,90100,富士急行株式会社,2026-03-31,53517281000.0,,,,1979.0,,2,
S100YBAF,E02203,72780,株式会社エクセディ,2026-03-31,303933000000.0,1185000000.0,476000000.0,無形資産,10970.0,,2,無形資産の取得による支出
S100YAHE,E01967,68610,株式会社キーエンス,2026-03-20,1169289000000.0,,,,12784.0,,2,
S100YBGB,E36346,,ＮＴＴ・ＴＣリース株式会社,2026-03-31,438100000000.0,,,,887.0,,2,
S100Y9NL,E00118,18500,南海辰村建設株式会社,2026-03-31,45797000000.0,31000000.0,24000000.0,無形資産,511.0,,2,無形固定資産の取得による支出
S100YBFP,E21187,58570,ＡＲＥホールディングス株式会社,2026-03-31,569992000000.0,814000000.0,299000000.0,無形資産,998.0,,2,無形資産の取得による支出
S100YBHI,E30746,71730,株式会社東京きらぼしフィナンシャルグループ,2026-03-31,199262000000.0,3122000000.0,2957000000.0,無形資産,2744.0,,2,無形固定資産の取得による支出
S100YBG6,E05518,37780,さくらインターネット株式会社,2026-03-31,35301649000.0,1106251000.0,895994000.0,無形資産,1135.0,,2,無形固定資産の取得による支出
S100YAST,E01757,65900,芝浦メカトロニクス株式会社,2026-03-31,88039000000.0,,,,1269.0,,2,
S100YBKG,E02002,79310,未来工業株式会社,2026-03-20,45673000000.0,,,,1295.0,,2,
S100YB9P,E00783,40910,日本酸素ホールディングス株式会社,2026-03-31,1359611000000.0,,,,20411.0,,2,
S100YBL8,E00371,22090,井村屋グループ株式会社,2026-03-31,53723528000.0,9628000.0,1781000.0,無形資産,964.0,,2,無形固定資産の取得による支出
S100YBHZ,E00906,41200,スガイ化学工業株式会社,2026-03-31,6432802000.0,29847000.0,9645000.0,無形資産,176.0,,2,無形固定資産の取得による支出
S100YBIB,E37725,58300,株式会社いよぎんホールディングス,2026-03-31,266118000000.0,4272000000.0,4017000000.0,無形資産,3098.0,,2,無形固定資産の取得による支出
S100YAUN,E03563,83590,株式会社八十二長野銀行,2026-03-31,305443000000.0,,,,4128.0,,2,
S100YBL0,E01696,62940,オカダアイヨン株式会社,2026-03-31,26991439000.0,154147000.0,45277000.0,無形資産,497.0,,2,無形固定資産の取得による支出
S100YC95,E03760,86130,丸三証券株式会社,2026-03-31,21725000000.0,,,,1130.0,,2,
S100YC07,E02686,49560,コニシ株式会社,2026-03-31,136569000000.0,2454000000.0,1064000000.0,無形資産,1561.0,,2,無形固定資産の取得による支出
S100YBV4,E02955,27600,東京エレクトロンデバイス株式会社,2026-03-31,203748000000.0,109000000.0,210000000.0,無形資産,1408.0,,2,無形固定資産の取得による支出
S100YBSD,E31064,95510,メタウォーター株式会社,2026-03-31,209844000000.0,2423000000.0,2422000000.0,無形資産,3427.0,,2,無形固定資産の取得による支出
S100YCBD,E02745,99020,株式会社日伝,2026-03-31,141033000000.0,188000000.0,279000000.0,無形資産,1050.0,,2,無形固定資産の取得による支出
S100YBU8,E03583,83810,株式会社山陰合同銀行,2026-03-31,167078000000.0,998000000.0,853000000.0,無形資産,1906.0,,2,無形固定資産の取得による支出
S100YC5I,E23202,22700,雪印メグミルク株式会社,2026-03-31,615761000000.0,,,,5844.0,,2,
S100YBT6,E04235,91010,日本郵船株式会社,2026-03-31,2423689000000.0,,,,39830.0,,2,
S100YBGF,E00052,18010,大成建設株式会社,2026-03-31,2089091000000.0,,,,18503.0,,2,
S100YCDE,E03041,82530,株式会社クレディセゾン,2026-03-31,472770000000.0,,,,6346.0,,2,
S100YC9F,E03572,83640,株式会社清水銀行,2026-03-31,33674000000.0,123000000.0,1061000000.0,無形資産,926.0,,2,無形固定資産の取得による支出
S100YB17,E00428,26020,日清オイリオグループ株式会社,2026-03-31,554251000000.0,,,,3286.0,,2,
S100YBLG,E00913,46260,太陽ホールディングス株式会社,2026-03-31,137851000000.0,396000000.0,983000000.0,無形資産,2561.0,,2,無形固定資産の取得による支出
S100YC0N,E00488,28760,株式会社デルソーレ,2026-03-31,14620266000.0,11946000.0,1400000.0,無形資産,241.0,,2,無形固定資産の取得による支出
S100YBXA,E03693,85720,アコム株式会社,2026-03-31,337709000000.0,5111000000.0,6130000000.0,無形資産,5626.0,,2,無形固定資産の取得による支出
S100YBZA,E01480,61010,株式会社ツガミ,2026-03-31,129140000000.0,23000000.0,72000000.0,無形資産,3515.0,,2,無形資産の取得による支出
S100YBNS,E04497,94120,スカパーＪＳＡＴ株式会社,2026-03-31,127584000000.0,3109000000.0,2376000000.0,無形資産,769.0,,2,無形固定資産の取得による支出
S100YCFK,E04148,90210,西日本旅客鉄道株式会社,2026-03-31,1845840000000.0,,,,47225.0,,2,
S100YC4K,E02643,81330,伊藤忠エネクス株式会社,2026-03-31,851235000000.0,2031000000.0,4230000000.0,無形資産,5193.0,,2,無形資産の取得による支出
S100YBFF,E02275,77520,株式会社リコー,2026-03-31,2608314000000.0,32755000000.0,32594000000.0,無形資産,75635.0,,2,無形資産の取得による支出
S100YA8B,E03071,81300,株式会社サンゲツ,2026-03-31,206441000000.0,734000000.0,720000000.0,無形資産,3299.0,,2,無形固定資産の取得による支出
S100Y9TE,E04377,,東北放送株式会社,2026-03-31,7196683000.0,31467000.0,41969000.0,無形資産,165.0,,2,無形固定資産の取得による支出
S100YCGP,E04904,96190,株式会社イチネンホールディングス,2026-03-31,162254000000.0,,,,2067.0,,2,
S100YC54,E04889,96400,株式会社セゾンテクノロジー,2026-03-31,21917356000.0,,,,734.0,,2,
S100YCBI,E01667,63490,株式会社小森コーポレーション,2026-03-31,118611000000.0,,,,2622.0,,2,
S100YCGC,E03819,87040,トレイダーズホールディングス株式会社,2026-03-31,13218000000.0,355000000.0,343000000.0,無形資産,285.0,,2,無形固定資産の取得による支出
S100YB3N,E02770,99620,株式会社　ミスミグループ本社,2026-03-31,441383000000.0,,,,11304.0,,2,
S100YC0P,E00884,44710,三洋化成工業株式会社,2026-03-31,127859000000.0,,,,1626.0,,2,
S100YC1Q,E30728,20600,フィード・ワン株式会社,2026-03-31,290675000000.0,,,,935.0,,2,
S100YCIP,E36723,50760,インフロニア・ホールディングス株式会社,2026-03-31,26246000000.0,,,,13837.0,,2,
S100YCID,E02501,80070,高島株式会社,2026-03-31,90642000000.0,147000000.0,182000000.0,無形資産,1200.0,,2,無形固定資産の取得による支出
S100YBV5,E03618,83770,株式会社ほくほくフィナンシャルグループ,2026-03-31,277468000000.0,7191000000.0,2365000000.0,無形資産,4618.0,,2,無形固定資産の取得による支出
S100YCCS,E00446,28710,株式会社ニチレイ,2026-03-31,716144000000.0,1928000000.0,1034000000.0,無形資産,17763.0,,2,無形固定資産の取得による支出
S100YC5V,E05215,42990,株式会社ハイマックス,2026-03-31,18216000000.0,,,,967.0,,2,
S100YCAP,E02836,74770,ムラキ株式会社,2026-03-31,7825424000.0,,168000.0,,137.0,,2,
S100YBU2,E05688,38480,株式会社データ・アプリケーション,2026-03-31,4322364000.0,2390000.0,13774000.0,無形資産,253.0,,2,無形固定資産の取得による支出
S100YC6I,E01506,61460,株式会社ディスコ,2026-03-31,436889000000.0,84000000.0,69000000.0,無形資産,5547.0,,2,無形固定資産の取得による支出
S100YCFQ,E02713,98570,英和株式会社,2026-03-31,48846182000.0,38408000.0,5215000.0,無形資産,400.0,,2,無形固定資産の取得による支出
S100YCMC,E02213,72110,三菱自動車工業株式会社,2026-03-31,2896536000000.0,10257000000.0,16095000000.0,無形資産,27695.0,,2,無形固定資産の取得による支出
S100YBWO,E37560,92210,フルハシＥＰＯ株式会社,2026-03-31,10007983000.0,11778000.0,44225000.0,無形資産,487.0,,2,無形固定資産の取得による支出
S100YBHC,E01712,63240,株式会社ハーモニック・ドライブ・システムズ,2026-03-31,59557877000.0,252994000.0,452277000.0,無形資産,1419.0,,2,無形固定資産の取得による支出
S100YCI4,E32990,93250,ファイズホールディングス株式会社,2026-03-31,40322860000.0,21786000.0,21118000.0,無形資産,812.0,,2,無形固定資産の取得による支出
S100YBIN,E02509,80140,蝶理株式会社,2026-03-31,299293000000.0,476000000.0,2120000000.0,無形資産,1444.0,,2,無形固定資産の取得による支出
S100YBPK,E00920,45030,アステラス製薬株式会社,2026-03-31,2139245000000.0,26922000000.0,20327000000.0,無形資産,14099.0,,2,無形資産の取得による支出
S100YBQC,E03407,27670,円谷フィールズホールディングス株式会社,2026-03-31,174142000000.0,592000000.0,289000000.0,無形資産,1774.0,,2,無形固定資産の取得による支出
S100YC72,E01138,53320,ＴＯＴＯ株式会社,2026-03-31,737441000000.0,6682000000.0,6145000000.0,無形資産,30324.0,,2,無形固定資産の取得による支出
S100YCP3,E04430,94320,ＮＴＴ株式会社,2026-03-31,14409121000000.0,,,,344196.0,,2,
S100YBEM,E02567,80880,岩谷産業株式会社,2026-03-31,908522000000.0,7430000000.0,11204000000.0,無形資産,12113.0,,2,無形固定資産の取得による支出
S100YBTV,E02552,80120,長瀬産業株式会社,2026-03-31,972783000000.0,2749000000.0,2630000000.0,無形資産,7756.0,,2,無形固定資産の取得による支出
S100Y9ZW,E27303,60730,株式会社アサンテ,2026-03-31,14355750000.0,,,,1013.0,,2,
S100YCNU,E05539,33930,スターティアホールディングス株式会社,2026-03-31,23790045000.0,,,,974.0,,2,
S100YCHD,E35449,62310,木村工機株式会社,2026-03-31,17922379000.0,60488000.0,58325000.0,無形資産,386.0,,2,無形固定資産の取得による支出
S100YC38,E01164,79950,株式会社バルカー,2026-03-31,58556000000.0,491000000.0,538000000.0,無形資産,1582.0,,2,無形固定資産の取得による支出
S100YCOW,E40223,303A0,株式会社ｖｉｓｕｍｏ,2026-03-31,973156000.0,171260000.0,106116000.0,無形資産,50.0,,2,無形固定資産の取得による支出
S100YC75,E39222,58920,株式会社ｙｕｔｏｒｉ,2026-03-31,14234678000.0,15048000.0,59197000.0,無形資産,261.0,,2,無形固定資産の取得による支出
S100YCOY,E33435,34840,株式会社イノベーションホールディングス,2026-03-31,20012419000.0,9427000.0,7854000.0,無形資産,196.0,,2,無形固定資産の取得による支出
S100YBXE,E02481,78320,株式会社バンダイナムコホールディングス,2026-03-31,1348246000000.0,10010000000.0,8882000000.0,無形資産,11457.0,,2,無形固定資産の取得による支出
S100YCGO,E02417,96970,株式会社カプコン,2026-03-31,195365000000.0,705000000.0,431000000.0,無形資産,3976.0,,2,無形固定資産の取得による支出
S100YCPU,E34716,70570,株式会社エヌ・シー・エヌ,2026-03-31,8414212000.0,59101000.0,142665000.0,無形資産,144.0,,2,無形固定資産の取得による支出
S100YBXW,E04220,90370,株式会社ハマキョウレックス,2026-03-31,155500000000.0,134000000.0,101000000.0,無形資産,6010.0,,2,無形固定資産の取得による支出
S100YCOS,E01595,64450,株式会社ジャノメ,2026-03-31,38968000000.0,66000000.0,120000000.0,無形資産,2424.0,,2,無形固定資産の取得による支出
S100YC7R,E26327,71570,ライフネット生命保険株式会社,2026-03-31,,,,,242.0,,2,
S100YC4Y,E02077,67300,株式会社アクセル,2026-03-31,14656000000.0,1000000.0,11000000.0,無形資産,132.0,,2,無形固定資産の取得による支出
S100YCBQ,E05521,37980,ＵＬＳグループ株式会社,2026-03-31,16600000000.0,3000000.0,0.0,無形資産,820.0,,2,無形固定資産の取得による支出
S100YCOR,E05097,47650,ＳＢＩグローバルアセットマネジメント株式会社,2026-03-31,27859646000.0,452209000.0,143226000.0,無形資産,357.0,,2,無形固定資産の取得による支出
S100YC7A,E06141,87500,株式会社第一ライフグループ,2026-03-31,334518000000.0,42618000000.0,44347000000.0,無形資産,60138.0,,2,無形固定資産の取得による支出
S100YCDM,E01152,52080,株式会社有沢製作所,2026-03-31,56474000000.0,121518000.0,39330000.0,無形資産,1583.0,,2,無形固定資産の取得による支出
S100YBKA,E03575,83660,株式会社滋賀銀行,2026-03-31,159056000000.0,3970000000.0,1369000000.0,無形資産,2243.0,,2,無形固定資産の取得による支出
S100YC9O,E03867,88180,京阪神ビルディング株式会社,2026-03-31,20255000000.0,5000000.0,14000000.0,無形資産,66.0,,2,無形固定資産の取得による支出
S100YBRY,E04209,90570,遠州トラック株式会社,2026-03-31,49947000000.0,694000000.0,479000000.0,無形資産,1378.0,,2,無形固定資産の取得による支出
S100YCRO,E03531,83040,株式会社あおぞら銀行,2026-03-31,242314000000.0,4946000000.0,4628000000.0,無形資産,2515.0,,2,無形固定資産の取得による支出
S100YCWP,E05173,48320,ＪＦＥシステムズ株式会社,2026-03-31,57410583000.0,1149241000.0,1148940000.0,無形資産,1960.0,,2,無形固定資産の取得による支出
S100YBV8,E00037,15180,三井松島ホールディングス株式会社,2026-03-31,65468000000.0,,,,1746.0,,2,
S100YC8S,E05065,17380,株式会社ニットー,2026-03-31,11088486000.0,230000.0,865000.0,無形資産,439.0,,2,無形固定資産の取得による支出
S100YBGN,E05350,23710,株式会社カカクコム,2026-03-31,94127000000.0,1939000000.0,2189000000.0,無形資産,1421.0,,2,無形資産の取得による支出
S100YCY5,E01430,59330,アルインコ株式会社,2026-03-20,62632103000.0,202887000.0,51553000.0,無形資産,1471.0,,2,無形固定資産の取得による支出
S100YCLR,E04102,90410,近鉄グループホールディングス株式会社,2026-03-31,1750307000000.0,,,,44759.0,,2,
S100YBGM,E03611,83090,三井住友トラストグループ株式会社,2026-03-31,2983544000000.0,73831000000.0,72885000000.0,無形資産,22526.0,,2,無形固定資産の取得による支出
S100YCBL,E04103,90420,阪急阪神ホールディングス株式会社,2026-03-31,1203506000000.0,,,,23867.0,,2,
S100YBGJ,E03627,,三井住友信託銀行株式会社,2026-03-31,2819918000000.0,69692000000.0,70739000000.0,無形資産,20645.0,,2,無形固定資産の取得による支出
S100YD0F,E05466,37630,株式会社プロシップ,2026-03-31,8374549000.0,669134000.0,270613000.0,無形資産,259.0,,2,無形固定資産の取得による支出
S100YCH4,E02869,75520,株式会社ハピネット,2026-03-31,439052000000.0,278000000.0,412000000.0,無形資産,1113.0,,2,無形固定資産の取得による支出
S100YD1Z,E05593,24880,ＪＴＰ株式会社,2026-03-31,9897031000.0,47022000.0,41873000.0,無形資産,459.0,,2,無形固定資産の取得による支出
S100YCJ4,E27016,49290,株式会社アジュバンホールディングス,2026-03-20,3813665000.0,21509000.0,13965000.0,無形資産,123.0,,2,無形固定資産の取得による支出
S100YCYB,E03293,75540,株式会社幸楽苑,2026-03-31,29404657000.0,3583000.0,8100000.0,無形資産,581.0,,2,無形固定資産の取得による支出
S100YCUS,E01368,59520,アマテイ株式会社,2026-03-31,5374402000.0,2886000.0,2887000.0,無形資産,155.0,,2,無形固定資産の取得による支出
S100YCU0,E00774,40610,デンカ株式会社,2026-03-31,384247000000.0,480000000.0,1078000000.0,無形資産,6454.0,,2,無形固定資産の取得による支出
S100YD2Y,E01780,67620,ＴＤＫ株式会社,2026-03-31,2504820000000.0,,,,106545.0,,2,
S100YD3Z,E02013,68990,ＡＳＴＩ株式会社,2026-03-31,62400669000.0,58159000.0,66227000.0,無形資産,4282.0,,2,無形固定資産の取得による支出
S100YCRS,E00467,250A0,シマダヤ株式会社,2026-03-31,41061218000.0,31975000.0,21252000.0,無形資産,832.0,,2,無形固定資産の取得による支出
S100YD4O,E01367,59910,日本発條株式会社,2026-03-31,816879000000.0,2077000000.0,1082000000.0,無形資産,18121.0,,2,無形固定資産の取得による支出
S100YD4T,E04354,90870,タカセ株式会社,2026-03-31,8491508000.0,,,,199.0,,2,
S100YC3L,E40736,417A0,株式会社ブルーゾーンホールディングス,2026-03-31,783434000000.0,2692000000.0,,無形資産,5766.0,,2,無形固定資産の取得による支出
S100YD39,E02832,74750,アルビス株式会社,2026-03-31,100952000000.0,106000000.0,79000000.0,無形資産,1026.0,,2,無形固定資産の取得による支出
S100YCZ3,E03938,88440,株式会社コスモスイニシア,2026-03-31,149296000000.0,207000000.0,416000000.0,無形資産,1295.0,,2,無形固定資産の取得による支出
S100YCMP,E03753,86010,株式会社大和証券グループ本社,2026-03-31,1467983000000.0,43156000000.0,38471000000.0,無形資産,14984.0,,2,無形固定資産の取得による支出
S100YCH0,E02225,72990,フジオーゼックス株式会社,2026-03-31,29092989000.0,10007000.0,12688000.0,無形資産,1261.0,,2,無形固定資産の取得による支出
S100YCEI,E03676,,株式会社佐賀共栄銀行,2026-03-31,7885000000.0,33000000.0,11000000.0,無形資産,215.0,,2,無形固定資産の取得による支出
S100YCVX,E01294,56950,パウダーテック株式会社,2026-03-31,9140804000.0,37158000.0,281000.0,無形資産,262.0,,2,無形固定資産の取得による支出
S100YCOQ,E04806,85950,ジャフコ　グループ株式会社,2026-03-31,21619000000.0,21000000.0,,無形資産,133.0,,2,無形固定資産の取得による支出
S100YCZN,E35810,73370,株式会社ひろぎんホールディングス,2026-03-31,251214000000.0,7475000000.0,6319000000.0,無形資産,3708.0,,2,無形固定資産の取得による支出
S100YCH9,E03493,78230,株式会社アートネイチャー,2026-03-31,44600000000.0,322000000.0,825000000.0,無形資産,3851.0,,2,無形固定資産の取得による支出
S100YBD2,E03641,85440,株式会社　京葉銀行,2026-03-31,108656000000.0,1713000000.0,3799000000.0,無形資産,1837.0,,2,無形固定資産の取得による支出
S100YCGZ,E03683,,株式会社　沖縄海邦銀行,2026-03-31,16009000000.0,,,,618.0,,2,
S100YCJ1,E04959,46440,イマジニア株式会社,2026-03-31,5690439000.0,,,,125.0,,2,
S100YCRI,E05317,23420,株式会社トランスジェニックグループ,2026-03-31,13174425000.0,,,,227.0,,2,
S100YBU1,E01123,52040,石塚硝子株式会社,2026-03-20,59510000000.0,,,,1880.0,,2,
S100YC1N,E03623,84100,株式会社セブン銀行,2026-03-31,220025000000.0,16327000000.0,21856000000.0,無形資産,1393.0,,2,無形固定資産の取得による支出
S100YBO0,E00818,42020,株式会社ダイセル,2026-03-31,579629000000.0,2689000000.0,2379000000.0,無形資産,11034.0,,2,無形固定資産の取得による支出
S100YD6O,E38168,29370,株式会社サンクゼール,2026-03-31,20600612000.0,5384000.0,9621000.0,無形資産,307.0,,2,無形固定資産の取得による支出
S100YD7L,E00685,38910,ニッポン高度紙工業株式会社,2026-03-31,18624523000.0,131606000.0,24597000.0,無形資産,462.0,,2,無形固定資産の取得による支出
S100YCGQ,E04650,,株式会社小倉カンツリー倶楽部,2026-03-31,475532000.0,558000.0,1153000.0,無形資産,43.0,,2,無形固定資産の取得による支出
S100YCTQ,E02427,79060,ヨネックス株式会社,2026-03-31,163643000000.0,444000000.0,149000000.0,無形資産,2980.0,,2,無形固定資産の取得による支出
S100YBNR,E01405,59920,中央発條株式会社,2026-03-31,110868647000.0,143964000.0,120264000.0,無形資産,3017.0,,2,無形固定資産の取得による支出
S100YAZ5,E00048,19250,大和ハウス工業株式会社,2026-03-31,5576861000000.0,,,,55712.0,,2,
S100YD7C,E03521,30990,株式会社三越伊勢丹ホールディングス,2026-03-31,545626000000.0,5863000000.0,5789000000.0,無形資産,8670.0,,2,無形固定資産の取得による支出
S100YCWN,E30443,90900,ＡＺ－ＣＯＭ丸和ホールディングス株式会社,2026-03-31,230531000000.0,491000000.0,448000000.0,無形資産,5462.0,,2,無形固定資産の取得による支出
S100YCXZ,E04357,93680,キムラユニティー株式会社,2026-03-31,64546000000.0,,,,2328.0,,2,
S100YBFC,E02394,79660,リンテック株式会社,2026-03-31,319385000000.0,542000000.0,385000000.0,無形資産,5237.0,,2,無形固定資産の取得による支出
S100YCSO,E01730,61610,株式会社エスティック,2026-03-20,8033668000.0,4078000.0,9228000.0,無形資産,228.0,,2,無形固定資産の取得による支出
S100YC6H,E03827,,損害保険ジャパン株式会社,2026-03-31,,18817000000.0,27995000000.0,無形資産,35424.0,,2,無形資産の取得による支出
S100YAOG,E02408,79490,小松ウオール工業株式会社,2026-03-31,46725000000.0,170000000.0,191000000.0,無形資産,1446.0,,2,無形固定資産の取得による支出
S100YCX4,E04233,32320,三重交通グループホールディングス株式会社,2026-03-31,110260994000.0,,,,3072.0,,2,
S100YCCG,E00852,43620,日本精化株式会社,2026-03-31,33796000000.0,26991000.0,39722000.0,無形資産,713.0,,2,無形固定資産の取得による支出
S100YCP7,E00829,78710,フクビ化学工業株式会社,2026-03-31,40594000000.0,95000000.0,137000000.0,無形資産,998.0,,2,無形固定資産の取得による支出
S100YBUN,E03733,87370,株式会社あかつき本社,2026-03-31,68718280000.0,129469000.0,131613000.0,無形資産,443.0,,2,無形固定資産の取得による支出
S100YC6Z,E23924,86300,ＳＯＭＰＯホールディングス株式会社,2026-03-31,355869000000.0,25194000000.0,32425000000.0,無形資産,55702.0,,2,無形資産の取得による支出
S100Y8YZ,E01601,64720,ＮＴＮ株式会社,2026-03-31,826344000000.0,3065000000.0,2910000000.0,無形資産,21305.0,,2,無形固定資産の取得による支出
S100YDAM,E02980,78370,株式会社アールシーコア,2026-03-31,10547594000.0,134019000.0,78881000.0,無形資産,229.0,,2,無形固定資産の取得による支出
S100YBP7,E00811,41140,株式会社日本触媒,2026-03-31,399898000000.0,722000000.0,1084000000.0,無形資産,4880.0,,2,無形資産の取得による支出
S100YC23,E01108,72820,豊田合成株式会社,2026-03-31,1146772000000.0,,,,41304.0,,2,
S100YD9M,E01019,49510,エステー株式会社,2026-03-31,48492000000.0,198000000.0,328000000.0,無形資産,739.0,,2,無形固定資産の取得による支出
S100YCW1,E03571,83580,スルガ銀行株式会社,2026-03-31,109912000000.0,1639000000.0,909000000.0,無形資産,1383.0,,2,無形固定資産の取得による支出
S100YCK1,E00015,13330,Ｕｍｉｏｓ株式会社,2026-03-31,1105890000000.0,1205000000.0,1316000000.0,無形資産,12479.0,,2,無形固定資産の取得による支出
S100YCEQ,E01806,65160,山洋電気株式会社,2026-03-31,107346000000.0,1390000000.0,1135000000.0,無形資産,3599.0,,2,無形資産の取得による支出
S100YD5L,E01317,59380,株式会社ＬＩＸＩＬ,2026-03-31,1510704000000.0,10679000000.0,10811000000.0,無形資産,48073.0,,2,無形資産の取得による支出
S100YCQQ,E01233,56320,三菱製鋼株式会社,2026-03-31,154557000000.0,125000000.0,166000000.0,無形資産,3864.0,,2,無形固定資産の取得による支出
S100YCL0,E05714,87290,ソニーフィナンシャルグループ株式会社,2026-03-31,2871029000000.0,24163000000.0,24452000000.0,無形資産,14042.0,,2,無形固定資産の取得による支出
S100YDAF,E33050,79400,ウェーブロックホールディングス株式会社,2026-03-31,25137073000.0,123876000.0,44680000.0,無形資産,628.0,,2,無形固定資産の取得による支出
S100YDE2,E33469,,三井住友トラスト・パナソニックファイナンス株式会社,2026-03-31,426618000000.0,,,,1131.0,,2,
S100YCPQ,E00183,19790,株式会社大気社,2026-03-31,,,,,5525.0,,2,
S100YDDN,E00830,42160,旭有機材株式会社,2026-03-31,80081000000.0,1182000000.0,244000000.0,無形資産,1748.0,,2,無形固定資産の取得による支出
S100YD7V,E05562,24970,ユナイテッド株式会社,2026-03-31,8863075000.0,126908000.0,157718000.0,無形資産,456.0,,2,無形固定資産の取得による支出
S100YCT4,E04861,96820,株式会社ＤＴＳ,2026-03-31,135213000000.0,326000000.0,498000000.0,無形資産,6135.0,,2,無形固定資産の取得による支出
S100YCXD,E32069,22960,伊藤ハム米久ホールディングス株式会社,2026-03-31,1071381000000.0,2890000000.0,2693000000.0,無形資産,6805.0,,2,無形固定資産の取得による支出
S100YB5L,E00919,45020,武田薬品工業株式会社,2026-03-31,4505720000000.0,234930000000.0,147046000000.0,無形資産,47029.0,,2,無形資産の取得による支出
S100YCV6,E02998,30360,アルコニックス株式会社,2026-03-31,219720000000.0,205000000.0,550000000.0,無形資産,3098.0,,2,無形固定資産の取得による支出
S100YAZU,E23820,86000,トモニホールディングス株式会社,2026-03-31,104775000000.0,1066000000.0,587000000.0,無形資産,2184.0,,2,無形固定資産の取得による支出
S100YD7F,E32967,95190,株式会社レノバ,2026-03-31,87622000000.0,509000000.0,235000000.0,無形資産,314.0,,2,無形資産の取得による支出
S100YCKH,E04775,85850,株式会社オリエントコーポレーション,2026-03-31,247631000000.0,,,,6411.0,,2,
S100YB28,E27281,32840,株式会社フージャースホールディングス,2026-03-31,138579000000.0,,,,924.0,,2,
S100YAZH,E02423,79170,ＺＡＣＲＯＳ株式会社,2026-03-31,158535000000.0,430000000.0,374000000.0,無形資産,2747.0,,2,無形固定資産の取得による支出
S100YC6U,E38645,55760,株式会社オービーシステム,2026-03-31,8655781000.0,,,,624.0,,2,
S100YCII,E22509,77750,大研医器株式会社,2026-03-31,10290984000.0,247000.0,1062000.0,無形資産,185.0,,2,無形固定資産の取得による支出
S100YB3J,E01469,60130,株式会社タクマ,2026-03-31,165620000000.0,208000000.0,268000000.0,無形資産,4504.0,,2,無形固定資産の取得による支出
S100YCAR,E01888,69880,日東電工株式会社,2026-03-31,1028171000000.0,,,,26477.0,,2,
S100YD0S,E05691,21520,幼児活動研究会株式会社,2026-03-31,7480051000.0,288000.0,3395000.0,無形資産,569.0,,2,無形固定資産の取得による支出
S100YCRR,E24545,94130,株式会社テレビ東京ホールディングス,2026-03-31,164915000000.0,2025000000.0,2185000000.0,無形資産,1672.0,,2,無形固定資産の取得による支出
S100YCS3,E01084,50190,出光興産株式会社,2026-03-31,8105891000000.0,11999000000.0,8670000000.0,無形資産,14392.0,,2,無形固定資産の取得による支出
S100YCU8,E03971,88710,株式会社ゴールドクレスト,2026-03-31,30445000000.0,2000000.0,51000000.0,無形資産,199.0,,2,無形固定資産の取得による支出
S100YDGM,E00486,28150,アリアケジャパン株式会社,2026-03-31,66957024000.0,2427000.0,16809000.0,無形資産,1201.0,,2,無形固定資産の取得による支出
S100YD3K,E02475,64600,セガサミーホールディングス株式会社,2026-03-31,487542000000.0,7100000000.0,6324000000.0,無形資産,9237.0,,2,無形固定資産の取得による支出
S100YCM2,E03602,83990,株式会社琉球銀行,2026-03-31,80322000000.0,1304000000.0,2420000000.0,無形資産,1802.0,,2,無形固定資産の取得による支出
S100YCXB,E02380,73130,テイ・エス　テック株式会社,2026-03-31,442316000000.0,2958000000.0,6424000000.0,無形資産,13558.0,,2,無形資産の取得による支出
S100YCHA,E02195,72410,フタバ産業株式会社,2026-03-31,677919000000.0,717000000.0,699000000.0,無形資産,10104.0,,2,無形固定資産の取得による支出
S100YCXM,E03176,98280,株式会社Ｇｅｎｋｉ　Ｇｌｏｂａｌ　Ｄｉｎｉｎｇ　Ｃｏｎｃｅｐｔｓ,2026-03-31,73711000000.0,280000000.0,67000000.0,無形資産,691.0,,2,無形固定資産の取得による支出
S100YCMX,E30982,71750,今村証券株式会社,2026-03-31,4914495000.0,5715000.0,18684000.0,無形資産,191.0,,2,無形固定資産の取得による支出
S100YC7N,E04147,90200,東日本旅客鉄道株式会社,2026-03-31,3084679000000.0,,,,70623.0,,2,
S100YCKF,E02671,81500,三信電気株式会社,2026-03-31,172366000000.0,247000000.0,65000000.0,ソフトウェア,642.0,,2,ソフトウエアの取得による支出
S100YD8M,E01060,49730,日本高純度化学株式会社,2026-03-31,18073141000.0,6856000.0,109320000.0,無形資産,60.0,,2,無形固定資産の取得による支出
S100YDG7,E02749,99080,日本電計株式会社,2026-03-31,133148547000.0,43556000.0,64777000.0,無形資産,1214.0,,2,無形固定資産の取得による支出
S100YBU3,E04473,94240,日本通信株式会社,2026-03-31,11633829000.0,1698827000.0,545680000.0,無形資産,156.0,,2,無形固定資産の取得による支出
S100YD65,E00717,94740,株式会社ゼンリン,2026-03-31,64277000000.0,,,,3574.0,,2,
S100YCZF,E03640,85580,株式会社東和銀行,2026-03-31,43504000000.0,517000000.0,981000000.0,無形資産,1232.0,,2,無形固定資産の取得による支出
S100YDOC,E05560,24750,ＷＤＢホールディングス株式会社,2026-03-31,50304985000.0,16747000.0,50509000.0,無形資産,5489.0,,2,無形固定資産の取得による支出
S100YDHD,E04612,,福井県観光開発株式会社,2026-03-31,705000000.0,1500000.0,1000000.0,無形資産,56.0,,2,無形固定資産の取得による支出
S100YDPE,E33825,43810,ビープラッツ株式会社,2026-03-31,727157000.0,169463000.0,307751000.0,無形資産,43.0,,2,無形固定資産の取得による支出
S100YD0G,E05677,38420,株式会社ネクストジェン,2026-03-31,4256981000.0,265656000.0,258188000.0,無形資産,148.0,,2,無形固定資産の取得による支出
S100YC6B,E04237,91070,川崎汽船株式会社,2026-03-31,1018364000000.0,5203000000.0,2377000000.0,無形資産,5262.0,,2,無形固定資産の取得による支出
S100YCON,E02194,59490,ユニプレス株式会社,2026-03-31,321943000000.0,445000000.0,356000000.0,無形資産,6916.0,,2,無形固定資産の取得による支出
S100YDBK,E02753,99140,株式会社　植松商会,2026-03-20,6631689000.0,18000000.0,3400000.0,無形資産,75.0,,2,無形固定資産の取得による支出
S100YD79,E01645,64900,株式会社ＰＩＬＬＡＲ,2026-03-31,59479000000.0,,,,1308.0,,2,
S100YD6A,E03543,83450,株式会社岩手銀行,2026-03-31,77495000000.0,630000000.0,355000000.0,無形資産,1365.0,,2,無形固定資産の取得による支出
S100YDT8,E02841,74860,サンリン株式会社,2026-03-31,30529000000.0,59000000.0,69000000.0,無形資産,552.0,,2,無形固定資産の取得による支出
S100YBCW,E02534,80180,三共生興株式会社,2026-03-31,23984000000.0,,,,247.0,,2,
S100YCTH,E04857,96860,東洋テック株式会社,2026-03-31,43071366000.0,112868000.0,58659000.0,無形資産,2096.0,,2,無形固定資産の取得による支出
S100YD7X,E04125,90520,山陽電気鉄道株式会社,2026-03-31,40132000000.0,,,,1930.0,,2,
S100YC4B,E00775,40620,イビデン株式会社,2026-03-31,416201000000.0,1126000000.0,1040000000.0,無形資産,11105.0,,2,無形固定資産の取得による支出
S100YD2K,E33693,73220,株式会社三十三フィナンシャルグループ,2026-03-31,93787000000.0,3741000000.0,1427000000.0,無形資産,2325.0,,2,無形固定資産の取得による支出
S100YDBM,E00542,31100,日東紡績株式会社,2026-03-31,118229000000.0,,,,2793.0,,2,
S100YD0K,E02997,30240,クリエイト株式会社,2026-03-31,37323461000.0,27545000.0,7829000.0,無形資産,591.0,,2,無形固定資産の取得による支出
S100YDUS,E02765,99550,株式会社ヨンキュウ,2026-03-31,47676039000.0,2194000.0,25096000.0,無形資産,134.0,,2,無形固定資産の取得による支出
S100YCB1,E03660,,株式会社西京銀行,2026-03-31,43508000000.0,453000000.0,958000000.0,無形資産,605.0,,2,無形固定資産の取得による支出
S100YDBW,E02357,77740,株式会社ジャパン・ティッシュエンジニアリング,2026-03-31,2182745000.0,3050000.0,17755000.0,無形資産,200.0,,2,無形固定資産の取得による支出
S100YD22,E01721,64020,兼松エンジニアリング株式会社,2026-03-31,14097938000.0,13213000.0,3854000.0,無形資産,272.0,,2,無形固定資産の取得による支出
S100YDKQ,E05561,38000,株式会社ユニリタ,2026-03-31,12342207000.0,359460000.0,192904000.0,無形資産,698.0,,2,無形固定資産の取得による支出
S100YCO6,E03637,85620,株式会社　福島銀行,2026-03-31,15175000000.0,52000000.0,62000000.0,無形資産,460.0,,2,無形固定資産の取得による支出
S100YD49,E05048,47330,株式会社オービックビジネスコンサルタント,2026-03-31,51400590000.0,1113210000.0,853466000.0,無形資産,1065.0,,2,無形固定資産の取得による支出
S100YD1K,E00728,94780,ＳＥホールディングス・アンド・インキュベーションズ株式会社,2026-03-31,7026000000.0,0.0,27000000.0,無形資産,270.0,,2,無形固定資産の取得による支出
S100YD9X,E00117,18470,株式会社イチケン,2026-03-31,106176000000.0,102000000.0,85000000.0,無形資産,722.0,,2,無形固定資産の取得による支出
S100YD54,E30085,36820,エンカレッジ・テクノロジ株式会社,2026-03-31,2584637000.0,214153000.0,219325000.0,無形資産,124.0,,2,無形固定資産の取得による支出
S100YDWK,E02021,68940,パルステック工業株式会社,2026-03-31,2553150000.0,,1270000.0,,123.0,,2,
S100YDIT,E03762,86220,水戸証券株式会社,2026-03-31,16074000000.0,192000000.0,36000000.0,無形資産,753.0,,2,無形固定資産の取得による支出
S100YCVR,E04105,90450,京阪ホールディングス株式会社,2026-03-31,332471000000.0,,,,6233.0,,2,
S100YD25,E01532,63010,株式会社小松製作所,2026-03-31,4132751000000.0,,,,67279.0,,2,
S100YDGW,E00389,22260,株式会社湖池屋,2026-03-31,61156000000.0,50000000.0,58000000.0,無形資産,1172.0,,2,無形固定資産の取得による支出
S100YD3N,E03590,83870,株式会社四国銀行,2026-03-31,69524000000.0,506000000.0,554000000.0,無形資産,1319.0,,2,無形固定資産の取得による支出
S100YDA0,E03596,83920,株式会社大分銀行,2026-03-31,99429000000.0,663000000.0,421000000.0,無形資産,1626.0,,2,無形固定資産の取得による支出
S100YDDX,E36134,73660,株式会社ＬＩＴＡＬＩＣＯ,2026-03-31,38247000000.0,1781000000.0,1282000000.0,無形資産,5443.0,,2,無形資産の取得による支出
S100YDZP,E05153,21300,株式会社メンバーズ,2026-03-31,24424741000.0,,8918000.0,,2866.0,,2,
S100YDYC,E02738,98160,株式会社　ストライダーズ,2026-03-31,8213634000.0,15515000.0,10418000.0,無形資産,115.0,,2,無形固定資産の取得による支出
S100YE00,E33603,42490,森六株式会社,2026-03-31,133871000000.0,336000000.0,444000000.0,無形資産,3873.0,,2,無形固定資産の取得による支出
S100YC1L,E35491,76870,株式会社ミクリード,2026-03-31,7671000000.0,81000000.0,76000000.0,無形資産,34.0,,2,無形固定資産の取得による支出
S100YE1C,E38443,71200,株式会社ＳＨＩＮＫＯ,2026-03-31,19383783000.0,18463000.0,60069000.0,無形資産,895.0,,2,無形固定資産の取得による支出
S100YDA3,E00251,17980,株式会社守谷商会,2026-03-31,50855693000.0,31353000.0,6029000.0,無形資産,445.0,,2,無形固定資産の取得による支出
S100YCZS,E31905,71830,あんしん保証株式会社,2026-03-31,6162390000.0,49785000.0,75734000.0,無形資産,135.0,,2,無形固定資産の取得による支出
S100YCYQ,E26290,31730,株式会社Ｃｏｍｉｎｉｘ,2026-03-31,41114000000.0,43000000.0,22000000.0,無形資産,669.0,,2,無形固定資産の取得による支出
S100YDDS,E00285,17620,株式会社髙松コンストラクショングループ,2026-03-31,357675000000.0,330000000.0,201000000.0,無形資産,5119.0,,2,無形固定資産の取得による支出
S100YD8J,E02505,80150,豊田通商株式会社,2026-03-31,11561935000000.0,19489000000.0,18386000000.0,無形資産,74927.0,,2,無形資産の取得による支出
S100YE2M,E03549,83440,株式会社山形銀行,2026-03-31,63330000000.0,1321000000.0,764000000.0,無形資産,1178.0,,2,無形固定資産の取得による支出
S100YE2O,E36756,71300,ヤマエグループホールディングス株式会社,2026-03-31,1085219000000.0,1407000000.0,2801000000.0,無形資産,6414.0,,2,無形固定資産の取得による支出
S100YD46,E04288,93080,乾汽船株式会社,2026-03-31,33636000000.0,,,,188.0,,2,
S100YCJD,E01318,57020,株式会社大紀アルミニウム工業所,2026-03-31,331109000000.0,,,,1275.0,,2,
S100YDJU,E02876,34200,株式会社ケー・エフ・シー,2026-03-31,25548024000.0,33353000.0,38818000.0,無形資産,338.0,,2,無形固定資産の取得による支出
S100YDQV,E05504,94280,株式会社クロップス,2026-03-31,67497000000.0,50000000.0,48000000.0,無形資産,1364.0,,2,無形固定資産の取得による支出
S100YD42,E01002,42080,ＵＢＥ株式会社,2026-03-31,462343000000.0,,,,7968.0,,2,
S100YDOU,E00149,19690,高砂熱学工業株式会社,2026-03-31,423923000000.0,,,,7287.0,,2,
S100YE46,E32825,39690,株式会社エイトレッド,2026-03-31,2902765000.0,541332000.0,451285000.0,無形資産,89.0,,2,無形固定資産の取得による支出
S100YDJN,E03552,83380,株式会社筑波銀行,2026-03-31,50273000000.0,1346000000.0,770000000.0,無形資産,1260.0,,2,無形固定資産の取得による支出
S100YDMT,E00227,19520,新日本空調株式会社,2026-03-31,,339000000.0,395000000.0,無形資産,1698.0,,2,無形固定資産の取得による支出
S100YE42,E01336,58050,ＳＷＣＣ株式会社,2026-03-31,277736000000.0,1169000000.0,634000000.0,無形資産,4813.0,,2,無形固定資産の取得による支出
S100YDLY,E00097,18130,株式会社不動テトラ,2026-03-31,81700000000.0,,,,1004.0,,2,
S100YDCE,E00805,41090,ステラケミファ株式会社,2026-03-31,36799000000.0,9000000.0,4000000.0,無形資産,683.0,,2,無形固定資産の取得による支出
S100YCYY,E30438,42460,ダイキョーニシカワ株式会社,2026-03-31,165706000000.0,1808000000.0,689000000.0,無形資産,5712.0,,2,無形固定資産の取得による支出
S100YD8G,E01464,34370,特殊電極株式会社,2026-03-31,10915693000.0,1651000.0,29532000.0,無形資産,268.0,,2,無形固定資産の取得による支出
S100YDNT,E03721,,アイフル株式会社,2026-03-31,214693000000.0,7041000000.0,7048000000.0,無形資産,2610.0,,2,無形固定資産の取得による支出
S100YBTF,E05694,38500,株式会社エヌ・ティ・ティ・データ・イントラマート,2026-03-31,14656789000.0,1033005000.0,1140986000.0,無形資産,508.0,,2,無形固定資産の取得による支出
S100YBW3,E21951,,株式会社商工組合中央金庫,2026-03-31,247422000000.0,2442000000.0,11508000000.0,無形資産,3587.0,,2,無形固定資産の取得による支出
S100YB9C,E01717,68340,株式会社　精工技研,2026-03-31,30087881000.0,10047000.0,6752000.0,無形資産,1231.0,,2,無形固定資産の取得による支出
S100YDOG,E00994,35530,共和レザー株式会社,2026-03-31,55816000000.0,134000000.0,149000000.0,無形資産,1393.0,,2,無形固定資産の取得による支出
S100YDP5,E00900,46190,日本特殊塗料株式会社,2026-03-31,61889000000.0,,,,1079.0,,2,
S100YDE9,E01518,62080,株式会社石川製作所,2026-03-31,18473000000.0,,,,538.0,,2,
S100YDDM,E03447,33520,株式会社バッファロー,2026-03-31,13706554000.0,,,,336.0,,2,
S100YCV0,E01330,57410,株式会社ＵＡＣＪ,2026-03-31,1181716000000.0,1906000000.0,904000000.0,無形資産,10183.0,,2,無形資産の取得による支出
S100YE6B,E02729,98890,ＪＢＣＣホールディングス株式会社,2026-03-31,76019000000.0,213000000.0,111000000.0,無形資産,1604.0,,2,無形固定資産の取得による支出
S100YE5G,E00572,35130,イチカワ株式会社,2026-03-31,14791000000.0,333000000.0,174000000.0,無形資産,639.0,,2,無形固定資産の取得による支出
S100YE21,E00473,29030,シノブフーズ株式会社,2026-03-31,61974000000.0,17000000.0,54000000.0,無形資産,571.0,,2,無形固定資産の取得による支出
S100YD7R,E00961,45490,栄研化学株式会社,2026-03-31,41899000000.0,90000000.0,164000000.0,無形資産,696.0,,2,無形固定資産の取得による支出
S100YDFO,E03555,83360,株式会社武蔵野銀行,2026-03-31,105684000000.0,1923000000.0,2236000000.0,無形資産,2043.0,,2,無形固定資産の取得による支出
S100YDJ0,E03202,99500,株式会社ハチバン,2026-03-20,7730061000.0,112967000.0,179533000.0,無形資産,174.0,,2,無形固定資産の取得による支出
S100YDKO,E03472,30200,アプライド株式会社,2026-03-31,48010000000.0,,,,440.0,,2,
S100YDFZ,E34699,70590,株式会社コプロ・ホールディングス,2026-03-31,36661596000.0,243137000.0,76740000.0,無形資産,8402.0,,2,無形固定資産の取得による支出
S100YDU9,E00650,38780,株式会社巴川コーポレーション,2026-03-31,35552000000.0,355000000.0,376000000.0,無形資産,1346.0,,2,無形固定資産の取得による支出
S100YCMK,E00872,34010,帝人株式会社,2026-03-31,873190000000.0,6434000000.0,4029000000.0,無形資産,15689.0,,2,無形資産の取得による支出
S100YCSL,E02894,76000,株式会社　日本エム・ディ・エム,2026-03-31,23917009000.0,36664000.0,115851000.0,無形資産,539.0,,2,無形固定資産の取得による支出
S100YDH1,E00949,45360,参天製薬株式会社,2026-03-31,291624000000.0,7422000000.0,4357000000.0,無形資産,3968.0,,2,無形資産の取得による支出
S100YE9T,E01627,63820,トリニティ工業株式会社,2026-03-31,38960397000.0,29151000.0,78609000.0,無形資産,957.0,,2,無形固定資産の取得による支出
S100YEAI,E04926,46650,株式会社ダスキン,2026-03-31,194554000000.0,5192000000.0,4036000000.0,無形資産,3750.0,,2,無形固定資産の取得による支出
S100YBY2,E01657,63450,株式会社アイチコーポレーション,2026-03-31,59613734000.0,,,,1012.0,,2,
S100YD0C,E37412,73840,株式会社プロクレアホールディングス,2026-03-31,95278000000.0,1584000000.0,5984000000.0,無形資産,2197.0,,2,無形固定資産の取得による支出
S100YD29,E31755,71810,株式会社かんぽ生命保険,2026-03-31,,41131000000.0,45390000000.0,無形資産,18487.0,,2,無形固定資産の取得による支出
S100YDHC,E04988,46740,株式会社クレスコ,2026-03-31,64676944000.0,175117000.0,183834000.0,無形資産,3188.0,,2,無形固定資産の取得による支出
S100Y9G1,E31775,71820,株式会社ゆうちょ銀行,2026-03-31,2852206000000.0,34177000000.0,29645000000.0,無形資産,10771.0,,2,無形固定資産の取得による支出
S100YE1V,E03622,84180,株式会社山口フィナンシャルグループ,2026-03-31,261941000000.0,6137000000.0,2599000000.0,無形資産,3459.0,,2,無形固定資産の取得による支出
S100YB8V,E01793,67700,アルプスアルパイン株式会社,2026-03-31,1019459000000.0,16342000000.0,7582000000.0,無形資産,25924.0,,2,無形固定資産の取得による支出
S100YDD9,E02166,72670,本田技研工業株式会社,2026-03-31,21796610000000.0,,,,195109.0,,2,
S100YE7T,E31748,61780,日本郵政株式会社,2026-03-31,11440586000000.0,100568000000.0,96188000000.0,無形資産,224438.0,,2,無形固定資産の取得による支出
S100YDYD,E34537,70470,ポート株式会社,2026-03-31,29100000000.0,2357000000.0,1786000000.0,無形資産,1032.0,,2,無形資産の取得による支出
S100YC9S,E02833,74720,株式会社鳥羽洋行,2026-03-31,29061044000.0,8881000.0,27840000.0,無形資産,261.0,,2,無形固定資産の取得による支出
S100YE3H,E01878,68410,横河電機株式会社,2026-03-31,604829000000.0,16558000000.0,16069000000.0,無形資産,18313.0,,2,無形固定資産の取得による支出
S100YE3S,E05332,23590,株式会社コア,2026-03-31,26532025000.0,19235000.0,36881000.0,無形資産,1444.0,,2,無形固定資産の取得による支出
S100YDHG,E00985,45690,杏林製薬株式会社,2026-03-31,126257000000.0,112000000.0,596000000.0,無形資産,1982.0,,2,無形固定資産の取得による支出
S100YDN3,E02272,77330,オリンパス株式会社,2026-03-31,1010676000000.0,26865000000.0,19208000000.0,無形資産,28138.0,,2,無形資産の取得による支出
S100YDGT,E00970,45480,生化学工業株式会社,2026-03-31,36645000000.0,124000000.0,219000000.0,無形資産,1142.0,,2,無形固定資産の取得による支出
S100YDNF,E01438,59880,株式会社パイオラックス,2026-03-31,62045000000.0,372000000.0,208000000.0,無形資産,2784.0,,2,無形固定資産の取得による支出
S100YBFV,E01765,67010,日本電気株式会社,2026-03-31,3582733000000.0,21231000000.0,24215000000.0,無形資産,101800.0,,2,無形資産の取得による支出
S100YBXD,E05000,46890,ＬＩＮＥヤフー株式会社,2026-03-31,2036366000000.0,,,,29863.0,,2,
S100YDQN,E03379,43370,ぴあ株式会社,2026-03-31,55330000000.0,2403000000.0,1757000000.0,無形資産,621.0,,2,無形固定資産の取得による支出
S100YE2C,E01777,67580,ソニーグループ株式会社,2026-03-31,802132000000.0,,,,94900.0,,2,
S100YDEF,E26686,71610,株式会社じもとホールディングス,2026-03-31,44080000000.0,131000000.0,70000000.0,無形資産,1380.0,,2,無形固定資産の取得による支出
S100YDBU,E00928,45120,わかもと製薬株式会社,2026-03-31,9906841000.0,51243000.0,25552000.0,無形資産,303.0,,2,無形固定資産の取得による支出
S100YCVG,E05312,23350,株式会社キューブシステム,2026-03-31,18498000000.0,38000000.0,,無形資産,938.0,,2,無形固定資産の取得による支出
S100YD7I,E02782,99910,ジェコス株式会社,2026-03-31,115680000000.0,286000000.0,146000000.0,無形資産,1762.0,,2,無形固定資産の取得による支出
S100YD5O,E00120,18520,株式会社淺沼組,2026-03-31,175294000000.0,296000000.0,402000000.0,無形資産,1806.0,,2,無形固定資産の取得による支出
S100YDXW,E01968,69460,日本アビオニクス株式会社,2026-03-31,29194000000.0,134000000.0,56000000.0,無形資産,763.0,,2,無形固定資産の取得による支出
S100YB3A,E05175,48330,株式会社Ｄｅｆ　ｃｏｎｓｕｌｔｉｎｇ,2026-03-31,854116000.0,,,,195.0,,2,
S100YD1I,E03519,30880,株式会社マツキヨココカラ＆カンパニー,2026-03-31,1117440000000.0,6866000000.0,5624000000.0,無形資産,14293.0,,2,無形固定資産の取得による支出
S100YEB9,E31336,39080,株式会社コラボス,2026-03-31,1699015000.0,21298000.0,35990000.0,無形資産,70.0,,2,無形固定資産の取得による支出
S100YDSZ,E04322,93530,櫻島埠頭株式会社,2026-03-31,4260693000.0,68847000.0,,無形資産,89.0,,2,無形固定資産の取得による支出
S100YCZ0,E03652,85220,株式会社　名古屋銀行,2026-03-31,124456000000.0,242000000.0,101000000.0,無形資産,1926.0,,2,無形固定資産の取得による支出
S100YE4Y,E02410,64130,理想科学工業株式会社,2026-03-31,78990000000.0,944000000.0,991000000.0,無形資産,2865.0,,2,無形固定資産の取得による支出
S100YE88,E00410,409A0,オリオンビール株式会社,2026-03-31,29713000000.0,69000000.0,281000000.0,無形資産,352.0,,2,無形固定資産の取得による支出
S100YD7D,E05167,48280,ビジネスエンジニアリング株式会社,2026-03-31,24442721000.0,1134485000.0,1009467000.0,無形資産,748.0,,2,無形固定資産の取得による支出
S100YCPI,E02105,72130,レシップホールディングス株式会社,2026-03-31,23898213000.0,109463000.0,80168000.0,無形資産,721.0,,2,無形固定資産の取得による支出
S100YE26,E02247,72140,ＧＭＢ株式会社,2026-03-31,105280570000.0,46703000.0,24614000.0,無形資産,2499.0,,2,無形固定資産の取得による支出
S100YEDS,E01951,66520,ＩＤＥＣ株式会社,2026-03-31,72967000000.0,1023000000.0,1578000000.0,無形資産,3006.0,,2,無形固定資産の取得による支出
S100YEDH,E01569,63660,千代田化工建設株式会社,2026-03-31,493942000000.0,1604000000.0,2328000000.0,無形資産,3489.0,,2,無形固定資産の取得による支出
S100YEG1,E32801,65390,株式会社ＭＳ－Ｊａｐａｎ,2026-03-31,7647329000.0,59363000.0,103171000.0,無形資産,251.0,,2,無形固定資産の取得による支出
S100YDSL,E01599,64630,ＴＰＲ株式会社,2026-03-31,190553000000.0,,,,6925.0,,2,
S100YCDA,E01231,54060,株式会社　神戸製鋼所,2026-03-31,2436581000000.0,,,,38614.0,,2,
S100YDWH,E04427,48390,株式会社ＷＯＷＯＷ,2026-03-31,77124000000.0,1174000000.0,998000000.0,無形資産,801.0,,2,無形固定資産の取得による支出
S100YEJ6,E02246,72150,株式会社ファルテック,2026-03-31,73202000000.0,,,,1764.0,,2,
S100YAAB,E04110,90310,西日本鉄道株式会社,2026-03-31,474156000000.0,,,,19505.0,,2,
S100YEU4,E03784,87060,極東証券株式会社,2026-03-31,8317000000.0,,,,238.0,,2,
S100YCR6,E02827,74660,ＳＰＫ株式会社,2026-03-31,75246000000.0,273000000.0,222000000.0,無形資産,646.0,,2,無形固定資産の取得による支出
S100YD50,E00895,46150,神東塗料株式会社,2026-03-31,21481000000.0,16000000.0,19000000.0,無形資産,399.0,,2,無形固定資産の取得による支出
S100YDK0,E03557,83370,株式会社千葉興業銀行,2026-03-31,68872000000.0,1235000000.0,812000000.0,無形資産,1307.0,,2,無形固定資産の取得による支出
S100YDSM,E05011,47050,株式会社クリップコーポレーション,2026-03-31,2880642000.0,3150000.0,,無形資産,200.0,,2,無形固定資産の取得による支出
S100YE3Y,E02388,79700,信越ポリマー株式会社,2026-03-31,115116000000.0,163000000.0,280000000.0,無形資産,4123.0,,2,無形固定資産の取得による支出
S100YEGQ,E02964,27950,日本プリメックス株式会社,2026-03-31,7043594000.0,,,,100.0,,2,
S100YDSE,E03556,83310,株式会社千葉銀行,2026-03-31,445037000000.0,11350000000.0,6661000000.0,無形資産,4377.0,,2,無形固定資産の取得による支出
S100YDT5,E05274,43500,株式会社　メディカルシステムネットワーク,2026-03-31,132186000000.0,372000000.0,377000000.0,無形資産,4014.0,,2,無形固定資産の取得による支出
S100YE6Y,E05047,88760,株式会社リログループ,2026-03-31,151074000000.0,2294000000.0,2053000000.0,無形資産,3451.0,,2,無形資産の取得による支出
S100YDTC,E03756,86090,株式会社岡三証券グループ,2026-03-31,95595000000.0,1215000000.0,2138000000.0,無形資産,3472.0,,2,無形固定資産の取得による支出
S100YD30,E00448,42290,群栄化学工業株式会社,2026-03-31,31307000000.0,,,,541.0,,2,
S100YCGG,E02792,74170,株式会社南陽,2026-03-31,36815000000.0,8000000.0,30000000.0,無形資産,521.0,,2,無形固定資産の取得による支出
S100YC1U,E03645,85370,株式会社大光銀行,2026-03-31,29344000000.0,258000000.0,81000000.0,無形資産,883.0,,2,無形固定資産の取得による支出
S100YD8C,E01204,53860,株式会社鶴弥,2026-03-31,6505410000.0,,,,321.0,,2,
S100YEMH,E05120,47830,ＮＣＤ株式会社,2026-03-31,30867394000.0,99327000.0,65388000.0,無形資産,1529.0,,2,無形固定資産の取得による支出
S100YEBM,E03580,83670,株式会社南都銀行,2026-03-31,115665000000.0,2627000000.0,1620000000.0,無形資産,2352.0,,2,無形固定資産の取得による支出
S100Y8FP,E03634,85510,株式会社　北日本銀行,2026-03-31,30308000000.0,876000000.0,289000000.0,無形資産,771.0,,2,無形固定資産の取得による支出
S100YDSC,E01253,54630,丸一鋼管株式会社,2026-03-31,243764000000.0,,,,2599.0,,2,
S100YEUT,E03544,83490,株式会社　東北銀行,2026-03-31,17932000000.0,387000000.0,232000000.0,無形資産,560.0,,2,無形固定資産の取得による支出
S100YD4W,E00458,22880,丸大食品株式会社,2026-03-31,238396000000.0,,,,1928.0,,2,
S100YEMK,E00265,,東光電気工事株式会社,2026-03-31,124714000000.0,,,,1698.0,,2,
S100YEA0,E00633,78960,セブン工業株式会社,2026-03-31,15589000000.0,34000000.0,30000000.0,無形資産,376.0,,2,無形固定資産の取得による支出
S100YDJY,E04633,,株式会社千葉カントリー倶楽部,2026-03-31,2286817000.0,3655000.0,,無形資産,152.0,,2,無形固定資産の取得による支出
S100YE1F,E02727,98850,株式会社　シャルレ,2026-03-31,12932000000.0,116000000.0,230000000.0,無形資産,291.0,,2,無形固定資産の取得による支出
S100YDW4,E03468,33970,株式会社トリドールホールディングス,2026-03-31,278715000000.0,31000000.0,52000000.0,無形資産,7775.0,,2,無形資産の取得による支出
S100YDW0,E00461,28750,東洋水産株式会社,2026-03-31,536636000000.0,4413000000.0,2082000000.0,無形資産,4717.0,,2,無形固定資産の取得による支出
S100YDCX,E01173,53040,ＳＥＣカーボン株式会社,2026-03-31,25101000000.0,33000000.0,14000000.0,無形資産,282.0,,2,無形固定資産の取得による支出
S100YDWS,E33840,73260,ＳＢＩインシュアランスグループ株式会社,2026-03-31,140362000000.0,2211000000.0,1500000000.0,無形資産,1030.0,,2,無形固定資産の取得による支出
S100YEW9,E00433,26120,かどや製油株式会社,2026-03-31,40030000000.0,,2000000.0,,530.0,,2,
S100YEEF,E05090,47610,株式会社さくらケーシーエス,2026-03-31,23790000000.0,226000000.0,162000000.0,無形資産,1056.0,,2,無形固定資産の取得による支出
S100YA2L,E01063,49250,株式会社ハーバー研究所,2026-03-31,12141299000.0,32822000.0,73626000.0,無形資産,523.0,,2,無形固定資産の取得による支出
S100YDTW,E01902,69990,ＫＯＡ株式会社,2026-03-31,72287000000.0,149000000.0,438000000.0,無形資産,4409.0,,2,無形固定資産の取得による支出
S100YDP3,E03610,83080,株式会社　りそなホールディングス,2026-03-31,1357218000000.0,11871000000.0,9574000000.0,無形資産,20813.0,,2,無形固定資産の取得による支出
S100Y7EC,E05309,23310,ＡＬＳＯＫ株式会社,2026-03-31,597026000000.0,3826000000.0,2922000000.0,無形資産,66949.0,,2,無形固定資産の取得による支出
S100YE56,E01653,64550,株式会社モリタホールディングス,2026-03-31,116596000000.0,413000000.0,427000000.0,無形資産,1786.0,,2,無形固定資産の取得による支出
S100YDPD,E03538,,株式会社りそな銀行,2026-03-31,778172000000.0,11042000000.0,8853000000.0,無形資産,8759.0,,2,無形固定資産の取得による支出
S100YBNQ,E03574,83680,株式会社　百五銀行,2026-03-31,162399000000.0,2380000000.0,2239000000.0,無形資産,2828.0,,2,無形固定資産の取得による支出
S100YE54,E04523,95360,西部ガスホールディングス株式会社,2026-03-31,261823000000.0,,,,3725.0,,2,
S100YEY5,E03316,76060,株式会社ユナイテッドアローズ,2026-03-31,164603000000.0,634000000.0,3045000000.0,無形資産,3904.0,,2,無形固定資産の取得による支出
S100YE9I,E00776,40630,信越化学工業株式会社,2026-03-31,2573969000000.0,2330000000.0,3364000000.0,無形資産,27342.0,,2,無形固定資産の取得による支出
S100YE8Y,E00824,42060,アイカ工業株式会社,2026-03-31,251764000000.0,753000000.0,697000000.0,無形資産,5314.0,,2,無形固定資産の取得による支出
S100YDSN,E22440,31510,株式会社バイタルケーエスケー・ホールディングス,2026-03-31,610497000000.0,1546000000.0,1774000000.0,無形資産,3871.0,,2,無形固定資産の取得による支出
S100YE06,E01077,50110,ニチレキグループ株式会社,2026-03-31,75853000000.0,175000000.0,437000000.0,無形資産,1434.0,,2,無形固定資産の取得による支出
S100YEYJ,E00716,78930,株式会社プロネクサス,2026-03-31,32821396000.0,1785002000.0,1283602000.0,無形資産,1796.0,,2,無形資産の取得による支出
S100YEXW,E00714,39510,朝日印刷株式会社,2026-03-31,44642000000.0,,,,1760.0,,2,
S100YETA,E01772,67520,パナソニックホールディングス株式会社,2026-03-31,8048722000000.0,73063000000.0,91038000000.0,無形資産,183685.0,,2,無形資産の取得による支出
S100YCBJ,E00406,22670,株式会社ヤクルト本社,2026-03-31,486425000000.0,,,,29618.0,,2,
S100YF0X,E30865,45910,株式会社リボミック,2026-03-31,,,,,25.0,,2,
S100YCB2,E03646,71840,株式会社　富山第一銀行,2026-03-31,53147000000.0,85000000.0,1345000000.0,無形資産,623.0,,2,無形固定資産の取得による支出
S100YF23,E05018,75950,株式会社アルゴグラフィックス,2026-03-31,71526005000.0,20562000.0,25858000.0,無形資産,1198.0,,2,無形固定資産の取得による支出
S100YF0N,E04890,96390,三協フロンテア株式会社,2026-03-31,54275000000.0,1040000000.0,522000000.0,無形資産,1207.0,,2,無形固定資産の取得による支出
S100YD7O,E01966,69470,株式会社図研,2026-03-31,43101000000.0,295902000.0,311833000.0,無形資産,1656.0,,2,無形固定資産の取得による支出
S100YEDT,E02055,67970,名古屋電機工業株式会社,2026-03-31,17307382000.0,89034000.0,55130000.0,無形資産,409.0,,2,無形固定資産の取得による支出
S100YEL6,E25263,36480,ＡＧＳ株式会社,2026-03-31,28622381000.0,223194000.0,182473000.0,無形資産,1109.0,,2,無形固定資産の取得による支出
S100YF3C,E03362,,オーケー株式会社,2026-03-20,755620453000.0,3754977000.0,3107306000.0,無形資産,16526.0,,2,無形固定資産の取得による支出
S100YEH1,E39018,58450,全保連株式会社,2026-03-31,26188000000.0,572000000.0,140000000.0,無形資産,575.0,,2,無形固定資産の取得による支出
S100YF2U,E00225,19650,株式会社テクノ菱和,2026-03-31,98681000000.0,167000000.0,75000000.0,無形資産,981.0,,2,無形固定資産の取得による支出
S100YEFT,E02129,70140,株式会社名村造船所,2026-03-31,159035000000.0,151000000.0,239000000.0,無形資産,2436.0,,2,無形固定資産の取得による支出
S100YEHW,E04496,38340,株式会社朝日ネット,2026-03-31,13517000000.0,1851000000.0,1435000000.0,無形資産,220.0,,2,無形固定資産の取得による支出
S100YE6L,E03639,85500,株式会社　栃木銀行,2026-03-31,54551000000.0,751000000.0,303000000.0,無形資産,1501.0,,2,無形固定資産の取得による支出
S100YED6,E02554,80780,阪和興業株式会社,2026-03-31,2662669000000.0,,,,6079.0,,2,
S100YEH7,E02881,75750,日本ライフライン株式会社,2026-03-31,59187000000.0,74000000.0,49000000.0,無形資産,1304.0,,2,無形固定資産の取得による支出
S100YF3L,E03294,75610,株式会社ハークスレイ,2026-03-31,52427000000.0,31000000.0,97000000.0,無形資産,753.0,,2,無形固定資産の取得による支出
S100YEFI,E04154,90240,株式会社西武ホールディングス,2026-03-31,513286000000.0,,,,21557.0,,2,
S100YECU,E31640,39180,ＰＣＩホールディングス株式会社,2026-03-31,26835853000.0,43022000.0,23967000.0,無形資産,1647.0,,2,無形固定資産の取得による支出
S100YEDB,E02109,66580,シライ電子工業株式会社,2026-03-31,29118000000.0,10000000.0,2000000.0,無形資産,1211.0,,2,無形固定資産の取得による支出
S100YDSY,E01369,59550,株式会社ワイズホールディングス,2026-03-31,12725509000.0,45043000.0,141378000.0,無形資産,438.0,,2,無形固定資産の取得による支出
S100YEE5,E01879,68450,アズビル株式会社,2026-03-31,298930000000.0,2210000000.0,2963000000.0,無形資産,9170.0,,2,無形固定資産の取得による支出
S100YEDZ,E03792,87000,丸八証券株式会社,2026-03-31,3576000000.0,334000.0,8244000.0,無形資産,138.0,,2,無形固定資産の取得による支出
S100YEV4,E02522,80750,神鋼商事株式会社,2026-03-31,608142000000.0,1016000000.0,579000000.0,無形資産,1428.0,,2,無形固定資産の取得による支出
S100YDDF,E25662,70220,サノヤスホールディングス株式会社,2026-03-31,26828000000.0,168000000.0,206000000.0,無形資産,1028.0,,2,無形固定資産の取得による支出
S100YANZ,E02542,30040,神栄株式会社,2026-03-31,43267000000.0,44000000.0,13000000.0,無形資産,468.0,,2,無形固定資産の取得による支出
S100YF57,E00923,45070,塩野義製薬株式会社,2026-03-31,499677000000.0,16840000000.0,34977000000.0,無形資産,6223.0,,2,無形資産の取得による支出
S100YF4M,E04304,93190,株式会社中央倉庫,2026-03-31,28029000000.0,,,,707.0,,2,
S100YEOP,E02289,77290,株式会社東京精密,2026-03-31,166839000000.0,643000000.0,660000000.0,無形資産,2890.0,,2,無形固定資産の取得による支出
S100YEOH,E00720,78750,竹田ｉＰホールディングス株式会社,2026-03-31,34479000000.0,297000000.0,219000000.0,無形資産,929.0,,2,無形固定資産の取得による支出
S100YDBB,E03530,83030,株式会社ＳＢＩ新生銀行,2026-03-31,774058000000.0,,,,5828.0,,2,
S100YE5H,E37781,73890,株式会社あいちフィナンシャルグループ,2026-03-31,125137000000.0,528000000.0,1208000000.0,無形資産,2562.0,,2,無形固定資産の取得による支出
S100YEGC,E01478,60050,三浦工業株式会社,2026-03-31,268701000000.0,1066000000.0,714000000.0,無形資産,7896.0,,2,無形資産の取得による支出
S100YF6F,E31079,60330,株式会社エクストリーム,2026-03-31,11796110000.0,39325000.0,75243000.0,無形資産,828.0,,2,無形固定資産の取得による支出
S100YEY0,E00984,45680,第一三共株式会社,2026-03-31,2123045000000.0,20637000000.0,71613000000.0,無形資産,20171.0,,2,無形資産の取得による支出
S100YDWN,E05267,43450,株式会社シーティーエス,2026-03-31,12747000000.0,148000000.0,65000000.0,無形資産,286.0,,2,無形固定資産の取得による支出
S100YEO8,E01161,18710,ピーエス・コンストラクション株式会社,2026-03-31,149370000000.0,0.0,,無形資産,1624.0,,2,無形固定資産の取得による支出
S100YF85,E03673,85590,株式会社豊和銀行,2026-03-31,12042000000.0,66000000.0,186000000.0,無形資産,509.0,,2,無形固定資産の取得による支出
S100YDZX,E01782,67630,帝国通信工業株式会社,2026-03-31,17256815000.0,18260000.0,18281000.0,無形資産,1678.0,,2,無形固定資産の取得による支出
S100YET5,E30908,94670,株式会社アルファポリス,2026-03-31,16610070000.0,57000000.0,,無形資産,215.0,,2,無形固定資産の取得による支出
S100Y95Z,E00083,18330,株式会社奥村組,2026-03-31,307202000000.0,,,,2586.0,,2,
S100YEYD,E04291,93050,株式会社ヤマタネ,2026-03-31,88674000000.0,,,,1087.0,,2,
S100YELN,E03568,83610,株式会社　大垣共立銀行,2026-03-31,176576000000.0,1719000000.0,1702000000.0,無形資産,2959.0,,2,無形固定資産の取得による支出
S100YE8H,E02812,31530,八洲電機株式会社,2026-03-31,74569000000.0,1484000000.0,941000000.0,無形資産,1062.0,,2,無形固定資産の取得による支出
S100YE7H,E02373,79810,タカラスタンダード株式会社,2026-03-31,252756000000.0,1488000000.0,809000000.0,無形資産,6505.0,,2,無形固定資産の取得による支出
S100YEAG,E04777,97630,丸建リース株式会社,2026-03-31,26470000000.0,69000000.0,7000000.0,無形資産,382.0,,2,無形固定資産の取得による支出
S100YEDU,E00060,18200,西松建設株式会社,2026-03-31,396030000000.0,,,,3442.0,,2,
S100YF8C,E05485,33710,株式会社ソフトクリエイトホールディングス,2026-03-31,34391392000.0,1767748000.0,1602582000.0,無形資産,1230.0,,2,無形固定資産の取得による支出
S100YE9U,E00677,39430,大石産業株式会社,2026-03-31,23487000000.0,33000000.0,57000000.0,無形資産,594.0,,2,無形固定資産の取得による支出
S100YE51,E05524,24640,株式会社ＡｏｂａーＢＢＴ,2026-03-31,7668820000.0,44546000.0,34812000.0,無形資産,629.0,,2,無形固定資産の取得による支出
S100YEXP,E00652,79190,野崎印刷紙業株式会社,2026-03-31,14016480000.0,25518000.0,1000000.0,無形資産,422.0,,2,無形固定資産の取得による支出
S100YEGP,E03051,81740,日本瓦斯株式会社,2026-03-31,208480000000.0,1211000000.0,2148000000.0,無形資産,1764.0,,2,無形固定資産の取得による支出
S100YENS,E03663,85410,株式会社　愛媛銀行,2026-03-31,68517000000.0,336000000.0,983000000.0,無形資産,1350.0,,2,無形固定資産の取得による支出
S100YEIS,E01056,43680,扶桑化学工業株式会社,2026-03-31,76926023000.0,2761277000.0,1784817000.0,無形資産,956.0,,2,無形固定資産の取得による支出
S100YBKP,E04152,,横浜高速鉄道株式会社,2026-03-31,13479163000.0,1354000.0,419423000.0,無形資産,122.0,,2,無形固定資産の取得による支出
S100Y99Z,E02127,70120,川崎重工業株式会社,2026-03-31,2311267000000.0,21802000000.0,14962000000.0,無形資産,41652.0,,2,無形資産の取得による支出
S100YEET,E01750,66220,株式会社ダイヘン,2026-03-31,237735000000.0,793000000.0,792000000.0,無形資産,4542.0,,2,無形固定資産の取得による支出
S100YDRI,E05346,84390,東京センチュリー株式会社,2026-03-31,1457670000000.0,,,,8583.0,,2,
S100YF8Y,E03615,84110,株式会社みずほフィナンシャルグループ,2026-03-31,9085438000000.0,222263000000.0,250009000000.0,無形資産,52427.0,,2,無形固定資産の取得による支出
S100YCZI,E00356,21090,ＤＭ三井製糖株式会社,2026-03-31,180102000000.0,609000000.0,179000000.0,無形資産,1550.0,,2,無形固定資産の取得による支出
S100YE4V,E01541,63390,新東工業株式会社,2026-03-31,176178000000.0,303000000.0,228000000.0,無形資産,4760.0,,2,無形固定資産の取得による支出
S100YE5P,E00157,81570,都築電気株式会社,2026-03-31,103728000000.0,1048000000.0,1026000000.0,無形資産,2040.0,,2,無形固定資産の取得による支出
S100YDG4,E02691,82830,株式会社ＰＡＬＴＡＣ,2026-03-31,1237846000000.0,242000000.0,216000000.0,無形資産,2363.0,,2,無形固定資産の取得による支出
S100YF98,E02616,80460,丸藤シートパイル株式会社,2026-03-31,40340000000.0,,,,506.0,,2,
S100YEV1,E02069,67370,ＥＩＺＯ株式会社,2026-03-31,81308000000.0,,,,2289.0,,2,
S100YDBT,E01254,55410,大平洋金属株式会社,2026-03-31,9414000000.0,6000000.0,30000000.0,無形資産,425.0,,2,無形固定資産の取得による支出
S100YF6A,E05438,84240,芙蓉総合リース株式会社,2026-03-31,788669000000.0,,,,4410.0,,2,
S100YDVL,E03134,82300,株式会社はせがわ,2026-03-31,21122000000.0,131000000.0,32000000.0,無形資産,834.0,,2,無形固定資産の取得による支出
S100YERT,E01708,63150,ＴＯＷＡ株式会社,2026-03-31,54365224000.0,,,,2211.0,,2,
S100YDU2,E02728,98880,株式会社ＵＥＸ,2026-03-31,49724959000.0,17863000.0,36652000.0,無形資産,518.0,,2,無形固定資産の取得による支出
S100YFAH,E03532,,株式会社みずほ銀行,2026-03-31,7993235000000.0,181950000000.0,214438000000.0,無形資産,33175.0,,2,無形固定資産の取得による支出
S100YF9W,E01554,63810,アネスト岩田株式会社,2026-03-31,55909000000.0,255000000.0,322000000.0,無形資産,1897.0,,2,無形固定資産の取得による支出
S100YDQ3,E00768,40430,株式会社トクヤマ,2026-03-31,349476000000.0,,,,6390.0,,2,
S100YD4R,E00836,42720,日本化薬株式会社,2026-03-31,241851000000.0,366000000.0,1140000000.0,無形資産,5946.0,,2,無形固定資産の取得による支出
S100YE5V,E00435,28010,キッコーマン株式会社,2026-03-31,745539000000.0,3220000000.0,1182000000.0,無形資産,7911.0,,2,無形資産の取得による支出
S100YEVF,E02947,27330,株式会社あらた,2026-03-31,1004749000000.0,2840000000.0,1526000000.0,無形資産,3008.0,,2,無形固定資産の取得による支出
S100YEHZ,E38714,58440,株式会社京都フィナンシャルグループ,2026-03-31,366704000000.0,1515000000.0,1901000000.0,無形資産,3676.0,,2,無形固定資産の取得による支出
S100YF3V,E04539,97080,株式会社帝国ホテル,2026-03-31,56267000000.0,145000000.0,351000000.0,無形資産,1899.0,,2,無形固定資産の取得による支出
S100YDLB,E03500,30660,株式会社ＪＢイレブン,2026-03-31,8614201000.0,8794000.0,5348000.0,無形資産,165.0,,2,無形固定資産の取得による支出
S100YF5Z,E05232,43180,株式会社クイック,2026-03-31,33924750000.0,811740000.0,584310000.0,無形資産,1682.0,,2,無形固定資産の取得による支出
S100YFE8,E02535,80650,佐藤商事株式会社,2026-03-31,292191000000.0,36000000.0,37000000.0,無形資産,1075.0,,2,無形固定資産の取得による支出
S100YDYF,E02412,79470,株式会社エフピコ,2026-03-31,240490000000.0,520000000.0,528000000.0,無形資産,5306.0,,2,無形固定資産の取得による支出
S100YFDJ,E00952,45260,理研ビタミン株式会社,2026-03-31,96300000000.0,133000000.0,134000000.0,無形資産,1887.0,,2,無形固定資産の取得による支出
S100YD1A,E05221,43100,株式会社ドリームインキュベータ,2026-03-31,8691000000.0,1000000.0,0.0,無形資産,222.0,,2,無形固定資産の取得による支出
S100YDVA,E33638,65650,ＡＢホテル株式会社,2026-03-31,12293904000.0,,,,103.0,,2,
S100YBS9,E35360,,中央日本土地建物グループ株式会社,2026-03-31,166111000000.0,1679000000.0,259000000.0,無形資産,1362.0,,2,無形固定資産の取得による支出
S100YCGY,E00080,18850,東亜建設工業株式会社,2026-03-31,358697000000.0,840000000.0,259000000.0,無形資産,2145.0,,2,無形固定資産の取得による支出
S100YFFH,E36730,73500,株式会社おきなわフィナンシャルグループ,2026-03-31,70417000000.0,487000000.0,781000000.0,無形資産,1513.0,,2,無形固定資産の取得による支出
S100YFDZ,E00316,17200,東急建設株式会社,2026-03-31,341181000000.0,,,,2911.0,,2,
S100YEHM,E04521,95350,広島ガス株式会社,2026-03-31,88396000000.0,,,,1676.0,,2,
S100YCJZ,E34837,,株式会社ＪＥＲＡ,2026-03-31,3050014000000.0,19316000000.0,137211000000.0,無形資産,4504.0,,2,無形資産の取得による支出
S100YAX9,E02561,80760,株式会社カノークス,2026-03-31,158751000000.0,9119000.0,21126000.0,無形資産,349.0,,2,無形固定資産の取得による支出
S100YEO5,E04290,93240,安田倉庫株式会社,2026-03-31,80028000000.0,274000000.0,342000000.0,無形資産,2581.0,,2,無形固定資産の取得による支出
S100YEQ9,E23187,87130,フィデアホールディングス株式会社,2026-03-31,56055000000.0,967000000.0,271000000.0,無形資産,1376.0,,2,無形固定資産の取得による支出
S100YE5N,E00942,45270,ロート製薬株式会社,2026-03-31,343725000000.0,14757000000.0,1481000000.0,無形資産,9292.0,,2,無形固定資産の取得による支出
S100YEL3,E01602,64730,株式会社ジェイテクト,2026-03-31,1924950000000.0,,,,43233.0,,2,
S100YEEB,E01740,65040,富士電機株式会社,2026-03-31,1227595000000.0,13492000000.0,10006000000.0,無形資産,26955.0,,2,無形固定資産の取得による支出
S100YF3Y,E00086,18930,五洋建設株式会社,2026-03-31,794306000000.0,,,,3991.0,,2,
S100YEAY,E35791,48860,あすか製薬ホールディングス株式会社,2026-03-31,71127000000.0,325000000.0,602000000.0,無形資産,1611.0,,2,無形固定資産の取得による支出
S100YERK,E03614,83160,株式会社三井住友フィナンシャルグループ,2026-03-31,10790853000000.0,292413000000.0,256035000000.0,無形資産,122970.0,,2,無形固定資産の取得による支出
S100YFF9,E01798,68480,東亜ディーケーケー株式会社,2026-03-31,17809000000.0,86000000.0,93000000.0,無形資産,639.0,,2,無形固定資産の取得による支出
S100YEES,E22460,36350,株式会社コーエーテクモホールディングス,2026-03-31,88393000000.0,37000000.0,51000000.0,無形資産,2835.0,,2,無形固定資産の取得による支出
S100YF86,E00695,79140,共同印刷株式会社,2026-03-31,98205000000.0,,,,3136.0,,2,
S100YE62,E01207,53840,株式会社フジミインコーポレーテッド,2026-03-31,69404000000.0,972000000.0,270000000.0,無形資産,1305.0,,2,無形固定資産の取得による支出
S100YEQG,E03617,,株式会社三井住友銀行,2026-03-31,9002775000000.0,182789000000.0,158447000000.0,無形資産,71100.0,,2,無形固定資産の取得による支出
S100YE8F,E01688,59530,昭和鉄工株式会社,2026-03-31,15071000000.0,,,,396.0,,2,
S100YF41,E01953,69630,ローム株式会社,2026-03-31,481148000000.0,,,,21756.0,,2,
S100YEHE,E37157,41250,三和油化工業株式会社,2026-03-31,20263153000.0,104267000.0,7390000.0,無形資産,458.0,,2,無形固定資産の取得による支出
S100YFHS,E36751,92470,ＴＲＥホールディングス株式会社,2026-03-31,119164000000.0,,,,2425.0,,2,
S100YCY4,E00181,19390,株式会社四電工,2026-03-31,99448000000.0,51000000.0,80000000.0,無形資産,2693.0,,2,無形固定資産の取得による支出
S100YER0,E05685,,株式会社タケエイ,2026-03-31,77204000000.0,159000000.0,740000000.0,無形資産,1592.0,,2,無形固定資産の取得による支出
S100YERU,E00041,16620,石油資源開発株式会社,2026-03-31,340336000000.0,613000000.0,316000000.0,無形資産,1670.0,,2,無形固定資産の取得による支出
S100YEPV,E00176,18980,世紀東急工業株式会社,2026-03-31,95259000000.0,,,,1169.0,,2,
S100YEPQ,E05659,38350,ｅＢＡＳＥ株式会社,2026-03-31,5259563000.0,98977000.0,97067000.0,無形資産,480.0,,2,無形固定資産の取得による支出
S100YEWF,E34486,14500,ＴＡＮＡＫＥＮ株式会社,2026-03-31,14820418000.0,,714000.0,,110.0,,2,
S100YEI3,E03040,82520,株式会社　丸井グループ,2026-03-31,30236000000.0,,,,3820.0,,2,
S100YEQK,E01496,61350,株式会社　牧野フライス製作所,2026-03-31,261184000000.0,,,,4777.0,,2,
S100YEFQ,E01575,19630,日揮ホールディングス株式会社,2026-03-31,745280000000.0,4903000000.0,4830000000.0,無形資産,8154.0,,2,無形固定資産の取得による支出
S100YDHL,E07801,60980,株式会社リクルートホールディングス,2026-03-31,3697351000000.0,51589000000.0,57306000000.0,無形資産,45586.0,,2,無形資産の取得による支出
S100YEGK,E39460,173A0,株式会社ハンモック,2026-03-31,4889796000.0,668923000.0,560733000.0,無形資産,218.0,,2,無形固定資産の取得による支出
S100YEJ2,E05657,21360,株式会社ヒップ,2026-03-31,6193609000.0,,528000.0,,855.0,,2,
S100YEPX,E03943,88480,株式会社レオパレス２１,2026-03-31,444820000000.0,188000000.0,147000000.0,無形資産,4150.0,,2,無形固定資産の取得による支出
S100YE76,E04426,94340,ソフトバンク株式会社,2026-03-31,3686229000000.0,,,,58432.0,,2,
S100Y7BQ,E01232,56310,株式会社日本製鋼所,2026-03-31,274852000000.0,,,,5419.0,,2,
S100Y6HR,E32679,91420,九州旅客鉄道株式会社,2026-03-31,500393000000.0,,,,15365.0,,2,
S100YDI1,E03231,74120,株式会社アトム,2026-03-31,30408000000.0,,,,550.0,,2,
S100YF7Y,E03380,27050,株式会社大戸屋ホールディングス,2026-03-31,37016000000.0,0.0,62000000.0,無形資産,738.0,,2,無形固定資産の取得による支出
S100YE10,E01685,62870,株式会社サトー,2026-03-31,163434000000.0,3047000000.0,3286000000.0,無形資産,6012.0,,2,無形固定資産の取得による支出
S100YD4Z,E30917,62400,ヤマシンフィルタ株式会社,2026-03-31,20941183000.0,114686000.0,72230000.0,無形資産,757.0,,2,無形固定資産の取得による支出
S100YEVM,E32198,94660,株式会社アイドママーケティングコミュニケーション,2026-03-31,4761878000.0,18957000.0,,無形資産,185.0,,2,無形固定資産の取得による支出
S100YEF7,E31574,31370,株式会社ファンデリー,2026-03-31,2624090000.0,,,,41.0,,2,
S100YF7X,E05697,21750,株式会社エス・エム・エス,2026-03-31,64735000000.0,3763000000.0,3646000000.0,無形資産,4660.0,,2,無形固定資産の取得による支出
S100YCXS,E37141,29930,株式会社長栄,2026-03-31,11008008000.0,2480000.0,2380000.0,無形資産,261.0,,2,無形固定資産の取得による支出
S100YEZW,E02693,82750,株式会社フォーバル,2026-03-31,71524000000.0,568249000.0,544420000.0,無形資産,2530.0,,2,無形固定資産の取得による支出
S100YESP,E05426,84250,みずほリース株式会社,2026-03-31,921592000000.0,,,,2434.0,,2,
S100YEI1,E31594,61670,冨士ダイス株式会社,2026-03-31,17446000000.0,85000000.0,93000000.0,無形資産,1078.0,,2,無形固定資産の取得による支出
S100YEHI,E25303,22290,カルビー株式会社,2026-03-31,340151000000.0,1577000000.0,1407000000.0,無形資産,6974.0,,2,無形固定資産の取得による支出
S100YEAK,E05701,21560,セーラー広告株式会社,2026-03-31,,339000.0,13264000.0,無形資産,192.0,,2,無形固定資産の取得による支出
S100YF73,E01828,68070,日本航空電子工業株式会社,2026-03-31,227872000000.0,,,,11908.0,,2,
S100YECQ,E32763,71910,株式会社イントラスト,2026-03-31,12283305000.0,,,,308.0,,2,
S100YF47,E01182,69710,京セラ株式会社,2026-03-31,2070203000000.0,13869000000.0,13194000000.0,無形資産,73856.0,,2,無形資産の取得による支出
S100YCVD,E27572,31840,ＩＣＤＡホールディングス株式会社,2026-03-31,38938679000.0,,,,392.0,,2,
S100YEFS,E00380,22080,株式会社ブルボン,2026-03-31,120303000000.0,,,,4150.0,,2,
S100YFGN,E02752,99130,日邦産業株式会社,2026-03-31,46403000000.0,52000000.0,115000000.0,無形資産,2765.0,,2,無形固定資産の取得による支出
S100YE1D,E05617,21210,株式会社ＭＩＸＩ,2026-03-31,171369000000.0,,,,2116.0,,2,
S100YEZ8,E33034,65440,ジャパンエレベーターサービスホールディングス株式会社,2026-03-31,57601000000.0,837000000.0,571000000.0,無形資産,2286.0,,2,無形固定資産の取得による支出
S100YF48,E02563,81030,明和産業株式会社,2026-03-31,164927000000.0,149000000.0,20000000.0,無形資産,596.0,,2,無形固定資産の取得による支出
S100YFJQ,E04218,90390,株式会社サカイ引越センター,2026-03-31,124741000000.0,613000000.0,482000000.0,無形資産,6989.0,,2,無形固定資産の取得による支出
S100YF7Q,E05135,47920,山田コンサルティンググループ株式会社,2026-03-31,26711875000.0,6600000.0,451000.0,無形資産,1089.0,,2,無形固定資産の取得による支出
S100YFJF,E30140,60890,株式会社ウィルグループ,2026-03-31,146856000000.0,,,,9005.0,,2,
S100YFK9,E25169,62490,株式会社ゲームカードホールディングス,2026-03-31,25385000000.0,637000000.0,0.0,無形資産,190.0,,2,無形固定資産の取得による支出
S100YEOV,E32447,71890,株式会社西日本フィナンシャルホールディングス,2026-03-31,246860000000.0,3757000000.0,3321000000.0,無形資産,4252.0,,2,無形固定資産の取得による支出
S100YFH9,E36956,48900,株式会社坪田ラボ,2026-03-31,200022000.0,,,,22.0,,2,
S100YDYH,E02270,77270,株式会社オーバル,2026-03-31,15589127000.0,27320000.0,25678000.0,無形資産,678.0,,2,無形固定資産の取得による支出
S100YCSC,E00885,44610,第一工業製薬株式会社,2026-03-31,82886000000.0,,,,1155.0,,2,
S100YFHT,E03434,33260,株式会社ランシステム,2026-03-31,5430297000.0,80857000.0,32227000.0,無形資産,118.0,,2,無形固定資産の取得による支出
S100YFL2,E40213,287A0,黒田グループ株式会社,2026-03-31,122796000000.0,751000000.0,321000000.0,無形資産,2643.0,,2,無形資産の取得による支出
S100YEQC,E02458,48160,東映アニメーション株式会社,2026-03-31,93669000000.0,386000000.0,389000000.0,無形資産,1048.0,,2,無形固定資産の取得による支出
S100YEEA,E00385,22200,亀田製菓株式会社,2026-03-31,138052000000.0,,,,4533.0,,2,
S100YCUD,E01264,54110,ＪＦＥホールディングス株式会社,2026-03-31,4539270000000.0,,,,61628.0,,2,
S100YEL0,E00858,79420,株式会社ジェイエスピー,2026-03-31,145456000000.0,,,,3096.0,,2,
S100YFK2,E01218,53810,マイポックス株式会社,2026-03-31,12059379000.0,22096000.0,13641000.0,無形資産,497.0,,2,無形固定資産の取得による支出
S100YFMO,E33625,71980,ＳＢＩアルヒ株式会社,2026-03-31,25086000000.0,729000000.0,5023000000.0,無形資産,522.0,,2,無形資産の取得による支出
S100YFNB,E03624,83540,株式会社ふくおかフィナンシャルグループ,2026-03-31,621168000000.0,15465000000.0,13372000000.0,無形資産,8050.0,,2,無形固定資産の取得による支出
S100YF90,E35542,66130,株式会社ＱＤレーザ,2026-03-31,1372801000.0,579000.0,896000.0,無形資産,50.0,,2,無形固定資産の取得による支出
S100YEOU,E05417,24110,ゲンダイエージェンシー株式会社,2026-03-31,7531000000.0,39000000.0,27000000.0,無形資産,208.0,,2,無形固定資産の取得による支出
S100YAQJ,E05310,23320,株式会社クエスト,2026-03-31,17807679000.0,38820000.0,,無形資産,1092.0,,2,無形固定資産の取得による支出
S100YER6,E02231,72660,株式会社今仙電機製作所,2026-03-31,87149000000.0,,,,2596.0,,2,
S100YF5I,E35136,46910,ワシントンホテル株式会社,2026-03-31,24192829000.0,40097000.0,36662000.0,無形資産,428.0,,2,無形固定資産の取得による支出
S100YENI,E04837,97150,トランス・コスモス株式会社,2026-03-31,393866000000.0,1161000000.0,1358000000.0,無形資産,43571.0,,2,無形固定資産の取得による支出
S100YF3N,E04946,85660,リコーリース株式会社,2026-03-31,338579000000.0,,,,1686.0,,2,
S100YBX4,E05219,43010,株式会社アミューズ,2026-03-31,69655000000.0,175000000.0,225000000.0,無形資産,601.0,,2,無形固定資産の取得による支出
S100YERG,E30047,36790,株式会社じげん,2026-03-31,29221000000.0,1126000000.0,1147000000.0,無形資産,1350.0,,2,無形資産の取得による支出
S100YE6U,E02248,72080,株式会社カネミツ,2026-03-31,11039822000.0,38867000.0,15239000.0,無形資産,569.0,,2,無形固定資産の取得による支出
S100YFRE,E03160,98780,株式会社　セキド,2026-03-20,5758136000.0,2980000.0,5719000.0,無形資産,52.0,,2,無形固定資産の取得による支出
S100YD3V,E01739,65030,三菱電機株式会社,2026-03-31,5894747000000.0,46277000000.0,32083000000.0,無形資産,150386.0,,2,無形資産の取得による支出
S100YD98,E00073,19410,株式会社中電工,2026-03-31,227850000000.0,,,,4697.0,,2,
S100YFY8,E00075,19440,株式会社きんでん,2026-03-31,750742000000.0,,,,15440.0,,2,
S100YFRP,E02805,74420,中山福株式会社,2026-03-31,43052503000.0,10620000.0,5511000.0,無形資産,430.0,,2,無形固定資産の取得による支出
S100YDHJ,E02902,76190,田中商事株式会社,2026-03-31,44048218000.0,,,,455.0,,2,
S100YG1N,E05550,24690,ヒビノ株式会社,2026-03-31,67603000000.0,228000000.0,229000000.0,無形資産,1829.0,,2,無形固定資産の取得による支出
S100YEJU,E00279,17680,株式会社ソネック,2026-03-31,22753788000.0,75972000.0,89061000.0,無形資産,133.0,,2,無形固定資産の取得による支出
S100YE2I,E05075,47520,株式会社　昭和システムエンジニアリング,2026-03-31,8730859000.0,,,,489.0,,2,
S100Y9WS,E01251,54610,中部鋼鈑株式会社,2026-03-31,51103000000.0,,,,521.0,,2,
S100YFP9,E01821,68820,株式会社三社電機製作所,2026-03-31,26651000000.0,42000000.0,451000000.0,無形資産,1399.0,,2,無形固定資産の取得による支出
S100YFF6,E01393,59980,株式会社　アドバネクス,2026-03-31,29679996000.0,161759000.0,95477000.0,無形資産,1913.0,,2,無形固定資産の取得による支出
S100YDSD,E01135,53430,ニッコー株式会社,2026-03-31,15982000000.0,,,,571.0,,2,
S100YF1F,E04547,,株式会社ホテルオークラ,2026-03-31,90278000000.0,,,,3256.0,,2,
S100YFUB,E01414,64860,イーグル工業株式会社,2026-03-31,177488000000.0,853000000.0,732000000.0,無形資産,6188.0,,2,無形固定資産の取得による支出
S100YEWH,E23741,31310,シンデン・ハイテックス株式会社,2026-03-31,42812010000.0,70000000.0,,無形資産,81.0,,2,無形固定資産の取得による支出
S100YF4O,E04803,97420,株式会社アイネス,2026-03-31,36616000000.0,2066000000.0,1508000000.0,無形資産,1204.0,,2,無形固定資産の取得による支出
S100YFA2,E00669,39460,株式会社トーモク,2026-03-31,224090000000.0,51000000.0,50000000.0,無形資産,3965.0,,2,無形固定資産の取得による支出
S100YFJY,E26707,57030,日本軽金属ホールディングス株式会社,2026-03-31,585473000000.0,1820000000.0,1625000000.0,無形資産,12123.0,,2,無形固定資産の取得による支出
S100YF06,E02199,64700,大豊工業株式会社,2026-03-31,119378000000.0,,,,4089.0,,2,
S100YDZS,E01280,56590,日本精線株式会社,2026-03-31,46601000000.0,,,,815.0,,2,
S100YFPG,E02635,81580,ソーダニッカ株式会社,2026-03-31,66692000000.0,134000000.0,217000000.0,無形資産,400.0,,2,無形固定資産の取得による支出
S100YEUV,E05462,87930,ＮＥＣキャピタルソリューション株式会社,2026-03-31,306155000000.0,,,,924.0,,2,
S100YE7I,E02675,81530,株式会社モスフードサービス,2026-03-31,102773000000.0,1217000000.0,494000000.0,無形資産,1323.0,,2,無形固定資産の取得による支出
S100YDUY,E01683,64880,株式会社ヨシタケ,2026-03-31,10343559000.0,75263000.0,24528000.0,無形資産,550.0,,2,無形固定資産の取得による支出
S100YG2E,E04741,,有馬冨士開発株式会社,2026-03-31,106026000.0,,,,1.0,,2,
S100YFVI,E35335,70790,ＷＤＢココ株式会社,2026-03-31,4815813000.0,575000.0,10465000.0,無形資産,516.0,,2,無形固定資産の取得による支出
S100YEYZ,E04822,97590,株式会社ＮＳＤ,2026-03-31,117813000000.0,507000000.0,280000000.0,無形資産,4555.0,,2,無形固定資産の取得による支出
S100YG2P,E01058,49940,大成ラミックグループ株式会社,2026-03-31,32484199000.0,266959000.0,347060000.0,無形資産,631.0,,2,無形固定資産の取得による支出
S100YG3G,E01351,58200,株式会社三ッ星,2026-03-31,11728353000.0,,11711000.0,,326.0,,2,
S100YFQA,E00513,28180,株式会社ピエトロ,2026-03-31,12146122000.0,43946000.0,20922000.0,無形資産,315.0,,2,無形固定資産の取得による支出
S100Y8QF,E02258,73050,新家工業株式会社,2026-03-31,40447000000.0,44000000.0,2000000.0,無形資産,501.0,,2,無形固定資産の取得による支出
S100YFQT,E04520,95320,大阪瓦斯株式会社,2026-03-31,2030302000000.0,12577000000.0,11561000000.0,無形資産,21835.0,,2,無形固定資産の取得による支出
S100YFWA,E34470,76700,オーウエル株式会社,2026-03-31,68268000000.0,,,,618.0,,2,
S100YFSO,E02569,19480,株式会社弘電社,2026-03-31,44234000000.0,47000000.0,91000000.0,無形資産,696.0,,2,無形固定資産の取得による支出
S100YFN3,E00962,45470,キッセイ薬品工業株式会社,2026-03-31,97406000000.0,753000000.0,523000000.0,無形資産,1786.0,,2,無形固定資産の取得による支出
S100YG5L,E04762,85910,オリックス株式会社,2026-03-31,3330831000000.0,,,,37286.0,,2,
S100YE3K,E00690,38950,ハビックス株式会社,2026-03-31,12110277000.0,8000000.0,,無形資産,205.0,,2,無形固定資産の取得による支出
S100YF00,E04899,96250,株式会社セレスポ,2026-03-31,15138522000.0,38411000.0,,無形資産,405.0,,2,無形固定資産の取得による支出
S100YFX5,E02642,81170,中央自動車工業株式会社,2026-03-31,46692820000.0,31766000.0,47286000.0,無形資産,348.0,,2,無形固定資産の取得による支出
S100YFWH,E00547,32020,ダイトウボウ株式会社,2026-03-31,4012247000.0,,,,93.0,,2,
S100YFBB,E00173,19600,株式会社サンテック,2026-03-31,61077000000.0,131000000.0,100000000.0,無形資産,1483.0,,2,無形固定資産の取得による支出
S100YG5J,E27615,31850,夢展望株式会社,2026-03-31,3534583000.0,19621000.0,10070000.0,無形資産,100.0,,2,無形資産の取得による支出
S100YCRC,E02114,66380,株式会社ミマキエンジニアリング,2026-03-31,83725442000.0,412955000.0,241649000.0,無形資産,2152.0,,2,無形固定資産の取得による支出
S100YF8O,E01635,63960,株式会社宇野澤組鐵工所,2026-03-31,4917526000.0,18912000.0,2732000.0,無形資産,162.0,,2,無形固定資産の取得による支出
S100Y8FK,E04094,90010,東武鉄道株式会社,2026-03-31,655435000000.0,,,,18148.0,,2,
S100YF6I,E05736,36220,ネットイヤーグループ株式会社,2026-03-31,3672504000.0,1390000.0,752000.0,無形資産,171.0,,2,無形固定資産の取得による支出
S100YE8K,E00012,13010,株式会社　極洋,2026-03-31,334612000000.0,,,,2542.0,,2,
S100YE1K,E02012,65180,三相電機株式会社,2026-03-31,18292733000.0,614000.0,3567000.0,無形資産,588.0,,2,無形固定資産の取得による支出
S100YEOO,E02652,80350,東京エレクトロン株式会社,2026-03-31,2443533000000.0,10457000000.0,9665000000.0,無形資産,20236.0,,2,無形固定資産の取得による支出
S100YG7E,E03868,,株式会社東京建設会館,2026-03-31,345453000.0,,,,4.0,,2,
S100YFUO,E39184,150A0,株式会社ＪＳＨ,2026-03-31,4740202000.0,22636000.0,,無形資産,579.0,,2,無形固定資産の取得による支出
S100YG5D,E00271,17770,川崎設備工業株式会社,2026-03-31,,0.0,2000000.0,無形資産,454.0,,2,無形固定資産の取得による支出
S100YEMC,E01092,51950,バンドー化学株式会社,2026-03-31,119257000000.0,323000000.0,311000000.0,無形資産,4159.0,,2,無形資産の取得による支出
S100YG72,E03669,85600,株式会社　宮崎太陽銀行,2026-03-31,18046000000.0,82000000.0,44000000.0,無形資産,570.0,,2,無形固定資産の取得による支出
S100YD4D,E04380,94050,朝日放送グループホールディングス株式会社,2026-03-31,95998000000.0,180000000.0,330000000.0,無形資産,1724.0,,2,無形固定資産の取得による支出
S100YG54,E02838,74800,スズデン株式会社,2026-03-31,45902296000.0,10557000.0,,無形資産,336.0,,2,無形固定資産の取得による支出
S100YFRY,E00021,57110,三菱マテリアル株式会社,2026-03-31,1844053000000.0,2748000000.0,4212000000.0,無形資産,17591.0,,2,無形固定資産の取得による支出
S100YE6X,E04804,97440,株式会社メイテックグループホールディングス,2026-03-31,137686000000.0,0.0,18000000.0,無形資産,13190.0,,2,無形固定資産の取得による支出
S100YG81,E01755,66450,オムロン株式会社,2026-03-31,767351000000.0,,,,26050.0,,2,
S100YF88,E00439,20530,中部飼料株式会社,2026-03-31,211814000000.0,,,,508.0,,2,
S100YG4M,E00238,18480,株式会社富士ピー・エス,2026-03-31,32230000000.0,,,,491.0,,2,
S100YFEF,E02580,80810,株式会社カナデン,2026-03-31,145614000000.0,147000000.0,118000000.0,無形資産,904.0,,2,無形固定資産の取得による支出
S100YFRH,E01805,67980,ＳＭＫ株式会社,2026-03-31,48204000000.0,86000000.0,126000000.0,無形資産,3626.0,,2,無形固定資産の取得による支出
S100YEIM,E04768,85840,株式会社ジャックス,2026-03-31,192315000000.0,,,,5532.0,,2,
S100YFKZ,E02152,72700,株式会社ＳＵＢＡＲＵ,2026-03-31,4784965000000.0,,,,37542.0,,2,
S100YG80,E37130,44140,株式会社フレクト,2026-03-31,8251666000.0,,35412000.0,,445.0,,2,
S100YFBY,E01711,63220,株式会社タクミナ,2026-03-31,11155508000.0,126300000.0,78524000.0,無形資産,324.0,,2,無形固定資産の取得による支出
S100YD99,E00760,40220,ラサ工業株式会社,2026-03-31,47727000000.0,,,,631.0,,2,
S100YF3G,E03138,98320,株式会社オートバックスセブン,2026-03-31,280055000000.0,,,,5617.0,,2,
S100YE8L,E00819,42030,住友ベークライト株式会社,2026-03-31,319867000000.0,,,,7524.0,,2,
S100YFGR,E02927,26760,高千穂交易株式会社,2026-03-31,29510806000.0,60315000.0,42947000.0,無形資産,482.0,,2,無形固定資産の取得による支出
S100YF5H,E21955,34430,川田テクノロジーズ株式会社,2026-03-31,115025000000.0,615000000.0,533000000.0,無形資産,2419.0,,2,無形固定資産の取得による支出
S100YFIL,E00558,33060,日本製麻株式会社,2026-03-31,2399669000.0,6773000.0,,無形資産,78.0,,2,無形固定資産の取得による支出
S100YFDV,E02369,79940,株式会社オカムラ,2026-03-31,329031000000.0,2825000000.0,2367000000.0,無形資産,6082.0,,2,無形固定資産の取得による支出
S100YDCG,E04604,,名古屋競馬株式会社,2026-03-31,4684000000.0,1030000.0,3441000.0,無形資産,26.0,,2,無形固定資産の取得による支出
S100YFCP,E02611,80560,ＢＩＰＲＯＧＹ株式会社,2026-03-31,433686000000.0,13462000000.0,9909000000.0,無形資産,8801.0,,2,無形資産の取得による支出
S100YCTS,E02615,80450,横浜丸魚株式会社,2026-03-31,40643629000.0,14176000.0,20313000.0,無形資産,178.0,,2,無形固定資産の取得による支出
S100YFAQ,E03793,86170,光世証券株式会社,2026-03-31,1113000000.0,1000000.0,,無形資産,37.0,,2,無形固定資産の取得による支出
S100YEUU,E00815,41820,三菱瓦斯化学株式会社,2026-03-31,738243000000.0,,,,8319.0,,2,
S100YF50,E02303,77020,株式会社ジェイ・エム・エス（称号　株式会社　ＪＭＳ）,2026-03-31,65845000000.0,183000000.0,142000000.0,無形資産,4887.0,,2,無形固定資産の取得による支出
S100YFEP,E35287,44840,ランサーズ株式会社,2026-03-31,5437245000.0,46978000.0,50930000.0,無形資産,150.0,,2,無形固定資産の取得による支出
S100YFRU,E02780,99870,株式会社スズケン,2026-03-31,2486647000000.0,2784000000.0,4340000000.0,無形資産,12717.0,,2,無形固定資産の取得による支出
S100YFHH,E01385,59290,三和ホールディングス株式会社,2026-03-31,660712000000.0,,,,13174.0,,2,
S100YGEC,E03310,75960,株式会社魚力,2026-03-31,43600368000.0,3475000.0,605000.0,無形資産,708.0,,2,無形固定資産の取得による支出
S100YG3R,E21320,66320,株式会社ＪＶＣケンウッド,2026-03-31,356865000000.0,12746000000.0,12024000000.0,無形資産,15229.0,,2,無形資産の取得による支出
S100YGH9,E05699,38530,アステリア株式会社,2026-03-31,3388800000.0,,,,145.0,,2,
S100YFVM,E00974,45530,東和薬品株式会社,2026-03-31,273710000000.0,1851000000.0,2487000000.0,無形資産,4923.0,,2,無形固定資産の取得による支出
S100YG40,E24558,14170,株式会社ミライト・ワン,2026-03-31,602377000000.0,2458000000.0,2070000000.0,無形資産,17709.0,,2,無形固定資産の取得による支出
S100YEUJ,E01428,79390,株式会社研創,2026-03-31,6411686000.0,4820000.0,5979000.0,無形資産,257.0,,2,無形固定資産の取得による支出
S100YEWB,E00457,28970,日清食品ホールディングス株式会社,2026-03-31,788131000000.0,1245000000.0,791000000.0,無形資産,17988.0,,2,無形資産の取得による支出
S100YFI1,E35568,49320,株式会社アルマード,2026-03-31,10118869000.0,13572000.0,16000000.0,無形資産,93.0,,2,無形固定資産の取得による支出
S100YGHU,E40727,416A0,富士ユナイトホールディングス株式会社,2026-03-31,75057000000.0,61000000.0,,無形資産,284.0,,2,無形固定資産の取得による支出
S100YFS8,E05401,37390,コムシード株式会社,2026-03-31,2474759000.0,111735000.0,205002000.0,無形資産,75.0,,2,無形固定資産の取得による支出
S100YER7,E02628,81070,株式会社キムラタン,2026-03-31,2533118000.0,2020000.0,7492000.0,無形資産,34.0,,2,無形固定資産の取得による支出
S100YGIC,E05045,47320,株式会社ユー・エス・エス,2026-03-31,113854000000.0,1685000000.0,1499000000.0,無形資産,1211.0,,2,無形固定資産の取得による支出
S100YFLX,E02562,,新生紙パルプ商事株式会社,2026-03-31,259281000000.0,,,,881.0,,2,
S100YDT2,E03582,83830,株式会社　鳥取銀行,2026-03-31,18991000000.0,,,,638.0,,2,
S100YFD3,E31997,61860,株式会社一蔵,2026-03-31,19446323000.0,,,,630.0,,2,
S100YFWJ,E02176,72400,ＮＯＫ株式会社,2026-03-31,738434000000.0,1307000000.0,1059000000.0,無形資産,36655.0,,2,無形固定資産の取得による支出
S100YFOI,E00161,19760,明星工業株式会社,2026-03-31,60299000000.0,,,,768.0,,2,
S100YFJB,E11661,62380,フリュー株式会社,2026-03-31,44767484000.0,641364000.0,632146000.0,無形資産,565.0,,2,無形固定資産の取得による支出
S100YG97,E04869,96580,株式会社ビジネスブレイン太田昭和,2026-03-31,42099520000.0,188451000.0,169001000.0,無形資産,2495.0,,2,無形資産の取得による支出
S100YFEW,E04990,46790,株式会社　田　谷,2026-03-31,5075549000.0,28779000.0,36696000.0,無形資産,490.0,,2,無形固定資産の取得による支出
S100YCWL,E00109,19720,三晃金属工業株式会社,2026-03-31,47058000000.0,148000000.0,196000000.0,無形資産,520.0,,2,無形固定資産の取得による支出
S100YFNH,E01807,67790,日本電波工業株式会社,2026-03-31,44256000000.0,1036000000.0,982000000.0,無形資産,2313.0,,2,無形資産の取得による支出
S100YG2G,E00888,43650,松本油脂製薬株式会社,2026-03-31,41069000000.0,0.0,1000000.0,無形資産,399.0,,2,無形固定資産の取得による支出
S100YEJ7,E35587,62300,ＳＡＮＥＩ株式会社,2026-03-31,29042404000.0,234051000.0,30223000.0,無形資産,827.0,,2,無形固定資産の取得による支出
S100YFKQ,E02221,72960,株式会社エフ・シー・シー,2026-03-31,260836000000.0,1062000000.0,450000000.0,無形資産,7804.0,,2,無形資産の取得による支出
S100YFMQ,E40154,300A0,ＭＩＣ株式会社,2026-03-31,15092432000.0,20630000.0,16515000.0,無形資産,361.0,,2,無形固定資産の取得による支出
S100YE44,E02472,78400,フランスベッドホールディングス株式会社,2026-03-31,61769000000.0,289000000.0,214000000.0,無形資産,1834.0,,2,無形固定資産の取得による支出
S100YEZU,E01437,59840,兼房株式会社,2026-03-31,20947572000.0,8246000.0,19995000.0,無形資産,1135.0,,2,無形固定資産の取得による支出
S100YFAW,E02015,68690,シスメックス株式会社,2026-03-31,500006000000.0,18065000000.0,20733000000.0,無形資産,10861.0,,2,無形資産の取得による支出
S100YFV1,E37143,71340,株式会社アップガレージグループ,2026-03-31,15384974000.0,176169000.0,215447000.0,無形資産,238.0,,2,無形固定資産の取得による支出
S100YFFT,E01509,61510,日東工器株式会社,2026-03-31,27289000000.0,954000000.0,1273000000.0,無形資産,1032.0,,2,無形固定資産の取得による支出
S100YDOZ,E00074,19420,株式会社関電工,2026-03-31,742022000000.0,,,,10850.0,,2,
S100YF9N,E01320,59280,アルメタックス株式会社,2026-03-31,7886491000.0,138068000.0,145565000.0,無形資産,331.0,,2,無形固定資産の取得による支出
S100YFIT,E01118,79380,株式会社リーガルコーポレーション,2026-03-31,22841000000.0,17000000.0,48000000.0,無形資産,790.0,,2,無形固定資産の取得による支出
S100YC3N,E04973,46580,日本空調サービス株式会社,2026-03-31,69245000000.0,71000000.0,22000000.0,無形資産,2268.0,,2,無形固定資産の取得による支出
S100YGGN,E03863,97060,日本空港ビルデング株式会社,2026-03-31,289823000000.0,1557000000.0,2655000000.0,無形資産,3018.0,,2,無形固定資産の取得による支出
S100YEVQ,E01247,54510,株式会社ヨドコウ,2026-03-31,195373000000.0,484000000.0,366000000.0,無形資産,2377.0,,2,無形固定資産の取得による支出
S100YGKR,E04031,89340,サンフロンティア不動産株式会社,2026-03-31,116083000000.0,335000000.0,253000000.0,無形資産,1076.0,,2,無形固定資産の取得による支出
S100YFG9,E00873,34020,東レ株式会社,2026-03-31,2585077000000.0,,,,46294.0,,2,
S100YFML,E01443,34330,トーカロ株式会社,2026-03-31,58490000000.0,162000000.0,54000000.0,無形資産,1573.0,,2,無形固定資産の取得による支出
S100YELE,E04321,93510,東洋埠頭株式会社,2026-03-31,38079000000.0,,,,848.0,,2,
S100YE9H,E03592,83980,株式会社筑邦銀行,2026-03-31,25754000000.0,108000000.0,80000000.0,無形資産,554.0,,2,無形固定資産の取得による支出
S100YF3W,E02510,80320,日本紙パルプ商事株式会社,2026-03-31,,557000000.0,857000000.0,無形資産,4705.0,,2,無形固定資産の取得による支出
S100Y8SE,E04190,,東海自動車株式会社,2026-03-31,7457178000.0,,,,716.0,,2,
S100YDXD,E00053,18030,清水建設株式会社,2026-03-31,2057802000000.0,,,,22278.0,,2,
S100YFY1,E24073,87150,アニコム　ホールディングス株式会社,2026-03-31,73846000000.0,486000000.0,683000000.0,無形資産,1025.0,,2,無形固定資産の取得による支出
S100YGH5,E02778,99840,ソフトバンクグループ株式会社,2026-03-31,7798650000000.0,,,,73677.0,,2,
S100YGM2,E00204,19140,日本基礎技術株式会社,2026-03-31,27353000000.0,22729000.0,50809000.0,無形資産,391.0,,2,無形固定資産の取得による支出
S100YGMS,E03181,99040,株式会社ベリテ,2026-03-31,9441000000.0,17000000.0,6000000.0,無形資産,505.0,,2,無形固定資産の取得による支出
S100YFXN,E03487,30580,株式会社三洋堂ホールディングス,2026-03-31,17249386000.0,15131000.0,5520000.0,無形資産,181.0,,2,無形固定資産の取得による支出
S100YEZP,E02952,27500,石光商事株式会社,2026-03-31,76527292000.0,16997000.0,60633000.0,無形資産,476.0,,2,無形固定資産の取得による支出
S100YGNY,E01191,,琉球セメント株式会社,2026-03-31,18881685000.0,268117000.0,6500000.0,無形資産,296.0,,2,無形固定資産の取得による支出
S100YFOK,E39741,255A0,ジーエルテクノホールディングス株式会社,2026-03-31,47189387000.0,446513000.0,121384000.0,無形資産,1245.0,,2,無形固定資産の取得による支出
S100YFHO,E00761,40230,株式会社クレハ,2026-03-31,161688000000.0,,,,3941.0,,2,
S100YF7M,E01137,53330,ＮＧＫ株式会社,2026-03-31,670125000000.0,2282000000.0,1950000000.0,無形資産,19869.0,,2,無形固定資産の取得による支出
S100YFV2,E02175,72450,大同メタル工業株式会社,2026-03-31,142009000000.0,341000000.0,489000000.0,無形資産,7267.0,,2,無形固定資産の取得による支出
S100YFPM,E01200,52790,日本興業株式会社,2026-03-31,16321050000.0,47508000.0,12737000.0,無形資産,431.0,,2,無形固定資産の取得による支出
S100Y9SP,E04287,93060,東陽倉庫株式会社,2026-03-31,30161149000.0,106399000.0,49610000.0,無形資産,721.0,,2,無形固定資産の取得による支出
S100YF39,E00442,28920,日本食品化工株式会社,2026-03-31,62993000000.0,233000000.0,179000000.0,無形資産,452.0,,2,無形固定資産の取得による支出
S100YG56,E01396,59940,株式会社ファインシンター,2026-03-31,46206754000.0,,,,1958.0,,2,
S100YGD5,E02759,99290,平和紙業株式会社,2026-03-31,15796925000.0,25050000.0,,無形資産,188.0,,2,無形固定資産の取得による支出
S100YGCZ,E02506,80200,兼松株式会社,2026-03-31,1067665000000.0,1139000000.0,861000000.0,無形資産,8604.0,,2,無形資産の取得による支出
S100YFA1,E04095,,伊豆箱根鉄道株式会社,2026-03-31,10546382000.0,,,,1195.0,,2,
S100YFPN,E05205,42900,株式会社プレステージ・インターナショナル,2026-03-31,70911322000.0,,,,5649.0,,2,
S100YG3E,E00147,18600,戸田建設株式会社,2026-03-31,645737000000.0,1066000000.0,1184000000.0,無形資産,7286.0,,2,無形固定資産の取得による支出
S100YGOR,E02124,70040,カナデビア株式会社,2026-03-31,645222000000.0,3579000000.0,3253000000.0,無形資産,12666.0,,2,無形固定資産の取得による支出
S100YGQB,E02386,79880,株式会社ニフコ,2026-03-31,352650000000.0,,,,8886.0,,2,
S100YG20,E04609,96640,株式会社御園座,2026-03-31,3217000000.0,,,,6.0,,2,
S100YF8D,E02076,69270,ヘリオス　テクノ　ホールディング株式会社,2026-03-31,14188768000.0,45350000.0,5984000.0,無形資産,272.0,,2,無形固定資産の取得による支出
S100YGO3,E01731,62620,株式会社ＰＥＧＡＳＵＳ,2026-03-31,21657868000.0,8935000.0,23843000.0,無形資産,1576.0,,2,無形固定資産の取得による支出
S100YGQ8,E38723,93320,ＮＩＳＳＯホールディングス株式会社,2026-03-31,111430000000.0,63000000.0,33000000.0,無形資産,2746.0,,2,無形固定資産の取得による支出
S100YFLC,E01617,63250,株式会社タカキタ,2026-03-31,6548675000.0,43153000.0,11199000.0,無形資産,270.0,,2,無形固定資産の取得による支出
S100YF5T,E04317,93220,川西倉庫株式会社,2026-03-31,26400941000.0,153382000.0,127495000.0,無形資産,743.0,,2,無形固定資産の取得による支出
S100YFQC,E01481,61030,オークマ株式会社,2026-03-31,235888000000.0,5556000000.0,6970000000.0,無形資産,4101.0,,2,無形固定資産の取得による支出
S100YFUS,E22547,31500,株式会社グリムス,2026-03-31,33936104000.0,7655000.0,19924000.0,無形資産,367.0,,2,無形固定資産の取得による支出
S100YDUO,E36102,17860,オリエンタル白石株式会社,2026-03-31,68866000000.0,347000000.0,57000000.0,無形資産,1166.0,,2,無形固定資産の取得による支出
S100YFNF,E24536,31660,ＯＣＨＩホールディングス株式会社,2026-03-31,120432000000.0,113000000.0,58000000.0,無形資産,1742.0,,2,無形固定資産の取得による支出
S100YD7A,E00462,28100,ハウス食品グループ本社株式会社,2026-03-31,316977000000.0,1585000000.0,1980000000.0,無形資産,6564.0,,2,無形固定資産の取得による支出
S100YFCG,E01055,49720,綜研化学株式会社,2026-03-31,47967991000.0,136607000.0,407542000.0,無形資産,1097.0,,2,無形固定資産の取得による支出
S100YGR8,E05651,32370,株式会社イントランス,2026-03-31,1073740000.0,,3662000.0,,48.0,,2,
S100YGJY,E34052,43880,株式会社エーアイ,2026-03-31,1850060000.0,4099000.0,14163000.0,無形資産,114.0,,2,無形固定資産の取得による支出
S100YGIX,E00809,41120,保土谷化学工業株式会社,2026-03-31,48040000000.0,,,,946.0,,2,
S100YF0Z,E03991,88910,ＡＭＧホールディングス株式会社,2026-03-31,31352850000.0,1337000.0,9576000.0,無形資産,293.0,,2,無形固定資産の取得による支出
S100YF9J,E01989,69280,株式会社エノモト,2026-03-31,30415428000.0,9361000.0,25822000.0,無形資産,1293.0,,2,無形固定資産の取得による支出
S100YGLS,E05469,37660,システムズ・デザイン株式会社,2026-03-31,9993803000.0,10043000.0,,無形資産,553.0,,2,無形固定資産の取得による支出
S100YGR0,E37499,62260,守谷輸送機工業株式会社,2026-03-31,23589633000.0,31351000.0,18903000.0,無形資産,388.0,,2,無形固定資産の取得による支出
S100YD7H,E04149,90220,東海旅客鉄道株式会社,2026-03-31,2006218000000.0,30787000000.0,12348000000.0,無形資産,29569.0,,2,無形固定資産の取得による支出
S100YGSY,E39903,247A0,Ａｉロボティクス株式会社,2026-03-31,29359038000.0,,,,36.0,,2,
S100YFSR,E00808,41880,三菱ケミカルグループ株式会社,2026-03-31,3703988000000.0,8044000000.0,10439000000.0,無形資産,56678.0,,2,無形資産の取得による支出
S100YDWR,E01427,59510,ダイニチ工業株式会社,2026-03-31,20084595000.0,7978000.0,8650000.0,無形資産,466.0,,2,その他の無形固定資産の取得による支出
S100YGAR,E31633,49800,デクセリアルズ株式会社,2026-03-31,113832000000.0,1522000000.0,1672000000.0,無形資産,1802.0,,2,無形資産の取得による支出
S100YEVT,E01080,50130,株式会社ユシロ,2026-03-31,51165000000.0,124000000.0,287000000.0,無形資産,862.0,,2,無形固定資産の取得による支出
S100YFRR,E00789,40310,片倉コープアグリ株式会社,2026-03-31,42651000000.0,275000000.0,571000000.0,無形資産,797.0,,2,無形固定資産の取得による支出
S100YGKM,E31381,60390,株式会社日本動物高度医療センター,2026-03-31,6192468000.0,107405000.0,9996000.0,無形資産,328.0,,2,無形固定資産の取得による支出
S100YF4W,E02267,77230,愛知時計電機株式会社,2026-03-31,59116000000.0,,,,1719.0,,2,
S100YGDD,E41037,483A0,テラテクノロジー株式会社,2026-03-31,4749023000.0,,220000.0,,363.0,,2,
S100YD87,E01631,64800,日本トムソン株式会社,2026-03-31,63031000000.0,232000000.0,451000000.0,無形資産,2547.0,,2,無形固定資産の取得による支出
S100YGBF,E03457,33720,株式会社関門海,2026-03-31,5272187000.0,,621000.0,,174.0,,2,
S100YG51,E27235,36700,協立情報通信株式会社,2026-03-31,5140326000.0,,9050000.0,,177.0,,2,
S100YFLP,E00322,17210,コムシスホールディングス株式会社,2026-03-31,630658000000.0,2733000000.0,965000000.0,無形資産,17765.0,,2,無形固定資産の取得による支出
S100YGU2,E00209,19660,株式会社　高田工業所,2026-03-31,53693589000.0,,,,1666.0,,2,
S100YFZJ,E02294,77690,リズム株式会社,2026-03-31,34755000000.0,221000000.0,276000000.0,無形資産,2432.0,,2,無形固定資産の取得による支出
S100YEXB,E01305,57530,日本伸銅株式会社,2026-03-31,30145000000.0,26000000.0,12000000.0,無形資産,92.0,,2,無形固定資産の取得による支出
S100YCYT,E00709,94710,株式会社文溪堂,2026-03-31,12139172000.0,218738000.0,327516000.0,無形資産,247.0,,2,無形固定資産の取得による支出
S100YE5S,E03581,83700,株式会社紀陽銀行,2026-03-31,114870000000.0,983000000.0,1186000000.0,無形資産,2473.0,,2,無形固定資産の取得による支出
S100YCNV,E00810,41130,田岡化学工業株式会社,2026-03-31,33192000000.0,2000000.0,6000000.0,無形資産,482.0,,2,無形固定資産の取得による支出
S100YGUI,E00840,41830,三井化学株式会社,2026-03-31,1668754000000.0,9517000000.0,17193000000.0,無形資産,16967.0,,2,無形資産の取得による支出
S100YGPD,E25620,36520,株式会社ディジタルメディアプロフェッショナル,2026-03-31,2432778000.0,37736000.0,,無形資産,48.0,,2,無形固定資産の取得による支出
S100YFGL,E01767,67030,沖電気工業株式会社,2026-03-31,421635000000.0,6254000000.0,6339000000.0,無形資産,11925.0,,2,無形固定資産の取得による支出
S100YG9T,E01211,52840,ヤマウホールディングス株式会社,2026-03-31,21243859000.0,27281000.0,116137000.0,無形資産,811.0,,2,無形固定資産の取得による支出
S100YFV5,E25165,31670,株式会社ＴＯＫＡＩホールディングス,2026-03-31,244838000000.0,,,,5033.0,,2,
S100YGKQ,E00360,21140,フジ日本株式会社,2026-03-31,28443000000.0,46000000.0,5000000.0,無形資産,254.0,,2,無形固定資産の取得による支出
S100YENT,E02128,70130,株式会社ＩＨＩ,2026-03-31,1643402000000.0,,,,26224.0,,2,
S100YFT2,E02698,82280,株式会社マルイチ産商,2026-03-31,297086000000.0,122000000.0,231000000.0,無形資産,1227.0,,2,無形固定資産の取得による支出
S100YGTZ,E00452,28050,ヱスビー食品株式会社,2026-03-31,129022000000.0,84000000.0,302000000.0,無形資産,2082.0,,2,無形固定資産の取得による支出
S100YGW0,E05552,37930,株式会社ドリコム,2026-03-31,17547778000.0,692735000.0,1782926000.0,無形資産,275.0,,2,無形固定資産の取得による支出
S100YGVF,E03597,83930,株式会社宮崎銀行,2026-03-31,90159000000.0,688000000.0,1822000000.0,無形資産,1392.0,,2,無形固定資産の取得による支出
S100YGHR,E36130,41690,ＥＮＥＣＨＡＮＧＥ株式会社,2026-03-31,6697531000.0,,296968000.0,,191.0,,2,
S100YAUO,E00752,40050,住友化学株式会社,2026-03-31,2328515000000.0,,,,27491.0,,2,
S100YGWB,E02414,77430,株式会社シード,2026-03-31,33942396000.0,234326000.0,38796000.0,無形資産,1048.0,,2,無形固定資産の取得による支出
S100YE6A,E00346,20020,株式会社日清製粉グループ本社,2026-03-31,865004000000.0,,,,9624.0,,2,
S100YFUZ,E03565,83650,株式会社　富山銀行,2026-03-31,13771000000.0,207000000.0,105000000.0,無形資産,325.0,,2,無形固定資産の取得による支出
S100YGWT,E05192,48490,エン株式会社,2026-03-31,59093000000.0,4182000000.0,3767000000.0,無形資産,3191.0,,2,無形固定資産の取得による支出
S100YG71,E35497,53680,日本インシュレーション株式会社,2026-03-31,14393820000.0,,94179000.0,,352.0,,2,
S100YGCS,E21261,21810,パーソルホールディングス株式会社,2026-03-31,1555833000000.0,13073000000.0,13284000000.0,無形資産,74926.0,,2,無形資産の取得による支出
S100YGSA,E38201,52440,株式会社ｊｉｇ．ｊｐ,2026-03-31,14631505000.0,6146000.0,,無形資産,125.0,,2,無形固定資産の取得による支出
S100YF60,E40215,302A0,株式会社ビースタイルホールディングス,2026-03-31,12008754000.0,139002000.0,35091000.0,無形資産,336.0,,2,無形固定資産の取得による支出
S100YF0Y,E02333,67880,株式会社日本トリム,2026-03-31,24159363000.0,127787000.0,158761000.0,無形資産,777.0,,2,無形固定資産の取得による支出
S100YFIO,E04272,92010,日本航空株式会社,2026-03-31,2012515000000.0,,,,39076.0,,2,
S100YF2C,E00260,17870,株式会社ナカボーテック,2026-03-31,14903189000.0,14100000.0,4156000.0,無形資産,282.0,,2,無形固定資産の取得による支出
S100YGUZ,E38171,51380,株式会社Ｒｅｂａｓｅ,2026-03-31,2181050000.0,56833000.0,12199000.0,無形資産,50.0,,2,無形固定資産の取得による支出
S100YF6G,E05551,37960,株式会社いい生活,2026-03-31,3232180000.0,598918000.0,640104000.0,無形資産,216.0,,2,無形固定資産の取得による支出
S100YE8V,E35510,48820,株式会社ペルセウスプロテオミクス,2026-03-31,135507000.0,680000.0,,無形資産,35.0,,2,無形固定資産の取得による支出
S100YG4N,E31626,39170,株式会社アイリッジ,2026-03-31,7084115000.0,635258000.0,501586000.0,無形資産,273.0,,2,無形固定資産の取得による支出
S100YEWN,E00431,26070,不二製油株式会社,2026-03-31,772285000000.0,3094000000.0,3165000000.0,無形資産,5891.0,,2,無形資産の取得による支出
S100YFZ6,E37158,42590,株式会社エクサウィザーズ,2026-03-31,11996000000.0,948000000.0,869000000.0,無形資産,624.0,,2,無形固定資産の取得による支出
S100YC5Z,E15690,297A0,アルピコホールディングス株式会社,2026-03-31,107422042000.0,188713000.0,97883000.0,無形資産,1989.0,,2,無形固定資産の取得による支出
S100YFRW,E33633,65660,株式会社要興業,2026-03-31,14949076000.0,61127000.0,78163000.0,無形資産,467.0,,2,無形固定資産の取得による支出
S100YFE3,E01600,64710,日本精工株式会社,2026-03-31,911644000000.0,12701000000.0,12234000000.0,無形資産,26278.0,,2,無形資産の取得による支出
S100YGXU,E33622,89190,株式会社カチタス,2026-03-31,151851000000.0,35000000.0,48000000.0,無形資産,1002.0,,2,無形固定資産の取得による支出
S100YDD5,E03236,74210,カッパ・クリエイト株式会社,2026-03-31,73193000000.0,3000000.0,18000000.0,無形資産,801.0,,2,無形固定資産の取得による支出
S100YECO,E01594,64480,ブラザー工業株式会社,2026-03-31,893464000000.0,11563000000.0,11327000000.0,無形資産,39495.0,,2,無形資産の取得による支出
S100YC5C,E03752,86040,野村ホールディングス株式会社,2026-03-31,4758486000000.0,,,,28677.0,,2,
S100YFWI,E31009,60270,弁護士ドットコム株式会社,2026-03-31,16288355000.0,847228000.0,666745000.0,無形資産,639.0,,2,無形固定資産の取得による支出
S100YGHA,E00871,42420,株式会社タカギセイコー,2026-03-31,41477000000.0,,,,1849.0,,2,
S100YGMU,E05377,17170,明豊ファシリティワークス株式会社,2026-03-31,6114681000.0,100655000.0,112539000.0,無形資産,208.0,,2,無形固定資産の取得による支出
S100YE67,E23818,31780,チムニー株式会社,2026-03-31,26365188000.0,,,,659.0,,2,
S100YGVQ,E04849,96980,株式会社クレオ,2026-03-31,14569000000.0,373000000.0,257000000.0,無形資産,1167.0,,2,無形固定資産の取得による支出
S100YFWS,E02411,68630,株式会社ニレコ,2026-03-31,11022975000.0,,,,533.0,,2,
S100YGWW,E03145,98500,株式会社グルメ杵屋,2026-03-31,44089000000.0,26759000.0,20584000.0,無形資産,1150.0,,2,無形固定資産の取得による支出
S100YG3O,E03321,76160,株式会社　コロワイド,2026-03-31,300090000000.0,,,,5907.0,,2,
S100YGX6,E02237,72200,武蔵精密工業株式会社,2026-03-31,347200000000.0,261000000.0,201000000.0,無形資産,12227.0,,2,無形固定資産の取得による支出
S100YDRV,E01636,63630,株式会社酉島製作所,2026-03-31,92927000000.0,51000000.0,472000000.0,無形資産,2127.0,,2,無形固定資産の取得による支出
S100YGND,E00769,40440,セントラル硝子株式会社,2026-03-31,144479000000.0,,,,3194.0,,2,
S100YG3Q,E01946,69540,ファナック株式会社,2026-03-31,857831000000.0,,,,10040.0,,2,
S100YGY8,E02219,72940,株式会社ヨロズ,2026-03-31,176330000000.0,112000000.0,57000000.0,無形資産,5405.0,,2,無形固定資産の取得による支出
S100YGBO,E01737,65010,株式会社日立製作所,2026-03-31,10586781000000.0,146039000000.0,144801000000.0,無形資産,287901.0,,2,無形資産の取得による支出
S100YF75,E05306,27490,株式会社ＪＰホールディングス,2026-03-31,43325923000.0,1000000.0,3366000.0,無形資産,4209.0,,2,無形固定資産の取得による支出
S100Y1I3,E01669,64580,新晃工業株式会社,2026-03-31,59339000000.0,581000000.0,274000000.0,無形資産,1701.0,,2,無形固定資産の取得による支出
S100YGWC,E02073,64300,ダイコク電機株式会社,2026-03-31,54337041000.0,1666999000.0,1752776000.0,無形資産,796.0,,2,無形固定資産の取得による支出
S100YFQH,E38215,93410,株式会社ＧＥＮＯＶＡ,2026-03-31,11565971000.0,17450000.0,,無形資産,529.0,,2,無形固定資産の取得による支出
S100YE3I,E00941,45240,森下仁丹株式会社,2026-03-31,12688000000.0,95000000.0,79000000.0,無形資産,359.0,,2,無形固定資産の取得による支出
S100YESK,E02503,80930,極東貿易株式会社,2026-03-31,64538000000.0,,,,659.0,,2,
S100YFV6,E01146,53510,品川リフラ株式会社,2026-03-31,177738000000.0,608000000.0,790000000.0,無形資産,9089.0,,2,無形固定資産の取得による支出
S100YGWG,E21706,21830,株式会社リニカル,2026-03-31,8665822000.0,947000.0,5760000.0,無形資産,577.0,,2,無形固定資産の取得による支出
S100YFPI,E40423,341A0,株式会社トヨコー,2026-03-31,3133835000.0,,,,48.0,,2,
S100YDME,E01577,63790,レイズネクスト株式会社,2026-03-31,,,,,2153.0,,2,
S100YGS4,E01075,81320,シナネンホールディングス株式会社,2026-03-31,298752000000.0,,,,1661.0,,2,
S100YG75,E01113,51850,株式会社フコク,2026-03-31,90025000000.0,409000000.0,315000000.0,無形資産,4401.0,,2,無形固定資産の取得による支出
S100Y4PM,E01139,53310,ノリタケ株式会社,2026-03-31,142908000000.0,,,,4901.0,,2,
S100YH06,E01355,59110,株式会社横河ブリッジホールディングス,2026-03-31,143877000000.0,1480000000.0,2097000000.0,無形資産,2769.0,,2,無形固定資産の取得による支出
S100YH2B,E02142,72010,日産自動車株式会社,2026-03-31,12007888000000.0,,,,120079.0,,2,
S100YEN3,E04108,90490,京福電気鉄道株式会社,2026-03-31,14881000000.0,31000000.0,89000000.0,無形資産,569.0,,2,無形固定資産の取得による支出
S100YDS7,E01572,63690,トーヨーカネツ株式会社,2026-03-31,59617000000.0,,,,1419.0,,2,
S100YGME,E03621,58380,楽天銀行株式会社,2026-03-31,255579000000.0,17401000000.0,13388000000.0,無形資産,1186.0,,2,無形固定資産の取得による支出
S100YGJS,E03374,26940,株式会社焼肉坂井ホールディングス,2026-03-31,24249704000.0,,,,719.0,,2,
S100YEZT,E04284,93020,三井倉庫ホールディングス株式会社,2026-03-31,299472000000.0,1754000000.0,2390000000.0,無形資産,7654.0,,2,無形固定資産の取得による支出
S100YE2Y,E04826,97290,株式会社トーカイ,2026-03-31,159664000000.0,783000000.0,648000000.0,無形資産,4694.0,,2,無形固定資産の取得による支出
S100YGSS,E01727,64330,ヒーハイスト株式会社,2026-03-31,1636795000.0,3301000.0,,無形資産,84.0,,2,無形固定資産の取得による支出
S100YFPQ,E03116,82140,株式会社ＡＯＫＩホールディングス,2026-03-31,194532000000.0,1351000000.0,752000000.0,無形資産,3226.0,,2,無形固定資産の取得による支出
S100YGM6,E05471,37680,リスクモンスター株式会社,2026-03-31,3824037000.0,925379000.0,902155000.0,無形資産,185.0,,2,無形固定資産の取得による支出
S100YFUT,E00434,26130,株式会社Ｊ－オイルミルズ,2026-03-31,226574000000.0,358000000.0,515000000.0,無形資産,1222.0,,2,無形固定資産の取得による支出
S100YEXL,E02889,75930,ＶＴホールディングス株式会社,2026-03-31,388733000000.0,964000000.0,376000000.0,無形資産,4527.0,,2,無形資産の取得による支出
S100YFWX,E03036,80220,美津濃株式会社,2026-03-31,259045000000.0,1180000000.0,840000000.0,無形資産,3682.0,,2,無形固定資産の取得による支出
S100YE8P,E27063,61650,パンチ工業株式会社,2026-03-31,42100000000.0,56000000.0,117000000.0,無形資産,3480.0,,2,無形固定資産の取得による支出
S100YH5C,E05739,36260,ＴＩＳ株式会社,2026-03-31,596479000000.0,7882000000.0,6593000000.0,無形資産,21598.0,,2,無形固定資産の取得による支出
S100YH4P,E02241,72180,田中精密工業株式会社,2026-03-31,43790459000.0,325476000.0,36548000.0,無形資産,1383.0,,2,無形固定資産の取得による支出
S100YFPS,E03807,86280,松井証券株式会社,2026-03-31,52660000000.0,3599000000.0,3236000000.0,無形資産,227.0,,2,無形固定資産の取得による支出
S100YH49,E33016,35590,株式会社ピーバンドットコム,2026-03-31,2311924000.0,51206000.0,16572000.0,無形資産,40.0,,2,無形固定資産の取得による支出
S100YGFS,E04341,90250,鴻池運輸株式会社,2026-03-31,355555000000.0,1094000000.0,760000000.0,無形資産,17016.0,,2,無形固定資産の取得による支出
S100YG2V,E40408,343A0,株式会社ＩＡＣＥトラベル,2026-03-31,3015280000.0,,,,137.0,,2,
S100YGWF,E05629,21270,株式会社日本Ｍ＆Ａセンターホールディングス,2026-03-31,50257000000.0,67000000.0,23000000.0,無形資産,1062.0,,2,無形固定資産の取得による支出
S100YEJ9,E30451,31900,株式会社ホットマン,2026-03-31,22501115000.0,700000.0,4438000.0,無形資産,903.0,,2,無形固定資産の取得による支出
S100YDEW,E01066,42410,株式会社アテクト,2026-03-31,3357152000.0,2635000.0,3065000.0,無形資産,125.0,,2,無形固定資産の取得による支出
S100YGXY,E00194,19800,ダイダン株式会社,2026-03-31,256228000000.0,,,,2568.0,,2,
S100YBP0,E03133,82550,アクシアル　リテイリング株式会社,2026-03-31,295536000000.0,421000000.0,500000000.0,無形資産,2576.0,,2,無形固定資産の取得による支出
S100YEHQ,E04336,91930,東京汽船株式会社,2026-03-31,13144203000.0,,,,446.0,,2,
S100YGG9,E02544,82910,日産東京販売ホールディングス株式会社,2026-03-31,128997000000.0,,,,2589.0,,2,
S100YEUF,E01315,54640,モリ工業株式会社,2026-03-31,43288000000.0,46000000.0,108000000.0,無形資産,695.0,,2,無形固定資産の取得による支出
S100YDZ1,E02163,72610,マツダ株式会社,2026-03-31,4918172000000.0,21754000000.0,24676000000.0,無形資産,47144.0,,2,無形固定資産の取得による支出
S100YHEK,E00382,22180,日糧製パン株式会社,2026-03-31,19000408000.0,,,,636.0,,2,
S100YFJC,E03567,83620,株式会社福井銀行,2026-03-31,79101000000.0,117000000.0,392000000.0,無形資産,1732.0,,2,無形固定資産の取得による支出
S100YGHH,E01051,49700,東洋合成工業株式会社,2026-03-31,41956000000.0,1081000000.0,1056000000.0,無形資産,972.0,,2,無形固定資産の取得による支出
S100YG4C,E02363,79520,株式会社河合楽器製作所,2026-03-31,72049000000.0,136000000.0,43000000.0,無形資産,2917.0,,2,無形固定資産の取得による支出
S100YHFP,E00764,40270,テイカ株式会社,2026-03-31,57373000000.0,266000000.0,,無形資産,862.0,,2,無形固定資産の取得による支出
S100YF0K,E31624,34170,大木ヘルスケアホールディングス株式会社,2026-03-31,360358000000.0,74000000.0,137000000.0,無形資産,685.0,,2,無形固定資産の取得による支出
S100YDVR,E02837,74810,尾家産業株式会社,2026-03-31,129321000000.0,19000000.0,10000000.0,無形資産,873.0,,2,無形固定資産の取得による支出
S100YGGJ,E01850,68200,アイコム株式会社,2026-03-31,36959000000.0,36000000.0,18000000.0,無形資産,1063.0,,2,無形固定資産の取得による支出
S100YFSH,E00996,35510,ダイニック株式会社,2026-03-31,44227158000.0,19339000.0,3353000.0,無形資産,1077.0,,2,無形固定資産の取得による支出
S100YGBN,E03670,85540,株式会社南日本銀行,2026-03-31,17141000000.0,292000000.0,386000000.0,無形資産,602.0,,2,無形固定資産の取得による支出
S100YGEO,E00348,20040,昭和産業株式会社,2026-03-31,335413000000.0,,,,2927.0,,2,
S100YFC3,E05493,24450,株式会社タカミヤ,2026-03-31,45212000000.0,83000000.0,210000000.0,無形資産,1351.0,,2,無形固定資産の取得による支出
S100YE9L,E03964,,株式会社宮城県建設会館,2026-03-31,89171000.0,,,,2.0,,2,
S100YG9I,E03788,87070,岩井コスモホールディングス株式会社,2026-03-31,32260000000.0,,2000000.0,,848.0,,2,
S100YHFZ,E01327,57260,株式会社大阪チタニウムテクノロジーズ,2026-03-31,46952000000.0,,,,742.0,,2,
S100YG98,E01206,52820,ジオスター株式会社,2026-03-31,28858829000.0,,,,467.0,,2,
S100YF55,E01444,59090,株式会社　コロナ,2026-03-31,85338000000.0,164000000.0,88000000.0,無形資産,2083.0,,2,無形固定資産の取得による支出
S100YFPF,E05283,23170,株式会社システナ,2026-03-31,94400000000.0,,,,5301.0,,2,
S100YF8W,E33822,65700,株式会社共和コーポレーション,2026-03-31,20729545000.0,8696000.0,14186000.0,無形資産,279.0,,2,無形固定資産の取得による支出
S100YGCG,E04637,,日本観光ゴルフ株式会社,2026-03-31,702658000.0,,,,32.0,,2,
S100YGYK,E02281,77620,シチズン時計株式会社,2026-03-31,346808000000.0,2625000000.0,2552000000.0,無形資産,12147.0,,2,無形固定資産の取得による支出
S100YGZJ,E03178,99000,株式会社サガミホールディングス,2026-03-31,39359936000.0,,,,555.0,,2,
S100YHAF,E04160,90830,神姫バス株式会社,2026-03-31,55580000000.0,,,,3543.0,,2,
S100YE9E,E02170,72260,極東開発工業株式会社,2026-03-31,161332000000.0,,,,3585.0,,2,
S100YGQU,E04878,61970,株式会社ソラスト,2026-03-31,141144000000.0,496000000.0,407000000.0,無形資産,33674.0,,2,無形固定資産の取得による支出
S100YGFU,E00480,29070,株式会社あじかん,2026-03-31,51430000000.0,244000000.0,156000000.0,無形資産,887.0,,2,無形固定資産の取得による支出
S100YGXI,E02549,81010,株式会社ＧＳＩクレオス,2026-03-31,188677000000.0,,,,845.0,,2,
S100YHHK,E37978,65260,株式会社ソシオネクスト,2026-03-31,200834000000.0,8052000000.0,3821000000.0,無形資産,2469.0,,2,無形固定資産の取得による支出
S100YGIN,E00028,57140,ＤＯＷＡホールディングス株式会社,2026-03-31,745410000000.0,572000000.0,1322000000.0,無形資産,8355.0,,2,無形固定資産の取得による支出
S100YGGD,E01103,42240,ロンシール工業株式会社,2026-03-31,22107000000.0,27000000.0,4000000.0,無形資産,419.0,,2,無形固定資産の取得による支出
S100YH48,E01434,64840,株式会社ＫＶＫ,2026-03-31,30899762000.0,485459000.0,352608000.0,無形資産,1022.0,,2,無形固定資産の取得による支出
S100YGBS,E05025,46840,株式会社オービック,2026-03-31,135209000000.0,67000000.0,16000000.0,無形資産,2256.0,,2,無形固定資産の取得による支出
S100YHGL,E04639,,株式会社　仙台カントリークラブ,2026-03-31,557677000.0,,,,43.0,,2,
S100YH7U,E33557,65570,ＡＩＡＩグループ株式会社,2026-03-31,14633765000.0,,11535000.0,,2354.0,,2,
S100YF3H,E01048,49680,荒川化学工業株式会社,2026-03-31,82135000000.0,114000000.0,110000000.0,無形資産,1684.0,,2,無形固定資産の取得による支出
S100YH10,E03599,83950,株式会社佐賀銀行,2026-03-31,71846000000.0,878000000.0,1354000000.0,無形資産,1286.0,,2,無形固定資産の取得による支出
S100YGE7,E32647,39630,株式会社シンクロ・フード,2026-03-31,5541834000.0,,,,258.0,,2,
S100YGQQ,E01411,59860,モリテックスチール株式会社,2026-03-31,48192811000.0,,,,727.0,,2,
S100YF0G,E04092,90080,京王電鉄株式会社,2026-03-31,496939000000.0,,,,13079.0,,2,
S100YGWM,E02821,74560,松田産業株式会社,2026-03-31,687843000000.0,638000000.0,473000000.0,無形資産,1761.0,,2,無形固定資産の取得による支出
S100YGQR,E00569,35710,株式会社ソトー,2026-03-31,10715238000.0,,,,575.0,,2,
S100YF4V,E04788,85930,三菱ＨＣキャピタル株式会社,2026-03-31,2215384000000.0,,,,7950.0,,2,
S100YHIR,E00591,35800,小松マテーレ株式会社,2026-03-31,41563000000.0,,,,1227.0,,2,
S100YHJ4,E04859,96840,株式会社スクウェア・エニックス・ホールディングス,2026-03-31,297661000000.0,1150000000.0,1203000000.0,無形資産,4290.0,,2,無形固定資産の取得による支出
S100YGK3,E03269,75090,アイエーグループ株式会社,2026-03-31,39841892000.0,2914000.0,5047000.0,無形資産,1027.0,,2,無形固定資産の取得による支出
S100YH3W,E04356,93670,大東港運株式会社,2026-03-31,18132106000.0,51035000.0,14078000.0,無形資産,426.0,,2,無形固定資産の取得による支出
S100Y9BG,E04410,94040,日本テレビホールディングス株式会社,2026-03-31,484418000000.0,3336000000.0,2553000000.0,無形資産,5933.0,,2,無形固定資産の取得による支出
S100YGNU,E00501,28160,株式会社ダイショー,2026-03-31,27489000000.0,,,,691.0,,2,
S100YFES,E01670,62720,レオン自動機株式会社,2026-03-31,42014040000.0,478220000.0,270439000.0,無形資産,1063.0,,2,無形固定資産の取得による支出
S100YDVP,E02244,,株式会社山田製作所,2026-03-31,85651000000.0,173000000.0,107000000.0,無形資産,2888.0,,2,無形固定資産の取得による支出
S100YGLJ,E00632,78970,ホクシン株式会社,2026-03-31,10267632000.0,,,,167.0,,2,
S100YGCF,E00065,18150,鉄建建設株式会社,2026-03-31,179825000000.0,351000000.0,456000000.0,無形資産,1837.0,,2,無形固定資産の取得による支出
S100YG86,E02678,81590,株式会社立花エレテック,2026-03-31,227511000000.0,857000000.0,530000000.0,無形資産,1502.0,,2,無形固定資産の取得による支出
S100YH3M,E00922,45060,住友ファーマ株式会社,2026-03-31,453294000000.0,2703000000.0,4532000000.0,無形資産,3123.0,,2,無形資産の取得による支出
S100YHGY,E02851,75100,株式会社たけびし,2026-03-31,109862000000.0,336000000.0,173000000.0,無形資産,858.0,,2,無形固定資産の取得による支出
S100YGNV,E01331,57420,エヌアイシ・オートテック株式会社,2026-03-31,6305943000.0,3182000.0,3000000.0,無形資産,189.0,,2,無形固定資産の取得による支出
S100YHKB,E00609,99800,ＭＲＫホールディングス株式会社,2026-03-31,21230931000.0,65363000.0,53425000.0,無形資産,1720.0,,2,無形固定資産の取得による支出
S100YGOL,E04511,95340,北海道瓦斯株式会社,2026-03-31,174519000000.0,1717000000.0,1669000000.0,無形資産,1641.0,,2,無形固定資産の取得による支出
S100YHHR,E04232,90270,株式会社ロジネットジャパン,2026-03-31,78008000000.0,306000000.0,218000000.0,無形資産,1683.0,,2,無形固定資産の取得による支出
S100YG4U,E01735,62540,野村マイクロ・サイエンス株式会社,2026-03-31,56245860000.0,12838000.0,61502000.0,ソフトウェア,623.0,,2,ソフトウエアの取得による支出
S100YHJH,E00725,78640,株式会社フジシールインターナショナル,2026-03-31,217752000000.0,305000000.0,270000000.0,無形資産,5670.0,,2,無形固定資産の取得による支出
S100YHKN,E03674,85630,株式会社大東銀行,2026-03-31,15499000000.0,206000000.0,67000000.0,無形資産,413.0,,2,無形固定資産の取得による支出
S100YGQP,E01266,54400,共英製鋼株式会社,2026-03-31,315106000000.0,454000000.0,271000000.0,無形資産,4068.0,,2,無形固定資産の取得による支出
S100YEZX,E04294,93070,株式会社杉村倉庫,2026-03-31,11242475000.0,720000.0,4175000.0,無形資産,377.0,,2,無形固定資産の取得による支出
S100YH8A,E02415,79430,ニチハ株式会社,2026-03-31,143740000000.0,30000000.0,62000000.0,無形資産,2902.0,,2,無形固定資産の取得による支出
S100YGMK,E01109,51990,不二ラテックス株式会社,2026-03-31,6798180000.0,32234000.0,6762000.0,無形資産,253.0,,2,無形固定資産の取得による支出
S100YEEQ,E00334,22820,日本ハム株式会社,2026-03-31,864637000000.0,,,,15790.0,,2,
S100YG2M,E01298,34230,株式会社エスイー,2026-03-31,25401038000.0,19516000.0,70760000.0,無形資産,559.0,,2,無形固定資産の取得による支出
S100YG5O,E00831,,プラス・テク株式会社,2026-03-31,6454548000.0,20900000.0,2884000.0,無形資産,154.0,,2,無形固定資産の取得による支出
S100YGSP,E02345,66780,株式会社テクノメディカ,2026-03-31,11236606000.0,6795000.0,6700000.0,無形資産,239.0,,2,無形固定資産の取得による支出
S100YH6Y,E01733,62580,平田機工株式会社,2026-03-31,94906641000.0,274278000.0,324979000.0,無形資産,1984.0,,2,無形固定資産の取得による支出
S100YHK9,E03266,75060,株式会社　ハウス　オブ　ローゼ,2026-03-31,11541666000.0,13740000.0,,無形資産,752.0,,2,無形固定資産の取得による支出
S100YH3A,E00107,19610,三機工業株式会社,2026-03-31,254674000000.0,434000000.0,260000000.0,無形資産,2705.0,,2,無形固定資産の取得による支出
S100YGBH,E03771,,三菱ＵＦＪ証券ホールディングス株式会社,2026-03-31,860667000000.0,24978000000.0,37752000000.0,無形資産,6635.0,,2,無形固定資産の取得による支出
S100YHO9,E01035,49180,株式会社アイビー化粧品,2026-03-31,2641736000.0,9206000.0,5931000.0,無形資産,100.0,,2,無形固定資産の取得による支出
S100YH50,E01802,67450,ホーチキ株式会社,2026-03-31,105855000000.0,550000000.0,327000000.0,ソフトウェア,2722.0,,2,ソフトウエアの取得による支出
S100YHLQ,E04153,90230,東京地下鉄株式会社,2026-03-31,422414000000.0,,,,11441.0,,2,
S100YHOM,E02579,80850,ナラサキ産業株式会社,2026-03-31,120282000000.0,,,,740.0,,2,
S100YHAI,E05325,48270,ビジネス・ワンホールディングス株式会社,2026-03-31,16895101000.0,18854000.0,738000.0,無形資産,259.0,,2,無形固定資産の取得による支出
S100YHL5,E02835,74760,アズワン株式会社,2026-03-31,110698000000.0,704000000.0,583000000.0,無形資産,758.0,,2,無形固定資産の取得による支出
S100YHB3,E05578,38020,株式会社エコミック,2026-03-31,2345961000.0,43379000.0,77081000.0,無形資産,152.0,,2,無形固定資産の取得による支出
S100YH59,E03729,84210,信金中央金庫,2026-03-31,662624000000.0,4802000000.0,13212000000.0,無形資産,1849.0,,2,無形固定資産の取得による支出
S100YGQH,E02530,80410,ＯＵＧホールディングス株式会社,2026-03-31,363666000000.0,,,,1301.0,,2,
S100YFGS,E03648,,株式会社静岡中央銀行,2026-03-31,16416000000.0,365000000.0,151000000.0,無形資産,433.0,,2,無形固定資産の取得による支出
S100YHPD,E00848,45310,有機合成薬品工業株式会社,2026-03-31,15448000000.0,7000000.0,,無形資産,296.0,,2,無形固定資産の取得による支出
S100YGRG,E00931,45160,日本新薬株式会社,2026-03-31,170771000000.0,801000000.0,31441000000.0,無形資産,2309.0,,2,無形資産の取得による支出
S100YDWY,E04500,95090,北海道電力株式会社,2026-03-31,855983000000.0,,,,9239.0,,2,
S100YGWS,E01448,59790,カネソウ株式会社,2026-03-31,8373153000.0,10572000.0,2394000.0,無形資産,246.0,,2,無形固定資産の取得による支出
S100YDWB,E03399,27300,株式会社エディオン,2026-03-31,793746000000.0,2250000000.0,1832000000.0,無形資産,9148.0,,2,無形固定資産の取得による支出
S100YG7J,E01729,61570,日進工具株式会社,2026-03-31,9494091000.0,20666000.0,943000.0,無形資産,364.0,,2,無形固定資産の取得による支出
S100YFJE,E02761,99340,因幡電機産業株式会社,2026-03-31,417023000000.0,1271000000.0,1588000000.0,無形資産,2230.0,,2,無形固定資産の取得による支出
S100YGO7,E01403,59690,株式会社ロブテックス,2026-03-31,5711753000.0,,979000.0,,186.0,,2,
S100YGMA,E01183,79790,株式会社松風,2026-03-31,39994000000.0,169000000.0,88000000.0,無形資産,1462.0,,2,無形固定資産の取得による支出
S100YGMG,E01630,45430,テルモ株式会社,2026-03-31,1131877000000.0,16750000000.0,13748000000.0,無形資産,31185.0,,2,無形資産の取得による支出
S100YC2P,E02735,98820,株式会社イエローハット,2026-03-31,171280000000.0,684000000.0,191000000.0,無形資産,4176.0,,2,無形固定資産の取得による支出
S100YGCV,E04504,95040,中国電力株式会社,2026-03-31,1442302000000.0,,,,12606.0,,2,
S100YH3H,E01275,54580,高砂鐵工株式会社,2026-03-31,12113000000.0,64000000.0,22000000.0,無形資産,152.0,,2,無形固定資産の取得による支出
S100YGCO,E02150,72220,日産車体株式会社,2026-03-31,403800000000.0,,,,3639.0,,2,
S100YHRY,E02216,72910,日本プラスト株式会社,2026-03-31,114861000000.0,241000000.0,111000000.0,無形資産,5588.0,,2,無形固定資産の取得による支出
S100YHF0,E04194,90590,カンダホールディングス株式会社,2026-03-31,52366000000.0,62000000.0,97000000.0,無形資産,2828.0,,2,無形固定資産の取得による支出
S100YCOO,E00387,22220,寿スピリッツ株式会社,2026-03-31,78781000000.0,69000000.0,63000000.0,無形資産,1801.0,,2,無形固定資産の取得による支出
S100YH5X,E03320,76150,株式会社京都きもの友禅ホールディングス,2026-03-31,5951600000.0,17281000.0,17694000.0,無形資産,335.0,,2,無形固定資産の取得による支出
S100YHLM,E36368,66140,株式会社シキノハイテック,2026-03-31,6485529000.0,11878000.0,106098000.0,無形資産,435.0,,2,無形固定資産の取得による支出
S100YHJ3,E04478,48380,スペースシャワーＳＫＩＹＡＫＩホールディングス株式会社,2026-03-31,22858256000.0,206819000.0,194663000.0,無形資産,351.0,,2,無形固定資産の取得による支出
S100YHRU,E00781,40970,高圧ガス工業株式会社,2026-03-31,98001000000.0,58000000.0,97000000.0,無形資産,2005.0,,2,無形固定資産の取得による支出
S100YHU5,E01824,69760,太陽誘電株式会社,2026-03-31,355341000000.0,,,,20604.0,,2,
S100YHU1,E00341,22910,福留ハム株式会社,2026-03-31,23756000000.0,59000000.0,22000000.0,無形資産,325.0,,2,無形固定資産の取得による支出
S100YGUH,E03208,99590,アシードホールディングス株式会社,2026-03-31,25409000000.0,3000000.0,20000000.0,無形資産,741.0,,2,無形固定資産の取得による支出
S100YGOP,E40546,352A0,株式会社ＬＯＩＶＥ,2026-03-31,11421005000.0,27670000.0,9288000.0,無形資産,1013.0,,2,無形固定資産の取得による支出
S100YGFW,E04517,95330,東邦瓦斯株式会社,2026-03-31,651085000000.0,,,,6131.0,,2,
S100YHUI,E04661,,美々津観光開発株式会社,2026-03-31,365269000.0,,,,39.0,,2,
S100YHVF,E04719,,株式会社福岡サンレイクゴルフ倶楽部,2026-03-31,341095000.0,,,,50.0,,2,
S100YHNU,E03977,88770,エスリード株式会社,2026-03-31,116920792000.0,48354000.0,20759000.0,無形資産,476.0,,2,無形固定資産の取得による支出
S100YHVK,E03052,81730,株式会社Ｊｏｓｈｉｎ,2026-03-31,436650000000.0,,,,4362.0,,2,
S100YHDW,E27294,25880,株式会社プレミアムウォーターホールディングス,2026-03-31,80323000000.0,,,,914.0,,2,
S100YHJR,E03416,27800,株式会社コメ兵ホールディングス,2026-03-31,221707231000.0,,,,2095.0,,2,
S100YGF5,E30731,94680,株式会社ＫＡＤＯＫＡＷＡ,2026-03-31,282908000000.0,6773000000.0,7494000000.0,無形資産,7332.0,,2,無形固定資産の取得による支出
S100YDYR,E00904,46350,東京インキ株式会社,2026-03-31,49926000000.0,63000000.0,211000000.0,無形資産,652.0,,2,無形固定資産の取得による支出
S100YHB1,E02147,72420,カヤバ株式会社,2026-03-31,481529000000.0,,,,13418.0,,2,
S100YGOV,E02578,80590,第一実業株式会社,2026-03-31,219140000000.0,483000000.0,363000000.0,無形資産,1564.0,,2,無形固定資産の取得による支出
S100YGLQ,E02245,34340,株式会社アルファ,2026-03-31,72699000000.0,117000000.0,186000000.0,無形資産,4069.0,,2,無形固定資産の取得による支出
S100YHKQ,E00893,46130,関西ペイント株式会社,2026-03-31,589795000000.0,5622000000.0,5231000000.0,無形資産,16739.0,,2,無形固定資産の取得による支出
S100YH9F,E00786,40940,日本化学産業株式会社,2026-03-31,28032000000.0,72150000.0,44842000.0,無形資産,454.0,,2,無形固定資産の取得による支出
S100YACF,E33794,65680,神戸天然物化学株式会社,2026-03-31,9093706000.0,,,,340.0,,2,
S100YGOO,E00478,28130,和弘食品株式会社,2026-03-31,17343258000.0,82348000.0,9436000.0,無形資産,310.0,,2,無形固定資産の取得による支出
S100YGOS,E00598,,岐セン株式会社,2026-03-31,5225420000.0,719000.0,1800000.0,無形資産,170.0,,2,無形固定資産の取得による支出
S100YGBE,E02234,72640,株式会社ムロコーポレーション,2026-03-31,23143572000.0,74612000.0,17932000.0,無形資産,1061.0,,2,無形固定資産の取得による支出
S100YGKW,E03992,88920,株式会社エスコン,2026-03-31,137029000000.0,,,,487.0,,2,
S100YHEY,E02381,64540,マックス株式会社,2026-03-31,99607000000.0,366000000.0,247000000.0,無形資産,2470.0,,2,無形固定資産の取得による支出
S100YFQM,E04535,97010,株式会社東京會舘,2026-03-31,16259831000.0,,,,480.0,,2,
S100YGP3,E01334,58030,株式会社フジクラ,2026-03-31,1182358000000.0,,,,50586.0,,2,
S100YH4M,E01920,65860,株式会社マキタ,2026-03-31,777600000000.0,,,,17586.0,,2,
S100YGAZ,E01296,56970,株式会社サンユウ,2026-03-31,25572238000.0,50789000.0,30182000.0,無形資産,301.0,,2,無形固定資産の取得による支出
S100YGSJ,E00897,46170,中国塗料株式会社,2026-03-31,139364000000.0,,,,2198.0,,2,
S100YG4Z,E02307,68590,エスペック株式会社,2026-03-31,70034000000.0,,,,1898.0,,2,
S100YFUA,E02222,59890,株式会社エイチワン,2026-03-31,209659000000.0,34000000.0,44000000.0,無形資産,4584.0,,2,無形資産の取得による支出
S100YEMV,E01816,67430,大同信号株式会社,2026-03-31,25695648000.0,,,,917.0,,2,
S100YHWP,E01262,54490,大阪製鐵株式会社,2026-03-31,95096000000.0,,,,1074.0,,2,
S100YHYF,E03361,26740,株式会社ハードオフコーポレーション,2026-03-31,39276974000.0,233157000.0,269714000.0,無形資産,1040.0,,2,無形固定資産の取得による支出
S100YH1C,E02348,42370,フジプレアム株式会社,2026-03-31,8115010000.0,6264000.0,2609000.0,無形資産,217.0,,2,無形固定資産の取得による支出
S100YH3J,E04997,46870,ＴＤＣソフト株式会社,2026-03-31,48359422000.0,5471000.0,28137000.0,無形資産,2473.0,,2,無形固定資産の取得による支出
S100YHGU,E00242,18280,田辺工業株式会社,2026-03-31,52366140000.0,57827000.0,38916000.0,無形資産,1044.0,,2,無形固定資産の取得による支出
S100YFG2,E02167,72690,スズキ株式会社,2026-03-31,6292967000000.0,,,,76889.0,,2,
S100YF7I,E24050,50200,ＥＮＥＯＳホールディングス株式会社,2026-03-31,11765470000000.0,15980000000.0,20551000000.0,無形資産,34099.0,,2,無形資産の取得による支出
S100YG50,E01545,61180,アイダエンジニアリング株式会社,2026-03-31,78647000000.0,123000000.0,46000000.0,無形資産,2042.0,,2,無形固定資産の取得による支出
S100YHK6,E02813,74410,株式会社Ｍｉｓｕｍｉ,2026-03-31,60036000000.0,,,,662.0,,2,
S100YHYE,E32766,39700,株式会社イノベーション,2026-03-31,6968290000.0,286759000.0,79966000.0,無形資産,333.0,,2,無形固定資産の取得による支出
S100YGNC,E03958,88640,空港施設株式会社,2026-03-31,36792000000.0,,,,131.0,,2,
S100YHXO,E34090,43890,プロパティデータバンク株式会社,2026-03-31,3721215000.0,257082000.0,276119000.0,無形資産,76.0,,2,無形固定資産の取得による支出
S100YH5E,E01774,67540,アンリツ株式会社,2026-03-31,117462000000.0,1162000000.0,1294000000.0,無形資産,4114.0,,2,無形資産の取得による支出
S100YGCM,E01916,69820,株式会社リード,2026-03-31,5141745000.0,,2700000.0,,172.0,,2,
S100YH8W,E04514,95310,東京瓦斯株式会社,2026-03-31,2834749000000.0,134738000000.0,120151000000.0,無形資産,16001.0,,2,無形固定資産の取得による支出
S100YG7R,E02938,27080,株式会社久世,2026-03-31,73503000000.0,150000000.0,73000000.0,無形資産,649.0,,2,無形固定資産の取得による支出
S100YDWW,E01261,54230,東京製鐵株式会社,2026-03-31,268095000000.0,,,,1161.0,,2,
S100YHZO,E39122,55990,Ｓ＆Ｊ株式会社,2026-03-31,2333605000.0,,,,79.0,,2,
S100YGFN,E04243,91190,飯野海運株式会社,2026-03-31,127295000000.0,,,,688.0,,2,
S100YH1A,E01537,63320,月島ホールディングス株式会社,2026-03-31,148954000000.0,348000000.0,280000000.0,無形資産,3367.0,,2,無形固定資産の取得による支出
S100YGTG,E01000,42180,ニチバン株式会社,2026-03-31,50470000000.0,167000000.0,43000000.0,無形資産,1271.0,,2,無形固定資産の取得による支出
S100YHDN,E26124,60550,ジャパンマテリアル株式会社,2026-03-31,57976000000.0,20000000.0,43000000.0,無形資産,1646.0,,2,無形固定資産の取得による支出
S100YF3Z,E00372,22040,株式会社中村屋,2026-03-31,37351144000.0,251204000.0,102143000.0,無形資産,780.0,,2,無形固定資産の取得による支出
S100YH29,E02962,27840,アルフレッサホールディングス株式会社,2026-03-31,3104064000000.0,6068000000.0,3620000000.0,無形資産,12525.0,,2,無形固定資産の取得による支出
S100YFSM,E05056,46940,株式会社ビー・エム・エル,2026-03-31,150262000000.0,1374000000.0,1512000000.0,無形資産,4612.0,,2,無形固定資産の取得による支出
S100YHBL,E39406,143A0,イシン株式会社,2026-03-31,1428880000.0,1667000.0,600000.0,無形資産,90.0,,2,無形固定資産の取得による支出
S100YH1N,E01770,67420,株式会社京三製作所,2026-03-31,93122000000.0,134000000.0,44000000.0,無形資産,2073.0,,2,無形固定資産の取得による支出
S100YHX4,E37788,93470,日本管財ホールディングス株式会社,2026-03-31,150258000000.0,,,,8660.0,,2,
S100YHL6,E00891,46110,大日本塗料株式会社,2026-03-31,93759000000.0,82000000.0,735000000.0,無形資産,2522.0,,2,無形固定資産の取得による支出
S100YHD1,E04170,,奈良交通株式会社,2026-03-31,25575917000.0,,,,2142.0,,2,
S100YI1C,E02632,74590,株式会社メディパルホールディングス,2026-03-31,3817354000000.0,3068000000.0,3570000000.0,無形資産,13024.0,,2,無形固定資産の取得による支出
S100YH2P,E00721,94750,株式会社昭文社ホールディングス,2026-03-31,6727792000.0,221393000.0,132370000.0,無形資産,234.0,,2,無形固定資産の取得による支出
S100YI0I,E01686,98950,株式会社コンセック,2026-03-31,9889984000.0,25128000.0,49276000.0,無形資産,324.0,,2,無形固定資産の取得による支出
S100YH5Z,E01474,60160,株式会社ジャパンエンジンコーポレーション,2026-03-31,29707108000.0,46460000.0,78138000.0,無形資産,394.0,,2,無形固定資産の取得による支出
S100YHKP,E02825,74600,株式会社ヤギ,2026-03-31,85934000000.0,164000000.0,267000000.0,無形資産,799.0,,2,無形固定資産の取得による支出
S100YGEP,E00343,22930,滝沢ハム株式会社,2026-03-31,26565217000.0,25289000.0,123249000.0,無形資産,303.0,,2,無形固定資産の取得による支出
S100YGVR,E31167,31320,マクニカホールディングス株式会社,2026-03-31,1214196000000.0,1543000000.0,1948000000.0,無形資産,5261.0,,2,無形固定資産の取得による支出
S100YEID,E02527,80700,東京産業株式会社,2026-03-31,63235000000.0,2000000.0,0.0,無形資産,402.0,,2,無形固定資産の取得による支出
S100YHBT,E05324,23510,株式会社ＡＳＪ,2026-03-31,2661959000.0,208318000.0,259772000.0,無形資産,144.0,,2,無形資産の取得による支出
S100YEMP,E00148,18700,矢作建設工業株式会社,2026-03-31,169399000000.0,,,,1491.0,,2,
S100YGTA,E05575,24800,システム・ロケーション株式会社,2026-03-31,1733471000.0,12766000.0,27136000.0,無形資産,59.0,,2,無形固定資産の取得による支出
S100YEK2,E04501,95060,東北電力株式会社,2026-03-31,2372420000000.0,,,,18403.0,,2,
S100YGLY,E27273,14200,サンヨーホームズ株式会社,2026-03-31,50502579000.0,,,,789.0,,2,
S100YHOQ,E00014,13320,株式会社ニッスイ,2026-03-31,931265000000.0,1277000000.0,1154000000.0,無形資産,11526.0,,2,無形固定資産の取得による支出
S100YGN5,E01111,51860,ニッタ株式会社,2026-03-31,91834000000.0,298000000.0,249000000.0,無形資産,2993.0,,2,無形固定資産の取得による支出
S100YB1X,E04381,,株式会社秋田放送,2026-03-31,4013109000.0,3541000.0,2720000.0,無形資産,114.0,,2,無形固定資産の取得による支出
S100YI0L,E00146,19590,株式会社クラフティア,2026-03-31,476123000000.0,,,,11122.0,,2,
S100YG3Z,E01260,54460,北越メタル株式会社,2026-03-31,23598291000.0,167829000.0,27469000.0,無形資産,483.0,,2,無形固定資産の取得による支出
S100YI3S,E02802,74330,伯東株式会社,2026-03-31,181178000000.0,81000000.0,248000000.0,無形資産,1504.0,,2,無形固定資産の取得による支出
S100YEIF,E02850,75040,株式会社高速,2026-03-31,124191544000.0,136717000.0,110775000.0,無形資産,1147.0,,2,無形固定資産の取得による支出
S100YGXD,E00882,44060,新日本理化株式会社,2026-03-31,32105000000.0,85000000.0,4000000.0,無形資産,394.0,,2,無形固定資産の取得による支出
S100YFGT,E04353,93660,株式会社サンリツ,2026-03-31,20532915000.0,16208000.0,17675000.0,無形資産,456.0,,2,無形固定資産の取得による支出
S100YGVG,E01032,79270,ムトー精工株式会社,2026-03-31,29688405000.0,14694000.0,56532000.0,無形資産,2975.0,,2,無形固定資産の取得による支出
S100YFVP,E02740,98200,エムティジェネックス株式会社,2026-03-31,4714304000.0,,,,151.0,,2,
S100YI1N,E05445,37870,株式会社テクノマセマティカル,2026-03-31,685631000.0,514000.0,,無形資産,55.0,,2,無形固定資産の取得による支出
S100YI2V,E03746,87720,株式会社アサックス,2026-03-31,8779361000.0,,,,59.0,,2,
S100YGVL,E00484,28140,佐藤食品工業株式会社,2026-03-31,6832521000.0,4945000.0,238000.0,無形資産,168.0,,2,無形固定資産の取得による支出
S100YHEX,E00465,28060,ユタカフーズ株式会社,2026-03-31,14988000000.0,213000000.0,0.0,無形資産,271.0,,2,無形固定資産の取得による支出
S100YHSE,E02049,63370,株式会社テセック,2026-03-31,5567000000.0,40000000.0,292000000.0,無形資産,211.0,,2,無形固定資産の取得による支出
S100YGZB,E00466,28040,ブルドックソース株式会社,2026-03-31,14688678000.0,37548000.0,84361000.0,無形資産,282.0,,2,無形固定資産の取得による支出
S100YHSC,E00953,45380,扶桑薬品工業株式会社,2026-03-31,62307000000.0,393000000.0,976000000.0,無形資産,1374.0,,2,無形固定資産の取得による支出
S100YG8L,E00497,29190,株式会社　マルタイ,2026-03-31,9552962000.0,62311000.0,25528000.0,無形資産,179.0,,2,無形固定資産の取得による支出
S100YGU7,E00277,17700,藤田エンジニアリング株式会社,2026-03-31,29769440000.0,,,,597.0,,2,
S100YGDA,E05054,47360,日本ラッド株式会社,2026-03-31,4131839000.0,78192000.0,,無形資産,299.0,,2,無形固定資産の取得による支出
S100YHDZ,E02516,92740,ＫＰＰグループホールディングス株式会社,2026-03-31,650368000000.0,,,,6024.0,,2,
S100YGLL,E00115,19500,日本電設工業株式会社,2026-03-31,,562000000.0,735000000.0,無形資産,4645.0,,2,無形固定資産の取得による支出
S100YEWX,E30656,32210,株式会社ヨシックスホールディングス,2026-03-31,25914296000.0,,,,929.0,,2,
S100YI2T,E04236,91040,株式会社　商船三井,2026-03-31,1825098000000.0,,,,11567.0,,2,
S100YB5D,E38689,177A0,コージンバイオ株式会社,2026-03-31,4939025000.0,171000.0,25946000.0,無形資産,176.0,,2,無形固定資産の取得による支出
S100YHUS,E32159,39340,株式会社ベネフィットジャパン,2026-03-31,18393959000.0,85683000.0,72575000.0,無形資産,279.0,,2,無形固定資産の取得による支出
S100YHS4,E02905,76280,株式会社オーハシテクニカ,2026-03-31,40918164000.0,11851000.0,14153000.0,無形資産,721.0,,2,無形固定資産の取得による支出
S100YGZX,E02525,80740,株式会社ＹＵＡＳＡ,2026-03-31,545027000000.0,5599000000.0,4467000000.0,無形資産,3088.0,,2,無形固定資産の取得による支出
S100YI71,E40145,291A0,株式会社リスキル,2026-03-31,2478373000.0,,,,59.0,,2,
S100YHPP,E03679,71500,株式会社島根銀行,2026-03-31,12245000000.0,138000000.0,199000000.0,無形資産,316.0,,2,無形固定資産の取得による支出
S100YHUU,E37145,44190,株式会社Ｆｉｎａｔｅｘｔホールディングス,2026-03-31,11052543000.0,234680000.0,324942000.0,無形資産,414.0,,2,無形固定資産の取得による支出
S100YH08,E03768,86140,東洋証券株式会社,2026-03-31,13576000000.0,,,,632.0,,2,
S100YGJF,E02265,77010,株式会社　島津製作所,2026-03-31,560728000000.0,,,,14649.0,,2,
S100YGAC,E02154,72460,プレス工業株式会社,2026-03-31,202167000000.0,,,,5433.0,,2,
S100YHIT,E02214,72870,日本精機株式会社,2026-03-31,327894000000.0,,,,13246.0,,2,
S100YI4C,E40206,288A0,ラクサス・テクノロジーズ株式会社,2026-03-31,2280939000.0,,,,44.0,,2,
S100YBAT,E01573,63700,栗田工業株式会社,2026-03-31,402889000000.0,3670000000.0,3827000000.0,無形資産,8268.0,,2,無形資産の取得による支出
S100YDD0,E03020,82420,エイチ・ツー・オー　リテイリング株式会社,2026-03-31,680215000000.0,9297000000.0,10761000000.0,無形資産,7775.0,,2,無形固定資産の取得による支出
S100YFQY,E03128,82820,株式会社ケーズホールディングス,2026-03-31,759710000000.0,,,,7307.0,,2,
S100YHK4,E33574,36110,株式会社マツオカコーポレーション,2026-03-31,74251000000.0,176000000.0,44000000.0,無形資産,21086.0,,2,無形固定資産の取得による支出
S100YHAZ,E30065,60820,株式会社ライドオンエクスプレスホールディングス,2026-03-31,23833543000.0,112131000.0,87072000.0,無形資産,363.0,,2,無形固定資産の取得による支出
S100YI8R,E35516,44980,サイバートラスト株式会社,2026-03-31,8360306000.0,536470000.0,419969000.0,無形資産,286.0,,2,無形固定資産の取得による支出
S100YI2K,E00095,18220,大豊建設株式会社,2026-03-31,139818000000.0,526000000.0,157000000.0,無形資産,1700.0,,2,無形固定資産の取得による支出
S100YHBC,E31855,61810,タメニー株式会社,2026-03-31,6036249000.0,82298000.0,67857000.0,無形資産,279.0,,2,無形固定資産の取得による支出
S100YDYN,E35496,48880,ステラファーマ株式会社,2026-03-31,323389000.0,850000.0,8500000.0,無形資産,47.0,,2,無形固定資産の取得による支出
S100YI2M,E00845,42280,積水化成品工業株式会社,2026-03-31,113935000000.0,,,,2106.0,,2,
S100YFV9,E38760,55350,ミガロホールディングス株式会社,2026-03-31,57532231000.0,159373000.0,92073000.0,無形資産,480.0,,2,無形固定資産の取得による支出
S100YHVS,E01959,69580,日本シイエムケイ株式会社,2026-03-31,100202000000.0,577000000.0,667000000.0,無形資産,4304.0,,2,無形固定資産の取得による支出
S100YA88,E41331,550A0,株式会社ソフトテックス,2026-03-31,3639630000.0,2162000.0,9440000.0,無形資産,330.0,,2,無形固定資産の取得による支出
S100YGVP,E04894,96290,ピー・シー・エー株式会社,2026-03-31,17306000000.0,110000000.0,111000000.0,無形資産,755.0,,2,無形固定資産の取得による支出
S100YHAQ,E33624,71990,プレミアグループ株式会社,2026-03-31,44042000000.0,869000000.0,965000000.0,無形資産,899.0,,2,無形資産の取得による支出
S100YG2R,E30130,60880,株式会社シグマクシス・ホールディングス,2026-03-31,23831005000.0,88616000.0,85485000.0,無形資産,800.0,,2,無形固定資産の取得による支出
S100YHCO,E05028,47180,株式会社早稲田アカデミー,2026-03-31,37658867000.0,445373000.0,449256000.0,無形資産,1109.0,,2,無形固定資産の取得による支出
S100YI0F,E31977,39270,株式会社フーバーブレイン,2026-03-31,5641427000.0,,,,251.0,,2,
S100YI4K,E01661,63300,東洋エンジニアリング株式会社,2026-03-31,,947000000.0,1489000000.0,無形資産,4559.0,,2,無形固定資産の取得による支出
S100YE1A,E34880,44420,バルテス・ホールディングス株式会社,2026-03-31,11939953000.0,60925000.0,90996000.0,無形資産,864.0,,2,無形固定資産の取得による支出
S100YF8E,E01225,54010,日本製鉄株式会社,2026-03-31,10063216000000.0,,,,138453.0,,2,
S100YFZK,E03969,46810,リゾートトラスト株式会社,2026-03-31,263020000000.0,2006000000.0,1520000000.0,無形資産,9477.0,,2,無形固定資産の取得による支出
S100YHLL,E36435,76980,株式会社アイスコ,2026-03-31,57716328000.0,57719000.0,126000.0,無形資産,868.0,,2,無形固定資産の取得による支出
S100YHC7,E27051,31790,シュッピン株式会社,2026-03-31,51924832000.0,1273836000.0,484495000.0,無形資産,260.0,,2,無形固定資産の取得による支出
S100YGX4,E03801,37720,ウェルス・マネジメント株式会社,2026-03-31,15109435000.0,126636000.0,36252000.0,無形資産,403.0,,2,無形固定資産の取得による支出
S100YHTD,E35344,70750,株式会社ＱＬＳホールディングス,2026-03-31,12024338000.0,,,,1069.0,,2,
S100YH2N,E04060,32310,野村不動産ホールディングス株式会社,2026-03-31,942505000000.0,,,,9043.0,,2,
S100YI32,E35563,70960,株式会社ステムセル研究所,2026-03-31,2811344000.0,117541000.0,,無形資産,136.0,,2,無形固定資産の取得による支出
S100YH5L,E04065,32380,セントラル総合開発株式会社,2026-03-31,38450695000.0,104617000.0,48537000.0,無形資産,176.0,,2,無形固定資産の取得による支出
S100YHFI,E04285,93030,株式会社住友倉庫,2026-03-31,196244000000.0,1189000000.0,737000000.0,無形資産,4473.0,,2,無形固定資産の取得による支出
S100YE63,E04090,90050,東急株式会社,2026-03-31,1086179000000.0,,,,24262.0,,2,
S100YH71,E02089,66740,株式会社　ジーエス・ユアサ　コーポレーション,2026-03-31,608995000000.0,771000000.0,745000000.0,無形資産,12562.0,,2,無形固定資産の取得による支出
S100YIA4,E35483,70890,フォースタートアップス株式会社,2026-03-31,5268605000.0,,,,252.0,,2,
S100YHDD,E04830,,ＳＣＳＫ株式会社,2026-03-31,416653000000.0,8318000000.0,7242000000.0,無形資産,21015.0,,2,無形資産の取得による支出
S100YIAC,E30118,77790,ＣＹＢＥＲＤＹＮＥ株式会社,2026-03-31,3846000000.0,5000000.0,9000000.0,無形資産,203.0,,2,無形資産の取得による支出
S100YHOY,E36343,41770,株式会社ｉ－ｐｌｕｇ,2026-03-31,5756915000.0,407948000.0,317300000.0,無形資産,357.0,,2,無形固定資産の取得による支出
S100YGXR,E36825,48890,株式会社レナサイエンス,2026-03-31,,,,,3.0,,2,
S100YFVG,E01831,68090,ＴＯＡ株式会社,2026-03-31,55386000000.0,262000000.0,262000000.0,無形資産,3083.0,,2,無形固定資産の取得による支出
S100YH2T,E05211,43080,株式会社Ｊストリーム,2026-03-31,11997825000.0,431240000.0,510571000.0,無形資産,695.0,,2,無形固定資産の取得による支出
S100YHN8,E05679,38390,株式会社ＯＤＫソリューションズ,2026-03-31,6657915000.0,185592000.0,418152000.0,無形資産,204.0,,2,無形固定資産の取得による支出
S100YHRX,E02217,72920,株式会社村上開明堂,2026-03-31,115651000000.0,227000000.0,40000000.0,無形資産,3682.0,,2,無形固定資産の取得による支出
S100YH46,E40236,299A0,クラシル株式会社,2026-03-31,17001320000.0,7005000.0,,無形資産,221.0,,2,無形固定資産の取得による支出
S100YHUZ,E39367,142A0,株式会社ジンジブ,2026-03-31,2687952000.0,6775000.0,9047000.0,無形資産,176.0,,2,無形固定資産の取得による支出
S100YI9D,E03332,76370,白銅株式会社,2026-03-31,68109588000.0,101841000.0,198898000.0,無形資産,401.0,,2,無形固定資産の取得による支出
S100YFW5,E05514,24540,株式会社オールアバウト,2026-03-31,15464465000.0,658096000.0,318908000.0,無形資産,296.0,,2,無形固定資産の取得による支出
S100YIB5,E05156,48190,株式会社デジタルガレージ,2026-03-31,10171000000.0,5641000000.0,4008000000.0,無形資産,1383.0,,2,無形資産の取得による支出
S100YFTU,E00719,78830,サンメッセ株式会社,2026-03-31,17130915000.0,61981000.0,30037000.0,無形資産,643.0,,2,無形固定資産の取得による支出
S100YIAO,E35334,76860,株式会社ひとまいる,2026-03-31,139837000000.0,,,,2028.0,,2,
S100YIBN,E31446,60450,株式会社レントラックス,2026-03-31,4440062000.0,2111000.0,1561000.0,無形資産,126.0,,2,無形固定資産の取得による支出
S100YFBQ,E02143,72020,いすゞ自動車株式会社,2026-03-31,3479074000000.0,37129000000.0,54711000000.0,無形資産,43005.0,,2,無形資産の取得による支出
S100YHHV,E02046,78590,株式会社アルメディオ,2026-03-31,2372446000.0,,,,208.0,,2,
S100YHRD,E05363,45640,オンコセラピー・サイエンス株式会社,2026-03-31,,,,,46.0,,2,
S100YH0J,E02986,33740,内外テック株式会社,2026-03-31,32614659000.0,,,,577.0,,2,
S100YFC1,E01018,45400,株式会社ツムラ,2026-03-31,192615000000.0,1596000000.0,2203000000.0,無形資産,4923.0,,2,無形固定資産の取得による支出
S100YH91,E30481,67400,株式会社ジャパンディスプレイ,2026-03-31,132328000000.0,,,,2333.0,,2,
S100YGX7,E03121,81600,株式会社　木曽路,2026-03-31,54570000000.0,80000000.0,206000000.0,無形資産,1364.0,,2,無形固定資産の取得による支出
S100YHHI,E02344,77450,株式会社Ａ＆Ｄホロンホールディングス,2026-03-31,69326000000.0,575000000.0,493000000.0,無形資産,2480.0,,2,無形固定資産の取得による支出
S100YH7Z,E01986,69320,株式会社遠藤照明,2026-03-31,55473000000.0,362000000.0,314000000.0,無形資産,1648.0,,2,無形固定資産の取得による支出
S100YF6O,E38427,71190,株式会社ハルメクホールディングス,2026-03-31,33812000000.0,252000000.0,185000000.0,無形資産,417.0,,2,無形資産の取得による支出
S100YF74,E00693,79120,大日本印刷株式会社,2026-03-31,1512571000000.0,12953000000.0,15800000000.0,無形資産,36360.0,,2,無形固定資産の取得による支出
S100YIC4,E02658,81380,三京化成株式会社,2026-03-31,27199901000.0,6275000.0,,無形資産,135.0,,2,無形固定資産の取得による支出
S100Y9J8,E22461,36340,株式会社ソケッツ,2026-03-31,1060132000.0,4118000.0,9903000.0,無形資産,53.0,,2,無形固定資産の取得による支出
S100YH8U,E01870,67770,ｓａｎｔｅｃ　Ｈｏｌｄｉｎｇｓ株式会社,2026-03-31,31507067000.0,30386000.0,9135000.0,無形資産,427.0,,2,無形固定資産の取得による支出
S100YHPC,E26061,49770,新田ゼラチン株式会社,2026-03-31,38048000000.0,25000000.0,54000000.0,無形資産,851.0,,2,無形固定資産の取得による支出
S100YIC9,E00345,20010,株式会社ニップン,2026-03-31,418425000000.0,,,,3935.0,,2,
S100YH4R,E04179,90690,センコーグループホールディングス株式会社,2026-03-31,899620000000.0,3322000000.0,1571000000.0,無形資産,27835.0,,2,無形固定資産の取得による支出
S100YHPK,E36976,65230,ＰＨＣホールディングス株式会社,2026-03-31,364403000000.0,,,,8647.0,,2,
S100YH90,E27655,36760,株式会社デジタルハーツホールディングス,2026-03-31,38928746000.0,486943000.0,307987000.0,無形資産,2132.0,,2,無形固定資産の取得による支出
S100YGJA,E05700,21580,株式会社ＦＲＯＮＴＥＯ,2026-03-31,7643356000.0,625130000.0,200906000.0,無形資産,272.0,,2,無形固定資産の取得による支出
S100YEQL,E02025,64240,株式会社高見沢サイバネティックス,2026-03-31,12897950000.0,315552000.0,121472000.0,無形資産,566.0,,2,無形固定資産の取得による支出
S100YIDD,E01905,69510,日本電子株式会社,2026-03-31,179353000000.0,1606000000.0,1303000000.0,無形資産,3731.0,,2,無形固定資産の取得による支出
S100YFAJ,E30479,66160,トレックス・セミコンダクター株式会社,2026-03-31,25073221000.0,765275000.0,36021000.0,無形資産,1014.0,,2,無形固定資産の取得による支出
S100YGQ4,E02856,75250,リックス株式会社,2026-03-31,55827347000.0,190956000.0,383045000.0,無形資産,805.0,,2,無形固定資産の取得による支出
S100YGY5,E04197,90730,京極運輸商事株式会社,2026-03-31,8702436000.0,32230000.0,205000.0,無形資産,315.0,,2,無形固定資産の取得による支出
S100YID4,E27759,32910,飯田グループホールディングス株式会社,2026-03-31,1508864000000.0,1850000000.0,1878000000.0,無形資産,14217.0,,2,無形資産の取得による支出
S100YGI5,E03764,86160,東海東京フィナンシャル・ホールディングス株式会社,2026-03-31,97716000000.0,2161000000.0,2236000000.0,無形資産,2528.0,,2,無形固定資産の取得による支出
S100YF19,E00973,45520,ＪＣＲファーマ株式会社,2026-03-31,40319000000.0,154000000.0,85000000.0,無形資産,985.0,,2,無形固定資産の取得による支出
S100YIBT,E04337,93600,鈴与シンワート株式会社,2026-03-31,20670000000.0,85000000.0,59000000.0,無形資産,918.0,,2,無形固定資産の取得による支出
S100YIDU,E00142,19290,日特建設株式会社,2026-03-31,83797000000.0,43000000.0,28000000.0,無形資産,1206.0,,2,無形固定資産の取得による支出
S100YI25,E01511,61580,株式会社和井田製作所,2026-03-31,6659190000.0,108961000.0,240663000.0,無形資産,198.0,,2,無形固定資産の取得による支出
S100YF38,E01515,62030,豊和工業株式会社,2026-03-31,24064000000.0,6000000.0,28000000.0,無形資産,706.0,,2,無形固定資産の取得による支出
S100YGT4,E00993,49140,高砂香料工業株式会社,2026-03-31,225092000000.0,2001000000.0,994000000.0,無形資産,4443.0,,2,無形固定資産の取得による支出
S100YG1L,E02158,72350,東京ラヂエーター製造株式会社,2026-03-31,35382680000.0,41824000.0,77888000.0,無形資産,816.0,,2,無形固定資産の取得による支出
S100YHAT,E32408,39370,株式会社Ｕｂｉｃｏｍホールディングス,2026-03-31,5992564000.0,78347000.0,21365000.0,無形資産,992.0,,2,無形固定資産の取得による支出
S100YIEN,E34097,70400,株式会社サン・ライフホールディング,2026-03-31,14149571000.0,,,,478.0,,2,
S100YEX8,E02804,74380,コンドーテック株式会社,2026-03-31,83949000000.0,,,,1531.0,,2,
S100YHCS,E02161,72380,曙ブレーキ工業株式会社,2026-03-31,160109000000.0,,,,5096.0,,2,
S100YHD7,E01698,64180,日本金銭機械株式会社,2026-03-31,31557095000.0,14707000.0,26127000.0,無形資産,572.0,,2,無形固定資産の取得による支出
S100YFMB,E02870,75510,株式会社ウェッズ,2026-03-31,34530726000.0,76580000.0,53688000.0,無形資産,477.0,,2,無形固定資産の取得による支出
S100YGJI,E00603,81110,株式会社ゴールドウイン,2026-03-31,137516000000.0,,,,1536.0,,2,
S100YIA0,E30682,60960,株式会社レアジョブ,2026-03-31,9600579000.0,74880000.0,72456000.0,無形資産,572.0,,2,無形固定資産の取得による支出
S100YH9L,E01896,69550,ＦＤＫ株式会社,2026-03-31,59561000000.0,62000000.0,31000000.0,無形資産,2420.0,,2,無形固定資産の取得による支出
S100YGG0,E02467,78440,株式会社マーベラス,2026-03-31,37982000000.0,963000000.0,1282000000.0,無形資産,655.0,,2,無形固定資産の取得による支出
S100YCN8,E04239,91100,ＮＳユナイテッド海運株式会社,2026-03-31,229784000000.0,,,,669.0,,2,
S100YIGO,E04855,96910,株式会社両毛システムズ,2026-03-31,25735007000.0,203642000.0,171080000.0,無形資産,1066.0,,2,無形固定資産の取得による支出
S100YIBR,E01585,63050,日立建機株式会社,2026-03-31,1405493000000.0,8065000000.0,12726000000.0,無形資産,25304.0,,2,無形資産の取得による支出
S100YH2V,E05432,37530,株式会社フライトソリューションズ,2026-03-31,2927500000.0,306204000.0,282344000.0,無形資産,110.0,,2,無形固定資産の取得による支出
S100YH80,E04995,46850,株式会社菱友システムズ,2026-03-31,43229000000.0,201000000.0,64000000.0,無形資産,2006.0,,2,無形固定資産の取得による支出
S100YGR9,E01353,59010,東洋製罐グループホールディングス株式会社,2026-03-31,963213000000.0,2385000000.0,486000000.0,無形資産,19067.0,,2,無形固定資産の取得による支出
S100YGRC,E00525,31010,東洋紡株式会社,2026-03-31,421563000000.0,,,,9398.0,,2,
S100YGTS,E02769,99600,東テク株式会社,2026-03-31,170013000000.0,582000000.0,235000000.0,無形資産,2855.0,,2,無形固定資産の取得による支出
S100YGHF,E36466,29330,株式会社紀文食品,2026-03-31,111037517000.0,114496000.0,60050000.0,無形資産,2457.0,,2,無形固定資産の取得による支出
S100YIJ0,E02189,64930,株式会社ＮＩＴＴＡＮ,2026-03-31,51676563000.0,,,,2503.0,,2,
S100YHZV,E01773,67530,シャープ株式会社,2026-03-31,1892811000000.0,11719000000.0,12220000000.0,無形資産,34549.0,,2,無形固定資産の取得による支出
S100YGVT,E37914,51330,株式会社テリロジーホールディングス,2026-03-31,10646435000.0,72325000.0,61760000.0,無形資産,297.0,,2,無形固定資産の取得による支出
S100YH8N,E05606,30420,株式会社セキュアヴェイル,2026-03-31,1279871000.0,,,,116.0,,2,
S100YH4H,E01855,18320,株式会社北海電工,2026-03-31,72445000000.0,122000000.0,101000000.0,無形資産,1794.0,,2,無形固定資産の取得による支出
S100YEPB,E00355,21080,日本甜菜製糖株式会社,2026-03-31,68696000000.0,212000000.0,1177000000.0,無形資産,771.0,,2,無形固定資産の取得による支出
S100YGAU,E01014,43660,ダイトーケミックス株式会社,2026-03-31,19476000000.0,36000000.0,7000000.0,無形資産,328.0,,2,無形固定資産の取得による支出
S100YHQB,E36627,77910,ドリームベッド株式会社,2026-03-31,12174758000.0,228281000.0,62961000.0,無形資産,376.0,,2,無形固定資産の取得による支出
S100YHO7,E04821,85960,株式会社九州リースサービス,2026-03-31,35838000000.0,56000000.0,84000000.0,無形資産,189.0,,2,無形固定資産の取得による支出
S100YI5H,E05236,43230,日本システム技術株式会社,2026-03-31,32459270000.0,46254000.0,184891000.0,ソフトウェア,1683.0,,2,ソフトウエアの取得による支出
S100YH2R,E03418,27820,株式会社セリア,2026-03-31,255695000000.0,534000000.0,178000000.0,無形資産,566.0,,2,無形固定資産の取得による支出
S100YHAB,E00081,18880,若築建設株式会社,2026-03-31,104748000000.0,651000000.0,234000000.0,無形資産,900.0,,2,無形固定資産の取得による支出
S100YI2H,E04049,89950,株式会社誠建設工業,2026-03-31,3130249000.0,,,,26.0,,2,
S100YGL7,E04289,93100,日本トランスシティ株式会社,2026-03-31,125517000000.0,,,,2442.0,,2,
S100YGM1,E35466,44910,コンピューターマネージメント株式会社,2026-03-31,8235420000.0,608000.0,1029000.0,無形資産,754.0,,2,無形固定資産の取得による支出
S100YFMZ,E04742,,ゴールドウイン開発株式会社,2026-03-31,339124000.0,,,,6.0,,2,
S100YHRE,E01366,59740,中国工業株式会社,2026-03-31,13752000000.0,4000000.0,6000000.0,無形資産,376.0,,2,無形固定資産の取得による支出
S100YHGQ,E01550,61110,旭精機工業株式会社,2026-03-31,13393258000.0,128961000.0,169970000.0,無形資産,456.0,,2,無形固定資産の取得による支出
S100YFLV,E01212,52850,株式会社ヤマックス,2026-03-31,26148673000.0,,,,610.0,,2,
S100YHHC,E01510,61550,高松機械工業株式会社,2026-03-31,12722000000.0,9000000.0,18000000.0,無形資産,524.0,,2,無形固定資産の取得による支出
S100YHN2,E02406,79550,クリナップ株式会社,2026-03-31,134487000000.0,1401000000.0,1186000000.0,無形資産,3483.0,,2,無形固定資産の取得による支出
S100YHND,E03432,33170,株式会社フライングガーデン,2026-03-31,9200071000.0,8260000.0,22340000.0,無形資産,173.0,,2,無形固定資産の取得による支出
S100YA7K,E04283,93010,三菱倉庫株式会社,2026-03-31,273446000000.0,,,,4991.0,,2,
S100YGNL,E00529,31070,ダイワボウホールディングス株式会社,2026-03-31,1350879000000.0,3267000000.0,1473000000.0,無形資産,3072.0,,2,無形固定資産の取得による支出
S100YILD,E00121,18260,佐田建設株式会社,2026-03-31,36769000000.0,8000000.0,14000000.0,無形資産,463.0,,2,無形固定資産の取得による支出
S100YIL8,E39785,256A0,飛島ホールディングス株式会社,2026-03-31,139255000000.0,285000000.0,493000000.0,無形資産,1596.0,,2,無形固定資産の取得による支出
S100YC9N,E01242,54800,日本冶金工業株式会社,2026-03-31,150866000000.0,,,,2093.0,,2,
S100YHT7,E01147,53570,株式会社　ヨータイ,2026-03-31,29585000000.0,66180000.0,53583000.0,無形資産,537.0,,2,無形固定資産の取得による支出
S100YITS,E36190,48870,サワイグループホールディングス株式会社,2026-03-31,201676000000.0,11055000000.0,6947000000.0,無形資産,3630.0,,2,無形資産の取得による支出
S100YIQG,E01786,67680,株式会社タムラ製作所,2026-03-31,123559000000.0,102000000.0,69000000.0,無形資産,4137.0,,2,無形固定資産の取得による支出
S100YFR1,E02227,72710,株式会社安永,2026-03-31,33951000000.0,72000000.0,58000000.0,無形資産,1706.0,,2,無形固定資産の取得による支出
S100YHKS,E34851,73450,株式会社アイ・パートナーズフィナンシャル,2026-03-31,4584869000.0,,,,38.0,,2,
S100YHET,E00541,31130,株式会社ＵＮＩＶＡ・Ｏａｋホールディングス,2026-03-31,2331883000.0,7865000.0,3284000.0,無形資産,116.0,,2,無形固定資産の取得による支出
S100YIAX,E02839,74820,株式会社シモジマ,2026-03-31,64829000000.0,719000000.0,285000000.0,無形資産,867.0,,2,無形固定資産の取得による支出
S100YHIJ,E01126,52100,日本山村硝子株式会社,2026-03-31,72190000000.0,721000000.0,297000000.0,無形資産,1884.0,,2,無形固定資産の取得による支出
S100YI7P,E01539,63350,株式会社東京機械製作所,2026-03-31,8456000000.0,,,,303.0,,2,
S100YI8J,E00255,17930,株式会社大本組,2026-03-31,87448000000.0,207000000.0,44000000.0,無形資産,823.0,,2,無形固定資産の取得による支出
S100YHFR,E02424,64190,株式会社マースグループホールディングス,2026-03-31,32281157000.0,,,,627.0,,2,
S100YH20,E03730,,株式会社ホンダファイナンス,2026-03-31,151651000000.0,2007000000.0,1654000000.0,無形資産,460.0,,2,無形固定資産の取得による支出
S100YHPR,E01462,34350,サンコーテクノ株式会社,2026-03-31,21760764000.0,12856000.0,4949000.0,無形資産,850.0,,2,無形固定資産の取得による支出
S100YIVN,E01759,66510,日東工業株式会社,2026-03-31,195783000000.0,,,,5358.0,,2,
S100YGVK,E01456,64670,株式会社ニチダイ,2026-03-31,10992897000.0,37842000.0,76978000.0,無形資産,596.0,,2,無形固定資産の取得による支出
S100YFFX,E05262,43410,西菱電機株式会社,2026-03-31,20675000000.0,12000000.0,41000000.0,無形資産,606.0,,2,無形固定資産の取得による支出
S100YHDE,E02855,75210,株式会社ムサシ,2026-03-31,40586000000.0,398000000.0,39000000.0,無形資産,544.0,,2,無形固定資産の取得による支出
S100YHFB,E32146,35370,昭栄薬品株式会社,2026-03-31,26921663000.0,,,,80.0,,2,
S100YHHO,E04506,95080,九州電力株式会社,2026-03-31,2247214000000.0,,,,21189.0,,2,
S100YHYX,E04462,46760,株式会社フジ・メディア・ホールディングス,2026-03-31,551865000000.0,2911000000.0,4585000000.0,無形資産,7373.0,,2,無形固定資産の取得による支出
S100YIVY,E21815,93850,株式会社ショーエイコーポレーション,2026-03-31,19047002000.0,158784000.0,25181000.0,無形資産,570.0,,2,無形固定資産の取得による支出
S100YIXB,E00573,35120,日本フエルト株式会社,2026-03-31,9398361000.0,830000.0,10948000.0,無形資産,541.0,,2,無形固定資産の取得による支出
S100YI45,E00630,78980,株式会社ウッドワン,2026-03-31,66000000000.0,,,,2173.0,,2,
S100YFXZ,E04499,95030,関西電力株式会社,2026-03-31,4056638000000.0,,,,32482.0,,2,
S100YIYA,E01143,52680,旭コンクリート工業株式会社,2026-03-31,7636534000.0,64973000.0,1848000.0,無形資産,188.0,,2,無形固定資産の取得による支出
S100YIO7,E01531,62220,株式会社島精機製作所,2026-03-31,33509000000.0,,,,1654.0,,2,
S100YIQF,E05440,24250,株式会社ケアサービス,2026-03-31,9217227000.0,41024000.0,,無形資産,1024.0,,2,無形固定資産の取得による支出
S100YI2O,E01842,68230,リオン株式会社,2026-03-31,28501956000.0,145929000.0,275891000.0,無形資産,1003.0,,2,無形固定資産の取得による支出
S100YIXL,E04334,90750,福山通運株式会社,2026-03-31,318582000000.0,1938000000.0,1648000000.0,無形資産,22501.0,,2,無形固定資産の取得による支出
S100YHF5,E04395,,北日本放送株式会社,2026-03-31,5669000000.0,71213000.0,42478000.0,無形資産,152.0,,2,無形固定資産の取得による支出
S100YHJ7,E01887,68440,新電元工業株式会社,2026-03-31,113836000000.0,259000000.0,136000000.0,無形資産,5091.0,,2,無形固定資産の取得による支出
S100YHI4,E04293,93120,ケイヒン株式会社,2026-03-31,50309000000.0,,,,917.0,,2,
S100YILW,E05579,24830,株式会社翻訳センター,2026-03-31,10871456000.0,303257000.0,11831000.0,無形資産,540.0,,2,無形固定資産の取得による支出
S100YIW1,E00026,57290,日本精鉱株式会社,2026-03-31,40866654000.0,2607000.0,7176000.0,無形資産,263.0,,2,無形固定資産の取得による支出
S100YH26,E35597,29840,ヤマイチエステート株式会社,2026-03-31,17638530000.0,,,,184.0,,2,
S100YIIM,E04908,96160,株式会社共立メンテナンス,2026-03-31,275247000000.0,574000000.0,1086000000.0,無形資産,6614.0,,2,無形固定資産の取得による支出
S100YD3Q,E00472,29020,太陽化学株式会社,2026-03-31,52484000000.0,60650000.0,62039000.0,無形資産,867.0,,2,無形固定資産の取得による支出
S100YILN,E00250,17990,第一建設工業株式会社,2026-03-31,60003444000.0,53092000.0,272669000.0,無形資産,1004.0,,2,無形固定資産の取得による支出
S100YGU8,E00886,44090,東邦化学工業株式会社,2026-03-31,53625000000.0,137000000.0,57000000.0,無形資産,856.0,,2,無形固定資産の取得による支出
S100YIY2,E01008,42120,積水樹脂株式会社,2026-03-31,78163000000.0,1032000000.0,657000000.0,無形資産,1621.0,,2,無形固定資産の取得による支出
S100YDW9,E01268,56020,株式会社栗本鐵工所,2026-03-31,128126000000.0,,,,2238.0,,2,
S100YG4R,E01583,63900,株式会社加藤製作所,2026-03-31,56335000000.0,395000000.0,469000000.0,無形資産,932.0,,2,無形固定資産の取得による支出
S100YF97,E00481,29080,フジッコ株式会社,2026-03-31,55534000000.0,104000000.0,135000000.0,無形資産,1194.0,,2,無形固定資産の取得による支出
S100YHJG,E04302,,鈴江コーポレーション株式会社,2026-03-31,25074014000.0,107481000.0,178694000.0,無形資産,585.0,,2,無形固定資産の取得による支出
S100YFQL,E01570,63670,ダイキン工業株式会社,2026-03-31,5015036000000.0,,,,104095.0,,2,
S100YDH0,E04502,95020,中部電力株式会社,2026-03-31,3546041000000.0,,,,22700.0,,2,
S100YIXT,E03227,99940,株式会社やまや,2026-03-31,159119000000.0,95000000.0,,無形資産,1807.0,,2,無形固定資産の取得による支出
S100YIML,E00759,40210,日産化学株式会社,2026-03-31,279586000000.0,1674000000.0,2195000000.0,無形資産,3411.0,,2,無形固定資産の取得による支出
S100YH1Y,E01127,52320,住友大阪セメント株式会社,2026-03-31,223686000000.0,,,,3045.0,,2,
S100YH7K,E32448,,野村貿易株式会社,2026-03-31,84919164000.0,,,,1810.0,,2,
S100YHX1,E05487,37710,株式会社システムリサーチ,2026-03-31,29083482000.0,122381000.0,109367000.0,無形資産,1569.0,,2,無形固定資産の取得による支出
S100YDPT,E01461,34310,宮地エンジニアリンググループ株式会社,2026-03-31,56659000000.0,139000000.0,148000000.0,無形資産,814.0,,2,無形固定資産の取得による支出
S100YGGI,E00058,18120,鹿島建設株式会社,2026-03-31,3067275000000.0,5618000000.0,3227000000.0,無形資産,21170.0,,2,無形固定資産の取得による支出
S100YH1G,E00562,35690,セーレン株式会社,2026-03-31,171765000000.0,91000000.0,119000000.0,無形資産,6506.0,,2,無形固定資産の取得による支出
S100YIO8,E02572,80520,椿本興業株式会社,2026-03-31,131032000000.0,,,,808.0,,2,
S100YHU2,E02059,67270,株式会社ワコム,2026-03-31,109995000000.0,102000000.0,115000000.0,無形資産,930.0,,2,無形固定資産の取得による支出
S100YI5M,E04018,89200,株式会社　東　祥,2026-03-31,27595541000.0,,,,376.0,,2,
S100YI94,E37589,71400,ペットゴー株式会社,2026-03-31,7420426000.0,242000.0,,無形資産,56.0,,2,無形固定資産の取得による支出
S100YH23,E04505,95070,四国電力株式会社,2026-03-31,761862000000.0,,,,7931.0,,2,
S100YJ0B,E03225,99900,株式会社サックスバーホールディングス,2026-03-31,51270536000.0,,,,590.0,,2,
S100YIA9,E37986,58340,ＳＢＩリーシングサービス株式会社,2026-03-31,64257000000.0,1000000.0,25000000.0,無形資産,66.0,,2,無形固定資産の取得による支出
S100YJ0X,E01628,62460,株式会社テクノスマート,2026-03-31,20737290000.0,3260000.0,3684000.0,無形資産,255.0,,2,無形固定資産の取得による支出
S100YJ15,E00832,46200,藤倉化成株式会社,2026-03-31,55636075000.0,48092000.0,86289000.0,無形資産,1198.0,,2,無形固定資産の取得による支出
S100YECJ,E26837,,株式会社国際協力銀行,2026-03-31,882794000000.0,1401000000.0,644000000.0,無形資産,886.0,,2,無形固定資産の取得による支出
S100YJ0H,E03421,27900,株式会社ナフコ,2026-03-31,175272000000.0,623000000.0,254000000.0,無形資産,1227.0,,2,無形固定資産の取得による支出
S100YI27,E21832,31430,オーウイル株式会社,2026-03-31,41909213000.0,188000.0,12285000.0,無形資産,137.0,,2,無形固定資産の取得による支出
S100Y9OD,E02205,72800,株式会社ミツバ,2026-03-31,348599000000.0,239000000.0,69000000.0,無形資産,21202.0,,2,無形固定資産の取得による支出
S100YHS5,E35589,44960,株式会社コマースＯｎｅホールディングス,2026-03-31,3895734000.0,128413000.0,119620000.0,無形資産,191.0,,2,無形固定資産の取得による支出
S100YJ1T,E02708,98450,株式会社パーカーコーポレーション,2026-03-31,73307000000.0,38000000.0,56000000.0,無形資産,2045.0,,2,無形固定資産の取得による支出
S100YJ27,E02779,99860,蔵王産業株式会社,2026-03-31,8757000000.0,1650000.0,14440000.0,無形資産,238.0,,2,無形固定資産の取得による支出
S100YHOE,E03474,30320,株式会社ゴルフ・ドゥ,2026-03-31,6184822000.0,46579000.0,171459000.0,無形資産,122.0,,2,無形固定資産の取得による支出
S100YI3U,E00502,20580,株式会社ヒガシマル,2026-03-31,13332000000.0,12000000.0,10000000.0,無形資産,358.0,,2,無形固定資産の取得による支出
S100YHNA,E35562,70940,株式会社ＮｅｘＴｏｎｅ,2026-03-31,20774000000.0,757000000.0,739000000.0,無形資産,306.0,,2,無形固定資産の取得による支出
S100YHFG,E02229,72120,株式会社エフテック,2026-03-31,291866000000.0,239000000.0,54000000.0,無形資産,7300.0,,2,無形固定資産の取得による支出
S100YI2B,E23288,31570,ジオリーブグループ株式会社,2026-03-31,185754000000.0,56000000.0,82000000.0,無形資産,1870.0,,2,無形固定資産の取得による支出
S100YDWL,E02639,81150,ムーンバット株式会社,2026-03-31,11933532000.0,,,,213.0,,2,
S100YHXH,E01100,51220,オカモト株式会社,2026-03-31,108040000000.0,,,,2593.0,,2,
S100YHWR,E00691,37080,特種東海製紙株式会社,2026-03-31,95413000000.0,185000000.0,190000000.0,無形資産,1873.0,,2,無形固定資産の取得による支出
S100YH9N,E03838,,東日本建設業保証株式会社,2026-03-31,14584005000.0,,,,337.0,,2,
S100YIIT,E00911,46250,アトミクス株式会社,2026-03-31,12763250000.0,145152000.0,183510000.0,無形資産,278.0,,2,無形固定資産の取得による支出
S100YIHV,E00842,41000,戸田工業株式会社,2026-03-31,28041000000.0,230000000.0,116000000.0,無形資産,1037.0,,2,無形固定資産の取得による支出
S100YFRS,E05664,38370,アドソル日進株式会社,2026-03-31,17151415000.0,415000.0,,無形資産,645.0,,2,無形固定資産の取得による支出
S100YHO8,E01903,68490,日本光電工業株式会社,2026-03-31,235099000000.0,2131000000.0,1583000000.0,無形資産,6116.0,,2,無形固定資産の取得による支出
S100YHM2,E02280,80500,セイコーグループ株式会社,2026-03-31,335686000000.0,4267000000.0,3309000000.0,無形資産,11326.0,,2,無形固定資産の取得による支出
S100YDDI,E23582,,株式会社日本政策金融公庫,2026-03-31,624568000000.0,11843000000.0,21208000000.0,無形資産,7368.0,,2,無形固定資産の取得による支出
S100YIH4,E03090,81630,ＳＲＳホールディングス株式会社,2026-03-31,76421000000.0,100103000.0,117179000.0,無形資産,1927.0,,2,無形固定資産の取得による支出
S100YINX,E01131,53550,日本坩堝株式会社,2026-03-31,10220922000.0,,9873000.0,,259.0,,2,
S100YIKI,E04657,,遠州開発株式会社,2026-03-31,538400000.0,,,,71.0,,2,
S100YJ53,E01538,63340,明治機械株式会社,2026-03-31,5508165000.0,37222000.0,6844000.0,無形資産,210.0,,2,無形固定資産の取得による支出
S100YITC,E00055,18020,株式会社大林組,2026-03-31,2586258000000.0,,,,18031.0,,2,
S100YJ18,E35948,285A0,キオクシアホールディングス株式会社,2026-03-31,2337628000000.0,2612000000.0,1756000000.0,無形資産,15218.0,,2,無形資産の取得による支出
S100YI52,E04198,90760,セイノーホールディングス株式会社,2026-03-31,812965000000.0,,,,31408.0,,2,
S100YIGD,E03108,82070,テンアライド株式会社,2026-03-31,12093492000.0,3125000.0,1890000.0,無形資産,261.0,,2,無形固定資産の取得による支出
S100YHQM,E05640,38170,株式会社ＳＲＡホールディングス,2026-03-31,53279000000.0,210000000.0,231000000.0,無形資産,1398.0,,2,無形固定資産の取得による支出
S100YHQX,E35303,29810,株式会社ランディックス,2026-03-31,23528097000.0,,,,104.0,,2,
S100YI9L,E01373,59230,高田機工株式会社,2026-03-31,14306842000.0,390325000.0,100036000.0,無形資産,347.0,,2,無形固定資産の取得による支出
S100YHL0,E02450,78670,株式会社タカラトミー,2026-03-31,270455000000.0,2072000000.0,2102000000.0,無形資産,2574.0,,2,無形固定資産の取得による支出
S100YGKZ,E05496,37730,株式会社アドバンスト・メディア,2026-03-31,7063091000.0,716639000.0,561609000.0,無形資産,286.0,,2,無形固定資産の取得による支出
S100YCF0,E01332,58010,古河電気工業株式会社,2026-03-31,1307560000000.0,6008000000.0,4778000000.0,無形資産,49112.0,,2,無形固定資産の取得による支出
S100YEJV,E03295,75620,株式会社安楽亭,2026-03-31,30789799000.0,135616000.0,125143000.0,無形資産,551.0,,2,無形固定資産の取得による支出
S100YIHR,E04498,95010,東京電力ホールディングス株式会社,2026-03-31,6328574000000.0,,,,38341.0,,2,
S100YI7T,E00390,33460,ヒロタグループホールディングス株式会社,2026-03-31,1692585000.0,,2300000.0,,29.0,,2,
S100YJ5I,E03858,88030,平和不動産株式会社,2026-03-31,50855000000.0,65000000.0,900000000.0,無形資産,265.0,,2,無形固定資産の取得による支出
S100YI28,E00947,45340,持田製薬株式会社,2026-03-31,116951000000.0,,,,1479.0,,2,
S100YIEP,E32215,,東京電力パワーグリッド株式会社,2026-03-31,2294368000000.0,,,,20469.0,,2,
S100YJ6N,E00023,57130,住友金属鉱山株式会社,2026-03-31,1741586000000.0,2835000000.0,5015000000.0,無形資産,7507.0,,2,無形資産の取得による支出
S100YHOL,E04101,90480,名古屋鉄道株式会社,2026-03-31,691583000000.0,,,,30637.0,,2,
S100YJ78,E01704,63070,サンセイ株式会社,2026-03-31,7049936000.0,7460000.0,,無形資産,228.0,,2,無形固定資産の取得による支出
S100YHZG,E02126,70110,三菱重工業株式会社,2026-03-31,4974168000000.0,,,,78793.0,,2,
S100YHRO,E00804,44620,石原ケミカル株式会社,2026-03-31,23450309000.0,25163000.0,241523000.0,無形資産,292.0,,2,無形固定資産の取得による支出
S100YH9V,E32795,65380,株式会社ディスラプターズ,2026-03-31,5114000000.0,106000000.0,,無形資産,107.0,,2,無形固定資産の取得による支出
S100YIPO,E36432,,東京電力リニューアブルパワー株式会社,2026-03-31,189218000000.0,,,,1668.0,,2,
S100YFZB,E01651,63470,株式会社プラコー,2026-03-31,2679928000.0,1969000.0,,無形資産,83.0,,2,無形固定資産の取得による支出
S100YFD2,E01409,59580,三洋工業株式会社,2026-03-31,28956000000.0,9000000.0,16000000.0,無形資産,383.0,,2,無形固定資産の取得による支出
S100YIRK,E01548,62450,株式会社ヒラノテクシード,2026-03-31,32285374000.0,123888000.0,25053000.0,無形資産,417.0,,2,無形固定資産の取得による支出
S100YIP6,E01400,59760,高周波熱錬株式会社,2026-03-31,58277000000.0,41000000.0,28000000.0,無形資産,1651.0,,2,無形固定資産の取得による支出
S100YIHP,E01744,65080,株式会社明電舎,2026-03-31,326194000000.0,,,,10082.0,,2,
S100YIQ8,E01107,51890,櫻護謨株式会社,2026-03-31,14540763000.0,250000.0,,無形資産,351.0,,2,無形固定資産の取得による支出
S100YHOR,E02786,99960,株式会社サトー商会,2026-03-31,50813755000.0,58777000.0,34862000.0,無形資産,700.0,,2,無形固定資産の取得による支出
S100YJ31,E39283,,ＪＳＲ株式会社,2026-03-31,440718000000.0,,,,6951.0,,2,
S100YIRG,E03997,88970,ＭＩＲＡＲＴＨホールディングス株式会社,2026-03-31,214369000000.0,607000000.0,1079000000.0,無形資産,1475.0,,2,無形固定資産の取得による支出
S100YJ6A,E01873,67240,セイコーエプソン株式会社,2026-03-31,1413251000000.0,6234000000.0,10897000000.0,無形資産,74619.0,,2,無形資産の取得による支出
S100YCFW,E21514,21790,株式会社成学社,2026-03-31,15156867000.0,58993000.0,59636000.0,無形資産,841.0,,2,無形固定資産の取得による支出
S100YIVE,E01547,63420,株式会社太平製作所,2026-03-31,6359118000.0,1200000.0,15744000.0,無形資産,158.0,,2,無形固定資産の取得による支出
S100YDV3,E02588,80250,株式会社ツカモトコーポレーション,2026-03-31,10106618000.0,,,,180.0,,2,
S100YJ7S,E02602,80660,三谷商事株式会社,2026-03-31,339031000000.0,,,,2102.0,,2,
S100YJ8W,E02377,79910,マミヤ・オーピー株式会社,2026-03-31,20892799000.0,43566000.0,74679000.0,無形資産,1504.0,,2,無形固定資産の取得による支出
S100YGEJ,E39158,58700,株式会社ナルネットコミュニケーションズ,2026-03-31,9925390000.0,81824000.0,78637000.0,無形資産,108.0,,2,無形固定資産の取得による支出
S100YBLA,E03856,88020,三菱地所株式会社,2026-03-31,1746148000000.0,,,,11659.0,,2,
S100YI5J,E04286,93040,澁澤倉庫株式会社,2026-03-31,79740000000.0,387000000.0,374000000.0,無形資産,1320.0,,2,無形固定資産の取得による支出
S100YI56,E02407,79500,日本デコラックス株式会社,2026-03-31,6241889000.0,635000.0,1240000.0,無形資産,172.0,,2,無形固定資産の取得による支出
S100YI6G,E03276,75230,アールビバン株式会社,2026-03-31,12674953000.0,9683000.0,71754000.0,無形資産,296.0,,2,無形固定資産の取得による支出
S100YIEI,E02004,69120,菊水ホールディングス株式会社,2026-03-31,14687918000.0,239602000.0,16388000.0,無形資産,345.0,,2,無形固定資産の取得による支出
S100YHWG,E02043,68550,日本電子材料株式会社,2026-03-31,29366000000.0,,,,1234.0,,2,
S100YIDK,E05428,24150,ヒューマンホールディングス株式会社,2026-03-31,102539304000.0,263164000.0,516151000.0,無形資産,4740.0,,2,無形固定資産の取得による支出
S100YI50,E02138,71220,近畿車輛株式会社,2026-03-31,37100000000.0,152000000.0,127000000.0,無形資産,1163.0,,2,無形固定資産の取得による支出
S100YFNV,E02252,72240,新明和工業株式会社,2026-03-31,285024000000.0,948000000.0,1050000000.0,無形資産,7313.0,,2,無形固定資産の取得による支出
S100YJAF,E02428,79020,株式会社ソノコム,2026-03-31,2712844000.0,230000.0,1848000.0,無形資産,113.0,,2,無形固定資産の取得による支出
S100YIPK,E25648,21170,ウェルネオシュガー株式会社,2026-03-31,112904000000.0,,,,755.0,,2,
S100YIB6,E40668,368A0,株式会社北里コーポレーション,2026-03-31,10947000000.0,,4000000.0,,83.0,,2,
S100YHJV,E39254,167A0,リョーサン菱洋ホールディングス株式会社,2026-03-31,359948000000.0,788000000.0,639000000.0,無形資産,1644.0,,2,無形固定資産の取得による支出
S100YII7,E02739,98180,大丸エナウィン株式会社,2026-03-31,32697622000.0,66396000.0,322406000.0,無形資産,676.0,,2,無形固定資産の取得による支出
S100YJ02,E05682,38450,株式会社アイフリークモバイル,2026-03-31,1865469000.0,,,,354.0,,2,
S100YHSN,E02608,81290,東邦ホールディングス株式会社,2026-03-31,1553364000000.0,3292000000.0,1701000000.0,無形資産,7675.0,,2,無形固定資産の取得による支出
S100YIEJ,E02684,80710,東海エレクトロニクス株式会社,2026-03-31,39362026000.0,6210000.0,7702000.0,無形資産,350.0,,2,無形固定資産の取得による支出
S100YI48,E04123,90330,広島電鉄株式会社,2026-03-31,37470000000.0,715000000.0,775000000.0,無形資産,2241.0,,2,無形固定資産の取得による支出
S100YGE8,E00796,40980,チタン工業株式会社,2026-03-31,8139000000.0,,,,272.0,,2,
S100YFE2,E00791,41020,丸尾カルシウム株式会社,2026-03-31,12639000000.0,19724000.0,2000000.0,無形資産,239.0,,2,無形固定資産の取得による支出
S100YHMT,E00105,18270,株式会社ナカノフドー建設,2026-03-31,138071000000.0,15000000.0,93000000.0,無形資産,1394.0,,2,無形固定資産の取得による支出
S100YHTN,E01803,67440,能美防災株式会社,2026-03-31,139657000000.0,,,,3251.0,,2,
S100YHR0,E36098,62290,株式会社オーケーエム,2026-03-31,11114278000.0,352000.0,3786000.0,無形資産,371.0,,2,無形固定資産の取得による支出
S100YI3N,E02584,80890,ナイス株式会社,2026-03-31,259154000000.0,,,,2827.0,,2,
S100YJ2N,E00386,22210,岩塚製菓株式会社,2026-03-31,28848672000.0,10115000.0,8164000.0,無形資産,844.0,,2,無形固定資産の取得による支出
S100YHL2,E01684,62860,靜甲株式会社,2026-03-31,44895426000.0,10243000.0,36704000.0,無形資産,892.0,,2,無形固定資産の取得による支出
S100YI9F,E36123,76940,株式会社いつも,2026-03-31,17878317000.0,156940000.0,197384000.0,無形資産,212.0,,2,無形固定資産の取得による支出
S100YDH8,E00335,22810,プリマハム株式会社,2026-03-31,475574000000.0,7091000000.0,2893000000.0,無形資産,3630.0,,2,無形固定資産の取得による支出
S100YHWF,E04540,97130,株式会社ロイヤルホテル,2026-03-31,29273000000.0,61000000.0,57000000.0,無形資産,2032.0,,2,無形固定資産の取得による支出
S100YIWC,E02387,72840,盟和産業株式会社,2026-03-31,23065238000.0,10507000.0,1286000.0,無形資産,372.0,,2,無形固定資産の取得による支出
S100YJ84,E02093,66660,リバーエレテック株式会社,2026-03-31,5784902000.0,1980000.0,23837000.0,無形資産,217.0,,2,無形固定資産の取得による支出
S100YGZE,E34137,52900,株式会社ベルテクスコーポレーション,2026-03-31,46519866000.0,15248000.0,68667000.0,無形資産,1167.0,,2,無形固定資産の取得による支出
S100YI1U,E04375,94010,株式会社ＴＢＳホールディングス,2026-03-31,424850000000.0,3605000000.0,3028000000.0,無形資産,8518.0,,2,無形固定資産の取得による支出
S100YICQ,E00780,40780,堺化学工業株式会社,2026-03-31,81447000000.0,,,,1942.0,,2,
S100YJCA,E35308,44830,株式会社ＪＭＤＣ,2026-03-31,50462000000.0,1467000000.0,1574000000.0,無形資産,2444.0,,2,無形資産の取得による支出
S100YHY5,E00376,22070,株式会社ｍｅｉｔｏ,2026-03-31,29106000000.0,,,,639.0,,2,
S100YFL1,E04097,90030,相鉄ホールディングス株式会社,2026-03-31,307572000000.0,1761000000.0,1070000000.0,無形資産,5321.0,,2,無形固定資産の取得による支出
S100YIXJ,E05107,47710,株式会社エフアンドエム,2026-03-31,20807672000.0,3417144000.0,2571698000.0,無形資産,990.0,,2,無形固定資産の取得による支出
S100YI4G,E02773,35980,山喜株式会社,2026-03-31,9906038000.0,2141000.0,,無形資産,594.0,,2,無形固定資産の取得による支出
S100YJBO,E37221,92560,株式会社サクシード,2026-03-31,4289115000.0,6070000.0,,無形資産,209.0,,2,無形固定資産の取得による支出
S100YGRD,E00877,34070,旭化成株式会社,2026-03-31,3074505000000.0,17379000000.0,16255000000.0,無形資産,47895.0,,2,無形固定資産の取得による支出
S100YIEX,E03763,87080,アイザワ証券グループ株式会社,2026-03-31,20973000000.0,27000000.0,8000000.0,無形資産,707.0,,2,無形固定資産の取得による支出
S100YERJ,E01880,69230,スタンレー電気株式会社,2026-03-31,518456000000.0,2346000000.0,1839000000.0,無形資産,18230.0,,2,無形固定資産の取得による支出
S100YI6A,E01859,68220,大井電気株式会社,2026-03-31,32709583000.0,111595000.0,86826000.0,無形資産,944.0,,2,無形固定資産の取得による支出
S100YITF,E40432,336A0,ダイナミックマッププラットフォーム株式会社,2026-03-31,5686000000.0,1461000000.0,2375000000.0,無形資産,210.0,,2,無形固定資産の取得による支出
S100YCUF,E01235,54100,合同製鐵株式会社,2026-03-31,191772000000.0,,,,2168.0,,2,
S100YJCY,E00910,46240,イサム塗料株式会社,2026-03-31,8402798000.0,1458000.0,50640000.0,無形資産,213.0,,2,無形固定資産の取得による支出
S100YIXP,E02683,80230,ＤＡＩＫＯ　ＸＴＥＣＨ株式会社,2026-03-31,42500540000.0,88671000.0,66761000.0,無形資産,1332.0,,2,無形固定資産の取得による支出
S100YH0E,E03842,,トーア再保険株式会社,2026-03-31,335116000000.0,98000000.0,166000000.0,無形資産,418.0,,2,無形固定資産の取得による支出
S100YITH,E02334,77170,株式会社ブイ・テクノロジー,2026-03-31,52992000000.0,22000000.0,29000000.0,無形資産,1027.0,,2,無形固定資産の取得による支出
S100YHPM,E32189,62370,株式会社イワキ,2026-03-31,47692294000.0,,,,1146.0,,2,
S100YJBN,E01230,72310,トピー工業株式会社,2026-03-31,297750000000.0,244000000.0,474000000.0,無形資産,5290.0,,2,無形固定資産の取得による支出
S100YHH0,E03330,76340,株式会社星医療酸器,2026-03-31,15520127000.0,64077000.0,12291000.0,無形資産,527.0,,2,無形固定資産の取得による支出
S100YIA1,E01321,57570,株式会社ＣＫサンエツ,2026-03-31,149438000000.0,77000000.0,24000000.0,無形資産,1015.0,,2,無形固定資産の取得による支出
S100YGEM,E00520,30020,グンゼ株式会社,2026-03-31,130918000000.0,,,,4102.0,,2,
S100YIKH,E00076,19460,株式会社トーエネック,2026-03-31,272468000000.0,,,,6487.0,,2,
S100YHTZ,E04367,,成田国際空港株式会社,2026-03-31,279446000000.0,,,,3330.0,,2,
S100YI00,E00207,19300,北陸電気工事株式会社,2026-03-31,61028000000.0,,,,1354.0,,2,
S100YJDD,E04382,94070,株式会社ＲＫＢ毎日ホールディングス,2026-03-31,32544000000.0,312000000.0,264000000.0,無形資産,701.0,,2,無形固定資産の取得による支出
S100YHI1,E05543,37790,ジェイ・エスコムホールディングス株式会社,2026-03-31,1412199000.0,,28981000.0,,55.0,,2,
S100YJEG,E04351,,関西国際空港土地保有株式会社,2026-03-31,30220000000.0,,,,0.0,,2,
S100YIMB,E01847,68640,株式会社エヌエフホールディングス,2026-03-31,9138062000.0,4880000.0,16584000.0,無形資産,283.0,,2,無形固定資産の取得による支出
S100YIPZ,E32158,34670,アグレ都市デザイン株式会社,2026-03-31,36975239000.0,,,,142.0,,2,
S100YI8I,E00036,15150,日鉄鉱業株式会社,2026-03-31,209717000000.0,178000000.0,18000000.0,無形資産,2175.0,,2,無形固定資産の取得による支出
S100YIOW,E01045,49660,上村工業株式会社,2026-03-31,91784000000.0,,,,1528.0,,2,
S100YIDC,E00032,57150,古河機械金属株式会社,2026-03-31,211081000000.0,,,,2883.0,,2,
S100YIHY,E00331,22640,森永乳業株式会社,2026-03-31,571458000000.0,,,,7345.0,,2,
S100YI97,E04155,90170,新潟交通株式会社,2026-03-31,20331972000.0,,,,1174.0,,2,
S100YIPR,E00179,18670,株式会社植木組,2026-03-31,63290000000.0,249432000.0,160424000.0,無形資産,1005.0,,2,無形固定資産の取得による支出
S100YI1J,E01142,52690,日本コンクリート工業株式会社,2026-03-31,49233255000.0,100175000.0,89330000.0,無形資産,1351.0,,2,無形固定資産の取得による支出
S100YGG5,E01236,56090,日本鋳造株式会社,2026-03-31,12290000000.0,68000000.0,,無形資産,285.0,,2,無形固定資産の取得による支出
S100Y38P,E01993,69180,株式会社アバールデータ,2026-03-31,8830110000.0,12433000.0,26350000.0,無形資産,199.0,,2,無形固定資産の取得による支出
S100YJEE,E00167,18070,株式会社佐藤渡辺,2026-03-31,33704761000.0,4366000.0,15996000.0,無形資産,537.0,,2,無形固定資産の取得による支出
S100YJ24,E00069,18110,株式会社錢高組,2026-03-31,125497000000.0,16000000.0,24000000.0,無形資産,885.0,,2,無形固定資産の取得による支出
S100YGYV,E04242,91150,明海グループ株式会社,2026-03-31,61271647000.0,,,,634.0,,2,
S100YFEX,E37147,44170,グローバルセキュリティエキスパート株式会社,2026-03-31,11022080000.0,44643000.0,2224000.0,無形資産,221.0,,2,無形固定資産の取得による支出
S100YJDW,E01939,68060,ヒロセ電機株式会社,2026-03-31,211264000000.0,,,,5110.0,,2,
S100YHJY,E01748,66230,愛知電機株式会社,2026-03-31,129382000000.0,975000000.0,85000000.0,無形資産,2833.0,,2,無形固定資産の取得による支出
S100YJGX,E03289,45580,株式会社中京医薬品,2026-03-31,6569307000.0,,,,298.0,,2,
S100YIJB,E02444,78740,レック株式会社,2026-03-31,68294000000.0,343000000.0,23000000.0,無形資産,956.0,,2,無形固定資産の取得による支出
S100YJBK,E00092,19450,株式会社東京エネシス,2026-03-31,83083000000.0,,,,1687.0,,2,
S100YJF1,E03967,88690,明和地所株式会社,2026-03-31,90108000000.0,0.0,28000000.0,無形資産,615.0,,2,無形固定資産の取得による支出
S100YIQZ,E37222,42650,Ｉｎｓｔｉｔｕｔｉｏｎ　ｆｏｒ　ａ　Ｇｌｏｂａｌ　Ｓｏｃｉｅｔｙ株式会社,2026-03-31,659144000.0,,,,38.0,,2,
S100YJHR,E01177,53420,ジャニス工業株式会社,2026-03-31,4982780000.0,,,,153.0,,2,
S100YIAY,E00692,79110,ＴＯＰＰＡＮホールディングス株式会社,2026-03-31,1805033000000.0,19166000000.0,20546000000.0,無形資産,54371.0,,2,無形固定資産の取得による支出
S100YJHZ,E27012,,新関西国際空港株式会社,2026-03-31,62296000000.0,,,,33.0,,2,
S100YJ3Z,E01811,67720,東京コスモス電機株式会社,2026-03-31,9601030000.0,31330000.0,,無形資産,601.0,,2,無形固定資産の取得による支出
S100YJ7H,E01928,69260,岡谷電機産業株式会社,2026-03-31,10228629000.0,8228000.0,3754000.0,無形資産,1101.0,,2,無形固定資産の取得による支出
S100YJIY,E02547,30230,ラサ商事株式会社,2026-03-31,28201000000.0,0.0,5000000.0,無形資産,262.0,,2,無形固定資産の取得による支出
S100YIVA,E01229,54080,株式会社中山製鋼所,2026-03-31,148306000000.0,,,,1285.0,,2,
S100YJ07,E04887,96440,株式会社タナベコンサルティンググループ,2026-03-31,16282565000.0,,,,843.0,,2,
S100YJII,E04113,,静岡鉄道株式会社,2026-03-31,190225000000.0,214000000.0,375000000.0,無形資産,4413.0,,2,無形固定資産の取得による支出
S100YILP,E21902,22690,明治ホールディングス株式会社,2026-03-31,1173688000000.0,6903000000.0,3825000000.0,無形資産,17103.0,,2,無形固定資産の取得による支出
S100YHLE,E03908,,大栄不動産株式会社,2026-03-31,39275000000.0,,,,293.0,,2,
S100YJJR,E03932,,株式会社鹿児島県プロパンガス会館,2026-03-31,84165000.0,,,,0.0,,2,
S100YJJW,E01378,59810,東京製綱株式会社,2026-03-31,64094000000.0,,,,1430.0,,2,
S100YJH7,E01947,68100,マクセル株式会社,2026-03-31,129429000000.0,480000000.0,360000000.0,無形資産,3765.0,,2,無形固定資産の取得による支出
S100YHQP,E00137,19340,株式会社ユアテック,2026-03-31,252262000000.0,653000000.0,1373000000.0,無形資産,5818.0,,2,無形固定資産の取得による支出
S100YIP2,E38688,48940,クオリプス株式会社,2026-03-31,212332000.0,6769000.0,9654000.0,無形資産,51.0,,2,無形固定資産の取得による支出
S100YHJQ,E03193,99360,株式会社王将フードサービス,2026-03-31,116838000000.0,,,,2501.0,,2,
S100YIDL,E01422,59400,不二サッシ株式会社,2026-03-31,101470000000.0,783000000.0,134000000.0,無形資産,2814.0,,2,無形固定資産の取得による支出
S100YJ5D,E02724,98800,イノテック株式会社,2026-03-31,46737733000.0,594698000.0,605300000.0,無形資産,1620.0,,2,無形固定資産の取得による支出
S100YJLC,E01874,66750,サクサ株式会社,2026-03-31,44099000000.0,505000000.0,467000000.0,無形資産,1299.0,,2,無形固定資産の取得による支出
S100YIYI,E01813,67760,天昇電気工業株式会社,2026-03-31,21877000000.0,7000000.0,70000000.0,無形資産,468.0,,2,無形固定資産の取得による支出
S100YGR4,E04342,93620,兵機海運株式会社,2026-03-31,13389000000.0,,,,236.0,,2,
S100YHZP,E04326,93550,株式会社リンコーコーポレーション,2026-03-31,13856000000.0,21502000.0,1899000.0,無形資産,583.0,,2,無形固定資産の取得による支出
S100YFO0,E04157,,株式会社　ヤマコー,2026-03-31,11996865000.0,,,,791.0,,2,
S100YE5Q,E00767,40420,東ソー株式会社,2026-03-31,1019917000000.0,,,,14850.0,,2,
S100YIUO,E23479,49260,株式会社シーボン,2026-03-31,9267050000.0,807000.0,4387000.0,無形資産,717.0,,2,無形固定資産の取得による支出
S100YJLO,E33790,70900,株式会社リグア,2026-03-31,2419257000.0,,19459000.0,,129.0,,2,
S100YI2W,E02354,77490,メディキット株式会社,2026-03-31,23781456000.0,41153000.0,32199000.0,無形資産,994.0,,2,無形固定資産の取得による支出
S100YJMS,E26454,60590,株式会社ウチヤマホールディングス,2026-03-31,29577764000.0,30796000.0,6645000.0,無形資産,2331.0,,2,無形固定資産の取得による支出
S100YIK2,E00098,19260,ライト工業株式会社,2026-03-31,139216000000.0,108000000.0,51000000.0,無形資産,1399.0,,2,無形固定資産の取得による支出
S100YJMR,E05238,88980,株式会社センチュリー２１・ジャパン,2026-03-31,4300314000.0,267268000.0,57153000.0,無形資産,93.0,,2,無形固定資産の取得による支出
S100YJNO,E33345,66950,株式会社キャストリコ,2026-03-31,1426695000.0,,6708000.0,,127.0,,2,
S100YJ5M,E03229,99970,株式会社ベルーナ,2026-03-31,218098000000.0,180000000.0,315000000.0,無形資産,3844.0,,2,無形固定資産の取得による支出
S100YHL1,E33819,34890,株式会社フェイスネットワーク,2026-03-31,32916875000.0,3034000.0,1150000.0,無形資産,239.0,,2,無形固定資産の取得による支出
S100YIM9,E02574,80430,スターゼン株式会社,2026-03-31,448213000000.0,,,,2807.0,,2,
S100YJME,E01172,49900,昭和化学工業株式会社,2026-03-31,9272889000.0,3645000.0,6086000.0,無形資産,216.0,,2,無形固定資産の取得による支出
S100YHXW,E27633,32890,東急不動産ホールディングス株式会社,2026-03-31,1246048000000.0,,,,21036.0,,2,
S100YJOL,E32794,39790,株式会社うるる,2026-03-31,7751919000.0,214400000.0,373479000.0,無形資産,304.0,,2,無形固定資産の取得による支出
S100YIKY,E04044,89990,グランディハウス株式会社,2026-03-31,52980933000.0,2187000.0,6963000.0,無形資産,768.0,,2,無形固定資産の取得による支出
S100YJMT,E04034,89380,グローム・ホールディングス株式会社,2026-03-31,2003000000.0,,1000000.0,,73.0,,2,
S100YJFL,E01590,64360,アマノ株式会社,2026-03-31,176467000000.0,3901000000.0,2889000000.0,無形資産,5532.0,,2,無形固定資産の取得による支出
S100YJOM,E34318,45980,ＤｅｌｔａーＦｌｙ　Ｐｈａｒｍａ株式会社,2026-03-31,,,,,12.0,,2,
S100YIJ8,E32420,35420,株式会社ベガコーポレーション,2026-03-31,18129697000.0,224855000.0,14958000.0,無形資産,277.0,,2,無形固定資産の取得による支出
S100YJ9I,E04476,94450,株式会社フォーバルテレコム,2026-03-31,23973009000.0,348612000.0,389724000.0,無形資産,197.0,,2,無形固定資産の取得による支出
S100YCD2,E04414,94090,株式会社テレビ朝日ホールディングス,2026-03-31,339487000000.0,1097000000.0,1479000000.0,無形資産,5622.0,,2,無形固定資産の取得による支出
S100YJON,E34754,44360,株式会社ミンカブ・ジ・インフォノイド,2026-03-31,8780577000.0,587547000.0,1271049000.0,無形資産,236.0,,2,無形固定資産の取得による支出
S100YISC,E04510,95130,電源開発株式会社,2026-03-31,1182260000000.0,,,,7202.0,,2,
S100YGM7,E39662,195A0,株式会社ＭＵＳＣＡＴ　ＧＲＯＵＰ,2026-03-31,4129746000.0,94526000.0,39797000.0,無形資産,112.0,,2,無形固定資産の取得による支出
S100YHLG,E02442,59560,トーソー株式会社,2026-03-31,23253616000.0,66352000.0,95430000.0,無形資産,990.0,,2,無形固定資産の取得による支出
S100YH55,E37435,50330,株式会社ヌーラボ,2026-03-31,4393663000.0,289183000.0,104118000.0,無形資産,207.0,,2,無形固定資産の取得による支出
S100YHIO,E36757,71270,株式会社一家ホールディングス,2026-03-31,11533017000.0,8333000.0,15689000.0,無形資産,419.0,,2,無形固定資産の取得による支出
S100YI3A,E31632,50210,コスモエネルギーホールディングス株式会社,2026-03-31,2677582000000.0,,,,6675.0,,2,
S100Y7GN,E04944,97800,株式会社ハリマビステム,2026-03-31,30944787000.0,107026000.0,7898000.0,無形資産,1792.0,,2,無形固定資産の取得による支出
S100YHX3,E05686,21480,アイティメディア株式会社,2026-03-31,8311834000.0,,,,382.0,,2,
S100YIVJ,E01693,64850,前澤給装工業株式会社,2026-03-31,31683000000.0,161000000.0,,無形資産,426.0,,2,無形固定資産の取得による支出
S100YI8X,E01790,67070,サンケン電気株式会社,2026-03-31,80175000000.0,203000000.0,403000000.0,無形資産,2683.0,,2,無形固定資産の取得による支出
S100YJ0Y,E27260,31820,オイシックス・ラ・大地株式会社,2026-03-31,251419000000.0,771000000.0,852000000.0,無形資産,8196.0,,2,無形固定資産の取得による支出
S100YEHT,E27210,31830,ウイン・パートナーズ株式会社,2026-03-31,90391603000.0,,,,653.0,,2,
S100YHT5,E04920,97990,旭情報サービス株式会社,2026-03-31,16548199000.0,319000.0,,無形資産,1911.0,,2,無形固定資産の取得による支出
S100YIC7,E00233,19040,大成温調株式会社,2026-03-31,61719065000.0,400480000.0,392963000.0,無形資産,783.0,,2,無形固定資産の取得による支出
S100YIGL,E04323,93110,アサガミ株式会社,2026-03-31,39123081000.0,113451000.0,65867000.0,無形資産,1444.0,,2,無形固定資産の取得による支出
S100YI9P,E37146,44160,株式会社Ｔｒｕｅ　Ｄａｔａ,2026-03-31,1870468000.0,15518000.0,88663000.0,無形資産,93.0,,2,無形固定資産の取得による支出
S100YE68,E04503,95050,北陸電力株式会社,2026-03-31,786552000000.0,,,,6895.0,,2,
S100YIYU,E31958,61850,ＳＭＮ株式会社,2026-03-31,12348427000.0,415264000.0,407149000.0,無形資産,240.0,,2,無形固定資産の取得による支出
S100YGT9,E38478,52530,カバー株式会社,2026-03-31,49330000000.0,2128000000.0,1852000000.0,無形資産,735.0,,2,無形固定資産の取得による支出
S100YJHT,E05645,38250,株式会社リミックスポイント,2026-03-31,17751000000.0,45000000.0,25000000.0,無形資産,179.0,,2,無形固定資産の取得による支出
S100YBQV,E00024,57060,三井金属株式会社,2026-03-31,758532000000.0,1478000000.0,2404000000.0,無形資産,8188.0,,2,無形固定資産の取得による支出
S100YI7S,E04585,96050,東映株式会社,2026-03-31,185333000000.0,1059000000.0,747000000.0,無形資産,1965.0,,2,無形固定資産の取得による支出
S100YJEX,E37831,71110,ＩＮＥＳＴ株式会社,2026-03-31,18185000000.0,,,,344.0,,2,
S100YGM0,E05201,42880,株式会社アズジェント,2026-03-31,3434064000.0,47545000.0,36549000.0,無形資産,100.0,,2,無形固定資産の取得による支出
S100YGL9,E00530,31090,シキボウ株式会社,2026-03-31,44554000000.0,,,,2306.0,,2,
S100YIMF,E03144,98430,株式会社ニトリホールディングス,2026-03-31,912248000000.0,3000000000.0,3876000000.0,無形資産,19432.0,,2,無形資産の取得による支出
S100YICV,E04773,97350,セコム株式会社,2026-03-31,1256896000000.0,20081000000.0,17719000000.0,無形資産,65094.0,,2,無形固定資産の取得による支出
S100YJQ6,E03770,86990,ＨＳホールディングス株式会社,2026-03-31,57879000000.0,120000000.0,60000000.0,無形資産,706.0,,2,無形固定資産の取得による支出
S100YHHQ,E02140,72760,株式会社小糸製作所,2026-03-31,947610000000.0,,,,21507.0,,2,
S100YJDM,E01094,51210,藤倉コンポジット株式会社,2026-03-31,40238809000.0,197171000.0,174001000.0,無形資産,2252.0,,2,無形固定資産の取得による支出
S100YEE3,E33535,14430,技研ホールディングス株式会社,2026-03-31,4675110000.0,,,,106.0,,2,
S100YGQT,E01466,34420,株式会社ＭＩＥコーポレーション,2026-03-31,7139977000.0,19272000.0,6440000.0,無形資産,110.0,,2,無形固定資産の取得による支出
S100YHY4,E01875,66590,株式会社メディアリンクス,2026-03-31,2337146000.0,14539000.0,1628000.0,無形資産,61.0,,2,無形固定資産の取得による支出
S100YE9G,E03360,26730,夢みつけ隊株式会社,2026-03-31,349856000.0,,,,7.0,,2,
S100YJIM,E01797,67940,フォスター電機株式会社,2026-03-31,134910000000.0,110000000.0,192000000.0,無形資産,16260.0,,2,無形固定資産の取得による支出
S100YJ71,E03164,98870,株式会社松屋フーズホールディングス,2026-03-31,184474683000.0,,,,2617.0,,2,
S100YI8U,E36657,73180,セレンディップ・ホールディングス株式会社,2026-03-31,51163634000.0,22968000.0,15368000.0,無形資産,3185.0,,2,無形固定資産の取得による支出
S100YHPY,E01914,69810,株式会社村田製作所,2026-03-31,1830856000000.0,7601000000.0,9906000000.0,無形資産,74302.0,,2,無形資産の取得による支出
S100YF9R,E31955,39290,ソーシャルワイヤー株式会社,2026-03-31,3513186000.0,364647000.0,234950000.0,無形資産,153.0,,2,無形固定資産の取得による支出
S100YIGR,E27624,42750,株式会社カーリット,2026-03-31,36247000000.0,,,,1075.0,,2,
S100YIB1,E02285,77340,理研計器株式会社,2026-03-31,55212234000.0,1308848000.0,1014016000.0,無形資産,1465.0,,2,無形固定資産の取得による支出
S100YIQV,E39448,160A0,株式会社アズパートナーズ,2026-03-31,23661011000.0,536100000.0,4935000.0,無形資産,985.0,,2,無形固定資産の取得による支出
S100YHUO,E03855,88010,三井不動産株式会社,2026-03-31,2709747000000.0,,,,27704.0,,2,
S100YJR8,E38082,92040,スカイマーク株式会社,2026-03-31,,227000000.0,95000000.0,無形資産,2738.0,,2,無形固定資産の取得による支出
S100YIGV,E05670,21370,株式会社光ハイツ・ヴェラス,2026-03-31,3036308000.0,,,,259.0,,2,
S100YI0O,E05556,33950,株式会社サンマルクホールディングス,2026-03-31,88432412000.0,132670000.0,2609000.0,無形資産,1229.0,,2,無形固定資産の取得による支出
S100YJQO,E03606,83060,株式会社三菱ＵＦＪフィナンシャル・グループ,2026-03-31,14620843000000.0,365221000000.0,322505000000.0,無形資産,161576.0,,2,無形固定資産の取得による支出
S100YISS,E01607,64790,ミネベアミツミ株式会社,2026-03-31,1664387000000.0,8199000000.0,6068000000.0,無形資産,81383.0,,2,無形資産の取得による支出
S100YICN,E00388,22240,株式会社コモ,2026-03-31,7323754000.0,24688000.0,10479000.0,無形資産,196.0,,2,無形固定資産の取得による支出
S100YHOV,E04399,94080,株式会社ＢＳＮメディアホールディングス,2026-03-31,25756581000.0,119057000.0,31462000.0,無形資産,1078.0,,2,無形固定資産の取得による支出
S100YJGW,E33247,65490,ディーエムソリューションズ株式会社,2026-03-31,25560205000.0,58313000.0,38248000.0,ソフトウェア,355.0,,2,ソフトウエアの取得による支出
S100YI5D,E03907,88300,住友不動産株式会社,2026-03-31,1057765000000.0,,,,14116.0,,2,
S100YHYU,E01439,59830,イワブチ株式会社,2026-03-31,13528469000.0,10268000.0,29187000.0,無形資産,426.0,,2,無形固定資産の取得による支出
S100YIV6,E04136,90120,秩父鉄道株式会社,2026-03-31,5637702000.0,,,,377.0,,2,
S100YINW,E01081,50160,ＪＸ金属株式会社,2026-03-31,461843000000.0,,,,10450.0,,2,
S100YHIH,E01979,69410,山一電機株式会社,2026-03-31,52698535000.0,,,,2060.0,,2,
S100YIN7,E02864,75370,丸文株式会社,2026-03-31,213425000000.0,395000000.0,1018000000.0,無形資産,1193.0,,2,無形固定資産の取得による支出
S100YIBH,E00988,49010,富士フイルムホールディングス株式会社,2026-03-31,3356969000000.0,,,,73526.0,,2,
S100YIKX,E02228,59700,株式会社ジーテクト,2026-03-31,333413000000.0,790000000.0,428000000.0,無形資産,8061.0,,2,無形固定資産の取得による支出
S100YH0Q,E34031,43860,株式会社ＳＩＧグループ,2026-03-31,10877294000.0,1200000.0,4934000.0,無形資産,787.0,,2,無形固定資産の取得による支出
S100YJSZ,E03533,,株式会社三菱ＵＦＪ銀行,2026-03-31,10401629000000.0,225877000000.0,181289000000.0,無形資産,122102.0,,2,無形固定資産の取得による支出
S100YIGB,E00153,19750,株式会社朝日工業社,2026-03-31,104823000000.0,131000000.0,143000000.0,無形資産,1148.0,,2,無形固定資産の取得による支出
S100YI6M,E00185,19380,日本リーテック株式会社,2026-03-31,74044898000.0,113183000.0,118114000.0,無形資産,1434.0,,2,無形固定資産の取得による支出
S100YJ6W,E38491,52580,株式会社トランザクション・メディア・ネットワークス,2026-03-31,13276989000.0,2222584000.0,1918202000.0,無形資産,491.0,,2,無形固定資産の取得による支出
S100YI0D,E01815,68040,ホシデン株式会社,2026-03-31,448250000000.0,354000000.0,255000000.0,無形資産,8465.0,,2,無形固定資産の取得による支出
S100YHCF,E01884,65880,東芝テック株式会社,2026-03-31,569265000000.0,4326000000.0,3241000000.0,無形資産,15078.0,,2,無形固定資産の取得による支出
S100YGNM,E02518,80840,株式会社ＲＹＯＤＥＮ,2026-03-31,212772000000.0,3218000000.0,931000000.0,無形資産,1555.0,,2,無形固定資産の取得による支出
S100YIDI,E02242,72170,株式会社テイン,2026-03-31,5594277000.0,13777000.0,,無形資産,398.0,,2,無形固定資産の取得による支出
S100YH4U,E04331,80970,三愛オブリ株式会社,2026-03-31,611570000000.0,1395000000.0,2511000000.0,無形資産,1914.0,,2,無形固定資産の取得による支出
S100YHW4,E04996,46860,株式会社ジャストシステム,2026-03-31,51515000000.0,2954000000.0,2944000000.0,無形資産,302.0,,2,無形固定資産の取得による支出
S100YI51,E00094,19510,エクシオグループ株式会社,2026-03-31,787715000000.0,3159000000.0,2896000000.0,無形資産,17751.0,,2,無形固定資産の取得による支出
S100YJ5L,E40985,429A0,テクセンドフォトマスク株式会社,2026-03-31,129576000000.0,28000000.0,65000000.0,無形資産,1944.0,,2,無形資産の取得による支出
S100YF82,E11467,,日鉄興和不動産株式会社,2026-03-31,282216000000.0,98000000.0,6594000000.0,無形資産,2024.0,,2,無形固定資産の取得による支出
S100YJ2P,E35797,92230,株式会社ＡＳＮＯＶＡ,2026-03-31,4915181000.0,15920000.0,10075000.0,無形資産,231.0,,2,無形固定資産の取得による支出
S100YGFI,E00498,28770,日東ベスト株式会社,2026-03-31,57492655000.0,171294000.0,165938000.0,ソフトウェア,1840.0,,2,ソフトウエアの取得による支出
S100YIEL,E01065,49750,株式会社ＪＣＵ,2026-03-31,29672000000.0,186000000.0,96000000.0,無形資産,567.0,,2,無形固定資産の取得による支出
S100YHXB,E01581,63800,オリエンタルチエン工業株式会社,2026-03-31,4110588000.0,9250000.0,55105000.0,無形資産,205.0,,2,無形固定資産の取得による支出
S100YJBF,E03120,82180,株式会社コメリ,2026-03-31,,1391000000.0,952000000.0,無形資産,3750.0,,2,無形固定資産の取得による支出
S100YITQ,E00521,30100,ポラリス・ホールディングス株式会社,2026-03-31,48469321000.0,,,,1196.0,,2,
S100YHBZ,E37603,50290,サークレイス株式会社,2026-03-31,4540497000.0,34456000.0,5388000.0,無形資産,370.0,,2,無形固定資産の取得による支出
S100YIOE,E37504,29980,クリアル株式会社,2026-03-31,37795040000.0,125745000.0,676000.0,無形資産,299.0,,2,無形固定資産の取得による支出
S100YJU0,E00168,19820,日比谷総合設備株式会社,2026-03-31,94080000000.0,143000000.0,82000000.0,無形資産,967.0,,2,無形固定資産の取得による支出
S100YJPK,E02006,64200,ガリレイ株式会社,2026-03-31,138616000000.0,187000000.0,240000000.0,無形資産,2964.0,,2,無形固定資産の取得による支出
S100YDEK,E02042,68750,株式会社メガチップス,2026-03-31,36169313000.0,167706000.0,184591000.0,無形資産,328.0,,2,無形固定資産の取得による支出
S100YI9M,E05553,37990,キーウェアソリューションズ株式会社,2026-03-31,22724908000.0,47543000.0,99904000.0,無形資産,1300.0,,2,無形固定資産の取得による支出
S100YJC3,E32620,39620,株式会社チェンジホールディングス,2026-03-31,52827000000.0,527000000.0,827000000.0,無形資産,1439.0,,2,無形資産の取得による支出
S100YIFO,E00765,40280,石原産業株式会社,2026-03-31,154897000000.0,,,,1813.0,,2,
S100YIG2,E05400,37410,株式会社セック,2026-03-31,11220208000.0,9351000.0,14299000.0,無形資産,365.0,,2,無形固定資産の取得による支出
S100YH1J,E01372,63060,日工株式会社,2026-03-31,49371000000.0,,,,1169.0,,2,
S100YJUW,E41488,520A0,ジェイファーマ株式会社,2026-03-31,,,,,16.0,,2,
S100YHYP,E38761,62090,リケンＮＰＲ株式会社,2026-03-31,163114000000.0,1047000000.0,460000000.0,無形資産,6511.0,,2,無形固定資産の取得による支出
S100YG44,E35766,76950,株式会社交換できるくん,2026-03-31,12600874000.0,,,,277.0,,2,
S100YIH8,E03626,,三菱ＵＦＪ信託銀行株式会社,2026-03-31,2021220000000.0,63989000000.0,54483000000.0,無形資産,20244.0,,2,無形固定資産の取得による支出
S100YHMW,E00610,36000,株式会社フジックス,2026-03-31,5474552000.0,1869000.0,2994000.0,無形資産,346.0,,2,無形固定資産の取得による支出
S100YJVB,E33616,92680,株式会社オプティマスグループ,2026-03-31,315507000000.0,109000000.0,322000000.0,無形資産,2755.0,,2,無形資産の取得による支出
S100YIS2,E00543,31040,富士紡ホールディングス株式会社,2026-03-31,45929000000.0,,,,1324.0,,2,
S100YIY6,E02714,98560,株式会社ケーユーホールディングス,2026-03-31,169094000000.0,3000000.0,14000000.0,無形資産,1461.0,,2,無形固定資産の取得による支出
S100YJVR,E37169,42560,株式会社サインド,2026-03-31,2542083000.0,,1200000.0,,127.0,,2,
S100YJUL,E02747,99060,藤井産業株式会社,2026-03-31,105856000000.0,5000000.0,68000000.0,無形資産,932.0,,2,無形固定資産の取得による支出
S100YIPC,E01112,51610,西川ゴム工業株式会社,2026-03-31,122138000000.0,128000000.0,225000000.0,無形資産,6294.0,,2,無形固定資産の取得による支出
S100YI9J,E01808,68000,株式会社ヨコオ,2026-03-31,90090000000.0,332000000.0,1576000000.0,無形資産,7624.0,,2,無形固定資産の取得による支出
S100YI8M,E38504,40400,南海化学株式会社,2026-03-31,21063000000.0,18000000.0,8000000.0,無形資産,319.0,,2,無形固定資産の取得による支出
S100YIP0,E37165,25850,株式会社ライフドリンク　カンパニー,2026-03-31,52651000000.0,,,,835.0,,2,
S100YJM4,E01088,51030,昭和ホールディングス株式会社,2026-03-31,8558874000.0,3120000.0,,無形資産,311.0,,2,無形固定資産の取得による支出
S100YIIX,E04982,46710,株式会社ファルコホールディングス,2026-03-31,43578000000.0,251000000.0,405000000.0,無形資産,1037.0,,2,無形固定資産の取得による支出
S100YJPC,E35153,29800,ＳＲＥホールディングス株式会社,2026-03-31,32858624000.0,452565000.0,449293000.0,無形資産,533.0,,2,無形固定資産の取得による支出
S100YIQY,E03688,85110,日本証券金融株式会社,2026-03-31,114211000000.0,174000000.0,166000000.0,無形資産,279.0,,2,無形固定資産の取得による支出
S100YHKH,E04159,90820,大和自動車交通株式会社,2026-03-31,19907000000.0,,,,2177.0,,2,
S100YJX2,E41115,475A0,株式会社ギミック,2026-03-31,3842867000.0,9812000.0,9408000.0,無形資産,323.0,,2,無形固定資産の取得による支出
S100YJNJ,E38474,52520,日本ナレッジ株式会社,2026-03-31,4558620000.0,1620000.0,,無形資産,491.0,,2,無形固定資産の取得による支出
S100YE8X,E01632,63570,三精テクノロジーズ株式会社,2026-03-31,73070133000.0,164926000.0,230347000.0,無形資産,1405.0,,2,無形固定資産の取得による支出
S100YG7B,E01151,53930,ニチアス株式会社,2026-03-31,251910000000.0,703000000.0,263000000.0,無形資産,6424.0,,2,無形固定資産の取得による支出
S100YHZL,E01534,63600,株式会社　東京自働機械製作所,2026-03-31,9692993000.0,1332000.0,2016000.0,無形資産,278.0,,2,無形固定資産の取得による支出
S100YJVF,E37709,77940,株式会社イーディーピー,2026-03-31,516552000.0,23235000.0,18076000.0,無形資産,70.0,,2,無形固定資産の取得による支出
S100YJPB,E03147,98530,株式会社銀座ルノアール,2026-03-31,8347000000.0,,,,151.0,,2,
S100YIIQ,E01620,63430,フリージア・マクロス株式会社,2026-03-31,6873506000.0,,,,346.0,,2,
S100YIII,E04815,97530,アイエックス・ナレッジ株式会社,2026-03-31,24351168000.0,,,,1248.0,,2,
S100YJTJ,E03213,99690,株式会社ショクブン,2026-03-31,6008331000.0,66559000.0,,無形資産,349.0,,2,無形固定資産の取得による支出
S100YJPY,E01222,52880,アジアパイルホールディングス株式会社,2026-03-31,115956000000.0,638000000.0,253000000.0,無形資産,2681.0,,2,無形固定資産の取得による支出
S100YIFD,E00879,41180,株式会社カネカ,2026-03-31,811638000000.0,4616000000.0,4798000000.0,無形資産,11762.0,,2,無形固定資産の取得による支出
S100YJ4A,E02732,98960,ＪＫホールディングス株式会社,2026-03-31,398820000000.0,126000000.0,88000000.0,無形資産,3438.0,,2,無形固定資産の取得による支出
S100YK4M,E01024,42310,タイガースポリマー株式会社,2026-03-31,50132914000.0,,,,1786.0,,2,
S100YDF3,E01441,59730,株式会社トーアミ,2026-03-31,18391836000.0,6076000.0,8390000.0,無形資産,406.0,,2,無形固定資産の取得による支出
S100YKAO,E00679,79870,ナカバヤシ株式会社,2026-03-31,61598000000.0,35000000.0,27000000.0,無形資産,2004.0,,2,無形固定資産の取得による支出
S100YJB4,E03723,87420,株式会社小林洋行,2026-03-31,5047625000.0,7479000.0,89089000.0,無形資産,143.0,,2,無形固定資産の取得による支出
S100YJC8,E00534,31230,サイボー株式会社,2026-03-31,10349902000.0,,,,113.0,,2,
S100YIXZ,E01287,56580,日亜鋼業株式会社,2026-03-31,33793398000.0,769383000.0,369897000.0,無形資産,827.0,,2,無形固定資産の取得による支出
S100YJI4,E00443,22860,林兼産業株式会社,2026-03-31,45586000000.0,205000000.0,53000000.0,無形資産,462.0,,2,無形固定資産の取得による支出
S100YJZJ,E03664,84160,株式会社高知銀行,2026-03-31,28379000000.0,437000000.0,307000000.0,無形資産,724.0,,2,無形固定資産の取得による支出
S100YJ4F,E02656,81370,サンワテクノス株式会社,2026-03-31,148329000000.0,,,,1149.0,,2,
S100YJHF,E02286,68500,株式会社チノー,2026-03-31,31648000000.0,281000000.0,128000000.0,無形資産,1125.0,,2,無形固定資産の取得による支出
S100YHD3,E04329,93800,東海運株式会社,2026-03-31,40148374000.0,66698000.0,84046000.0,無形資産,753.0,,2,無形固定資産の取得による支出
S100YK0N,E05322,23490,株式会社エヌアイデイ,2026-03-31,26428729000.0,32242000.0,18938000.0,無形資産,1683.0,,2,無形固定資産の取得による支出
S100YJV2,E04346,93650,トレーディア株式会社,2026-03-31,16447000000.0,14773000.0,3650000.0,無形資産,308.0,,2,無形固定資産の取得による支出
S100YK4U,E00344,13800,株式会社秋川牧園,2026-03-31,8283360000.0,79320000.0,5575000.0,ソフトウェア,348.0,,2,ソフトウエアの取得による支出
S100YK2Q,E00935,45210,科研製薬株式会社,2026-03-31,76871000000.0,2427000000.0,254000000.0,無形資産,1114.0,,2,無形固定資産の取得による支出
S100YJ03,E00649,38770,中越パルプ工業株式会社,2026-03-31,110386000000.0,,,,1273.0,,2,
S100YGD2,E02840,74830,株式会社ドウシシャ,2026-03-31,120533000000.0,19000000.0,66000000.0,無形資産,1237.0,,2,無形固定資産の取得による支出
S100YIX3,E01391,59620,浅香工業株式会社,2026-03-31,8357984000.0,2780000.0,1456000.0,無形資産,142.0,,2,無形固定資産の取得による支出
S100YJMM,E01499,61400,旭ダイヤモンド工業株式会社,2026-03-31,41983000000.0,,,,2040.0,,2,
S100YDSV,E04164,,大分交通株式会社,2026-03-31,6559911000.0,,19014000.0,,452.0,,2,
S100YI3O,E01475,60220,株式会社　赤阪鐵工所,2026-03-31,8333000000.0,,,,283.0,,2,
S100YJKR,E02878,75670,株式会社栄電子,2026-03-31,7330361000.0,34402000.0,67317000.0,無形資産,85.0,,2,無形固定資産の取得による支出
S100YIWH,E04940,97820,株式会社ディーエムエス,2026-03-31,30308366000.0,7006000.0,20381000.0,無形資産,283.0,,2,無形固定資産の取得による支出
S100YIWQ,E00456,80060,ユアサ・フナショク株式会社,2026-03-31,126423000000.0,250000000.0,38000000.0,無形資産,303.0,,2,無形固定資産の取得による支出
S100YKAW,E01495,61340,株式会社ＦＵＪＩ,2026-03-31,180642000000.0,,,,3132.0,,2,
S100YI9N,E00659,39410,レンゴー株式会社,2026-03-31,1008337000000.0,1882000000.0,2187000000.0,無形資産,25573.0,,2,無形固定資産の取得による支出
S100YGPK,E01007,49980,フマキラー株式会社,2026-03-31,77366000000.0,38000000.0,29000000.0,無形資産,2529.0,,2,無形固定資産の取得による支出
S100YI30,E02419,64170,株式会社三共,2026-03-31,179211000000.0,,,,895.0,,2,
S100YJUB,E04596,96430,中日本興業株式会社,2026-03-31,4123430000.0,5750000.0,87200000.0,無形資産,61.0,,2,無形固定資産の取得による支出
S100YJCX,E00850,42740,細谷火工株式会社,2026-03-31,2137098000.0,,,,94.0,,2,
S100YK0F,E30692,42470,ポバール興業株式会社,2026-03-31,3605175000.0,3428000.0,5408000.0,無形資産,204.0,,2,無形固定資産の取得による支出
S100YJHG,E01694,62920,株式会社カワタ,2026-03-31,19367545000.0,262463000.0,37309000.0,ソフトウェア,734.0,,2,ソフトウエアの取得による支出
S100YJBU,E01098,51920,三ツ星ベルト株式会社,2026-03-31,92298000000.0,,,,4568.0,,2,
S100YIWV,E00635,78870,南海プライウッド株式会社,2026-03-31,29136268000.0,41862000.0,39158000.0,無形資産,2348.0,,2,無形固定資産の取得による支出
S100YJPG,E03003,30550,株式会社ほくやく・竹山ホールディングス,2026-03-31,303667000000.0,305000000.0,431000000.0,無形資産,1591.0,,2,無形固定資産の取得による支出
S100YGVD,E01259,54440,大和工業株式会社,2026-03-31,160389000000.0,403000000.0,370000000.0,無形資産,2463.0,,2,無形固定資産の取得による支出
S100YHUP,E01584,63170,株式会社北川鉄工所,2026-03-31,58415000000.0,,,,2221.0,,2,
S100YJK1,E01992,69190,ケル株式会社,2026-03-31,12857567000.0,,,,334.0,,2,
S100YI5T,E03267,75080,株式会社Ｇ‐７ホールディングス,2026-03-31,232199000000.0,,,,2238.0,,2,
S100YGEA,E04509,95110,沖縄電力株式会社,2026-03-31,220177000000.0,,,,3154.0,,2,
S100YK1M,E37523,92200,エフビー介護サービス株式会社,2026-03-31,11533904000.0,,,,993.0,,2,
S100YGTK,E01507,61470,株式会社ヤマザキ,2026-03-31,2327855000.0,920000.0,3030000.0,無形資産,235.0,,2,無形固定資産の取得による支出
S100YJ2U,E00506,29220,株式会社なとり,2026-03-31,48584809000.0,94429000.0,175663000.0,無形資産,815.0,,2,無形固定資産の取得による支出
S100YJ1O,E24457,36400,株式会社電算,2026-03-31,27987254000.0,186365000.0,531193000.0,無形資産,585.0,,2,無形固定資産の取得による支出
S100YGGR,E00045,,大室温泉株式会社,2026-03-31,267308000.0,2825000.0,,無形資産,10.0,,2,無形固定資産の取得による支出
S100YHYW,E00064,18100,松井建設株式会社,2026-03-31,96037000000.0,193000000.0,152000000.0,無形資産,771.0,,2,無形固定資産の取得による支出
S100YK4J,E04119,,広島観光開発株式会社,2026-03-31,817470000.0,,629000.0,,28.0,,2,
S100YGZ1,E02382,79900,グローブライド株式会社,2026-03-31,126956000000.0,491000000.0,514000000.0,無形資産,7365.0,,2,無形固定資産の取得による支出
S100YI5G,E02673,81520,ソマール株式会社,2026-03-31,31200216000.0,14664000.0,5097000.0,無形資産,464.0,,2,無形固定資産の取得による支出
S100YJG0,E03251,74640,セフテック株式会社,2026-03-31,10111048000.0,14170000.0,13237000.0,無形資産,372.0,,2,無形固定資産の取得による支出
S100YFBW,E03761,,むさし証券株式会社,2026-03-31,6142899000.0,2490000.0,13269000.0,無形資産,287.0,,2,無形固定資産の取得による支出
S100YKC2,E00948,45590,ゼリア新薬工業株式会社,2026-03-31,89159262000.0,534750000.0,1304800000.0,無形資産,1748.0,,2,無形固定資産の取得による支出
S100YIWE,E00570,80910,ニチモウ株式会社,2026-03-31,139779000000.0,,,,1036.0,,2,
S100YJ44,E03124,82190,青山商事株式会社,2026-03-31,189011000000.0,1191000000.0,1868000000.0,無形資産,6666.0,,2,無形固定資産の取得による支出
S100YJLD,E00777,40640,日本カーバイド工業株式会社,2026-03-31,49909000000.0,,,,3400.0,,2,
S100YJNT,E01747,66430,株式会社戸上電機製作所,2026-03-31,30746068000.0,79472000.0,47436000.0,無形資産,1105.0,,2,無形固定資産の取得による支出
S100YJMA,E03367,26810,株式会社ゲオホールディングス,2026-03-31,481249000000.0,2741000000.0,2239000000.0,無形資産,7249.0,,2,無形固定資産の取得による支出
S100YJPR,E32109,71850,ヒロセ通商株式会社,2026-03-31,10490573000.0,13198000.0,30482000.0,無形資産,93.0,,2,無形固定資産の取得による支出
S100YF9Q,E01546,63780,木村化工機株式会社,2026-03-31,27972000000.0,19000000.0,37000000.0,無形資産,442.0,,2,無形固定資産の取得による支出
S100YJNG,E00959,,株式会社　廣貫堂,2026-03-31,18745214000.0,48908000.0,41676000.0,無形資産,709.0,,2,無形固定資産の取得による支出
S100YJVP,E01471,60180,阪神内燃機工業株式会社,2026-03-31,14028540000.0,53358000.0,183333000.0,無形資産,302.0,,2,無形固定資産の取得による支出
S100YJ87,E01612,63930,油研工業株式会社,2026-03-31,32864777000.0,22632000.0,57893000.0,無形資産,1401.0,,2,無形固定資産の取得による支出
S100YKDH,E01398,99300,北沢産業株式会社,2026-03-31,14031258000.0,5710000.0,537699000.0,無形資産,382.0,,2,無形固定資産の取得による支出
S100YJDA,E00631,78220,永大産業株式会社,2026-03-31,73774000000.0,470000000.0,218000000.0,無形資産,1454.0,,2,無形固定資産の取得による支出
S100YJ59,E00917,46290,大伸化学株式会社,2026-03-31,34606132000.0,314981000.0,11613000.0,無形資産,235.0,,2,無形固定資産の取得による支出
S100YK7M,E01156,52610,リソルホールディングス株式会社,2026-03-31,30404000000.0,33000000.0,81000000.0,無形資産,647.0,,2,無形固定資産の取得による支出
S100YJEV,E00563,35770,東海染工株式会社,2026-03-31,13783753000.0,9596000.0,4775000.0,無形資産,811.0,,2,無形固定資産の取得による支出
S100YK3T,E02699,82260,株式会社　理経,2026-03-31,19535970000.0,20503000.0,13077000.0,無形資産,179.0,,2,無形固定資産の取得による支出
S100YJU2,E05291,23070,株式会社クロスキャット,2026-03-31,17314800000.0,7700000.0,34475000.0,無形資産,881.0,,2,無形固定資産の取得による支出
S100YJNX,E00514,28190,エバラ食品工業株式会社,2026-03-31,50005000000.0,95000000.0,98000000.0,無形資産,861.0,,2,無形固定資産の取得による支出
S100YJUD,E03148,98540,愛眼株式会社,2026-03-31,15283000000.0,,,,666.0,,2,
S100YIZP,E31979,34650,ケイアイスター不動産株式会社,2026-03-31,393905000000.0,72000000.0,34000000.0,無形資産,2897.0,,2,無形固定資産の取得による支出
S100YK9E,E01163,53910,株式会社エーアンドエーマテリアル,2026-03-31,45700000000.0,362000000.0,61000000.0,無形資産,1001.0,,2,無形固定資産の取得による支出
S100YKF7,E04145,,東京臨海高速鉄道株式会社,2026-03-31,19878435000.0,192395000.0,152183000.0,無形資産,308.0,,2,無形固定資産の取得による支出
S100YHJS,E00369,22010,森永製菓株式会社,2026-03-31,236672000000.0,714000000.0,2318000000.0,無形資産,3222.0,,2,無形固定資産の取得による支出
S100YJWK,E04991,46780,株式会社　秀英予備校,2026-03-31,10715155000.0,,,,596.0,,2,
S100YKBD,E01624,64950,株式会社宮入バルブ製作所,2026-03-31,7044209000.0,1419000.0,4283000.0,無形資産,151.0,,2,無形固定資産の取得による支出
S100YJUC,E00784,40920,日本化学工業株式会社,2026-03-31,40182000000.0,133000000.0,118000000.0,無形資産,735.0,,2,無形固定資産の取得による支出
S100YJIN,E04791,,三井住友ファイナンス＆リース株式会社,2026-03-31,2605721000000.0,,,,4621.0,,2,
S100YINV,E00396,25310,宝ホールディングス株式会社,2026-03-31,394316000000.0,,,,5720.0,,2,
S100YJ2Z,E04800,97610,東海リース株式会社,2026-03-31,18856477000.0,,,,590.0,,2,
S100YHYH,E05480,37740,株式会社インターネットイニシアティブ,2026-03-31,345395000000.0,8111000000.0,8211000000.0,無形資産,5533.0,,2,無形資産の取得による支出
S100YKDZ,E04877,99280,株式会社ミロク情報サービス,2026-03-31,48926000000.0,3649000000.0,4241000000.0,無形資産,2342.0,,2,無形固定資産の取得による支出
S100YJZ0,E33834,34470,信和株式会社,2026-03-31,20138628000.0,11500000.0,37608000.0,無形資産,358.0,,2,無形資産の取得による支出
S100YKE5,E01662,63510,株式会社鶴見製作所,2026-03-31,77227000000.0,251000000.0,218000000.0,無形資産,1635.0,,2,無形固定資産の取得による支出
S100YJYC,E01364,59180,瀧上工業株式会社,2026-03-31,23434000000.0,,,,488.0,,2,
S100YKEL,E01057,44640,株式会社ソフト９９コーポレーション,2026-03-31,31232792000.0,42964000.0,466767000.0,無形資産,839.0,,2,無形固定資産の取得による支出
S100YI4Q,E00487,29110,旭松食品株式会社,2026-03-31,7686918000.0,7672000.0,31834000.0,無形資産,257.0,,2,無形固定資産の取得による支出
S100YG4D,E01650,64570,グローリー株式会社,2026-03-31,340111000000.0,3856000000.0,4590000000.0,無形資産,11266.0,,2,無形資産の取得による支出
S100YIZ2,E01120,79320,株式会社ニッピ,2026-03-31,47252000000.0,8000000.0,54000000.0,無形資産,630.0,,2,無形固定資産の取得による支出
S100YJT1,E01445,59410,株式会社　中西製作所,2026-03-31,41008792000.0,108031000.0,98210000.0,無形資産,669.0,,2,無形固定資産の取得による支出
S100YIEA,E00454,20550,日和産業株式会社,2026-03-31,45579000000.0,4000000.0,12000000.0,無形資産,179.0,,2,無形固定資産の取得による支出
S100YK16,E41130,543A0,ＡＲＣＨＩＯＮ株式会社,2026-03-31,,,,,,,2,
S100YKCQ,E02895,76020,株式会社レダックス,2026-03-31,19846885000.0,9500000.0,18120000.0,無形資産,198.0,,2,無形固定資産の取得による支出
S100YGW1,E01819,67710,池上通信機株式会社,2026-03-31,21329000000.0,54000000.0,79000000.0,無形資産,774.0,,2,無形固定資産の取得による支出
S100YJVQ,E00090,18080,株式会社　長谷工コーポレーション,2026-03-31,1273136000000.0,,,,8875.0,,2,
S100YK7Q,E03984,88810,株式会社日神グループホールディングス,2026-03-31,87815902000.0,,,,663.0,,2,
S100YJYE,E01130,52330,太平洋セメント株式会社,2026-03-31,898441000000.0,,,,12626.0,,2,
S100YKDC,E01362,59150,株式会社駒井ハルテック,2026-03-31,34414000000.0,,,,618.0,,2,
S100YJYT,E01365,59220,那須電機鉄工株式会社,2026-03-31,23747299000.0,9377000.0,51530000.0,無形資産,464.0,,2,無形固定資産の取得による支出
S100YJ5K,E00916,46280,エスケー化研株式会社,2026-03-31,109707000000.0,,,,2404.0,,2,
S100YKGU,E05674,38400,パス株式会社,2026-03-31,2370253000.0,1843000.0,3500000.0,無形資産,50.0,,2,無形固定資産の取得による支出
S100YKCI,E04178,90680,丸全昭和運輸株式会社,2026-03-31,148603000000.0,1539000000.0,1699000000.0,無形資産,3723.0,,2,無形固定資産の取得による支出
S100YJDP,E02180,63920,株式会社　ヤマダコーポレーション,2026-03-31,16226000000.0,89881000.0,227298000.0,無形資産,338.0,,2,無形固定資産の取得による支出
S100YJCG,E04960,75020,株式会社プラザホールディングス,2026-03-31,19204136000.0,25374000.0,53305000.0,無形資産,498.0,,2,無形固定資産の取得による支出
S100YF6B,E04124,,一畑電気鉄道株式会社,2026-03-31,13455959000.0,,,,746.0,,2,
S100YJBQ,E04411,,株式会社　テレビ西日本,2026-03-31,19434653000.0,18201000.0,1126000.0,無形資産,533.0,,2,無形固定資産の取得による支出
S100YKCU,E03460,33750,株式会社ＺＯＡ,2026-03-31,9523533000.0,,,,71.0,,2,
S100YKI6,E04591,96350,武蔵野興業株式会社,2026-03-31,1330530000.0,340000.0,4897000.0,無形資産,43.0,,2,無形固定資産の取得による支出
S100YGB2,E01909,64070,ＣＫＤ株式会社,2026-03-31,157886000000.0,315000000.0,290000000.0,無形資産,4826.0,,2,無形固定資産の取得による支出
S100YJZD,E01817,69890,北陸電気工業株式会社,2026-03-31,43128000000.0,,,,1833.0,,2,
S100YJFD,E00232,19050,株式会社テノックス,2026-03-31,21093483000.0,165469000.0,113981000.0,無形資産,384.0,,2,無形固定資産の取得による支出
S100YIVR,E01849,67180,アイホン株式会社,2026-03-31,62983000000.0,,,,2029.0,,2,
S100YIFJ,E04384,,信越放送株式会社,2026-03-31,7118000000.0,22000000.0,1000000.0,無形資産,181.0,,2,無形固定資産の取得による支出
S100YKCW,E01493,61250,株式会社岡本工作機械製作所,2026-03-31,42513000000.0,210000000.0,59000000.0,無形資産,2229.0,,2,無形固定資産の取得による支出
S100YKIG,E38685,55790,株式会社ＧＳＩ,2026-03-31,4629119000.0,,,,548.0,,2,
S100YKHR,E01415,59360,東洋シヤッター株式会社,2026-03-31,21455242000.0,,,,543.0,,2,
S100YHLP,E01382,59750,東プレ株式会社,2026-03-31,378815000000.0,196000000.0,209000000.0,無形資産,6860.0,,2,無形固定資産の取得による支出
S100YKHZ,E32803,71920,日本モーゲージサービス株式会社,2026-03-31,7960229000.0,53246000.0,24635000.0,無形資産,209.0,,2,無形固定資産の取得による支出
S100YI3F,E00880,44030,日油株式会社,2026-03-31,257967000000.0,,,,4155.0,,2,
S100YJEU,E02668,81470,株式会社トミタ,2026-03-31,22935113000.0,,,,213.0,,2,
S100YH36,E03738,,全宅住宅ローン株式会社,2026-03-31,1982308000.0,2180000.0,5400000.0,無形資産,95.0,,2,無形固定資産の取得による支出
S100Y8BD,E00035,70210,株式会社ニッチツ,2026-03-31,9381000000.0,19062000.0,4550000.0,無形資産,268.0,,2,無形固定資産の取得による支出
S100YHXJ,E01758,65170,デンヨー株式会社,2026-03-31,72244000000.0,1453000000.0,271000000.0,無形資産,1362.0,,2,無形固定資産の取得による支出
S100YKAV,E01754,66480,株式会社かわでん,2026-03-31,26491000000.0,136928000.0,150969000.0,無形資産,860.0,,2,無形固定資産の取得による支出
S100YK2J,E01408,59050,日本製罐株式会社,2026-03-31,11442246000.0,17800000.0,13460000.0,無形資産,189.0,,2,無形固定資産の取得による支出
S100YJQM,E35504,44920,株式会社ゼネテック,2026-03-31,10983293000.0,55343000.0,152296000.0,無形資産,648.0,,2,無形固定資産の取得による支出
S100YK0D,E01841,69860,双葉電子工業株式会社,2026-03-31,42982000000.0,60000000.0,80000000.0,無形資産,2384.0,,2,無形固定資産の取得による支出
S100YJMF,E01269,56030,虹技株式会社,2026-03-31,25688000000.0,,,,766.0,,2,
S100YJL5,E01643,62470,株式会社日阪製作所,2026-03-31,44890000000.0,,,,1063.0,,2,
S100YJQU,E05456,24400,株式会社ぐるなび,2026-03-31,14132741000.0,1347906000.0,622289000.0,ソフトウェア,777.0,,2,ソフトウエアの取得による支出
S100YKL4,E04273,92020,ＡＮＡホールディングス株式会社,2026-03-31,2539233000000.0,47271000000.0,39071000000.0,無形資産,47826.0,,2,無形固定資産の取得による支出
S100YJ3W,E00130,18530,株式会社　森組,2026-03-31,28040000000.0,169000000.0,162000000.0,無形資産,311.0,,2,無形固定資産の取得による支出
S100YF0U,E01566,,旭産業株式会社,2026-03-31,1585469000.0,,5216000.0,,50.0,,2,
S100YI1V,E03600,,株式会社　但馬銀行,2026-03-31,24085000000.0,238000000.0,102000000.0,無形資産,582.0,,2,無形固定資産の取得による支出
S100YFHW,E00066,18820,東亜道路工業株式会社,2026-03-31,121327000000.0,29000000.0,103000000.0,無形資産,1644.0,,2,無形固定資産の取得による支出
S100YH13,E01606,,旭精工株式会社,2026-03-31,12802700000.0,10620000.0,54147000.0,無形資産,305.0,,2,無形固定資産の取得による支出
S100YKEP,E01899,69940,株式会社指月電機製作所,2026-03-31,27995000000.0,15755000.0,9732000.0,無形資産,1166.0,,2,無形固定資産の取得による支出
S100YJ86,E02823,74610,株式会社キムラ,2026-03-31,37165333000.0,178206000.0,76295000.0,無形資産,791.0,,2,無形固定資産の取得による支出
S100YJEK,E03299,75710,株式会社ヤマノホールディングス,2026-03-31,14724197000.0,42771000.0,32790000.0,無形資産,566.0,,2,無形固定資産の取得による支出
S100YKE7,E36086,41670,株式会社ココペリ,2026-03-31,1758338000.0,312261000.0,290398000.0,無形資産,118.0,,2,無形固定資産の取得による支出
S100YK61,E01052,42340,株式会社サンエー化研,2026-03-31,30358082000.0,2808000.0,8887000.0,無形資産,611.0,,2,無形固定資産の取得による支出
S100YK09,E02879,75700,橋本総業ホールディングス株式会社,2026-03-31,172462000000.0,381000000.0,394000000.0,ソフトウェア,983.0,,2,ソフトウエアの取得による支出
S100YIM7,E04088,90070,小田急電鉄株式会社,2026-03-31,418732000000.0,,,,11656.0,,2,
S100YJLW,E00187,97670,日建工学株式会社,2026-03-31,6211443000.0,,,,132.0,,2,
S100YI5P,E36405,93270,株式会社イー・ロジット,2026-03-31,9550970000.0,8769000.0,156928000.0,無形資産,170.0,,2,無形固定資産の取得による支出
S100YKMH,E05030,47200,株式会社城南進学研究社,2026-03-31,5621013000.0,4849000.0,27783000.0,無形資産,394.0,,2,無形固定資産の取得による支出
S100YKM3,E34094,43870,株式会社ＺＵＵ,2026-03-31,2622074000.0,,,,96.0,,2,
S100YK48,E03508,30690,株式会社　ＪＦＬＡホールディングス,2026-03-31,65657125000.0,4613000.0,2174000.0,無形資産,1549.0,,2,無形固定資産の取得による支出
S100YJ5N,E00926,88410,株式会社テーオーシー,2026-03-31,15155000000.0,1000000.0,1000000.0,無形資産,148.0,,2,無形固定資産の取得による支出
S100YIGW,E32225,39360,株式会社グローバルウェイ,2026-03-31,4014358000.0,,,,153.0,,2,
S100YK4Z,E01166,52370,株式会社ノザワ,2026-03-31,22312878000.0,350000.0,8355000.0,無形資産,332.0,,2,無形固定資産の取得による支出
S100YJIQ,E02610,81040,クワザワホールディングス株式会社,2026-03-31,64802000000.0,,,,1009.0,,2,
S100YFJK,E00218,18780,大東建託株式会社,2026-03-31,1984743000000.0,7071000000.0,6877000000.0,無形資産,19326.0,,2,無形固定資産の取得による支出
S100YHNJ,E00144,,松尾建設株式会社,2026-03-31,73223000000.0,161102000.0,118883000.0,無形資産,940.0,,2,無形固定資産の取得による支出
S100YHXC,E01629,63460,キクカワエンタープライズ株式会社,2026-03-31,3859017000.0,13220000.0,7628000.0,無形資産,189.0,,2,無形固定資産の取得による支出
S100YIBJ,E37159,92540,株式会社ラバブルマーケティンググループ,2026-03-31,1302975000.0,1265000.0,7290000.0,無形資産,231.0,,2,無形固定資産の取得による支出
S100YJF9,E01096,51420,アキレス株式会社,2026-03-31,81802000000.0,,,,1596.0,,2,
S100YKO9,E05307,23290,株式会社東北新社,2026-03-31,47691000000.0,25000000.0,56000000.0,無形資産,1163.0,,2,無形固定資産の取得による支出
S100YKON,E37743,366A0,ウェルネス・コミュニケーションズ株式会社,2026-03-31,14778359000.0,214364000.0,,無形資産,263.0,,2,無形固定資産の取得による支出
S100YJ3I,E03711,,財形住宅金融株式会社,2026-03-31,3431239000.0,,,,63.0,,2,
S100YK4A,E05269,43470,ブロードメディア株式会社,2026-03-31,15794518000.0,,,,716.0,,2,
S100YK9U,E05228,43160,株式会社ビーマップ,2026-03-31,1721303000.0,,5445000.0,,67.0,,2,
S100YGML,E00902,41160,大日精化工業株式会社,2026-03-31,124294000000.0,1081000000.0,232000000.0,無形資産,3514.0,,2,無形固定資産の取得による支出
S100YCLQ,E01477,60230,ダイハツインフィニアース株式会社,2026-03-31,88066000000.0,216000000.0,206000000.0,無形資産,1476.0,,2,無形固定資産の取得による支出
S100YHML,E04551,,株式会社熊本ホテルキャッスル,2026-03-31,2778044000.0,2506000.0,3000000.0,無形資産,141.0,,2,無形固定資産の取得による支出
S100YIJ4,E03456,33700,株式会社フジタコーポレーション,2026-03-31,5068508000.0,,,,126.0,,2,
S100YJH1,E01912,66470,森尾電機株式会社,2026-03-31,8638977000.0,62909000.0,13221000.0,無形資産,218.0,,2,無形固定資産の取得による支出
S100YJJS,E05478,24350,株式会社シダー,2026-03-31,18164000000.0,5000000.0,20000000.0,無形資産,1335.0,,2,無形固定資産の取得による支出
S100YK4R,E02807,74440,ハリマ共和物産株式会社,2026-03-31,59843192000.0,58721000.0,16113000.0,無形資産,190.0,,2,無形固定資産の取得による支出
S100YJQ2,E02946,27370,株式会社トーメンデバイス,2026-03-31,633668000000.0,26000000.0,23000000.0,無形資産,202.0,,2,無形固定資産の取得による支出
S100YIKA,E04978,46640,株式会社アール・エス・シー,2026-03-31,8231728000.0,,,,418.0,,2,
S100YI4V,E01743,65070,シンフォニアテクノロジー株式会社,2026-03-31,128197000000.0,142000000.0,316000000.0,無形資産,3729.0,,2,無形固定資産の取得による支出
S100YJZ1,E34720,70600,ギークス株式会社,2026-03-31,26375627000.0,280000.0,1231000.0,無形資産,300.0,,2,無形固定資産の取得による支出
S100YJCU,E01417,59470,リンナイ株式会社,2026-03-31,470392000000.0,402000000.0,558000000.0,無形資産,11328.0,,2,無形固定資産の取得による支出
S100YJT6,E03129,82810,ゼビオホールディングス株式会社,2026-03-31,252331000000.0,2435000000.0,2175000000.0,無形資産,2446.0,,2,無形固定資産の取得による支出
S100YK9N,E02288,77350,株式会社ＳＣＲＥＥＮホールディングス,2026-03-31,605748000000.0,5357000000.0,3781000000.0,無形資産,6884.0,,2,無形固定資産の取得による支出
S100YB7T,E00701,,株式会社岩手日報社,2026-03-31,9040000000.0,58000000.0,41000000.0,無形資産,332.0,,2,無形固定資産の取得による支出
S100YKD9,E04254,91710,栗林商船株式会社,2026-03-31,53825129000.0,40745000.0,16115000.0,無形資産,1110.0,,2,無形固定資産の取得による支出
S100YIYE,E00528,31060,倉敷紡績株式会社,2026-03-31,143758000000.0,,,,3714.0,,2,
S100YK25,E02066,67500,エレコム株式会社,2026-03-31,132132000000.0,311000000.0,373000000.0,無形資産,2077.0,,2,無形固定資産の取得による支出
S100YJHA,E00527,31030,ユニチカ株式会社,2026-03-31,118563000000.0,,,,1692.0,,2,
S100YK0Y,E00686,39540,昭和パックス株式会社,2026-03-31,23563886000.0,8009000.0,46524000.0,無形資産,681.0,,2,無形固定資産の取得による支出
S100YK5Y,E04247,93630,株式会社大運,2026-03-31,9211685000.0,10000000.0,77250000.0,無形資産,97.0,,2,無形固定資産の取得による支出
S100YJ7V,E03678,85420,株式会社トマト銀行,2026-03-31,26577000000.0,140000000.0,126000000.0,無形資産,746.0,,2,無形固定資産の取得による支出
S100YJMI,E01940,68460,株式会社中央製作所,2026-03-31,4016000000.0,,,,196.0,,2,
S100YIEY,E02917,26540,株式会社アスモ,2026-03-31,21236709000.0,600000.0,9525000.0,無形資産,1436.0,,2,無形固定資産の取得による支出
S100YJ8A,E04376,94020,中部日本放送株式会社,2026-03-31,34942000000.0,,,,731.0,,2,
S100YGIZ,E32969,,日本住宅ローン株式会社,2026-03-31,11429971000.0,1927925000.0,2095285000.0,無形資産,170.0,,2,無形固定資産の取得による支出
S100YHZN,E04933,97900,福井コンピュータホールディングス株式会社,2026-03-31,16653000000.0,129000000.0,199000000.0,無形資産,556.0,,2,無形固定資産の取得による支出
S100YG7Z,E01932,68030,ティアック株式会社,2026-03-31,15943000000.0,,,,524.0,,2,
S100YICX,E00744,23760,株式会社　サイネックス,2026-03-31,17089576000.0,27831000.0,44759000.0,無形資産,778.0,,2,無形固定資産の取得による支出
S100YK1Z,E00030,33150,日本コークス工業株式会社,2026-03-31,91386000000.0,,,,983.0,,2,
S100YK13,E03850,,共栄火災海上保険株式会社,2026-03-31,,3544000000.0,1069000000.0,無形資産,2636.0,,2,無形固定資産の取得による支出
S100YH9O,E00313,17230,日本電技株式会社,2026-03-31,46371000000.0,256000000.0,356000000.0,無形資産,989.0,,2,無形固定資産の取得による支出
S100YHPG,E03346,68360,ぷらっとホーム株式会社,2026-03-31,1298947000.0,,,,39.0,,2,
S100YKQM,E02718,98670,ソレキア株式会社,2026-03-31,30381506000.0,1090000.0,,ソフトウェア,713.0,,2,ソフトウエアの取得による支出
S100YKQN,E02028,66550,東洋電機株式会社,2026-03-31,8872739000.0,16379000.0,1009000.0,無形資産,366.0,,2,無形固定資産の取得による支出
S100YITM,E02435,78850,タカノ株式会社,2026-03-31,24802753000.0,100052000.0,197609000.0,無形資産,727.0,,2,無形固定資産の取得による支出
S100YKQY,E00027,14910,中外鉱業株式会社,2026-03-31,281692181000.0,2020000.0,30000000.0,無形資産,163.0,,2,無形固定資産の取得による支出
S100YK99,E00347,20030,日東富士製粉株式会社,2026-03-31,72777000000.0,14000000.0,26000000.0,無形資産,799.0,,2,無形固定資産の取得による支出
S100YJLK,E02688,80860,ニプロ株式会社,2026-03-31,660538000000.0,,,,38593.0,,2,
S100YK40,E01324,74140,小野建株式会社,2026-03-31,253115000000.0,920000000.0,144000000.0,無形資産,1235.0,,2,無形固定資産の取得による支出
S100YKGW,E04215,90510,センコン物流株式会社,2026-03-31,19919026000.0,20791000.0,6382000.0,無形資産,473.0,,2,無形固定資産の取得による支出
S100YK7V,E05029,47190,株式会社アルファシステムズ,2026-03-31,40722469000.0,,1320000.0,,2987.0,,2,
S100YJP6,E04932,97910,株式会社ビケンテクノ,2026-03-31,36505822000.0,27893000.0,22099000.0,無形資産,2427.0,,2,無形固定資産の取得による支出
S100YJZT,E25665,66200,宮越ホールディングス株式会社,2026-03-31,391000000.0,,,,32.0,,2,
S100YI3M,E01149,53630,東京窯業株式会社,2026-03-31,31484000000.0,,,,927.0,,2,
S100YE7Y,E04330,93590,伊勢湾海運株式会社,2026-03-31,57893484000.0,,,,1245.0,,2,
S100YJ3G,E25386,66260,ＳＥＭＩＴＥＣ株式会社,2026-03-31,25458430000.0,,,,3522.0,,2,
S100YJVO,E05690,38490,日本テクノ・ラボ株式会社,2026-03-31,910646000.0,,,,30.0,,2,
S100YJ4G,E00675,39450,スーパーバッグ株式会社,2026-03-31,28162000000.0,,,,381.0,,2,
S100YIFC,E00165,88360,株式会社ＲＩＳＥ,2026-03-31,433000000.0,,,,11.0,,2,
S100YJMY,E02131,70180,内海造船株式会社,2026-03-31,47016000000.0,,,,600.0,,2,
S100YKSV,E32153,61900,株式会社フェニックスバイオ,2026-03-31,1565532000.0,2222000.0,11076000.0,無形資産,55.0,,2,無形固定資産の取得による支出
S100YJ76,E01529,63910,株式会社加地テック,2026-03-31,7799533000.0,36251000.0,83323000.0,無形資産,207.0,,2,無形固定資産の取得による支出
S100YK9Q,E00056,18610,株式会社　熊谷組,2026-03-31,487698000000.0,,,,4507.0,,2,
S100YK22,E00584,35830,オーベクス株式会社,2026-03-31,6015307000.0,3956000.0,9304000.0,無形資産,353.0,,2,無形固定資産の取得による支出
S100YKFH,E00494,29160,仙波糖化工業株式会社,2026-03-31,19423632000.0,3401000.0,42427000.0,無形資産,491.0,,2,無形固定資産の取得による支出
S100YHXU,E05410,24330,株式会社博報堂ＤＹホールディングス,2026-03-31,58457000000.0,8051000000.0,12761000000.0,無形資産,28921.0,,2,無形固定資産の取得による支出
S100YKU0,E02682,80370,カメイ株式会社,2026-03-31,583078000000.0,378000000.0,223000000.0,無形資産,5015.0,,2,無形固定資産の取得による支出
S100YKSU,E01352,58210,平河ヒューテック株式会社,2026-03-31,38423000000.0,156000000.0,5000000.0,無形資産,2321.0,,2,無形固定資産の取得による支出
S100YGNI,E03296,75640,株式会社ワークマン,2026-03-31,160852000000.0,744000000.0,601000000.0,無形資産,440.0,,2,無形固定資産の取得による支出
S100YHJP,E00317,17190,株式会社安藤・間,2026-03-31,439615000000.0,,,,3957.0,,2,
S100YIHS,E31560,77800,株式会社メニコン,2026-03-31,125605000000.0,1288000000.0,3467000000.0,無形資産,4493.0,,2,無形固定資産の取得による支出
S100YJ8C,E02335,77220,国際計測器株式会社,2026-03-31,14948360000.0,11139000.0,17462000.0,無形資産,296.0,,2,無形固定資産の取得による支出
S100YG9D,E04345,93640,株式会社上組,2026-03-31,294758000000.0,,,,4389.0,,2,
S100YKVG,E27298,,株式会社桑名カントリー倶楽部,2026-03-31,150000000.0,,,,,,2,
S100YK2G,E04221,90360,東部ネットワーク株式会社,2026-03-31,10077252000.0,79387000.0,21221000.0,無形資産,378.0,,2,無形固定資産の取得による支出
S100YJLT,E01284,56070,中央可鍛工業株式会社,2026-03-31,38720538000.0,12991000.0,16242000.0,無形資産,970.0,,2,無形固定資産の取得による支出
S100YKGJ,E01719,63840,株式会社昭和真空,2026-03-31,9324458000.0,599000.0,31540000.0,無形資産,215.0,,2,無形固定資産の取得による支出
S100YJGQ,E01169,52730,三谷セキサン株式会社,2026-03-31,99854000000.0,,,,1095.0,,2,
S100YHI2,E00221,18790,新日本建設株式会社,2026-03-31,138428000000.0,25000000.0,64000000.0,無形資産,689.0,,2,無形固定資産の取得による支出
S100YHX8,E02048,68370,株式会社京写,2026-03-31,24697000000.0,29000000.0,54000000.0,無形資産,1191.0,,2,無形固定資産の取得による支出
S100YKNJ,E03524,30960,株式会社オーシャンシステム,2026-03-31,96055112000.0,97992000.0,48372000.0,無形資産,1029.0,,2,無形固定資産の取得による支出
S100Y7SI,E03180,79370,株式会社ツツミ,2026-03-31,35225000000.0,176000000.0,128000000.0,無形資産,889.0,,2,無形固定資産の取得による支出
S100YK07,E01571,63680,オルガノ株式会社,2026-03-31,177654000000.0,804000000.0,427000000.0,無形資産,2658.0,,2,無形固定資産の取得による支出
S100YK2R,E00201,18690,名工建設株式会社,2026-03-31,96953000000.0,451000000.0,88000000.0,無形資産,1235.0,,2,無形固定資産の取得による支出
S100YKWG,E30877,36920,株式会社ＦＦＲＩセキュリティ,2026-03-31,4348797000.0,22845000.0,22764000.0,無形資産,236.0,,2,無形固定資産の取得による支出
S100YJ5X,E11873,38630,日本製紙株式会社,2026-03-31,1192606000000.0,,,,15042.0,,2,
S100YJVV,E00113,19680,太平電業株式会社,2026-03-31,141657000000.0,84000000.0,46000000.0,無形資産,1878.0,,2,無形固定資産の取得による支出
S100YJUI,E01954,69640,株式会社サンコー,2026-03-31,18289369000.0,6315000.0,6801000.0,無形資産,484.0,,2,無形固定資産の取得による支出
S100YKVS,E04373,,首都高速道路株式会社,2026-03-31,357207000000.0,,,,4369.0,,2,
S100YKTS,E03945,88500,スターツコーポレーション株式会社,2026-03-31,251911000000.0,1558000000.0,1772000000.0,無形資産,4715.0,,2,無形固定資産の取得による支出
S100YKVO,E01952,69620,株式会社大真空,2026-03-31,39551717000.0,97053000.0,32471000.0,無形資産,2995.0,,2,無形固定資産の取得による支出
S100YI2J,E02646,81450,中部水産株式会社,2026-03-31,37400793000.0,23159000.0,14250000.0,無形資産,83.0,,2,無形固定資産の取得による支出
S100YKIO,E02123,70030,株式会社三井Ｅ＆Ｓ,2026-03-31,353196000000.0,,,,5998.0,,2,
S100YKQX,E01981,61450,ＮＩＴＴＯＫＵ株式会社,2026-03-31,42412000000.0,117000000.0,79000000.0,無形資産,1235.0,,2,無形固定資産の取得による支出
S100YJDZ,E01426,59450,天龍製鋸株式会社,2026-03-31,13475179000.0,32955000.0,18614000.0,無形資産,953.0,,2,無形固定資産の取得による支出
S100YK6C,E38382,71180,株式会社伸和ホールディングス,2026-03-31,6699865000.0,,,,137.0,,2,
S100YJJP,E34454,50710,株式会社ヴィス,2026-03-31,16489616000.0,26963000.0,8296000.0,無形資産,301.0,,2,無形固定資産の取得による支出
S100YK39,E02824,74580,株式会社第一興商,2026-03-31,162950000000.0,3724000000.0,3709000000.0,無形資産,3694.0,,2,無形固定資産の取得による支出
S100YKYA,E02992,33880,明治電機工業株式会社,2026-03-31,76360006000.0,19226000.0,57424000.0,無形資産,709.0,,2,無形固定資産の取得による支出
S100YJKO,E00766,40410,日本曹達株式会社,2026-03-31,152091000000.0,1457000000.0,94000000.0,無形資産,2407.0,,2,無形固定資産の取得による支出
S100YI62,E02806,74430,横浜魚類株式会社,2026-03-31,20978848000.0,,2066000.0,,76.0,,2,
S100YK86,E36261,41930,株式会社ファブリカホールディングス,2026-03-31,10567504000.0,180715000.0,169031000.0,無形資産,230.0,,2,無形固定資産の取得による支出
S100YK73,E05385,23950,株式会社新日本科学,2026-03-31,32524960000.0,162159000.0,79170000.0,無形資産,1522.0,,2,無形固定資産の取得による支出
S100YKWY,E00304,17360,株式会社　オーテック,2026-03-31,33722262000.0,108319000.0,71843000.0,無形資産,573.0,,2,無形固定資産の取得による支出
S100YJYW,E03476,30340,クオールホールディングス株式会社,2026-03-31,290772000000.0,6375000000.0,18702000000.0,無形資産,6247.0,,2,無形固定資産の取得による支出
S100YKVK,E01578,63710,株式会社椿本チエイン,2026-03-31,295878000000.0,,,,12228.0,,2,
S100YKPV,E04796,97690,株式会社学究社,2026-03-31,13069103000.0,27912000.0,30577000.0,無形資産,462.0,,2,無形固定資産の取得による支出
S100YKG9,E00837,43670,広栄化学株式会社,2026-03-31,17009185000.0,34680000.0,55144000.0,無形資産,402.0,,2,無形固定資産の取得による支出
S100YK3Y,E01536,63310,三菱化工機株式会社,2026-03-31,84240000000.0,,,,1044.0,,2,
S100YKAR,E04964,46510,株式会社サニックスホールディングス,2026-03-31,45291000000.0,219000000.0,28000000.0,無形資産,2033.0,,2,無形固定資産の取得による支出
S100YIET,E01354,59020,ホッカンホールディングス株式会社,2026-03-31,90557000000.0,,,,2247.0,,2,
S100YK5N,E05361,23780,株式会社ルネサンス,2026-03-31,64933693000.0,256545000.0,233838000.0,無形資産,2020.0,,2,無形固定資産の取得による支出
S100YIQP,E01907,69980,日本タングステン株式会社,2026-03-31,12776000000.0,,,,493.0,,2,
S100YJ6L,E01647,64080,小倉クラッチ株式会社,2026-03-31,41664000000.0,,,,1755.0,,2,
S100YK6H,E02269,77260,黒田精工株式会社,2026-03-31,19501818000.0,,,,641.0,,2,
S100YK8I,E04824,97330,株式会社ナガセ,2026-03-31,64183000000.0,1177000000.0,842000000.0,無形資産,1628.0,,2,無形固定資産の取得による支出
S100YEIE,E01020,44100,ハリマ化成グループ株式会社,2026-03-31,103763000000.0,50000000.0,45000000.0,無形資産,1691.0,,2,無形固定資産の取得による支出
S100YK21,E00093,18140,大末建設株式会社,2026-03-31,105554000000.0,95000000.0,123000000.0,無形資産,680.0,,2,無形固定資産の取得による支出
S100YJU6,E02647,81190,株式会社三栄コーポレーション,2026-03-31,36332190000.0,6573000.0,11322000.0,無形資産,432.0,,2,無形固定資産の取得による支出
S100YJQ7,E00361,21120,塩水港精糖株式会社,2026-03-31,32982000000.0,1000000.0,6000000.0,無形資産,83.0,,2,無形固定資産の取得による支出
S100YD97,E01933,69690,松尾電機株式会社,2026-03-31,5141935000.0,,,,227.0,,2,
S100YDX8,E00189,19810,株式会社協和日成,2026-03-31,39384999000.0,19770000.0,274952000.0,無形資産,797.0,,2,無形固定資産の取得による支出
S100YK9X,E01795,67750,株式会社ＴＢグループ,2026-03-31,2460693000.0,6310000.0,3980000.0,無形資産,118.0,,2,無形固定資産の取得による支出
S100YJVJ,E02441,78770,永大化工株式会社,2026-03-31,9220466000.0,860000.0,3580000.0,無形資産,465.0,,2,無形固定資産の取得による支出
S100YL24,E26713,66170,株式会社東光高岳,2026-03-31,112093000000.0,,,,2614.0,,2,
S100YK2X,E04223,90340,南総通運株式会社,2026-03-31,16498936000.0,,,,866.0,,2,
S100YJ8P,E03716,87470,豊トラスティ証券株式会社,2026-03-31,12991583000.0,28827000.0,16700000.0,無形資産,358.0,,2,無形固定資産の取得による支出
S100YKNO,E05091,47620,株式会社エックスネット,2026-03-31,5658343000.0,474929000.0,506267000.0,無形資産,208.0,,2,無形固定資産の取得による支出
S100YKO7,E37214,91580,株式会社シーユーシー,2026-03-31,54353000000.0,122000000.0,40000000.0,無形資産,5740.0,,2,無形資産の取得による支出
S100YIW6,E04519,95370,北陸瓦斯株式会社,2026-03-31,64436043000.0,171859000.0,238175000.0,無形資産,652.0,,2,無形固定資産の取得による支出
S100YIFE,E04856,96870,株式会社ＫＳＫ,2026-03-31,25767000000.0,33000000.0,30000000.0,無形資産,2709.0,,2,無形固定資産の取得による支出
S100YJ6R,E01292,54450,東京鐵鋼株式会社,2026-03-31,72540000000.0,21000000.0,43000000.0,無形資産,815.0,,2,無形固定資産の取得による支出
S100YJ0L,E04195,90630,岡山県貨物運送株式会社,2026-03-31,38899355000.0,,,,2173.0,,2,
S100YL02,E04589,96330,東京テアトル株式会社,2026-03-31,20655080000.0,14521000.0,5021000.0,無形資産,437.0,,2,無形固定資産の取得による支出
S100YIGS,E01303,58520,株式会社アーレスティ,2026-03-31,167092000000.0,,,,5190.0,,2,
S100YL06,E01121,52020,日本板硝子株式会社,2026-03-31,879462000000.0,4540000000.0,4496000000.0,無形資産,24838.0,,2,無形資産の取得による支出
S100YJGK,E00898,40950,日本パーカライジング株式会社,2026-03-31,138155000000.0,354000000.0,2251000000.0,無形資産,4283.0,,2,無形固定資産の取得による支出
S100YKRB,E05302,23230,株式会社ｆｏｎｆｕｎ,2026-03-31,2111204000.0,,,,273.0,,2,
S100YKKI,E04032,89350,株式会社ＦＪネクストホールディングス,2026-03-31,142374000000.0,,,,600.0,,2,
S100YL2D,E01891,69930,大黒屋ホールディングス株式会社,2026-03-31,11472469000.0,36072000.0,1675000.0,無形資産,140.0,,2,無形固定資産の取得による支出
S100YK1N,E00491,25940,キーコーヒー株式会社,2026-03-31,93067000000.0,75000000.0,202000000.0,無形資産,1019.0,,2,無形固定資産の取得による支出
S100YKF2,E02431,69070,ジオマテック株式会社,2026-03-31,6008753000.0,35330000.0,36452000.0,無形資産,296.0,,2,無形固定資産の取得による支出
S100YJSY,E37814,77950,株式会社ＫＹＯＲＩＴＳＵ,2026-03-31,42920314000.0,91491000.0,71682000.0,無形資産,626.0,,2,無形固定資産の取得による支出
S100YITB,E00645,38650,北越コーポレーション株式会社,2026-03-31,287736000000.0,,,,3728.0,,2,
S100YL2H,E02566,80300,中央魚類株式会社,2026-03-31,158598000000.0,231000000.0,355000000.0,無形資産,794.0,,2,無形固定資産の取得による支出
S100YKD1,E21342,15140,住石ホールディングス株式会社,2026-03-31,10658000000.0,1000000.0,,無形資産,40.0,,2,無形固定資産の取得による支出
S100YL3J,E41028,438A0,株式会社インフキュリオン,2026-03-31,9505732000.0,271480000.0,269889000.0,ソフトウェア,388.0,,2,ソフトウエアの取得による支出
S100YJFT,E26084,92060,株式会社スターフライヤー,2026-03-31,44795000000.0,553000000.0,322000000.0,無形資産,806.0,,2,無形固定資産の取得による支出
S100YKPM,E05648,87690,株式会社アドバンテッジリスクマネジメント,2026-03-31,9923752000.0,710197000.0,721110000.0,無形資産,535.0,,2,無形固定資産の取得による支出
S100YKV1,E31065,95170,イーレックス株式会社,2026-03-31,169170000000.0,269000000.0,804000000.0,無形資産,302.0,,2,無形資産の取得による支出
S100YIOX,E36398,41790,株式会社ジーネクスト,2026-03-31,1015668000.0,,,,22.0,,2,
S100YK0W,E00007,13750,ユキグニファクトリー株式会社,2026-03-31,35372000000.0,53000000.0,18000000.0,無形資産,1106.0,,2,無形資産の取得による支出
S100YKK9,E25686,66250,ＪＡＬＣＯホールディングス株式会社,2026-03-31,16995997000.0,11051000.0,9400000.0,無形資産,21.0,,2,無形固定資産の取得による支出
S100Y9NX,E02367,79740,任天堂株式会社,2026-03-31,2313051000000.0,,,,8666.0,,2,
S100YJTF,E01136,53340,日本特殊陶業株式会社,2026-03-31,731207000000.0,2318000000.0,4690000000.0,無形資産,15698.0,,2,無形資産の取得による支出
S100YKBP,E02271,77310,株式会社ニコン,2026-03-31,677163000000.0,19201000000.0,17497000000.0,無形資産,19928.0,,2,無形資産の取得による支出
S100YKG2,E04425,94330,ＫＤＤＩ株式会社,2026-03-31,6071915000000.0,274178000000.0,281984000000.0,無形資産,73198.0,,2,無形資産の取得による支出
S100YJAK,E02660,81390,株式会社ナガホリ,2026-03-31,29380132000.0,18170000.0,28848000.0,無形資産,484.0,,2,無形固定資産の取得による支出
S100YKL0,E01283,56120,日本鋳鉄管株式会社,2026-03-31,15942000000.0,88000000.0,249000000.0,無形資産,389.0,,2,無形固定資産の取得による支出
S100YKIK,E31936,39260,株式会社オープンドア,2026-03-31,2453720000.0,8000000.0,,無形資産,191.0,,2,無形固定資産の取得による支出
S100YJ3C,E31851,45940,ブライトパス・バイオ株式会社,2026-03-31,84000.0,,,,23.0,,2,
S100YKRG,E31035,25860,株式会社フルッタフルッタ,2026-03-31,3142522000.0,,331000.0,,33.0,,2,
S100YKA9,E03291,75500,株式会社ゼンショーホールディングス,2026-03-31,1264053000000.0,2416000000.0,2275000000.0,無形資産,20626.0,,2,無形固定資産の取得による支出
S100YISR,E02571,80390,築地魚市場株式会社,2026-03-31,67450000000.0,,,,292.0,,2,
S100YKM2,E40400,332A0,ミーク株式会社,2026-03-31,7150453000.0,437251000.0,,無形資産,77.0,,2,無形固定資産の取得による支出
S100YCJX,E04707,46610,株式会社オリエンタルランド,2026-03-31,704539000000.0,6579000000.0,2650000000.0,無形資産,11207.0,,2,無形固定資産の取得による支出
S100YJQT,E05143,48000,オリコン株式会社,2026-03-31,6320892000.0,15456000.0,48358000.0,無形資産,196.0,,2,無形固定資産の取得による支出
S100YJ25,E05425,24130,エムスリー株式会社,2026-03-31,351363000000.0,4250000000.0,2701000000.0,無形資産,17010.0,,2,無形資産の取得による支出
S100YHUD,E03207,99560,株式会社バローホールディングス,2026-03-31,924114000000.0,1067000000.0,1364000000.0,無形資産,11227.0,,2,無形固定資産の取得による支出
S100YKOI,E05665,87710,イー・ギャランティ株式会社,2026-03-31,11029534000.0,99563000.0,46993000.0,無形資産,194.0,,2,無形固定資産の取得による支出
S100YK3W,E00400,25400,養命酒製造株式会社,2026-03-31,9628105000.0,15602000.0,16274000.0,無形資産,289.0,,2,無形固定資産の取得による支出
S100YKOS,E02057,67860,株式会社ＲＶＨ,2026-03-31,1251750000.0,,,,136.0,,2,
S100YJSM,E00508,28310,はごろもフーズ株式会社,2026-03-31,75078037000.0,793143000.0,232812000.0,無形資産,667.0,,2,無形固定資産の取得による支出
S100YJG2,E01276,54910,日本金属株式会社,2026-03-31,49619000000.0,17000000.0,2000000.0,無形資産,787.0,,2,無形固定資産の取得による支出
S100YL1X,E05621,21380,クルーズ株式会社,2026-03-31,11820516000.0,510000.0,64512000.0,無形資産,856.0,,2,無形固定資産の取得による支出
S100YI0V,E35555,65990,エブレン株式会社,2026-03-31,3993635000.0,1020000.0,,無形資産,106.0,,2,無形固定資産の取得による支出
S100YJRS,E04324,90650,山九株式会社,2026-03-31,631573000000.0,2435000000.0,2969000000.0,無形資産,29324.0,,2,無形固定資産の取得による支出
S100YK5J,E04089,90060,京浜急行電鉄株式会社,2026-03-31,304192000000.0,2485000000.0,3497000000.0,無形資産,8177.0,,2,無形固定資産の取得による支出
S100YDV4,E00493,29150,ケンコーマヨネーズ株式会社,2026-03-31,92354000000.0,114000000.0,298000000.0,無形資産,964.0,,2,無形固定資産の取得による支出
S100YJE7,E02362,79510,ヤマハ株式会社,2026-03-31,465330000000.0,,,,17886.0,,2,
S100YJWD,E03139,98310,株式会社ヤマダホールディングス,2026-03-31,1691808000000.0,1101000000.0,997000000.0,無形資産,26747.0,,2,無形固定資産の取得による支出
S100YKCP,E01486,61130,株式会社アマダ,2026-03-31,437372000000.0,4021000000.0,4414000000.0,無形資産,9872.0,,2,無形資産の取得による支出
S100YK9A,E32169,66150,ユー・エム・シー・エレクトロニクス株式会社,2026-03-31,112726000000.0,262000000.0,574000000.0,無形資産,5596.0,,2,無形固定資産の取得による支出
S100YJVG,E02024,68900,株式会社フェローテック,2026-03-31,288933000000.0,401000000.0,537000000.0,無形資産,16858.0,,2,無形固定資産の取得による支出
S100YKAZ,E00008,13790,ホクト株式会社,2026-03-31,85915000000.0,,,,4097.0,,2,
S100YKQI,E34379,70420,株式会社アクセスグループ・ホールディングス,2026-03-31,3954289000.0,32264000.0,24774000.0,無形資産,130.0,,2,無形固定資産の取得による支出
S100YKH9,E03496,30680,株式会社ＷＤＩ,2026-03-31,34518241000.0,27924000.0,19260000.0,無形資産,2386.0,,2,無形固定資産の取得による支出
S100YL3N,E00787,40930,東邦アセチレン株式会社,2026-03-31,34576820000.0,44854000.0,15554000.0,無形資産,763.0,,2,無形固定資産の取得による支出
S100YHVT,E26813,71620,アストマックス株式会社,2026-03-31,25258346000.0,3996000.0,13869000.0,無形資産,61.0,,2,無形固定資産の取得による支出
S100YGJ0,E01752,66440,大崎電気工業株式会社,2026-03-31,100900000000.0,663000000.0,383000000.0,無形資産,2504.0,,2,無形固定資産の取得による支出
S100YJTL,E01282,56600,神鋼鋼線工業株式会社,2026-03-31,33074000000.0,87000000.0,36000000.0,無形資産,927.0,,2,無形固定資産の取得による支出
S100YKGG,E02070,67360,サン電子株式会社,2026-03-31,9907137000.0,61762000.0,92645000.0,無形資産,307.0,,2,無形固定資産の取得による支出
S100YL49,E04328,93570,名港海運株式会社,2026-03-31,82861134000.0,152484000.0,100061000.0,無形資産,1890.0,,2,無形固定資産の取得による支出
S100YKQB,E01115,51620,株式会社朝日ラバー,2026-03-31,7852091000.0,2227000.0,3052000.0,無形資産,538.0,,2,無形固定資産の取得による支出
S100YKUO,E30445,60920,株式会社エンバイオ・ホールディングス,2026-03-31,12630000000.0,5000000.0,5000000.0,無形資産,113.0,,2,無形固定資産の取得による支出
S100YL59,E26914,38960,阿波製紙株式会社,2026-03-31,18494493000.0,172753000.0,93771000.0,無形資産,691.0,,2,無形固定資産の取得による支出
S100YKRT,E01929,69250,ウシオ電機株式会社,2026-03-31,179211000000.0,847000000.0,1938000000.0,無形資産,5898.0,,2,無形固定資産の取得による支出
S100YL4L,E04371,,中日本高速道路株式会社,2026-03-31,1241619000000.0,,,,11575.0,,2,
S100YL5B,E39194,56210,株式会社ヒューマンテクノロジーズ,2026-03-31,7496323000.0,1180000.0,208518000.0,無形資産,336.0,,2,無形固定資産の取得による支出
S100YK10,E02134,71020,日本車輌製造株式会社,2026-03-31,99971000000.0,,,,2176.0,,2,
S100YK3R,E05159,84730,ＳＢＩホールディングス株式会社,2026-03-31,1896607000000.0,42096000000.0,51757000000.0,無形資産,18669.0,,2,無形資産の取得による支出
S100YL65,E31878,39230,株式会社ラクス,2026-03-31,60286000000.0,5000000.0,96000000.0,無形資産,3569.0,,2,無形固定資産の取得による支出
S100YKP8,E02645,81180,株式会社　キング,2026-03-31,7835000000.0,230000000.0,65000000.0,無形資産,148.0,,2,無形固定資産の取得による支出
S100YJC5,E01710,64820,ＹＵＳＨＩＮ株式会社,2026-03-31,23101373000.0,22925000.0,34572000.0,無形資産,803.0,,2,無形固定資産の取得による支出
S100YL64,E05678,38440,コムチュア株式会社,2026-03-31,38109000000.0,944000000.0,698000000.0,無形資産,1964.0,,2,無形固定資産の取得による支出
S100YL5P,E03333,76380,株式会社ＮＥＷ　ＡＲＴ　ＨＯＬＤＩＮＧＳ,2026-03-31,32017754000.0,18320000.0,320000.0,無形資産,981.0,,2,無形固定資産の取得による支出
S100YK5W,E32203,61930,バーチャレクス・ホールディングス株式会社,2026-03-31,6880064000.0,146261000.0,192627000.0,無形資産,396.0,,2,無形固定資産の取得による支出
S100YKKS,E05303,23260,デジタルアーツ株式会社,2026-03-31,10835000000.0,1115000000.0,1046000000.0,無形資産,279.0,,2,無形固定資産の取得による支出
S100YJLB,E00644,38640,三菱製紙株式会社,2026-03-31,157455000000.0,,,,2513.0,,2,
S100YJYU,E35345,44880,ＡＩ　ｉｎｓｉｄｅ株式会社,2026-03-31,4747946000.0,163414000.0,,無形資産,130.0,,2,無形固定資産の取得による支出
S100YJBX,E01974,69430,ＮＫＫスイッチズ株式会社,2026-03-31,8373789000.0,328362000.0,277856000.0,無形資産,262.0,,2,無形固定資産の取得による支出
S100YJQR,E02994,33920,デリカフーズホールディングス株式会社,2026-03-31,62219157000.0,8222000.0,21962000.0,無形資産,850.0,,2,無形固定資産の取得による支出
S100YK3U,E04251,91300,共栄タンカー株式会社,2026-03-31,15509566000.0,,,,67.0,,2,
S100YL7U,E37719,92290,株式会社サンウェルズ,2026-03-31,28136000000.0,2000000.0,7000000.0,無形資産,3570.0,,2,無形固定資産の取得による支出
S100YKV6,E36464,73680,表示灯株式会社,2026-03-31,,56020000.0,,無形資産,455.0,,2,無形固定資産の取得による支出
S100YJUA,E37488,65250,株式会社ＫＯＫＵＳＡＩ　ＥＬＥＣＴＲＩＣ,2026-03-31,235079000000.0,3275000000.0,2190000000.0,無形資産,2609.0,,2,無形資産の取得による支出
S100YJZ3,E03450,33600,シップヘルスケアホールディングス株式会社,2026-03-31,718163000000.0,434000000.0,361000000.0,無形資産,7819.0,,2,無形固定資産の取得による支出
S100YHNL,E05668,21390,株式会社中広,2026-03-31,12153429000.0,15969000.0,11470000.0,無形資産,588.0,,2,無形固定資産の取得による支出
S100YJ1S,E34499,76770,株式会社ヤシマキザイ,2026-03-31,33864554000.0,2015000.0,5276000.0,無形資産,268.0,,2,無形固定資産の取得による支出
S100YKSL,E04934,97880,株式会社ナック,2026-03-31,58919000000.0,149000000.0,134000000.0,無形資産,1699.0,,2,無形固定資産の取得による支出
S100YI72,E01544,63650,株式会社電業社機械製作所,2026-03-31,28189000000.0,62000000.0,66000000.0,無形資産,556.0,,2,無形固定資産の取得による支出
S100YKPS,E35508,70910,株式会社リビングプラットフォーム,2026-03-31,22057544000.0,9039000.0,13244000.0,無形資産,1326.0,,2,無形固定資産の取得による支出
S100YL5Q,E30993,39100,株式会社エムケイシステム,2026-03-31,3256095000.0,163124000.0,222252000.0,無形資産,130.0,,2,無形固定資産の取得による支出
S100YFXP,E02183,72540,株式会社ユニバンス,2026-03-31,56542577000.0,59912000.0,83914000.0,無形資産,1512.0,,2,無形固定資産の取得による支出
S100YI16,E01663,63640,株式会社ＡＩＲＭＡＮ,2026-03-31,55604049000.0,118461000.0,232894000.0,無形資産,820.0,,2,無形固定資産の取得による支出
S100YL8F,E01157,52620,日本ヒューム株式会社,2026-03-31,40239958000.0,,,,701.0,,2,
S100YKRJ,E01425,59390,株式会社大谷工業,2026-03-31,7525844000.0,,,,179.0,,2,
S100YIXO,E34938,29760,日本グランデ株式会社,2026-03-31,3655302000.0,,,,60.0,,2,
S100YL5T,E35610,73670,株式会社セルム,2026-03-31,10308214000.0,11428000.0,46220000.0,無形資産,245.0,,2,無形固定資産の取得による支出
S100YK4B,E00268,17800,株式会社　ヤマウラ,2026-03-31,40526520000.0,13270000.0,9614000.0,無形資産,458.0,,2,無形固定資産の取得による支出
S100YK97,E05381,23930,株式会社日本ケアサプライ,2026-03-31,34929883000.0,173471000.0,212339000.0,無形資産,1062.0,,2,無形固定資産の取得による支出
S100YGXC,E27506,60740,株式会社ジェイエスエス,2026-03-31,8541251000.0,2304000.0,46067000.0,無形資産,467.0,,2,無形固定資産の取得による支出
S100YJ1H,E01935,69520,カシオ計算機株式会社,2026-03-31,276267000000.0,3794000000.0,4865000000.0,無形資産,8259.0,,2,無形固定資産の取得による支出
S100YJ8J,E00642,38610,王子ホールディングス株式会社,2026-03-31,1861709000000.0,,,,38757.0,,2,
S100YKH4,E01977,68620,ミナトホールディングス株式会社,2026-03-31,36572041000.0,3247000.0,19731000.0,無形資産,339.0,,2,無形固定資産の取得による支出
S100YJCK,E00772,40470,関東電化工業株式会社,2026-03-31,65400000000.0,,,,1169.0,,2,
S100YL3Z,E01926,69970,日本ケミコン株式会社,2026-03-31,136821000000.0,669000000.0,372000000.0,無形資産,5348.0,,2,無形固定資産の取得による支出
S100YIYR,E00868,49600,ケミプロ化成株式会社,2026-03-31,8946058000.0,108685000.0,69000000.0,無形資産,222.0,,2,無形固定資産の取得による支出
S100YJJI,E01452,34220,株式会社　Ｊ－ＭＡＸ,2026-03-31,51919000000.0,2000000.0,14000000.0,無形資産,1081.0,,2,無形固定資産の取得による支出
S100YL7C,E36844,58580,株式会社ＳＴＧ,2026-03-31,6815920000.0,52077000.0,35694000.0,無形資産,808.0,,2,無形固定資産の取得による支出
S100YJHN,E01857,69040,原田工業株式会社,2026-03-31,42192309000.0,,,,4000.0,,2,
S100YJV7,E33882,92720,ブティックス株式会社,2026-03-31,5469877000.0,57782000.0,,無形資産,234.0,,2,無形固定資産の取得による支出
S100YLAN,E02329,77150,長野計器株式会社,2026-03-31,67691975000.0,,,,2390.0,,2,
S100YJ8D,E00660,38800,大王製紙株式会社,2026-03-31,666770000000.0,1326000000.0,807000000.0,無形資産,11639.0,,2,無形固定資産の取得による支出
S100YL71,E03324,76210,株式会社うかい,2026-03-31,13570037000.0,,,,589.0,,2,
S100YL5W,E37584,93480,株式会社ｉｓｐａｃｅ,2026-03-31,3307092000.0,9009000.0,85811000.0,無形資産,333.0,,2,無形固定資産の取得による支出
S100YJF6,E01751,65130,株式会社オリジン,2026-03-31,26877854000.0,264547000.0,66892000.0,無形資産,1066.0,,2,無形固定資産の取得による支出
S100YKCT,E00771,40460,株式会社大阪ソーダ,2026-03-31,99961000000.0,860000000.0,824000000.0,無形資産,1032.0,,2,無形固定資産の取得による支出
S100YKE1,E01610,63580,酒井重工業株式会社,2026-03-31,27541409000.0,63378000.0,86820000.0,無形資産,618.0,,2,無形固定資産の取得による支出
S100YKN6,E02223,72970,株式会社カーメイト,2026-03-31,14563116000.0,,,,640.0,,2,
S100YLAF,E02201,72770,株式会社ＴＢＫ,2026-03-31,54756000000.0,180000000.0,99000000.0,無形資産,1893.0,,2,無形固定資産の取得による支出
S100YK3E,E36714,71290,ミアヘルサホールディングス株式会社,2026-03-31,24850683000.0,,,,1838.0,,2,
S100YJ12,E00821,42050,日本ゼオン株式会社,2026-03-31,411966000000.0,2499000000.0,1606000000.0,無形資産,4425.0,,2,無形固定資産の取得による支出
S100YC3A,E04327,90740,日本石油輸送株式会社,2026-03-31,38537000000.0,,,,1626.0,,2,
S100YLBS,E01930,61440,西部電機株式会社,2026-03-31,39265000000.0,147000000.0,294000000.0,無形資産,681.0,,2,無形固定資産の取得による支出
S100YI10,E37198,71330,ＨＹＵＧＡ　ＰＲＩＭＡＲＹ　ＣＡＲＥ株式会社,2026-03-31,11983152000.0,50975000.0,92797000.0,無形資産,882.0,,2,無形固定資産の取得による支出
S100YKQ4,E02453,78600,エイベックス株式会社,2026-03-31,146571000000.0,609000000.0,2132000000.0,無形資産,1372.0,,2,無形固定資産の取得による支出
S100YFT7,E02666,81440,株式会社デンキョーグループホールディングス,2026-03-31,52097000000.0,153000000.0,64000000.0,無形資産,511.0,,2,無形固定資産の取得による支出
S100YL8T,E05463,37620,テクマトリックス株式会社,2026-03-31,71733770000.0,165085000.0,112029000.0,無形資産,666.0,,2,無形資産の取得による支出
S100YLAC,E02624,,山崎金属産業株式会社,2026-03-31,42179926000.0,44304000.0,93417000.0,無形資産,311.0,,2,無形固定資産の取得による支出
S100YF9Y,E00518,29280,ＲＩＺＡＰグループ株式会社,2026-03-31,167257000000.0,,,,4204.0,,2,
S100YL53,E01753,65840,三櫻工業株式会社,2026-03-31,159387000000.0,,,,7697.0,,2,
S100YL1G,E00696,79160,光村印刷株式会社,2026-03-31,14133164000.0,17285000.0,12074000.0,無形資産,614.0,,2,無形固定資産の取得による支出
S100YL91,E03005,30790,ディーブイエックス株式会社,2026-03-31,55988774000.0,99176000.0,,無形資産,378.0,,2,無形固定資産の取得による支出
S100YK8S,E02488,62570,株式会社藤商事,2026-03-31,23542000000.0,75000000.0,94000000.0,無形資産,473.0,,2,無形固定資産の取得による支出
S100YHRI,E35470,70870,株式会社ウイルテック,2026-03-31,45936000000.0,150000000.0,59000000.0,無形資産,4744.0,,2,無形固定資産の取得による支出
S100YK63,E02005,68670,リーダー電子株式会社,2026-03-31,4247561000.0,12019000.0,9401000.0,無形資産,127.0,,2,無形固定資産の取得による支出
S100YHLO,E40420,331A0,株式会社メディックス,2026-03-31,4256886000.0,2800000.0,,無形資産,343.0,,2,無形固定資産の取得による支出
S100YKGK,E00794,61370,小池酸素工業株式会社,2026-03-31,55570000000.0,71000000.0,101000000.0,無形資産,1085.0,,2,無形固定資産の取得による支出
S100YLJZ,E04127,,福井鉄道株式会社,2026-03-31,3571516000.0,,,,268.0,,2,
S100YETX,E27530,62480,株式会社横田製作所,2026-03-31,2308504000.0,220000.0,1331000.0,無形資産,80.0,,2,無形固定資産の取得による支出
S100YLCK,E00986,45700,株式会社免疫生物研究所,2026-03-31,1004987000.0,,,,54.0,,2,
S100YJ7Y,E24453,36410,株式会社パピレス,2026-03-31,14740000000.0,,,,172.0,,2,
S100YJFB,E04687,,株式会社東松山カントリークラブ,2026-03-31,954198000.0,,,,73.0,,2,
S100Y9CI,E00511,29240,イフジ産業株式会社,2026-03-31,32572000000.0,11000000.0,5000000.0,無形資産,184.0,,2,無形固定資産の取得による支出
S100YKB8,E04752,,小野観光開発株式会社,2026-03-31,683345000.0,3250000.0,,無形資産,53.0,,2,無形固定資産の取得による支出
S100YIME,E01277,64390,中日本鋳工株式会社,2026-03-31,4884248000.0,9254000.0,,無形資産,136.0,,2,無形固定資産の取得による支出
S100YJPU,E03076,81350,ゼット株式会社,2026-03-31,58655000000.0,34000000.0,11000000.0,無形資産,578.0,,2,無形固定資産の取得による支出
S100YHIB,E04122,,株式会社伊予鉄グループ,2026-03-31,34752662000.0,560382000.0,29691000.0,無形資産,1365.0,,2,無形固定資産の取得による支出
S100YFTZ,E04387,,ＫＢＣグループホールディングス株式会社,2026-03-31,17951488000.0,92965000.0,28011000.0,無形資産,391.0,,2,無形固定資産の取得による支出
S100YKSP,E02325,77710,日本精密株式会社,2026-03-31,7895825000.0,,,,1700.0,,2,
S100YKCN,E02597,,東京青果株式会社,2026-03-31,183963821000.0,487547000.0,284934000.0,無形資産,649.0,,2,無形固定資産の取得による支出
S100YLIO,E04118,,豊橋鉄道株式会社,2026-03-31,7678796000.0,50153000.0,88006000.0,無形資産,661.0,,2,無形固定資産の取得による支出
S100YKNS,E00755,40080,住友精化株式会社,2026-03-31,148354000000.0,878000000.0,1421000000.0,無形資産,1438.0,,2,無形固定資産の取得による支出
S100YJCQ,E02787,82250,株式会社タカチホ,2026-03-31,9691188000.0,6400000.0,37242000.0,無形資産,218.0,,2,無形固定資産の取得による支出
S100YL67,E04372,,阪神高速道路株式会社,2026-03-31,257031000000.0,,,,2647.0,,2,
S100YLN8,E00839,42220,児玉化学工業株式会社,2026-03-31,82707775000.0,28887000.0,19845000.0,無形資産,2730.0,,2,無形固定資産の取得による支出
S100YJ3Q,E04952,97390,ＮＳＷ株式会社,2026-03-31,52431000000.0,91000000.0,100000000.0,無形資産,2536.0,,2,無形固定資産の取得による支出
S100YLJH,E04679,,株式会社　出水ゴルフクラブ,2026-03-31,271404000.0,,,,49.0,,2,
S100YL5Z,E01761,63330,株式会社ＴＥＩＫＯＫＵ,2026-03-31,29091243000.0,70100000.0,41099000.0,無形資産,1145.0,,2,無形固定資産の取得による支出
S100YLH5,E04352,,東京湾横断道路株式会社,2026-03-31,7580053000.0,,,,118.0,,2,
S100YLOF,E22464,,株式会社岐阜中濃土地建物,2026-03-31,24614000.0,,,,,,2,
S100YK44,E00682,39530,大村紙業株式会社,2026-03-31,5953592000.0,,9800000.0,,235.0,,2,
S100YFFY,E01099,,株式会社東洋クオリティワン,2026-03-31,38039675000.0,169544000.0,247953000.0,無形資産,906.0,,2,無形固定資産の取得による支出
S100YKX5,E01956,97660,コナミグループ株式会社,2026-03-31,493677000000.0,,,,5186.0,,2,
S100YLOZ,E08587,,日本貨物鉄道株式会社,2026-03-31,207605000000.0,,,,7586.0,,2,
S100YGR6,E02086,66760,株式会社バッファロー,2026-03-31,117312000000.0,192000000.0,429000000.0,無形資産,963.0,,2,無形固定資産の取得による支出
S100YLPB,E32204,35040,株式会社丸八ホールディングス,2026-03-31,11836912000.0,2279000.0,4065000.0,無形資産,638.0,,2,無形固定資産の取得による支出
S100Y9O5,E04222,90350,第一交通産業株式会社,2026-03-31,112482000000.0,,,,11946.0,,2,
S100YFIK,E01978,69420,株式会社ソフィアホールディングス,2026-03-31,8329806000.0,6294000.0,12255000.0,無形資産,204.0,,2,無形資産の取得による支出
S100YKBV,E02625,,東京貿易ホールディングス株式会社,2026-03-31,63783000000.0,,,,1264.0,,2,
S100YLHM,E00724,78680,株式会社広済堂ホールディングス,2026-03-31,36228000000.0,,,,1002.0,,2,
S100YLRB,E32200,39320,株式会社アカツキ,2026-03-31,25856000000.0,494000000.0,274000000.0,無形資産,537.0,,2,無形固定資産の取得による支出
S100YLRR,E02051,68320,アオイ電子株式会社,2026-03-31,38323311000.0,79147000.0,40359000.0,無形資産,1944.0,,2,無形固定資産の取得による支出
S100YKV3,E00567,35290,アツギ株式会社,2026-03-31,21469000000.0,179000000.0,253000000.0,無形資産,1207.0,,2,無形固定資産の取得による支出
S100YLAH,E04630,,株式会社飯能ゴルフ倶楽部,2026-03-31,691153000.0,,,,46.0,,2,
S100YHG9,E02169,,トーハツ株式会社,2026-03-31,44037676000.0,44670000.0,33806000.0,無形資産,497.0,,2,無形固定資産の取得による支出
S100YLFP,E02536,,日販グループホールディングス株式会社,2026-03-31,342700000000.0,3072000000.0,2432000000.0,無形資産,2480.0,,2,無形固定資産の取得による支出
S100YLFJ,E04151,,首都圏新都市鉄道株式会社,2026-03-31,50376940000.0,591634000.0,272676000.0,無形資産,803.0,,2,無形固定資産の取得による支出
S100YKY3,E38148,93360,大栄環境株式会社,2026-03-31,87855000000.0,,,,2428.0,,2,
S100YL8X,E01648,64940,株式会社ＮＦＫホールディングス,2026-03-31,3683444000.0,,,,207.0,,2,
S100YLK6,E33011,35610,株式会社力の源ホールディングス,2026-03-31,36261804000.0,6021000.0,4590000.0,無形資産,666.0,,2,無形固定資産の取得による支出
S100YJKU,E04710,46800,株式会社ラウンドワン,2026-03-31,189548000000.0,401000000.0,262000000.0,無形資産,2364.0,,2,無形資産の取得による支出
S100YJIB,E38167,71140,株式会社フーディソン,2026-03-31,7820013000.0,9567000.0,260000.0,無形資産,103.0,,2,無形固定資産の取得による支出
S100YI1Y,E01644,72550,株式会社　桜井製作所,2026-03-31,4928000000.0,6274000.0,396000.0,無形資産,271.0,,2,無形固定資産の取得による支出
S100YLDW,E05443,37500,株式会社ＡＤＲ１２０Ｓ,2026-03-31,50988000.0,,,,13.0,,2,
S100YLDV,E05460,24320,株式会社ディー・エヌ・エー,2026-03-31,147700000000.0,6509000000.0,6166000000.0,無形資産,2483.0,,2,無形資産の取得による支出
S100YLBY,E01394,19210,株式会社　巴コーポレーション,2026-03-31,34951000000.0,19361000.0,6756000.0,無形資産,518.0,,2,無形固定資産の取得による支出
S100YKKP,E02791,74130,株式会社創健社,2026-03-31,4751616000.0,1988000.0,1990000.0,無形資産,38.0,,2,無形固定資産の取得による支出
S100YJYN,E01216,52870,株式会社イトーヨーギョー,2026-03-31,3933881000.0,2579000.0,13505000.0,無形資産,124.0,,2,無形固定資産の取得による支出
S100YF1P,E04158,90810,神奈川中央交通株式会社,2026-03-31,126773000000.0,,,,6432.0,,2,
S100YLHU,E02390,69610,株式会社エンプラス,2026-03-31,42540000000.0,1567000000.0,293000000.0,無形資産,1371.0,,2,無形固定資産の取得による支出
S100YLUK,E38191,52470,株式会社ＢＴＭ,2026-03-31,6035354000.0,,,,262.0,,2,
S100YLB7,E04666,,福山観光開発株式会社,2026-03-31,316623000.0,,,,13.0,,2,
S100YKGF,E04554,,朝日観光株式会社,2026-03-31,2073863000.0,4350000.0,13528000.0,無形資産,50.0,,2,無形固定資産の取得による支出
S100YLFL,E04631,,株式会社　水戸カンツリー倶楽部,2026-03-31,1020514000.0,,,,66.0,,2,
S100YLT6,E05573,38030,イメージ情報開発株式会社,2026-03-31,731630000.0,340000.0,4803000.0,無形資産,57.0,,2,無形固定資産の取得による支出
S100YLV8,E03355,26660,株式会社　オートウェーブ,2026-03-31,9835820000.0,12070000.0,13869000.0,無形資産,183.0,,2,無形固定資産の取得による支出
S100YJBP,E02027,68240,新コスモス電機株式会社,2026-03-31,50091543000.0,175601000.0,206814000.0,無形資産,1038.0,,2,無形固定資産の取得による支出
S100YLFQ,E00135,,新生テクノス株式会社,2026-03-31,65526000000.0,250000000.0,69000000.0,無形資産,1293.0,,2,無形固定資産の取得による支出
S100YLVZ,E34725,70620,株式会社フレアス,2026-03-31,7637505000.0,,10248000.0,,761.0,,2,
S100YD0U,E02551,,東工コーセン株式会社,2026-03-31,24539749000.0,58310000.0,13914000.0,無形資産,1117.0,,2,無形固定資産の取得による支出
S100YL7Q,E03226,99890,株式会社サンドラッグ,2026-03-31,842512000000.0,800000000.0,815000000.0,無形資産,7457.0,,2,無形固定資産の取得による支出
S100YG4G,E01180,53560,美濃窯業株式会社,2026-03-31,16154540000.0,2110000.0,7985000.0,無形資産,346.0,,2,無形固定資産の取得による支出
S100YKJC,E00590,35910,株式会社ワコールホールディングス,2026-03-31,171510000000.0,805000000.0,1379000000.0,無形資産,14784.0,,2,無形資産の取得による支出
S100YLBX,E01642,62820,オイレス工業株式会社,2026-03-31,68964000000.0,253000000.0,577000000.0,無形資産,2065.0,,2,無形固定資産の取得による支出
S100YL4M,E01221,77460,岡本硝子株式会社,2026-03-31,4731307000.0,,5712000.0,,232.0,,2,
S100YLU7,E02489,38510,株式会社日本一ソフトウェア,2026-03-31,3606632000.0,5714000.0,2775000.0,無形資産,182.0,,2,無形固定資産の取得による支出
S100YGDM,E00899,41190,株式会社日本ピグメントホールディングス,2026-03-31,42224582000.0,19878000.0,32376000.0,無形資産,1072.0,,2,無形固定資産の取得による支出
S100Y9QZ,E00182,19920,神田通信機株式会社,2026-03-31,6777857000.0,26661000.0,9553000.0,無形資産,244.0,,2,無形固定資産の取得による支出
S100XUDH,E04362,,中部国際空港株式会社,2026-03-31,54121000000.0,229000000.0,303000000.0,無形資産,948.0,,2,無形固定資産の取得による支出
S100YHI9,E26839,60700,キャリアリンク株式会社,2026-03-31,44642486000.0,13829000.0,35353000.0,無形資産,932.0,,2,無形固定資産の取得による支出
S100YLSB,E30918,36940,株式会社オプティム,2026-03-31,11731804000.0,1539121000.0,1571625000.0,無形資産,417.0,,2,無形固定資産の取得による支出
S100YLMG,E01904,69960,ニチコン株式会社,2026-03-31,169724000000.0,,,,4982.0,,2,
S100YLWW,E03451,33580,Ｔｒａｉｌｈｅａｄ　Ｇｌｏｂａｌ　Ｈｏｌｄｉｎｇｓ株式会社,2026-03-31,1826575000.0,594000.0,,無形資産,245.0,,2,無形固定資産の取得による支出
S100YJ45,E04370,,東日本高速道路株式会社,2026-03-31,1284583000000.0,,,,15939.0,,2,
S100YII3,E04129,,遠州鉄道株式会社,2026-03-31,233168000000.0,351000000.0,415000000.0,無形資産,5620.0,,2,無形固定資産の取得による支出
S100YL7T,E00034,88350,太平洋興発株式会社,2026-03-31,42802000000.0,,,,668.0,,2,
S100YKUS,E04355,,株式会社農協観光,2026-03-31,19628582000.0,14101000.0,1861000.0,無形資産,460.0,,2,無形固定資産の取得による支出
S100YCZD,E30909,,ＯＰＩ株式会社,2026-03-31,5039000000.0,38000000.0,14000000.0,無形資産,151.0,,2,無形固定資産の取得による支出
S100YLY9,E00909,46230,株式会社アサヒペン,2026-03-31,16822749000.0,2480000.0,8494000.0,無形資産,375.0,,2,無形固定資産の取得による支出
S100YL08,E00253,,株式会社藤木工務店,2026-03-31,35676991000.0,57769000.0,141434000.0,無形資産,373.0,,2,無形固定資産の取得による支出
S100YLXQ,E31367,31330,株式会社海帆,2026-03-31,3152892000.0,,,,83.0,,2,
S100YGOW,E36769,43600,株式会社マナック・ケミカル・パートナーズ,2026-03-31,10993000000.0,8000000.0,,無形資産,246.0,,2,無形固定資産の取得による支出
S100YLUW,E01987,68190,伊豆シャボテンリゾート株式会社,2026-03-31,5591906000.0,,,,176.0,,2,
S100YKN0,E04526,,宮崎瓦斯株式会社,2026-03-31,25549000000.0,14654000.0,20823000.0,無形資産,471.0,,2,無形固定資産の取得による支出
S100YLTB,E01514,,株式会社豊田自動織機,2026-03-31,4369512000000.0,,,,81808.0,,2,
S100YLFU,E02368,,ＹＫＫ株式会社,2026-03-31,992561000000.0,6387000000.0,8044000000.0,無形資産,56899.0,,2,無形固定資産の取得による支出
S100YF8Q,E05676,21620,ｎｍｓホールディングス株式会社,2026-03-31,75660628000.0,36628000.0,53255000.0,無形資産,13047.0,,2,無形固定資産の取得による支出
S100YKTA,E01950,68570,株式会社アドバンテスト,2026-03-31,1128610000000.0,3018000000.0,2017000000.0,無形資産,7241.0,,2,無形資産の取得による支出
S100YLLM,E02185,56440,株式会社メタルアート,2026-03-31,45289000000.0,,,,668.0,,2,
S100YKOJ,E01402,59850,サンコール株式会社,2026-03-31,52223000000.0,,,,1897.0,,2,
S100YHNC,E01488,61380,ダイジェット工業株式会社,2026-03-31,9292071000.0,357973000.0,82775000.0,無形資産,360.0,,2,無形固定資産の取得による支出
S100YKOR,E36406,73430,ブロードマインド株式会社,2026-03-31,5289122000.0,55190000.0,30800000.0,無形資産,312.0,,2,無形固定資産の取得による支出
S100YLDD,E34974,44440,株式会社インフォネット,2026-03-31,2085024000.0,125898000.0,218197000.0,無形資産,141.0,,2,無形固定資産の取得による支出
S100YLHV,E00640,78200,ニホンフラッシュ株式会社,2026-03-31,23456344000.0,18320000.0,18643000.0,無形資産,1118.0,,2,無形固定資産の取得による支出
S100YIFX,E00753,,チッソ株式会社,2026-03-31,137063000000.0,,,,2493.0,,2,
S100YM13,E02538,,株式会社トーハン,2026-03-31,410076000000.0,553000000.0,2103000000.0,無形資産,2066.0,,2,無形固定資産の取得による支出
S100YM1I,E04858,96850,ＫＹＣＯＭホールディングス株式会社,2026-03-31,7224626000.0,400000.0,,無形資産,899.0,,2,無形固定資産の取得による支出
S100YIC1,E04550,97230,株式会社京都ホテル,2026-03-31,9772113000.0,8669000.0,332000.0,無形資産,364.0,,2,無形固定資産の取得による支出
S100YKK8,E01521,62180,エンシュウ株式会社,2026-03-31,19218000000.0,17000000.0,1000000.0,無形資産,804.0,,2,無形固定資産の取得による支出
S100YLG9,E01195,53880,クニミネ工業株式会社,2026-03-31,17075489000.0,65609000.0,548071000.0,無形資産,277.0,,2,無形固定資産の取得による支出
S100YK7L,E34587,44370,ｇｏｏｄｄａｙｓホールディングス株式会社,2026-03-31,11505397000.0,108519000.0,96678000.0,無形資産,358.0,,2,無形固定資産の取得による支出
S100YKBK,E03802,,みらい證券株式会社,2026-03-31,115496000.0,,,,3.0,,2,
S100YLCH,E34018,65800,株式会社ライトアップ,2026-03-31,3529180000.0,43858000.0,58599000.0,無形資産,127.0,,2,無形固定資産の取得による支出
S100YLYD,E04343,,日本自動車ターミナル株式会社,2026-03-31,12215000000.0,,,,117.0,,2,
S100YLK4,E02871,75550,株式会社大田花き,2026-03-31,3661000000.0,9000000.0,33000000.0,無形資産,186.0,,2,無形固定資産の取得による支出
S100YL3M,E04168,,日ノ丸自動車株式会社,2026-03-31,3375410000.0,,,,323.0,,2,
S100YIE8,E02056,67870,株式会社メイコー,2026-03-31,240574000000.0,178000000.0,175000000.0,無形資産,14332.0,,2,無形固定資産の取得による支出
S100YK1Y,E31220,13840,株式会社　ホクリヨウ,2026-03-31,23107000000.0,0.0,22000000.0,無形資産,259.0,,2,無形固定資産の取得による支出
S100YKKE,E41485,548A0,株式会社システムエグゼ,2026-03-31,12411359000.0,,1995000.0,,867.0,,2,
S100YM2W,E02711,98490,株式会社共同紙販ホールディングス,2026-03-31,16446674000.0,,5170000.0,,137.0,,2,
S100YFCY,E40299,,いすゞリーシングサービス株式会社,2026-03-31,167777000000.0,397000000.0,530000000.0,無形資産,349.0,,2,無形固定資産の取得による支出
S100YLC6,E01673,62730,ＳＭＣ株式会社,2026-03-31,842541000000.0,1684000000.0,1063000000.0,無形資産,24773.0,,2,無形固定資産の取得による支出
S100YM27,E37194,73830,株式会社ネットプロテクションズホールディングス,2026-03-31,25214000000.0,1646000000.0,1484000000.0,無形資産,377.0,,2,無形資産の取得による支出
S100YLGZ,E33005,65450,株式会社インターネットインフィニティー,2026-03-31,5892513000.0,75677000.0,160631000.0,無形資産,391.0,,2,無形固定資産の取得による支出
S100YKLJ,E01764,66370,寺崎電気産業株式会社,2026-03-31,62858758000.0,,,,2219.0,,2,
S100YKFC,E32793,34770,フォーライフ株式会社,2026-03-31,17476174000.0,8671000.0,5419000.0,無形資産,115.0,,2,無形固定資産の取得による支出
S100YITA,E38031,,ロジスティード株式会社,2026-03-31,993094000000.0,,,,29242.0,,2,
S100YLZQ,E26842,31750,株式会社エー・ピーホールディングス,2026-03-31,21821782000.0,14771000.0,7100000.0,無形資産,735.0,,2,無形固定資産の取得による支出
S100YKLX,E00697,,株式会社西日本新聞社,2026-03-31,34968000000.0,962000000.0,220000000.0,無形資産,1147.0,,2,無形固定資産の取得による支出
S100YFP2,E04976,46620,株式会社フォーカスシステムズ,2026-03-31,35698834000.0,24493000.0,3497000.0,無形資産,1434.0,,2,無形固定資産の取得による支出
S100YM22,E00175,18660,北野建設株式会社,2026-03-31,78791000000.0,441000000.0,371000000.0,無形資産,1143.0,,2,無形固定資産の取得による支出
S100YL6P,E02819,,興和株式会社,2026-03-31,532269000000.0,,,,7906.0,,2,
S100YKW2,E00079,18920,徳倉建設株式会社,2026-03-31,68177000000.0,7000000.0,4000000.0,無形資産,808.0,,2,無形固定資産の取得による支出
S100YM3U,E02826,74630,株式会社アドヴァン,2026-03-31,17036444000.0,,14368000.0,,217.0,,2,
S100YJO9,E01202,52800,ヨシコン株式会社,2026-03-31,29123494000.0,,,,58.0,,2,
S100YEYH,E05145,48010,セントラルスポーツ株式会社,2026-03-31,48865000000.0,,,,890.0,,2,
S100YLQS,E04636,,株式会社　筑波ゴルフコース,2026-03-31,834464000.0,,1350000.0,,71.0,,2,
S100YL5Y,E04091,90090,京成電鉄株式会社,2026-03-31,332424000000.0,,,,13231.0,,2,
S100YLIH,E02650,81230,川辺株式会社,2026-03-31,13036404000.0,10351000.0,9086000.0,無形資産,213.0,,2,無形固定資産の取得による支出
S100YLI5,E04191,90720,ニッコンホールディングス株式会社,2026-03-31,269862000000.0,1275000000.0,832000000.0,無形資産,13746.0,,2,無形固定資産の取得による支出
S100YM5Z,E02403,64120,株式会社平和,2026-03-31,258107000000.0,264000000.0,98000000.0,無形資産,9512.0,,2,無形固定資産の取得による支出
S100YKT7,E34975,70670,ブランディングテクノロジー株式会社,2026-03-31,4795386000.0,20400000.0,,無形資産,182.0,,2,無形固定資産の取得による支出
S100YI6P,E35560,73170,株式会社松屋アールアンドディ,2026-03-31,9771382000.0,4960000.0,333855000.0,無形資産,1552.0,,2,無形固定資産の取得による支出
S100YM3K,E01766,67020,富士通株式会社,2026-03-31,3502971000000.0,,,,99203.0,,2,
S100YM56,E41152,477A0,株式会社スタートライン,2026-03-31,5599179000.0,4696000.0,5946000.0,無形資産,420.0,,2,無形固定資産の取得による支出
S100YKTN,E38965,55920,株式会社くすりの窓口,2026-03-31,12330042000.0,1568854000.0,1765053000.0,無形資産,491.0,,2,無形固定資産の取得による支出
S100YLS8,E03847,87660,東京海上ホールディングス株式会社,2026-03-31,8872277000000.0,116155000000.0,106133000000.0,無形資産,67526.0,,2,無形資産の取得による支出
S100YLFA,E01832,,株式会社リゾート＆メディカル,2026-03-31,17616000.0,,,,1.0,,2,
S100YJTH,E34487,70460,ＴＤＳＥ株式会社,2026-03-31,3005502000.0,,,,170.0,,2,
S100YKXF,E26705,,ディー・ティー・ホールディングス株式会社,2026-03-31,121599568000.0,242834000.0,99603000.0,無形資産,5730.0,,2,無形固定資産の取得による支出
S100YKJL,E02171,60420,株式会社ニッキ,2026-03-31,9269079000.0,140161000.0,245118000.0,無形資産,509.0,,2,無形固定資産の取得による支出
S100YJZ2,E31104,31990,綿半ホールディングス株式会社,2026-03-31,135451000000.0,,,,1549.0,,2,
S100YLTM,E03823,,東京海上日動火災保険株式会社,2026-03-31,8137650000000.0,91763000000.0,88654000000.0,無形資産,48838.0,,2,無形資産の取得による支出
S100YLF7,E02304,69600,フクダ電子株式会社,2026-03-31,139697000000.0,742000000.0,395000000.0,無形資産,3497.0,,2,無形固定資産の取得による支出
S100YL03,E33658,,マネックスファイナンス株式会社,2026-03-31,1672574000.0,,,,3.0,,2,
S100YL2M,E01333,58020,住友電気工業株式会社,2026-03-31,5110171000000.0,,,,302972.0,,2,
S100YL5S,E03406,27640,株式会社ひらまつ,2026-03-31,9881044000.0,,,,716.0,,2,
S100YL16,E01078,,株式会社　りゅうせき,2026-03-31,108663000000.0,105000000.0,211000000.0,無形資産,1208.0,,2,無形固定資産の取得による支出
S100YL8G,E01095,51940,相模ゴム工業株式会社,2026-03-31,5911127000.0,11930000.0,1634000.0,無形資産,737.0,,2,無形固定資産の取得による支出
S100YM8I,E03815,86980,マネックスグループ株式会社,2026-03-31,83606000000.0,4445000000.0,3656000000.0,無形資産,1122.0,,2,無形資産の取得による支出
S100YLLZ,E02172,72470,株式会社ミクニ,2026-03-31,103419000000.0,236000000.0,132000000.0,無形資産,4750.0,,2,無形固定資産の取得による支出
S100YLV9,E23871,66290,テクノホライゾン株式会社,2026-03-31,51380632000.0,6658000.0,25578000.0,無形資産,1506.0,,2,無形固定資産の取得による支出
S100YL9S,E00705,79180,株式会社ヴィア・ホールディングス,2026-03-31,17405000000.0,31000000.0,29000000.0,無形資産,383.0,,2,無形固定資産の取得による支出
S100YLFM,E05728,45710,ＮＡＮＯホールディングス株式会社,2026-03-31,174498000.0,,,,23.0,,2,
S100YJXK,E04298,,アジア開発キャピタル株式会社,2026-03-31,1173840000.0,,1500000.0,,5.0,,2,
S100YLVF,E27585,49780,株式会社リプロセル,2026-03-31,2233519000.0,,9455000.0,,101.0,,2,
S100YLTN,E02226,72730,株式会社イクヨ,2026-03-31,30144583000.0,19628000.0,9905000.0,無形資産,337.0,,2,無形固定資産の取得による支出
S100YLJD,E03233,74160,株式会社はるやまホールディングス,2026-03-31,35212653000.0,497908000.0,188939000.0,無形資産,1089.0,,2,無形固定資産の取得による支出
S100YKGC,E01097,,住友理工株式会社,2026-03-31,219864000000.0,,,,25978.0,,2,
S100YKW4,E00912,79530,菊水化学工業株式会社,2026-03-31,21602081000.0,16355000.0,33432000.0,無形資産,426.0,,2,無形固定資産の取得による支出
S100YLWX,E00711,79460,株式会社光陽社,2026-03-31,4830830000.0,700000.0,3550000.0,無形資産,172.0,,2,無形固定資産の取得による支出
S100YKQ9,E36367,73740,株式会社コンフィデンス・インターワークス,2026-03-31,9970901000.0,3390000.0,4396000.0,無形資産,1275.0,,2,無形固定資産の取得による支出
S100YM7I,E05452,17110,株式会社ＳＤＳホールディングス,2026-03-31,5251516000.0,1500000.0,,無形資産,21.0,,2,無形固定資産の取得による支出
S100YLZK,E01646,,水道機工株式会社,2026-03-31,31209000000.0,3000000.0,8000000.0,無形資産,744.0,,2,無形固定資産の取得による支出
S100YMA3,E35341,70780,ＩＮＣＬＵＳＩＶＥ　Ｈｏｌｄｉｎｇｓ株式会社,2026-03-31,4560226000.0,,,,161.0,,2,
S100YK0J,E26332,36610,株式会社エムアップホールディングス,2026-03-31,31715000000.0,174000000.0,114000000.0,無形資産,362.0,,2,無形固定資産の取得による支出
S100YI2P,E01308,57070,東邦亜鉛株式会社,2026-03-31,125550000000.0,0.0,31000000.0,無形資産,663.0,,2,無形固定資産の取得による支出
S100YM7M,E27059,60720,地盤ネットホールディングス株式会社,2026-03-31,3193573000.0,25942000.0,16463000.0,無形資産,185.0,,2,無形固定資産の取得による支出
S100YMA4,E05544,24670,株式会社ＶＬＣセキュリティ,2026-03-31,1365823000.0,12040000.0,1500000.0,無形資産,59.0,,2,無形固定資産の取得による支出
S100YL46,E35489,70840,株式会社Ｓｍｉｌｅ　Ｈｏｌｄｉｎｇｓ,2026-03-31,14517193000.0,2103000.0,7438000.0,無形資産,1316.0,,2,無形固定資産の取得による支出
S100YLAV,E11701,,株式会社日本政策投資銀行,2026-03-31,501728000000.0,2850000000.0,2613000000.0,無形資産,1955.0,,2,無形固定資産の取得による支出
S100YMC0,E27894,39090,株式会社ショーケース,2026-03-31,3261341000.0,102021000.0,219662000.0,無形資産,78.0,,2,無形固定資産の取得による支出
S100YLGY,E02210,72390,株式会社タチエス,2026-03-31,269009000000.0,,,,8790.0,,2,
S100YGDN,E40399,330A0,株式会社ＴａｌｅｎｔＸ,2026-03-31,1751453000.0,73134000.0,,無形資産,140.0,,2,無形固定資産の取得による支出
S100YMBT,E02459,78510,カワセコンピュータサプライ株式会社,2026-03-31,2797086000.0,9284000.0,1410000.0,無形資産,102.0,,2,無形固定資産の取得による支出
S100YMC7,E34326,55710,エキサイトホールディングス株式会社,2026-03-31,10796739000.0,283961000.0,224568000.0,無形資産,173.0,,2,無形固定資産の取得による支出
S100YIKS,E34507,44250,Ｋｕｄａｎ株式会社,2026-03-31,1196972000.0,,,,30.0,,2,
S100YLT7,E01718,64280,株式会社オーイズミ,2026-03-31,21720999000.0,31105000.0,4815000.0,無形資産,398.0,,2,無形固定資産の取得による支出
S100YMFF,E32405,61950,株式会社ホープ,2026-03-31,3631573000.0,14840000.0,6446000.0,無形資産,217.0,,2,無形固定資産の取得による支出
S100Y49A,E03841,,北海道建設業信用保証株式会社,2026-03-31,1842915000.0,,,,48.0,,2,
S100YFG1,E04522,,四国ガス株式会社,2026-03-31,58831497000.0,61638000.0,43126000.0,無形資産,768.0,,2,無形固定資産の取得による支出
S100YLZ7,E04115,,サンデン交通株式会社,2026-03-31,9049324000.0,33605000.0,2975000.0,無形資産,848.0,,2,無形固定資産の取得による支出
S100YLNO,E02875,75650,萬世電機株式会社,2026-03-31,26992825000.0,12331000.0,4277000.0,無形資産,188.0,,2,無形固定資産の取得による支出
S100YKK1,E05698,21460,ＵＴグループ株式会社,2026-03-31,166855000000.0,380000000.0,346000000.0,無形資産,34772.0,,2,無形固定資産の取得による支出
S100YL7D,E23973,,リーディング証券株式会社,2026-03-31,1521348000.0,1000000.0,1960000.0,無形資産,54.0,,2,無形固定資産の取得による支出
S100XQ6A,E02337,77090,クボテック株式会社,2026-03-31,2102020000.0,203320000.0,200979000.0,ソフトウェア,64.0,,2,ソフトウエアの取得による支出
S100YL0Q,E01918,,日電工業株式会社,2026-03-31,2347190000.0,,,,72.0,,2,
S100YLU6,E04141,,会津鉄道株式会社,2026-03-31,390471000.0,740000.0,4510000.0,無形資産,68.0,,2,無形固定資産の取得による支出
S100YKGZ,E02383,79800,株式会社　重松製作所,2026-03-31,15593485000.0,24803000.0,334670000.0,無形資産,399.0,,2,無形固定資産の取得による支出
S100YMIT,E02798,74260,株式会社　山大,2026-03-31,4102141000.0,2448000.0,,無形資産,102.0,,2,無形固定資産の取得による支出
S100YMIN,E02290,,大和製衡株式会社,2026-03-31,39063000000.0,57000000.0,117000000.0,無形資産,1029.0,,2,無形固定資産の取得による支出
S100YLYO,E04397,,青森放送株式会社,2026-03-31,4987000000.0,,26250000.0,,119.0,,2,
S100YJ9F,E03494,30590,ヒラキ株式会社,2026-03-31,11895863000.0,,,,234.0,,2,
S100YM6C,E02447,73990,株式会社ナンシン,2026-03-31,9777768000.0,8260000.0,2719000.0,無形資産,438.0,,2,無形固定資産の取得による支出
S100YJ4V,E23245,31560,株式会社レスター,2026-03-31,630905000000.0,1612000000.0,993000000.0,ソフトウェア,4637.0,,2,ソフトウエアの取得による支出
S100YKC9,E02845,74900,日新商事株式会社,2026-03-31,39425833000.0,25190000.0,12661000.0,無形資産,366.0,,2,無形固定資産の取得による支出
S100YM26,E04099,,長野電鉄株式会社,2026-03-31,19488485000.0,94889000.0,13389000.0,無形資産,841.0,,2,無形固定資産の取得による支出
S100YJPO,E01420,59660,京都機械工具株式会社,2026-03-31,8334366000.0,,,,248.0,,2,
S100YLMI,E03405,27630,株式会社エフティグループ,2026-03-31,31579000000.0,,,,57.0,,2,
S100YJSP,E21219,,株式会社フォレストホールディングス,2026-03-31,522401000000.0,,,,1980.0,,2,
S100YMM9,E31321,32240,株式会社ゼネラル・オイスター,2026-03-31,4304927000.0,,,,116.0,,2,
S100YMMQ,E07846,,森ビル株式会社,2026-03-31,411124000000.0,,,,4407.0,,2,
S100YLO4,E04723,,株式会社セントクリークゴルフクラブ,2026-03-31,332716000.0,,,,1.0,,2,
S100YMLD,E04374,,西日本高速道路株式会社,2026-03-31,1283362000000.0,,,,16174.0,,2,
S100YLU1,E04720,,株式会社オークモントゴルフクラブ,2026-03-31,239987000.0,,,,1.0,,2,
S100YM1B,E04722,,多治見クラシック株式会社,2026-03-31,156338000.0,,,,1.0,,2,
S100YLKC,E03281,78720,エステールホールディングス株式会社,2026-03-31,33890000000.0,,,,2875.0,,2,
S100YM2S,E04748,,株式会社メイプルポイントゴルフクラブ,2026-03-31,943215000.0,,,,47.0,,2,
S100YKML,E00965,,千寿製薬株式会社,2026-03-31,45746985000.0,147958000.0,86553000.0,無形資産,1080.0,,2,無形固定資産の取得による支出
S100YM47,E04715,,岡崎クラシック株式会社,2026-03-31,290023000.0,,,,1.0,,2,
S100YM6Q,E04735,,株式会社グレイスヒルズカントリー倶楽部,2026-03-31,132591000.0,,,,1.0,,2,
S100YM8U,E25811,,株式会社関西ゴルフ倶楽部,2026-03-31,277802000.0,,,,1.0,,2,
S100YKOH,E05528,94230,株式会社フォーバル・リアルストレート,2026-03-31,4563715000.0,1342000.0,,無形資産,114.0,,2,無形固定資産の取得による支出
S100YMI8,E04564,,株式会社　ニュー・オータニ,2026-03-31,80088000000.0,53705000000.0,66000000.0,無形資産,2174.0,,2,無形固定資産の取得による支出
S100YLWG,E05112,26560,株式会社ベクターホールディングス,2026-03-31,156486000.0,50278000.0,29413000.0,ソフトウェア,23.0,,2,ソフトウエアの取得による支出
S100YIDG,E03837,,西日本建設業保証株式会社,2026-03-31,10791753000.0,715802000.0,702275000.0,無形資産,269.0,,2,無形固定資産の取得による支出
S100YJSL,E23224,,株式会社アプラス,2026-03-31,106635000000.0,4689000000.0,4406000000.0,無形資産,1308.0,,2,無形固定資産の取得による支出
S100YLF5,E00252,,東邦電気工業株式会社,2026-03-31,38487585000.0,,,,951.0,,2,
S100YLY3,E04386,,北陸放送株式会社,2026-03-31,4026376000.0,,,,125.0,,2,
S100YMRC,E34070,70310,株式会社インバウンドテック,2026-03-31,2133609000.0,54134000.0,139891000.0,無形資産,79.0,,2,無形固定資産の取得による支出
S100YJQ4,E02598,,株式会社　新潟ケンベイ,2026-03-31,56656231000.0,,29221000.0,,151.0,,2,
S100YKBG,E00566,34090,株式会社北紡,2026-03-31,1506005000.0,,1100000.0,,148.0,,2,
S100YL9X,E30066,32930,アズマハウス株式会社,2026-03-31,11622373000.0,,,,224.0,,2,
S100YMMY,E01209,,株式会社麻生,2026-03-31,531607000000.0,2484000000.0,829000000.0,無形資産,9857.0,,2,無形固定資産の取得による支出
S100YMQ1,E02173,63560,日本ギア工業株式会社,2026-03-31,9883658000.0,21305000.0,101067000.0,無形資産,245.0,,2,無形固定資産の取得による支出
S100YML0,E03278,75240,マルシェ株式会社,2026-03-31,4767664000.0,,20909000.0,,127.0,,2,
S100YM73,E03252,74620,株式会社ＣＡＰＩＴＡ,2026-03-31,2107195000.0,,,,23.0,,2,
S100YFI5,E04137,,島原鉄道株式会社,2026-03-31,1838461000.0,420000.0,1340000.0,無形資産,201.0,,2,無形固定資産の取得による支出
S100YLD5,E02674,,日本アルコール販売株式会社,2026-03-31,62405573000.0,,,,545.0,,2,
S100YM5D,E04128,,富山地方鉄道株式会社,2026-03-31,10822000000.0,790000.0,9235000.0,無形資産,781.0,,2,無形固定資産の取得による支出
S100YM64,E02814,,日本酒類販売株式会社,2026-03-31,605922000000.0,136000000.0,195000000.0,無形資産,1003.0,,2,無形固定資産の取得による支出
S100YMAI,E00550,32050,株式会社ダイドーリミテッド,2026-03-31,32502000000.0,,,,722.0,,2,
S100YMPS,E04396,,ＲＳＫホールディングス株式会社,2026-03-31,9105486000.0,27685000.0,5904000.0,無形資産,265.0,,2,無形固定資産の取得による支出
S100YM6T,E02818,75380,株式会社大水,2026-03-31,105770000000.0,13000000.0,1000000.0,無形資産,438.0,,2,無形固定資産の取得による支出
S100YM45,E04524,,日本瓦斯株式会社,2026-03-31,33410800000.0,150938000.0,21053000.0,無形資産,442.0,,2,無形固定資産の取得による支出
S100YL35,E37829,,株式会社リージョナルプラスウイングス,2026-03-31,108801000000.0,1692000000.0,1147000000.0,無形資産,2146.0,,2,無形固定資産の取得による支出
S100YMY2,E04629,,株式会社六石ゴルフ倶楽部,2026-03-31,,,,,8.0,,2,
S100YMT7,E04385,,株式会社アイビーシー岩手放送,2026-03-31,3796000000.0,4940000.0,13888000.0,無形資産,116.0,,2,無形固定資産の取得による支出
S100YMXL,E00576,35210,テルマー湯ホールディングス株式会社,2026-03-31,2694334000.0,820000.0,1420000.0,無形資産,32.0,,2,無形固定資産の取得による支出
S100YLIN,E01234,54820,愛知製鋼株式会社,2026-03-31,304341000000.0,2352000000.0,751000000.0,無形資産,4427.0,,2,無形資産の取得による支出
S100YMS0,E02266,77210,東京計器株式会社,2026-03-31,61186000000.0,,,,1768.0,,2,
S100YMZ1,E02596,,小泉産業株式会社,2026-03-31,39256000000.0,,,,1204.0,,2,
S100YEN4,E03861,,ダイビル株式会社,2026-03-31,52506000000.0,40100000000.0,28000000.0,無形資産,2292.0,,2,無形固定資産の取得による支出
S100YMJJ,E03275,75220,ワタミ株式会社,2026-03-31,93268000000.0,252000000.0,119000000.0,無形資産,1624.0,,2,無形固定資産の取得による支出
S100YM6H,E02096,78360,アビックス株式会社,2026-03-31,5406080000.0,2000000.0,5895000.0,無形資産,65.0,,2,無形固定資産の取得による支出
S100YLE6,E00734,78630,株式会社平賀,2026-03-31,9967190000.0,,,,305.0,,2,
S100YLYF,E34065,66990,ダイヤモンドエレクトリックホールディングス株式会社,2026-03-31,96768000000.0,49000000.0,36000000.0,無形資産,3503.0,,2,無形固定資産の取得による支出
S100YM06,E41452,549A0,ヒトトヒトホールディングス株式会社,2026-03-31,20094000000.0,11000000.0,21000000.0,無形資産,402.0,,2,無形資産の取得による支出
S100YN25,E04616,,株式会社東海カントリークラブ,2026-03-31,97264000.0,,,,,,2,
S100YM8W,E02627,81050,Ｂｉｔｃｏｉｎ　Ｊａｐａｎ株式会社,2026-03-31,2959059000.0,531000.0,,無形資産,80.0,,2,無形固定資産の取得による支出
S100YN0V,E04948,94350,株式会社光通信,2026-03-31,734791000000.0,,,,4012.0,,2,
S100YMTN,E33577,65640,株式会社ミダックホールディングス,2026-03-31,11844953000.0,199932000.0,85681000.0,無形資産,364.0,,2,無形固定資産の取得による支出
S100YN30,E40034,263A0,株式会社デジタルキューブ,2026-03-31,641154000.0,8000000.0,39362000.0,無形資産,41.0,,2,無形固定資産の取得による支出
S100YN23,E05569,24790,株式会社ジェイテック,2026-03-31,3358223000.0,,,,430.0,,2,
S100YMTQ,E02008,62980,ワイエイシイホールディングス株式会社,2026-03-31,26460000000.0,36000000.0,26000000.0,無形資産,868.0,,2,無形固定資産の取得による支出
S100YME7,E02664,81410,新光商事株式会社,2026-03-31,99113000000.0,79000000.0,17000000.0,無形資産,667.0,,2,無形固定資産の取得による支出
S100YM8Y,E31542,61660,株式会社中村超硬,2026-03-31,2768084000.0,495000.0,1715000.0,無形資産,58.0,,2,無形固定資産の取得による支出
S100YN3J,E01724,64050,鈴茂器工株式会社,2026-03-31,15864553000.0,233788000.0,148896000.0,無形資産,526.0,,2,無形固定資産の取得による支出
S100YN3H,E03166,98900,株式会社マキヤ,2026-03-31,93673482000.0,,,,503.0,,2,
S100YHFW,E00585,30110,株式会社バナーズ,2026-03-31,5653524000.0,,,,98.0,,2,
S100YM41,E04823,97600,株式会社　進学会ホールディングス,2026-03-31,6705448000.0,1800000.0,,無形資産,95.0,,2,無形固定資産の取得による支出
S100YMBF,E04727,23400,株式会社　極楽湯ホールディングス,2026-03-31,16246367000.0,,,,188.0,,2,
S100YMSD,E25206,36460,株式会社駅探,2026-03-31,2992794000.0,79790000.0,96341000.0,無形資産,186.0,,2,無形固定資産の取得による支出
S100YK9I,E34406,,住友三井オートサービス株式会社,2026-03-31,446037000000.0,,,,2818.0,,2,
S100YMTV,E21553,36280,株式会社データホライゾン,2026-03-31,5141099000.0,725790000.0,578953000.0,無形資産,365.0,,2,無形固定資産の取得による支出
S100YCG3,E39737,254A0,ＡＩフュージョンキャピタルグループ株式会社,2026-03-31,3297000000.0,,,,662.0,,2,
S100YM65,E32412,71870,ジェイリース株式会社,2026-03-31,21574714000.0,142909000.0,205840000.0,無形資産,576.0,,2,無形固定資産の取得による支出
S100YN6A,E03304,75780,株式会社ニチリョク,2026-03-31,1725508000.0,,,,80.0,,2,
S100YDYA,E05719,38580,株式会社ユビキタスＡＩ,2026-03-31,3924475000.0,44701000.0,32069000.0,無形資産,199.0,,2,無形固定資産の取得による支出
S100YMG4,E03695,85180,日本アジア投資株式会社,2026-03-31,2117000000.0,,,,47.0,,2,
S100YN09,E05151,48140,ネクストウェア株式会社,2026-03-31,2875675000.0,49267000.0,73598000.0,無形資産,224.0,,2,無形固定資産の取得による支出
S100YMXX,E27032,45840,キッズウェル・バイオ株式会社,2026-03-31,6589923000.0,,,,32.0,,2,
S100YLRH,E30863,,ＪＡ三井リース株式会社,2026-03-31,648083000000.0,,,,1950.0,,2,
S100YLEZ,E01482,61040,芝浦機械株式会社,2026-03-31,132815000000.0,175000000.0,219000000.0,無形資産,3175.0,,2,無形固定資産の取得による支出
S100YMGV,E31131,39050,データセクション株式会社,2026-03-31,33605038000.0,477986000.0,927555000.0,無形資産,244.0,,2,無形固定資産の取得による支出
S100YIZC,E04393,,山口放送株式会社,2026-03-31,4928920000.0,14000.0,959000.0,無形資産,120.0,,2,無形固定資産の取得による支出
S100YMHZ,E00453,28940,石井食品株式会社,2026-03-31,10979803000.0,81179000.0,103049000.0,無形資産,405.0,,2,無形固定資産の取得による支出
S100YN9E,E02385,79850,ネポン株式会社,2026-03-31,7417643000.0,84463000.0,81908000.0,無形資産,247.0,,2,無形固定資産の取得による支出
S100YN95,E33864,65740,株式会社コンヴァノ,2026-03-31,15517066000.0,23705196000.0,,無形資産,541.0,,2,無形資産の取得による支出
S100YLXG,E25115,,株式会社新南愛知,2026-03-31,841933000.0,,,,93.0,,2,
S100YMGL,E04613,,株式会社　大利根カントリー倶楽部,2026-03-31,1483167000.0,,,,79.0,,2,
S100YM2J,E00982,,株式会社ＬＴＴバイオファーマ,2026-03-31,430451000.0,,,,12.0,,2,
S100YN6S,E03824,,三井住友海上火災保険株式会社,2026-03-31,4192201000000.0,30236000000.0,35835000000.0,無形資産,23039.0,,2,無形資産の取得による支出
S100YN9T,E31957,39250,株式会社ダブルスタンダード,2026-03-31,7010865000.0,25745000.0,7912000.0,無形資産,137.0,,2,無形固定資産の取得による支出
S100YN5G,E03833,,あいおいニッセイ同和損害保険株式会社,2026-03-31,1954769000000.0,20769000000.0,18684000000.0,無形資産,15207.0,,2,無形資産の取得による支出
S100YNCJ,E03854,87250,ＭＳ＆ＡＤインシュアランスグループホールディングス株式会社,2026-03-31,7653030000000.0,62302000000.0,66421000000.0,無形資産,46856.0,,2,無形資産の取得による支出
S100YNCK,E04112,,越後交通株式会社,2026-03-31,26131000000.0,9542000.0,8751000.0,無形資産,689.0,,2,無形固定資産の取得による支出
S100YNDU,E02483,42400,クラスターテクノロジー株式会社,2026-03-31,1299249000.0,571000.0,14380000.0,無形資産,76.0,,2,無形固定資産の取得による支出
S100YH6S,E01897,67060,電気興業株式会社,2026-03-31,35446000000.0,,,,1024.0,,2,
S100YNFT,E04161,90850,北海道中央バス株式会社,2026-03-31,38384450000.0,92364000.0,40258000.0,無形資産,2513.0,,2,無形固定資産の取得による支出
S100YNEC,E01239,54710,大同特殊鋼株式会社,2026-03-31,578129000000.0,,,,12729.0,,2,
S100YNI3,E05297,23210,株式会社ソフトフロントホールディングス,2026-03-31,960060000.0,44477000.0,20383000.0,無形資産,52.0,,2,無形固定資産の取得による支出
S100YMDA,E05031,,トヨタファイナンス株式会社,2026-03-31,304182000000.0,,,,2284.0,,2,
S100YNBV,E04206,90600,日本ロジテム株式会社,2026-03-31,71317499000.0,50990000.0,160703000.0,無形資産,3718.0,,2,無形固定資産の取得による支出
S100YKR6,E04181,,瀬戸内運輸株式会社,2026-03-31,3784030000.0,1500000.0,,無形資産,300.0,,2,無形固定資産の取得による支出
S100YNJD,E04704,46500,ＳＤエンターテイメント株式会社,2026-03-31,5155104000.0,405000.0,18150000.0,無形資産,381.0,,2,無形固定資産の取得による支出
S100YHSS,E04142,,のと鉄道株式会社,2026-03-31,190661000.0,,,,53.0,,2,
S100YNLK,E04916,96100,ウィルソン・ラーニング　ワールドワイド株式会社,2026-03-31,1921825000.0,6000.0,,無形資産,69.0,,2,無形固定資産の取得による支出
S100YNKO,E01300,57210,エスクリプトエナジー株式会社,2026-03-31,1441465000.0,,,,17.0,,2,
S100YH7L,E02045,68400,株式会社ＡＫＩＢＡホールディングス,2026-03-31,26782643000.0,20100000.0,73523000.0,無形資産,279.0,,2,無形固定資産の取得による支出
S100YN9U,E04196,,立山黒部貫光株式会社,2026-03-31,7911000000.0,,,,283.0,,2,
S100YNMH,E36338,,オリックス銀行株式会社,2026-03-31,85888000000.0,1562000000.0,1730000000.0,無形資産,926.0,,2,無形固定資産の取得による支出
S100YNBB,E33615,65620,株式会社ジーニー,2026-03-31,13376857000.0,1395834000.0,1031417000.0,無形資産,816.0,,2,無形資産の取得による支出
S100YNMW,E04655,,南国産業開発株式会社,2026-03-31,543066000.0,,,,19.0,,2,
S100YNO3,E41514,554A0,株式会社バトンズ,2026-03-31,2004484000.0,73665000.0,52324000.0,無形資産,126.0,,2,無形固定資産の取得による支出
S100YMK7,E00867,78860,ヤマト　モビリティ　＆　Ｍｆｇ．株式会社,2026-03-31,9730128000.0,7603000.0,980000.0,無形資産,321.0,,2,無形固定資産の取得による支出
S100YNIO,E01833,,株式会社サンコーシヤ,2026-03-31,18014251000.0,29429000.0,72959000.0,無形資産,623.0,,2,無形固定資産の取得による支出
S100YMR2,E04130,,北陸鉄道株式会社,2026-03-31,11907180000.0,,,,902.0,,2,
S100YNIS,E03745,21340,北浜キャピタルパートナーズ株式会社,2026-03-31,1910063000.0,9162000.0,,無形資産,38.0,,2,無形固定資産の取得による支出
S100YMZO,E04262,,新日本海フェリー株式会社,2026-03-31,65477000000.0,,,,1080.0,,2,
S100YGJH,E39483,147A0,株式会社ソラコム,2026-03-31,12423747000.0,465256000.0,306611000.0,無形資産,201.0,,2,無形固定資産の取得による支出
S100YBI7,E04980,46670,アイサンテクノロジー株式会社,2026-03-31,7593146000.0,149410000.0,160938000.0,無形資産,197.0,,2,無形固定資産の取得による支出
S100YM3V,E34736,,アクサ・ホールディングス・ジャパン株式会社,2026-03-31,,,,,,,2,
S100YNOG,E37457,71380,株式会社ＴＯＲＩＣＯ,2026-03-31,3187521000.0,7703000.0,24957000.0,無形資産,60.0,,2,無形固定資産の取得による支出
S100YNQ1,E36431,73630,株式会社ベビーカレンダー,2025-12-31,1927497000.0,,16590000.0,,74.0,,2,
S100YNPY,E03816,,株式会社ＳＢＩ証券,2026-03-31,284630000000.0,15289000000.0,18137000000.0,無形資産,2320.0,,2,無形固定資産の取得による支出
S100YNQJ,E02676,81540,加賀電子株式会社,2026-03-31,658941000000.0,758000000.0,425000000.0,無形資産,9374.0,,2,無形固定資産の取得による支出
S100YNJP,E02174,72560,河西工業株式会社,2026-03-31,196189000000.0,208000000.0,78000000.0,無形資産,7358.0,,2,無形固定資産の取得による支出
S100YNGH,E26933,60690,トレンダーズ株式会社,2026-03-31,8278331000.0,4577000.0,3818000.0,無形資産,277.0,,2,無形固定資産の取得による支出
S100YNQL,E34165,14470,ＳＡＡＦホールディングス株式会社,2026-03-31,29580675000.0,84560000.0,324699000.0,無形資産,1315.0,,2,無形固定資産の取得による支出
S100YNAN,E02565,,三国商事株式会社,2026-03-31,23796123000.0,5744000.0,29913000.0,無形資産,82.0,,2,無形固定資産の取得による支出
S100YNMZ,E03717,87460,ｕｎｂａｎｋｅｄ株式会社,2026-03-31,9394000000.0,,,,31.0,,2,
S100YNKG,E25282,19090,日本ドライケミカル株式会社,2026-03-31,60518763000.0,19563000.0,30750000.0,無形資産,1195.0,,2,無形固定資産の取得による支出
S100YNSR,E30466,36860,株式会社ディー・エル・イー,2026-03-31,1463177000.0,,825000.0,,63.0,,2,
S100YNSQ,E34082,65790,ログリー株式会社,2026-03-31,1423872000.0,,12264000.0,,34.0,,2,
S100YNAF,E03736,,株式会社日産フィナンシャルサービス,2026-03-31,54562000000.0,,,,678.0,,2,
S100YH1E,E41128,,ＰａｙＰａｙ株式会社,2026-03-31,276560000000.0,17823000000.0,17264000000.0,無形資産,4567.0,,2,無形資産の取得による支出
S100YMZU,E33595,23340,株式会社イオレ,2026-03-31,14159835000.0,20722000.0,,無形資産,83.0,,2,無形固定資産の取得による支出
S100YMEB,E34006,,大阪市高速電気軌道株式会社,2026-03-31,233339000000.0,707000000.0,3726000000.0,無形資産,6876.0,,2,無形固定資産の取得による支出
S100YNR0,E02655,81360,株式会社サンリオ,2026-03-31,194088000000.0,3240000000.0,1345000000.0,無形資産,2157.0,,2,無形固定資産の取得による支出
S100YNM9,E01245,54840,東北特殊鋼株式会社,2026-03-31,20931280000.0,14823000.0,163832000.0,無形資産,572.0,,2,無形固定資産の取得による支出
S100YNS5,E32161,39330,チエル株式会社,2026-03-31,10226074000.0,93256000.0,137009000.0,無形資産,329.0,,2,無形固定資産の取得による支出
S100YNWZ,E05070,47500,株式会社ダイサン,2026-04-20,11139339000.0,28625000.0,19164000.0,無形資産,638.0,,2,無形固定資産の取得による支出
S100YQCW,E00763,40260,神島化学工業株式会社,2026-04-30,28008000000.0,27000000.0,43000000.0,無形資産,681.0,,2,無形固定資産の取得による支出
S100YP3N,E02843,74880,株式会社ヤガミ,2026-04-20,11502261000.0,106215000.0,4679000.0,無形資産,229.0,,2,無形固定資産の取得による支出
S100YR8L,E02356,66560,インスペック株式会社,2026-04-30,2478950000.0,17272000.0,166000.0,無形資産,85.0,,2,無形固定資産の取得による支出
S100YR44,E00510,29230,サトウ食品株式会社,2026-04-30,51775084000.0,635996000.0,450887000.0,無形資産,717.0,,2,無形固定資産の取得による支出
S100YR73,E01442,59710,株式会社共和工業所,2026-04-30,10828994000.0,,,,289.0,,2,
S100YRFE,E41554,556A0,犬猫生活株式会社,2026-04-30,4494804000.0,6750000.0,,無形資産,58.0,,2,無形固定資産の取得による支出
S100YRK7,E00414,25930,株式会社伊藤園,2026-04-30,497877000000.0,,,,7945.0,,2,
S100YRR3,E00715,79010,株式会社マツモト,2026-04-30,2126156000.0,,5750000.0,,164.0,,2,
S100YRIV,E05563,30310,株式会社ラクーンホールディングス,2026-04-30,6574265000.0,194662000.0,183215000.0,無形資産,243.0,,2,無形固定資産の取得による支出
S100YR5P,E00197,18730,株式会社日本ハウスホールディングス,2026-04-30,29618000000.0,,,,891.0,,2,
S100YROC,E22016,34440,株式会社菊池製作所,2026-04-30,6093715000.0,7570000.0,16688000.0,無形資産,339.0,,2,無形固定資産の取得による支出
S100YR3G,E25884,77770,株式会社スリー・ディー・マトリックス,2026-04-30,,300000.0,702000.0,無形資産,129.0,,2,無形固定資産の取得による支出
S100YRWH,E32163,14360,株式会社グリーンエナジー＆カンパニー,2026-04-30,18358123000.0,5445000.0,26389000.0,無形資産,159.0,,2,無形固定資産の取得による支出
S100YS1Z,E33880,43820,ＨＥＲＯＺ株式会社,2026-04-30,6424647000.0,195162000.0,332364000.0,無形資産,259.0,,2,無形固定資産の取得による支出
S100YQZ2,E00578,35240,日東製網株式会社,2026-04-30,22104089000.0,5952000.0,30185000.0,無形資産,953.0,,2,無形固定資産の取得による支出
S100YRG8,E03283,22940,株式会社柿安本店,2026-04-30,36072000000.0,,,,853.0,,2,
S100YRYV,E40979,441A0,ＮＥ株式会社,2026-04-30,4068430000.0,113757000.0,132055000.0,無形資産,138.0,,2,無形固定資産の取得による支出
S100YRYL,E05483,24380,株式会社アスカネット,2026-04-30,7102763000.0,58185000.0,105599000.0,無形資産,450.0,,2,無形固定資産の取得による支出
S100YRU0,E04732,,株式会社涼仙,2026-04-30,222994000.0,,,,2.0,,2,
S100YRSR,E41010,436A0,サイバーソリューションズ株式会社,2026-04-30,3525761000.0,48268000.0,,無形資産,76.0,,2,無形資産の取得による支出
S100YS6C,E00281,17660,東建コーポレーション株式会社,2026-04-30,386537000000.0,1016000000.0,1215000000.0,無形資産,6231.0,,2,無形固定資産の取得による支出
S100YS4J,E31386,31340,Ｈａｍｅｅ株式会社,2026-04-30,22073528000.0,119520000.0,180875000.0,無形資産,368.0,,2,無形固定資産の取得による支出
S100YS74,E27215,31800,株式会社ビューティガレージ,2026-04-30,38197000000.0,82918000.0,83646000.0,無形資産,425.0,,2,無形固定資産の取得による支出
S100YSCR,E39812,272A0,株式会社グリーンクロスホールディングス,2026-04-30,29857236000.0,1653000.0,15426000.0,無形資産,1000.0,,2,無形固定資産の取得による支出
S100YSC6,E00482,29100,株式会社ロック・フィールド,2026-04-30,51096000000.0,178000000.0,344000000.0,無形資産,1590.0,,2,無形固定資産の取得による支出
S100YS8Y,E39760,215A0,株式会社タイミー,2026-04-30,21006437000.0,,,,1367.0,,2,
S100YSEA,E37573,50320,ＡＮＹＣＯＬＯＲ株式会社,2026-04-30,55681000000.0,17000000.0,108000000.0,無形資産,677.0,,2,無形固定資産の取得による支出
S100YSEQ,E35534,70950,株式会社Ｍａｃｂｅｅ　Ｐｌａｎｅｔ,2026-04-30,50579000000.0,,,,201.0,,2,
S100YSBO,E41257,500A0,株式会社ＴＯブックス,2026-04-30,11795979000.0,8316000.0,28985000.0,無形資産,149.0,,2,無形固定資産の取得による支出
S100YSCT,E02011,74350,株式会社ナ・デックス,2026-04-30,36838193000.0,261878000.0,191698000.0,無形資産,731.0,,2,無形固定資産の取得による支出
S100YS3R,E04695,,尾道ゴルフ観光株式会社,2026-04-30,273800000.0,,,,13.0,,2,
S100YSGA,E00394,25020,アサヒグループホールディングス株式会社,2025-12-31,2894676000000.0,31167000000.0,27932000000.0,無形資産,28560.0,,2,無形資産の取得による支出
S100YSDU,E03454,33610,株式会社トーエル,2026-04-30,27039083000.0,152078000.0,117781000.0,無形資産,450.0,,2,無形固定資産の取得による支出
S100YSIF,E03314,76040,株式会社　梅の花グループ,2026-04-30,29824690000.0,3270000.0,79196000.0,無形資産,607.0,,2,無形固定資産の取得による支出
S100YS8T,E02953,27510,株式会社テンポスホールディングス,2026-04-30,53408000000.0,65000000.0,46000000.0,無形資産,1306.0,,2,無形固定資産の取得による支出
S100YSPI,E34643,44310,株式会社スマレジ,2026-04-30,13345406000.0,314818000.0,160043000.0,無形資産,477.0,,2,無形固定資産の取得による支出
S100YSG1,E03436,33290,東和フードサービス株式会社,2026-04-30,13314546000.0,1512000.0,12467000.0,無形資産,214.0,,2,無形固定資産の取得による支出
S100YSTQ,E04896,96270,株式会社アインホールディングス,2026-04-30,647834000000.0,5205000000.0,4215000000.0,無形資産,17332.0,,2,無形固定資産の取得による支出
S100YSZC,E39661,186A0,株式会社アストロスケールホールディングス,2026-04-30,5940615000.0,1539109000.0,114751000.0,無形資産,593.0,,2,無形資産の取得による支出
S100YSTV,E40334,324A0,株式会社ブッキングリゾート,2026-04-30,1719387000.0,1000000.0,2124000.0,無形資産,48.0,,2,無形固定資産の取得による支出
S100YSTZ,E37468,50790,株式会社ノバック,2026-04-30,35363237000.0,,,,302.0,,2,
S100YSV9,E34657,70500,株式会社フロンティアインターナショナル,2026-04-30,29948603000.0,6820000.0,,無形資産,484.0,,2,無形固定資産の取得による支出
S100YSP4,E31060,39030,株式会社ｇｕｍｉ,2026-04-30,9183952000.0,1366269000.0,1644960000.0,無形資産,337.0,,2,無形固定資産の取得による支出
S100YSR5,E39653,184A0,株式会社学びエイド,2026-04-30,366074000.0,9650000.0,142000.0,無形資産,30.0,,2,無形固定資産の取得による支出
S100YSKW,E24248,31610,アゼアス株式会社,2026-04-30,8289681000.0,32386000.0,144135000.0,無形資産,148.0,,2,無形固定資産の取得による支出
S100YT4P,E40748,391A0,株式会社山忠,2026-04-30,5499307000.0,,,,44.0,,2,
S100YSW8,E04651,,株式会社中山カントリークラブ,2026-04-30,846534000.0,,,,40.0,,2,
S100YTBE,E05630,38230,ＴＨＥ　ＷＨＹ　ＨＯＷ　ＤＯ　ＣＯＭＰＡＮＹ株式会社,2026-04-30,2332623000.0,,,,206.0,,2,
S100YSYE,E03363,26780,アスクル株式会社,2026-05-20,400199000000.0,4581000000.0,6167000000.0,ソフトウェア,3646.0,,2,ソフトウエアの取得による支出
S100YSM2,E04192,,新潟運輸株式会社,2026-04-30,65210276000.0,81648000.0,63393000.0,無形資産,3528.0,,2,無形固定資産の取得による支出
S100YTJR,E31627,,株式会社東京クラシック,2026-04-30,1389552000.0,3000000.0,,無形資産,0.0,,2,無形固定資産の取得による支出
S100YTDH,E01329,,株式会社エルアイイーエイチ,2026-03-31,7394244000.0,10977000.0,41040000.0,無形資産,82.0,,2,無形固定資産の取得による支出
S100YTII,E00792,40880,エア・ウォーター株式会社,2026-03-31,1066795000000.0,2097000000.0,3489000000.0,無形資産,21824.0,,2,無形資産の取得による支出
S100YUHC,E32381,35440,サツドラホールディングス株式会社,2026-05-15,100571000000.0,815000000.0,550000000.0,無形資産,1099.0,,2,無形固定資産の取得による支出
S100YWGX,E34102,92780,ブックオフグループホールディングス株式会社,2026-05-31,130123000000.0,312000000.0,331000000.0,無形資産,1964.0,,2,無形固定資産の取得による支出
S100YUI9,E01856,69050,コーセル株式会社,2026-05-20,25046000000.0,96000000.0,218000000.0,無形資産,717.0,,2,無形固定資産の取得による支出
S100YW7F,E05729,21680,株式会社パソナグループ,2026-05-31,308496000000.0,3697000000.0,3421000000.0,無形資産,9028.0,,2,無形固定資産の取得による支出
S100YX88,E24129,31600,株式会社大光,2026-05-31,79549345000.0,44346000.0,40201000.0,無形資産,592.0,,2,無形固定資産の取得による支出
S100YXG0,E35765,40570,株式会社インターファクトリー,2026-05-31,2862170000.0,201975000.0,167176000.0,無形資産,163.0,,2,無形固定資産の取得による支出
S100YXMA,E05713,38560,Ａｂａｌａｎｃｅ株式会社,2026-03-31,120169000000.0,835000000.0,153000000.0,無形資産,3498.0,,2,無形固定資産の取得による支出
S100YXF5,E10737,35490,株式会社クスリのアオキホールディングス,2026-05-20,566865000000.0,1050000000.0,491000000.0,無形資産,6355.0,,2,無形固定資産の取得による支出
S100YXFQ,E34960,44430,Ｓａｎｓａｎ株式会社,2026-05-31,53761000000.0,675000000.0,470000000.0,無形資産,2336.0,,2,無形固定資産の取得による支出
S100YXNS,E21606,31480,株式会社クリエイトＳＤホールディングス,2026-05-31,497128000000.0,133000000.0,129000000.0,無形資産,5478.0,,2,無形固定資産の取得による支出
S100YXSF,E39349,137A0,Ｃｏｃｏｌｉｖｅ株式会社,2026-05-31,1447436000.0,,,,131.0,,2,
S100YXWI,E05379,27960,ファーマライズホールディングス株式会社,2026-05-31,69512000000.0,25000000.0,65000000.0,無形資産,2031.0,,2,無形固定資産の取得による支出
S100YXMM,E05162,48250,株式会社ウェザーニューズ,2026-05-31,24479267000.0,29423000.0,38776000.0,無形資産,1105.0,,2,無形固定資産の取得による支出
S100YXLE,E05289,23030,株式会社ドーン,2026-05-31,1734668000.0,,,,66.0,,2,
S100YXZQ,E38684,58850,株式会社ジーデップ・アドバンス,2026-05-31,6949010000.0,19550000.0,23795000.0,無形資産,34.0,,2,無形固定資産の取得による支出
S100YY0V,E05027,47160,日本オラクル株式会社,2026-05-31,285073000000.0,,,,2097.0,,2,
S100YXXI,E00059,18870,日本国土開発株式会社,2026-05-31,135207000000.0,198000000.0,136000000.0,無形資産,1104.0,,2,無形固定資産の取得による支出
S100YXUM,E00006,13770,株式会社　サカタのタネ,2026-05-31,104280000000.0,499000000.0,706000000.0,無形資産,3108.0,,2,無形固定資産の取得による支出
S100YXYC,E36638,73700,株式会社Ｅｎｊｉｎ,2026-05-31,2699018000.0,,10059000.0,,149.0,,2,
S100YY3G,E05527,24590,アウンコンサルティング株式会社,2026-05-31,254531000.0,,,,21.0,,2,
S100YY3Q,E03424,27920,株式会社ハニーズホールディングス,2026-05-31,56182022000.0,36031000.0,37763000.0,無形資産,6921.0,,2,無形固定資産の取得による支出
S100YXKH,E02323,77130,シグマ光機株式会社,2026-05-31,11439434000.0,15008000.0,15218000.0,無形資産,547.0,,2,無形固定資産の取得による支出
S100YXXB,E31306,14300,ファーストコーポレーション株式会社,2026-05-31,36417480000.0,2480000.0,5295000.0,無形資産,199.0,,2,無形固定資産の取得による支出
S100YY3A,E05313,89080,株式会社毎日コムネット,2026-05-31,27055729000.0,241215000.0,264458000.0,無形資産,268.0,,2,無形固定資産の取得による支出
S100YYGF,E30598,32970,株式会社東武住販,2026-05-31,7745109000.0,,,,125.0,,2,
S100YYE5,E34995,70680,フィードフォースグループ株式会社,2026-05-31,4912000000.0,,7000000.0,,206.0,,2,
S100YYHK,E03423,27910,大黒天物産株式会社,2026-05-31,319208000000.0,7000000.0,31000000.0,無形資産,2038.0,,2,無形固定資産の取得による支出
S100YXFY,E33393,92650,ヤマシタヘルスケアホールディングス株式会社,2026-05-31,64149000000.0,29000000.0,31000000.0,無形資産,617.0,,2,無形固定資産の取得による支出
S100YYAI,E37399,92160,ビーウィズ株式会社,2026-05-31,36322000000.0,92000000.0,269000000.0,無形資産,793.0,,2,無形固定資産の取得による支出
S100YYIN,E03169,98120,株式会社テーオーホールディングス,2026-05-31,23543532000.0,,,,440.0,,2,
S100YYIV,E03465,30210,株式会社パシフィックネット,2026-05-31,10457406000.0,7300000.0,21459000.0,無形資産,259.0,,2,無形固定資産の取得による支出
S100YYF7,E00687,38920,株式会社岡山製紙,2026-05-31,11221529000.0,,,,204.0,,2,
S100YYK8,E33800,29340,ジェイフロンティア株式会社,2026-05-31,22235985000.0,9882000.0,23200000.0,無形資産,201.0,,2,無形固定資産の取得による支出
S100YY0T,E04764,97650,株式会社オオバ,2026-05-31,17011233000.0,9506000.0,4262000.0,無形資産,535.0,,2,無形固定資産の取得による支出
S100YY6D,E02842,74870,小津産業株式会社,2026-05-31,10739904000.0,62030000.0,5407000.0,無形資産,245.0,,2,無形固定資産の取得による支出
S100YYBG,E36350,48850,室町ケミカル株式会社,2026-05-31,7840931000.0,5094000.0,7404000.0,無形資産,199.0,,2,無形固定資産の取得による支出
S100YYMC,E38662,55750,株式会社Ｇｌｏｂｅｅ,2026-05-31,2045895000.0,194280000.0,190200000.0,無形資産,49.0,,2,無形固定資産の取得による支出
S100YYKZ,E31454,60470,株式会社Ｇｕｎｏｓｙ,2026-05-31,6441000000.0,67000000.0,,無形資産,205.0,,2,無形固定資産の取得による支出
S100YYH7,E33254,65520,株式会社ＧａｍｅＷｉｔｈ,2026-05-31,4047000000.0,105276000.0,40556000.0,無形資産,178.0,,2,無形固定資産の取得による支出
S100YYKB,E41409,523A0,株式会社セイワホールディングス,2026-05-31,8011000000.0,,,,351.0,,2,
S100YYMP,E00890,44650,株式会社ニイタカ,2026-05-31,24619486000.0,83407000.0,100737000.0,無形資産,380.0,,2,無形固定資産の取得による支出
S100YYLT,E05706,21530,Ｅ・Ｊホールディングス株式会社,2026-05-31,46586000000.0,380000000.0,346000000.0,無形資産,2144.0,,2,無形固定資産の取得による支出
S100YYOS,E01742,65050,東洋電機製造株式会社,2026-05-31,40480000000.0,44000000.0,71000000.0,無形資産,1195.0,,2,無形固定資産の取得による支出
S100YYNO,E00710,79210,株式会社ＴＡＫＡＲＡ　＆　ＣＯＭＰＡＮＹ,2026-05-31,31154957000.0,994908000.0,648690000.0,無形資産,1284.0,,2,無形固定資産の取得による支出
S100YYFP,E01649,64960,株式会社中北製作所,2026-05-31,29254158000.0,,,,511.0,,2,
S100YYSK,E39165,58690,株式会社早稲田学習研究会,2026-05-31,7951022000.0,2395000.0,3050000.0,無形資産,401.0,,2,無形固定資産の取得による支出
S100YYEO,E00004,13760,カネコ種苗株式会社,2026-05-31,67733605000.0,47031000.0,48011000.0,無形資産,677.0,,2,無形固定資産の取得による支出
S100YYEW,E04873,96510,日本プロセス株式会社,2026-05-31,12119440000.0,11736000.0,7828000.0,無形資産,780.0,,2,無形固定資産の取得による支出
S100YYRG,E36840,40760,株式会社シイエヌエス,2026-05-31,7774309000.0,,8850000.0,,258.0,,2,
S100YYTC,E39671,205A0,株式会社ロゴスホールディングス,2026-05-31,49502925000.0,11300000.0,23902000.0,無形資産,725.0,,2,無形固定資産の取得による支出
S100YYS4,E24982,36450,株式会社メディカルネット,2026-05-31,6732047000.0,,,,290.0,,2,
S100YYIA,E05641,38240,メディアファイブ株式会社,2026-05-31,1795757000.0,,9248000.0,,230.0,,2,
S100YYNI,E24187,45770,ダイト株式会社,2026-05-31,50650000000.0,1368000000.0,241000000.0,無形資産,1085.0,,2,無形固定資産の取得による支出
S100YYRV,E02480,37910,株式会社ＩＧポート,2026-05-31,14064526000.0,28467000.0,70949000.0,無形資産,544.0,,2,無形固定資産の取得による支出
S100YYQX,E40147,277A0,グロービング株式会社,2026-05-31,11512844000.0,103404000.0,320920000.0,無形資産,298.0,,2,無形資産の取得による支出
S100YYFR,E27305,14190,タマホーム株式会社,2026-05-31,197740000000.0,30000000.0,16000000.0,無形資産,3308.0,,2,無形固定資産の取得による支出
S100YXP8,E36637,41980,株式会社テンダ,2026-05-31,5131278000.0,60100000.0,69536000.0,無形資産,360.0,,2,無形固定資産の取得による支出
S100YYUS,E40189,340A0,株式会社ジグザグ,2026-05-31,1500339000.0,17413000.0,,無形資産,60.0,,2,無形固定資産の取得による支出
S100YYQQ,E03386,27220,株式会社ＩＫホールディングス,2026-05-31,14568370000.0,20034000.0,16297000.0,無形資産,177.0,,2,無形固定資産の取得による支出
S100YYQB,E00323,14010,株式会社エムビーエス,2026-05-31,5029712000.0,4437000.0,,無形資産,103.0,,2,無形固定資産の取得による支出
S100YYN7,E26831,59320,三協立山株式会社,2026-05-31,357533000000.0,,,,9542.0,,2,
S100YYGU,E27855,60830,ＥＲＩホールディングス株式会社,2026-05-31,24704390000.0,,,,1768.0,,2,
S100YYT8,E40879,463A0,株式会社インテリックスホールディングス,2026-05-31,58471441000.0,,,,318.0,,2,
S100YYDI,E03446,33490,株式会社コスモス薬品,2026-05-31,1099583000000.0,,,,5984.0,,2,
S100YYO2,E40662,372A0,株式会社レント,2026-05-31,52945301000.0,104388000.0,100685000.0,無形資産,1752.0,,2,無形固定資産の取得による支出
S100YYV1,E40500,402A0,株式会社アクセルスペースホールディングス,2026-05-31,2508363000.0,34520000.0,10095000.0,無形資産,218.0,,2,無形固定資産の取得による支出
S100YYOW,E40854,464A0,株式会社ＱＰＳホールディングス,2026-05-31,3803000000.0,45000000.0,,無形資産,72.0,,2,無形固定資産の取得による支出
S100YYY4,E33497,78080,株式会社シー・エス・ランバー,2026-05-31,20381927000.0,,,,320.0,,2,
S100YYVJ,E02968,33210,ミタチ産業株式会社,2026-05-31,120327839000.0,9894000.0,51909000.0,無形資産,624.0,,2,無形固定資産の取得による支出
S100YZ0G,E41309,505A0,株式会社ギークリー,2026-05-31,9783346000.0,,,,449.0,,2,
S100YXXZ,E05449,37600,株式会社ケイブ,2026-05-31,12002947000.0,860110000.0,1085350000.0,無形資産,209.0,,2,無形固定資産の取得による支出
S100YYF5,E34644,76730,ダイコー通産株式会社,2026-05-31,21983891000.0,,,,140.0,,2,
S100YYJX,E02336,77250,株式会社インターアクション,2026-05-31,4822080000.0,48857000.0,37846000.0,無形資産,123.0,,2,無形固定資産の取得による支出
S100YYVN,E00574,35010,ＳＵＭＩＮＯＥ株式会社,2026-05-31,107633000000.0,325000000.0,344000000.0,無形資産,2986.0,,2,無形固定資産の取得による支出
S100YYUD,E34663,44300,東海ソフト株式会社,2026-05-31,12285207000.0,1514000.0,1324000.0,無形資産,795.0,,2,無形固定資産の取得による支出
S100YZ0T,E05169,48290,日本エンタープライズ株式会社,2026-05-31,4466872000.0,82780000.0,127974000.0,無形資産,225.0,,2,無形固定資産の取得による支出
S100YZ31,E03409,27690,株式会社ヴィレッジヴァンガードコーポレーション,2026-05-31,23353000000.0,34000000.0,34000000.0,無形資産,330.0,,2,無形固定資産の取得による支出
S100YZ4E,E39708,198A0,ＰｏｓｔＰｒｉｍｅ株式会社,2026-05-31,553635000.0,,,,20.0,,2,
S100YYT4,E31379,60440,株式会社三機サービス,2026-05-31,24253454000.0,17332000.0,24930000.0,無形資産,631.0,,2,無形固定資産の取得による支出
S100YZ57,E39646,189A0,株式会社Ｄ＆Ｍカンパニー,2026-05-31,1624119000.0,1480000.0,,無形資産,68.0,,2,無形固定資産の取得による支出
S100YZ9G,E04601,,新橋演舞場株式会社,2026-05-31,531593000.0,,,,9.0,,2,
S100YZ7E,E04767,,互助会保証株式会社,2026-05-31,1390000000.0,111150000.0,,無形資産,22.0,,2,無形固定資産の取得による支出
S100YZ2B,E00866,78880,三光合成株式会社,2026-05-31,97979000000.0,,,,2867.0,,2,
S100YXGH,E05600,,モジュレ株式会社,2026-05-31,620129000.0,,,,17.0,,2,
S100YYYH,E04685,,株式会社金太郎温泉,2026-05-31,1352000000.0,,,,122.0,,2,
S100YZDE,E01380,59670,ＴＯＮＥ株式会社,2026-05-31,7859934000.0,,,,149.0,,2,
S100YZ4M,E01508,61500,タケダ機械株式会社,2026-05-31,5079148000.0,65530000.0,45721000.0,無形資産,175.0,,2,無形固定資産の取得による支出
S100YZF9,E04064,32360,株式会社プロパスト,2026-05-31,29465000000.0,,,,167.0,,2,
S100YZCT,E05536,24620,ライク株式会社,2026-05-31,67315520000.0,36231000.0,67225000.0,無形資産,5482.0,,2,無形固定資産の取得による支出
S100YZC8,E05601,38100,サイバーステップホールディングス株式会社,2026-05-31,2142000000.0,,,,224.0,,2,
S100YZFP,E03989,88870,株式会社シーラホールディングス,2026-05-31,39331000000.0,,,,227.0,,2,
S100YYQN,E01059,49230,コタ株式会社,2026-03-31,9604030000.0,117926000.0,22499000.0,無形資産,395.0,,2,無形固定資産の取得による支出
S100YZC3,E05450,24370,Ｓｈｉｎｗａ　Ｗｉｓｅ　Ｈｏｌｄｉｎｇｓ株式会社,2026-05-31,1577885000.0,,11000000.0,,36.0,,2,
S100YZEV,E37627,192A0,インテグループ株式会社,2026-05-31,1558064000.0,,6800000.0,,65.0,,2,
S100YZBZ,E40516,353A0,エレベーターコミュニケーションズ株式会社,2026-05-31,4551442000.0,47537000.0,8940000.0,無形資産,248.0,,2,無形固定資産の取得による支出
S100Z0JO,E39505,208A0,株式会社構造計画研究所ホールディングス,2026-06-30,22453238000.0,81986000.0,75642000.0,無形資産,764.0,,2,無形固定資産の取得による支出
S100YZFU,E41784,581A0,ＧＯ株式会社,2026-05-31,41446000000.0,750000000.0,693000000.0,無形資産,606.0,,2,無形固定資産の取得による支出
S100Z0VF,E42126,00000,クラサスケミカル株式会社,2025-12-31,,,,,,,2,
S100Z0OS,E33416,92670,Ｇｅｎｋｙ　ＤｒｕｇＳｔｏｒｅｓ株式会社,2026-06-20,220638000000.0,42000000.0,15000000.0,無形資産,1973.0,,2,無形固定資産の取得による支出
S100Z1WR,E03196,99420,株式会社ジョイフル,2026-06-30,72726000000.0,,,,1037.0,,2,
S100Z29T,E02398,79620,株式会社キングジム,2026-06-20,39134788000.0,169790000.0,486874000.0,無形資産,1661.0,,2,無形固定資産の取得による支出
S100Z1T7,E30501,31910,株式会社ジョイフル本田,2026-06-20,132817000000.0,447000000.0,,無形資産,1973.0,,2,無形固定資産の取得による支出
S100Z2OT,E33026,39840,株式会社ユーザーローカル,2026-06-30,5343213000.0,13803000.0,,無形資産,121.0,,2,無形固定資産の取得による支出
S100Z2CK,E05163,48260,株式会社ＣＩＪ,2026-06-30,29424871000.0,38497000.0,35091000.0,無形資産,1765.0,,2,無形固定資産の取得による支出
S100Z2BE,E34064,43850,株式会社メルカリ,2026-06-30,229293000000.0,3686000000.0,863000000.0,無形資産,2065.0,,2,無形資産の取得による支出
S100Z2EI,E30071,60900,ヒューマン・メタボローム・テクノロジーズ株式会社,2026-06-30,1421944000.0,23305000.0,,無形資産,65.0,,2,無形固定資産の取得による支出
S100Z32B,E37740,92270,マイクロ波化学株式会社,2026-06-30,1057759000.0,15544000.0,4470000.0,無形資産,49.0,,2,無形固定資産の取得による支出
S100Z2KC,E05191,48470,株式会社インテリジェント　ウェイブ,2026-06-30,17247009000.0,607000000.0,1351727000.0,無形資産,534.0,,2,無形固定資産の取得による支出
S100Z32U,E05576,24810,株式会社タウンニュース社,2026-06-30,3987635000.0,20038000.0,39502000.0,無形資産,187.0,,2,無形固定資産の取得による支出
S100Z2QT,E27868,56980,株式会社エンビプロ・ホールディングス,2026-06-30,44430241000.0,51817000.0,28797000.0,無形資産,620.0,,2,無形固定資産の取得による支出
S100Z38F,E05663,38360,株式会社アバントグループ,2026-06-30,30481393000.0,70623000.0,56484000.0,無形資産,1883.0,,2,無形固定資産の取得による支出
S100Z2Z6,E34071,92730,コーア商事ホールディングス株式会社,2026-06-30,24678859000.0,,,,318.0,,2,
S100Z2G0,E38687,91590,株式会社Ｗ　ＴＯＫＹＯ,2026-06-30,4375733000.0,1000000.0,450000.0,無形資産,60.0,,2,無形固定資産の取得による支出
S100Z33X,E34288,43980,株式会社ブロードバンドセキュリティ,2026-06-30,6779831000.0,,,,254.0,,2,
S100Z35K,E05695,21540,株式会社オープンアップグループ,2026-06-30,167483000000.0,312000000.0,267000000.0,無形資産,26862.0,,2,無形資産の取得による支出
S100Z35T,E33110,65480,株式会社旅工房,2026-06-30,4766885000.0,,,,105.0,,2,
S100Z37I,E36393,93460,株式会社ココルポート,2026-06-30,7112619000.0,5567000.0,3510000.0,無形資産,854.0,,2,無形固定資産の取得による支出
S100Z3DI,E40439,603A0,株式会社アイ・グリッド・ソリューションズ,2026-06-30,25699624000.0,332113000.0,476808000.0,無形資産,153.0,,2,無形固定資産の取得による支出
S100Z2XO,E02492,78210,前田工繊株式会社,2026-06-30,71389000000.0,105000000.0,69000000.0,無形資産,1425.0,,2,無形固定資産の取得による支出
S100Z33F,E02338,77070,プレシジョン・システム・サイエンス株式会社,2026-06-30,5216912000.0,600000.0,497000.0,無形資産,129.0,,2,無形固定資産の取得による支出
S100Z2S2,E05570,94210,株式会社エヌジェイホールディングス,2026-06-30,9949963000.0,,,,868.0,,2,
S100Z2TG,E36666,40730,株式会社ジィ・シィ企画,2026-06-30,2252030000.0,116118000.0,210479000.0,無形資産,113.0,,2,無形固定資産の取得による支出
S100Z383,E33838,65710,キュービーネットホールディングス株式会社,2026-06-30,27154000000.0,218000000.0,135000000.0,無形資産,2725.0,,2,無形資産の取得による支出
S100Z3E4,E33392,78090,株式会社壽屋,2026-06-30,16777186000.0,27722000.0,,無形資産,209.0,,2,無形固定資産の取得による支出
S100Z3JA,E02491,34390,株式会社三ツ知,2026-06-30,12570107000.0,155841000.0,62076000.0,無形資産,458.0,,2,無形固定資産の取得による支出
S100Z3FH,E40715,378A0,株式会社ヒット,2026-06-30,5159325000.0,45381000.0,400000.0,無形資産,108.0,,2,無形固定資産の取得による支出
S100Z3CO,E31575,62390,株式会社ナガオカ,2026-06-30,7468151000.0,7617000.0,4021000.0,無形資産,227.0,,2,無形固定資産の取得による支出
S100Z3AF,E38693,91650,株式会社クオルテック,2026-06-30,4306885000.0,6600000.0,6242000.0,無形資産,261.0,,2,無形固定資産の取得による支出
S100Z3L9,E36621,73690,株式会社メイホーホールディングス,2026-06-30,13564073000.0,,,,605.0,,2,
S100Z3LJ,E40689,559A0,梅乃宿酒造株式会社,2026-06-30,3091141000.0,,810000.0,,71.0,,2,
S100Z39B,E02039,68740,協立電機株式会社,2026-06-30,37006542000.0,22011000.0,170794000.0,無形資産,867.0,,2,無形固定資産の取得による支出
S100Z3JY,E05367,23850,株式会社総医研ホールディングス,2026-06-30,3871358000.0,214000.0,685000.0,無形資産,45.0,,2,無形固定資産の取得による支出
S100Z3O7,E00009,13810,株式会社アクシーズ,2026-06-30,29244000000.0,0.0,19000000.0,無形資産,1290.0,,2,無形固定資産の取得による支出
S100Z359,E01666,63400,澁谷工業株式会社,2026-06-30,135613000000.0,182000000.0,201000000.0,無形資産,3437.0,,2,無形固定資産の取得による支出
S100Z3HP,E03331,76360,株式会社ハンズマン,2026-06-30,35251000000.0,,,,179.0,,2,
S100Z35F,E02058,67850,株式会社鈴木,2026-06-30,40445777000.0,127202000.0,87966000.0,無形資産,1127.0,,2,無形固定資産の取得による支出
S100Z3O3,E00329,14140,ショーボンドホールディングス株式会社,2026-06-30,89204000000.0,,,,1068.0,,2,
S100Z3PM,E38512,55300,日本システムバンク株式会社,2026-06-30,8094455000.0,7668000.0,62476000.0,無形資産,195.0,,2,無形固定資産の取得による支出
S100Z3NV,E00476,29040,一正蒲鉾株式会社,2026-06-30,35542412000.0,46788000.0,21194000.0,無形資産,938.0,,2,無形固定資産の取得による支出
S100Z37J,E04069,32420,株式会社アーバネットコーポレーション,2026-06-30,39394808000.0,9580000.0,7749000.0,無形資産,98.0,,2,無形固定資産の取得による支出
S100Z3PS,E38139,93400,株式会社アソインターナショナル,2026-06-30,4166118000.0,5514000.0,3116000.0,無形資産,332.0,,2,無形固定資産の取得による支出
S100Z3BW,E31622,78120,株式会社クレステック,2026-06-30,18273423000.0,13641000.0,4157000.0,無形資産,1361.0,,2,無形固定資産の取得による支出
S100Z3IZ,E05100,47670,株式会社テー・オー・ダブリュー,2026-06-30,18682892000.0,2200000.0,800000.0,無形資産,300.0,,2,無形固定資産の取得による支出
S100Z3R0,E38155,95650,ＧＬＯＥ株式会社,2026-06-30,1923312000.0,14826000.0,56504000.0,無形資産,103.0,,2,無形固定資産の取得による支出
S100Z3CG,E32988,65470,株式会社グリーンズ,2026-06-30,53998000000.0,219000000.0,105000000.0,無形資産,898.0,,2,無形固定資産の取得による支出
S100Z3JM,E05137,94440,株式会社トーシンホールディングス,2026-05-08,340951000.0,,,,94.0,,2,
S100Z3RZ,E36659,40680,ベイシス株式会社,2026-06-30,8427008000.0,34236000.0,35468000.0,無形資産,560.0,,2,無形固定資産の取得による支出
S100Z3H2,E02324,68880,アクモス株式会社,2026-06-30,7499000000.0,24447000.0,20626000.0,無形資産,546.0,,2,無形固定資産の取得による支出
S100Z3CP,E30880,33000,株式会社アンビションＤＸホールディングス,2026-06-30,54131222000.0,104573000.0,105665000.0,無形資産,417.0,,2,無形固定資産の取得による支出
S100Z3MW,E05564,24770,手間いらず株式会社,2026-06-30,2414083000.0,,,,44.0,,2,
S100Z3QG,E05458,24280,ウェルネット株式会社,2026-06-30,10059578000.0,258216000.0,243452000.0,無形資産,137.0,,2,無形固定資産の取得による支出
S100Z39P,E05239,43260,株式会社インテージホールディングス,2026-06-30,67099910000.0,1535750000.0,1074723000.0,無形資産,3320.0,,2,無形固定資産の取得による支出
S100Z3DU,E03404,27620,株式会社ＳＡＮＫＯ　ＭＡＲＫＥＴＩＮＧ　ＦＯＯＤＳ,2026-06-30,10570000000.0,1000000.0,2000000.0,無形資産,282.0,,2,無形固定資産の取得による支出
S100Z3PT,E31284,34570,株式会社Ａｎｄ　Ｄｏホールディングス,2026-06-30,49617000000.0,284000000.0,433000000.0,無形資産,525.0,,2,無形固定資産の取得による支出
S100Z32V,E01991,69200,レーザーテック株式会社,2026-06-30,230485000000.0,299000000.0,210000000.0,無形資産,1335.0,,2,無形固定資産の取得による支出
S100Z2YO,E03475,30280,株式会社アルペン,2026-06-30,285954000000.0,695000000.0,655000000.0,無形資産,3275.0,,2,無形固定資産の取得による支出
S100Z3JC,E01068,49760,東洋ドライルーブ株式会社,2026-06-30,5412705000.0,27921000.0,270340000.0,無形資産,532.0,,2,無形固定資産の取得による支出
S100Z33V,E38898,39580,笹徳印刷株式会社,2026-06-30,12223565000.0,16263000.0,1528000.0,無形資産,389.0,,2,無形固定資産の取得による支出
S100Z3FV,E31036,60300,株式会社アドベンチャー,2026-06-30,25634193000.0,19854000.0,12505000.0,無形資産,518.0,,2,無形資産の取得による支出
S100Z3TN,E38525,141A0,株式会社トライアルホールディングス,2026-06-30,1347109000000.0,2125000000.0,1545000000.0,無形資産,9434.0,,2,無形固定資産の取得による支出
S100Z3D3,E38460,52560,株式会社Ｆｕｓｉｃ,2026-06-30,2407050000.0,,,,146.0,,2,
S100Z3SN,E33854,73200,Ｓｏｌｖｖｙ株式会社,2026-06-30,7679206000.0,374125000.0,370017000.0,無形資産,324.0,,2,無形固定資産の取得による支出
S100Z3BY,E05597,30410,株式会社ビューティカダンホールディングス,2026-06-30,7302607000.0,,,,248.0,,2,
S100Z3ME,E03528,30970,株式会社物語コーポレーション,2026-06-30,151689000000.0,619000000.0,324000000.0,無形資産,2347.0,,2,無形固定資産の取得による支出
S100Z3AD,E33839,94500,株式会社ファイバーゲート,2026-06-30,13664000000.0,26000000.0,15000000.0,無形資産,250.0,,2,無形固定資産の取得による支出
S100Z3FB,E36750,62270,ＡＩメカテック株式会社,2026-06-30,35244230000.0,1588000.0,3819000.0,無形資産,249.0,,2,無形固定資産の取得による支出
S100Z3TC,E39645,197A0,株式会社タウンズ,2026-06-30,14369220000.0,226471000.0,440353000.0,無形資産,350.0,,2,無形固定資産の取得による支出
S100Z3GH,E38979,29380,株式会社オカムラ食品工業,2026-06-30,42726000000.0,15000000.0,14000000.0,無形資産,902.0,,2,無形固定資産の取得による支出
S100Z3ST,E37796,95570,株式会社エアークローゼット,2026-06-30,5175679000.0,,,,81.0,,2,
S100Z38M,E02920,34260,アトムリビンテック株式会社,2026-06-30,10506652000.0,40517000.0,256476000.0,無形資産,119.0,,2,無形固定資産の取得による支出
S100Z3BG,E36969,71350,ジャパンクラフトホールディングス株式会社,2026-06-30,14041061000.0,24941000.0,78160000.0,無形資産,223.0,,2,無形固定資産の取得による支出
S100Z3YV,E38523,29620,株式会社テクニスコ,2026-06-30,3745882000.0,,,,244.0,,2,
S100Z3I1,E01219,53800,新東株式会社,2026-06-30,4261802000.0,,,,65.0,,2,
S100Z3WK,E31614,14310,株式会社Ｌｉｂ　Ｗｏｒｋ,2026-06-30,15679974000.0,19034000.0,9880000.0,無形資産,323.0,,2,無形固定資産の取得による支出
S100Z3V1,E05505,89450,サンネクスタグループ株式会社,2026-06-30,8881471000.0,3269000.0,21708000.0,無形資産,692.0,,2,無形固定資産の取得による支出
S100Z42G,E03280,75320,株式会社パン・パシフィック・インターナショナルホールディングス,2026-06-30,2445260000000.0,16028000000.0,13461000000.0,無形資産,17784.0,,2,無形固定資産の取得による支出
S100Z3CI,E30164,,株式会社日本能率協会マネジメントセンター,2026-06-30,18427753000.0,531134000.0,669759000.0,無形資産,632.0,,2,無形固定資産の取得による支出
S100Z42D,E36412,50740,テスホールディングス株式会社,2026-06-30,51217000000.0,957000000.0,103000000.0,無形資産,526.0,,2,無形固定資産の取得による支出
S100Z429,E34111,43960,株式会社システムサポートホールディングス,2026-06-30,31091716000.0,426200000.0,33743000.0,無形資産,1992.0,,2,無形固定資産の取得による支出
S100Z44N,E31602,77810,株式会社平山ホールディングス,2026-06-30,37815385000.0,3320000.0,31965000.0,無形資産,3529.0,,2,無形固定資産の取得による支出
S100Z42X,E02100,66620,株式会社ユビテック,2026-06-30,1304138000.0,68120000.0,117672000.0,無形資産,78.0,,2,無形固定資産の取得による支出
S100Z3WJ,E00607,35970,株式会社自重堂,2026-06-30,13275260000.0,,,,179.0,,2,
S100Z45U,E03006,30760,あいホールディングス株式会社,2026-06-30,85024000000.0,412000000.0,401000000.0,無形資産,2648.0,,2,無形固定資産の取得による支出
S100Z461,E37175,44180,株式会社ＪＤＳＣ,2026-06-30,22833889000.0,,,,263.0,,2,
S100Z3VX,E03512,30820,株式会社きちりホールディングス,2026-06-30,16730706000.0,764000.0,907000.0,無形資産,702.0,,2,無形固定資産の取得による支出
S100Z3UE,E41917,598A0,チャットプラス株式会社,2026-06-30,1221129000.0,33480000.0,9195000.0,無形資産,22.0,,2,無形固定資産の取得による支出
S100Z3S0,E36478,73750,株式会社リファインバースグループ,2026-06-30,4464428000.0,30194000.0,24033000.0,無形資産,227.0,,2,無形固定資産の取得による支出
S100Z3C1,E36312,40180,株式会社Ｇｅｏｌｏｃａｔｉｏｎ　Ｔｅｃｈｎｏｌｏｇｙ,2026-06-30,710496000.0,55898000.0,337000.0,無形資産,39.0,,2,無形固定資産の取得による支出
S100Z3KY,E01589,67280,株式会社　アルバック,2026-06-30,269130000000.0,,,,5613.0,,2,
S100Z3F1,E22012,36320,グリーホールディングス株式会社,2026-06-30,51324000000.0,,,,1474.0,,2,
S100Z39X,E35578,44950,株式会社アイキューブドシステムズ,2026-06-30,4440721000.0,289401000.0,234863000.0,無形資産,221.0,,2,無形固定資産の取得による支出
S100Z45A,E05470,95140,株式会社エフオン,2026-06-30,20737000000.0,3000000.0,,無形資産,297.0,,2,無形固定資産の取得による支出
S100Z45E,E37546,92190,株式会社ギックス,2026-06-30,2765460000.0,,,,137.0,,2,
S100Z3T5,E26301,36600,株式会社アイスタイル,2026-06-30,81807000000.0,1802000000.0,1348000000.0,無形資産,1395.0,,2,無形固定資産の取得による支出
S100Z46T,E03306,75850,株式会社かんなん丸,2026-06-30,1882212000.0,,,,104.0,,2,
S100Z2RN,E34045,43910,ロジザード株式会社,2026-06-30,2436465000.0,306823000.0,214463000.0,無形資産,147.0,,2,無形固定資産の取得による支出
S100Z404,E26446,60610,株式会社ユニバーサル園芸社,2026-06-30,22506792000.0,15081000.0,71057000.0,無形資産,997.0,,2,無形固定資産の取得による支出
S100Z43C,E04740,,株式会社リオフジワラカントリー,2026-06-30,425059000.0,,,,6.0,,2,
S100Z3J0,E39668,196A0,株式会社ＭＦＳ,2026-06-30,8317996000.0,,,,80.0,,2,
S100Z483,E31216,60360,ＫｅｅＰｅｒ技研株式会社,2026-06-30,25959981000.0,26388000.0,49168000.0,無形資産,1232.0,,2,無形固定資産の取得による支出
S100Z46V,E37815,50340,株式会社ｕｎｅｒｒｙ,2026-06-30,4879542000.0,113025000.0,,無形資産,161.0,,2,無形固定資産の取得による支出
