社名,証券コード,上場区分,業種,都道府県,所在地,決算期末,ソフトウェア投資(円),前期ソフトウェア投資(円),前期比,投資額の根拠,投資額の項目名（有報の表記）,売上高(円),投資/売上,従業員数,1人あたり投資(円)
株式会社コンヴァノ,6574,上場,サービス業,東京都,渋谷区桜丘町２２－１４　Ｎ．Ｅ．Ｓ．ビルＳ棟Ｂ３Ｆ,2026-03-31,23705196000.0,,,無形資産,無形資産の取得による支出,15517066000.0,1.527685452907141,541.0,43817367.83733826
ダイビル株式会社,,非上場,不動産業,大阪府,大阪市北区中之島３丁目６番３２号,2026-03-31,40100000000.0,28000000.0,1431.142857142857,無形資産,無形固定資産の取得による支出,52506000000.0,0.7637222412676646,2292.0,17495636.9982548
株式会社　ニュー・オータニ,,非上場,サービス業,東京都,千代田区紀尾井町４番１号,2026-03-31,53705000000.0,66000000.0,812.7121212121212,無形資産,無形固定資産の取得による支出,80088000000.0,0.6705748676455898,2174.0,24703311.8675253
株式会社デジタルガレージ,4819,上場,情報・通信業,東京都,渋谷区恵比寿南三丁目５番７号,2026-03-31,5641000000.0,4008000000.0,0.407435129740519,無形資産,無形資産の取得による支出,10171000000.0,0.5546160652836496,1383.0,4078814.17208966
インフォメティス株式会社,281A,上場,情報・通信業,東京都,港区芝公園一丁目８番２０号,2025-12-31,264751000.0,318094000.0,-0.1676957125881029,無形資産,無形固定資産の取得による支出,530019000.0,0.4995122816351867,38.0,6967131.578947368
株式会社Ｓｙｎｓｐｅｃｔｉｖｅ,290A,上場,情報・通信業,東京都,江東区三好三丁目１０番３号,2025-12-31,712167000.0,26788000.0,25.585299387785575,無形資産,無形固定資産の取得による支出,2376506000.0,0.2996697672970319,228.0,3123539.4736842103
ＧＶＡ　ＴＥＣＨ株式会社,298A,上場,情報・通信業,東京都,渋谷区代々木３ー３７ー５ー２階,2025-12-31,429672000.0,360036000.0,0.19341399193414,無形資産,無形固定資産の取得による支出,1483813000.0,0.2895728774447993,69.0,6227130.434782608
株式会社アストロスケールホールディングス,186A,上場,サービス業,東京都,墨田区錦糸四丁目１７番１号,2026-04-30,1539109000.0,114751000.0,12.412597711566784,無形資産,無形資産の取得による支出,5940615000.0,0.2590824350677497,593.0,2595462.0573355816
ダイナミックマッププラットフォーム株式会社,336A,上場,情報・通信業,東京都,渋谷区渋谷二丁目１２番４号,2026-03-31,1461000000.0,2375000000.0,-0.3848421052631579,無形資産,無形固定資産の取得による支出,5686000000.0,0.256946887091101,210.0,6957142.857142857
株式会社すららネット,3998,上場,情報・通信業,東京都,千代田区内神田一丁目１４番１０号,2025-12-31,483007000.0,414762000.0,0.16454014591500665,無形資産,無形固定資産の取得による支出,1932007000.0,0.25000271738145874,104.0,4644298.076923077
リスクモンスター株式会社,3768,上場,情報・通信業,東京都,中央区日本橋二丁目１６番５号　ＲＭＧビル,2026-03-31,925379000.0,902155000.0,0.025742804728677404,無形資産,無形固定資産の取得による支出,3824037000.0,0.24199007488682772,185.0,5002048.6486486485
モビルス株式会社,4370,上場,情報・通信業,東京都,品川区東五反田２丁目２２番９号住友不動産大崎ツインビル西館９階,2025-08-31,444146000.0,,,無形資産,無形固定資産の取得による支出,1854738000.0,0.2394656280294036,109.0,4074733.9449541285
ビープラッツ株式会社,4381,上場,情報・通信業,東京都,千代田区神田練塀町３番地,2026-03-31,169463000.0,307751000.0,-0.4493502864328629,無形資産,無形固定資産の取得による支出,727157000.0,0.23304870887579987,43.0,3941000.0
株式会社カブ＆ピース,,非上場,サービス業,東京都,港区六本木一丁目４番５号,2026-01-31,1709882000.0,,,無形資産,無形固定資産の取得による支出,8026248000.0,0.21303627797197394,176.0,9715238.636363637
株式会社ブロードリーフ,3673,上場,情報・通信業,東京都,品川区東品川四丁目１３番１４号,2025-12-31,4432924000.0,4553200000.0,-0.02641570763419132,無形資産,無形資産の取得による支出,20815301000.0,0.21296468400817264,924.0,4797536.796536797
株式会社キッズスター,248A,上場,情報・通信業,東京都,渋谷区神泉町９番５号,2025-12-31,246119000.0,,,無形資産,無形固定資産の取得による支出,1157139000.0,0.21269614108590237,72.0,3418319.4444444445
株式会社ＥＬＥＭＥＮＴＳ,5246,上場,情報・通信業,東京都,中央区日本橋本町３－９－４日本橋ライフサイエンスビルディング６,2025-11-30,772147000.0,298360000.0,1.5879709076283683,無形資産,無形固定資産の取得による支出,3895112000.0,0.1982348646200674,103.0,7496572.815533981
株式会社エイトレッド,3969,上場,情報・通信業,東京都,渋谷区渋谷二丁目１５番１号,2026-03-31,541332000.0,451285000.0,0.1995346621314691,無形資産,無形固定資産の取得による支出,2902765000.0,0.18648839985324336,89.0,6082382.02247191
株式会社いい生活,3796,上場,情報・通信業,東京都,港区南麻布５丁目２番３２号　興和広尾ビル,2026-03-31,598918000.0,640104000.0,-0.06434266931623611,無形資産,無形固定資産の取得による支出,3232180000.0,0.18529846728833171,216.0,2772768.5185185187
Ｊトラスト株式会社,8508,上場,その他金融業,東京都,渋谷区恵比寿四丁目２０番３号,2025-12-31,623000000.0,578000000.0,0.07785467128027679,無形資産,無形資産の取得による支出,3389000000.0,0.18383003835939804,3100.0,200967.74193548388
株式会社ココペリ,4167,上場,情報・通信業,東京都,千代田区紀尾井町３番１２号,2026-03-31,312261000.0,290398000.0,0.07528633117307981,無形資産,無形固定資産の取得による支出,1758338000.0,0.1775887229872755,118.0,2646279.661016949
株式会社ｖｉｓｕｍｏ,303A,上場,その他製品,東京都,渋谷区神宮前六丁目１０番１１号原宿ソフィアビル４階,2026-03-31,171260000.0,106116000.0,0.6138942289569904,無形資産,無形固定資産の取得による支出,973156000.0,0.17598411765431235,50.0,3425200.0
勤次郎株式会社,4013,上場,情報・通信業,東京都,千代田区外神田四丁目１４番１号,2025-12-31,930785000.0,729625000.0,0.2757032722288848,無形資産,無形固定資産の取得による支出,5370470000.0,0.1733153709079466,321.0,2899641.744548287
日本住宅ローン株式会社,,非上場,その他金融業,東京都,渋谷区代々木二丁目１番１号,2026-03-31,1927925000.0,2095285000.0,-0.07987457553507038,無形資産,無形固定資産の取得による支出,11429971000.0,0.16867278140950664,170.0,11340735.294117646
株式会社トランザクション・メディア・ネットワークス,5258,上場,情報・通信業,東京都,中央区日本橋二丁目１１番２号,2026-03-31,2222584000.0,1918202000.0,0.15868088970817462,無形資産,無形固定資産の取得による支出,13276989000.0,0.16740120821068694,491.0,4526647.65784114
株式会社マネーフォワード,3994,上場,情報・通信業,東京都,港区芝浦３－１－２１ｍｓｂ　Ｔａｍａｃｈｉ田町ステーションタワーＳ　２１Ｆ,2025-11-30,8318153000.0,6205448000.0,0.340459705729546,無形資産,無形固定資産の取得による支出,50349943000.0,0.16520680073063837,2839.0,2929958.7883057413
株式会社エフアンドエム,4771,上場,サービス業,,吹田市江坂町１丁目２３番３８号,2026-03-31,3417144000.0,2571698000.0,0.3287501098496013,無形資産,無形固定資産の取得による支出,20807672000.0,0.16422519539908165,990.0,3451660.606060606
日本情報クリエイト株式会社,4054,上場,情報・通信業,,都城市上町１３街区１８号,2025-06-30,773770000.0,459546000.0,0.6837705039321418,無形資産,無形固定資産の取得による支出,5075325000.0,0.15245723180288948,306.0,2528660.1307189544
ブレインズテクノロジー株式会社,4075,上場,情報・通信業,東京都,港区高輪三丁目２３番１７号,2025-07-31,188463000.0,232350000.0,-0.18888315041962556,無形資産,無形固定資産の取得による支出,1255876000.0,0.15006497456755286,73.0,2581684.9315068494
株式会社ｇｕｍｉ,3903,上場,情報・通信業,東京都,新宿区西新宿四丁目３４番７号,2026-04-30,1366269000.0,1644960000.0,-0.16942114093959737,無形資産,無形固定資産の取得による支出,9183952000.0,0.1487670013954777,337.0,4054210.6824925817
日本通信株式会社,9424,上場,情報・通信業,東京都,港区虎ノ門四丁目１番２８号,2026-03-31,1698827000.0,545680000.0,2.113229365195719,無形資産,無形固定資産の取得による支出,11633829000.0,0.1460247524697157,156.0,10889916.666666666
株式会社データホライゾン,3628,上場,情報・通信業,広島県,広島市西区草津新町一丁目２１番３５号　広島ミクシス・ビル,2026-03-31,725790000.0,578953000.0,0.25362507837423753,無形資産,無形固定資産の取得による支出,5141099000.0,0.1411740952664012,365.0,1988465.7534246575
株式会社博報堂ＤＹホールディングス,2433,上場,サービス業,東京都,港区赤坂五丁目３番１号,2026-03-31,8051000000.0,12761000000.0,-0.36909333124363297,無形資産,無形固定資産の取得による支出,58457000000.0,0.13772516550626956,28921.0,278379.0325369109
株式会社朝日ネット,3834,上場,情報・通信業,東京都,中央区銀座四丁目１２番１５号,2026-03-31,1851000000.0,1435000000.0,0.28989547038327523,無形資産,無形固定資産の取得による支出,13517000000.0,0.13693866982318562,220.0,8413636.363636363
株式会社ハンモック,173A,上場,情報・通信業,東京都,新宿区大久保一丁目３番２１号,2026-03-31,668923000.0,560733000.0,0.19294387881576447,無形資産,無形固定資産の取得による支出,4889796000.0,0.13679977651419406,218.0,3068454.128440367
株式会社オプティム,3694,上場,情報・通信業,,佐賀市本庄町１,2026-03-31,1539121000.0,1571625000.0,-0.020681778414061824,無形資産,無形固定資産の取得による支出,11731804000.0,0.1311921849359229,417.0,3690937.649880096
株式会社第一ライフグループ,8750,上場,保険業,東京都,千代田区有楽町一丁目１３番１号,2026-03-31,42618000000.0,44347000000.0,-0.038987981148668416,無形資産,無形固定資産の取得による支出,334518000000.0,0.12740121607805857,60138.0,708670.0588646114
株式会社くすりの窓口,5592,上場,情報・通信業,東京都,豊島区池袋二丁目４３番１号,2026-03-31,1568854000.0,1765053000.0,-0.11115756863958193,無形資産,無形固定資産の取得による支出,12330042000.0,0.12723833381913865,491.0,3195221.99592668
ロジザード株式会社,4391,上場,情報・通信業,東京都,中央区日本橋人形町三丁目３番６号,2026-06-30,306823000.0,214463000.0,0.43065703641187514,無形資産,無形固定資産の取得による支出,2436465000.0,0.1259295741986854,147.0,2087231.2925170069
株式会社デジタルプラス,3691,上場,情報・通信業,東京都,渋谷区元代々木町３０番１３号,2025-09-30,114498000.0,82580000.0,0.3865100508597723,無形資産,無形資産の取得による支出,933135000.0,0.12270250285328489,31.0,3693483.870967742
シリウスビジョン株式会社,6276,上場,機械,神奈川県,横浜市港北区新横浜二丁目４番１７,2025-12-31,244640000.0,192233000.0,0.272622286496075,無形資産,無形固定資産の取得による支出,2064763000.0,0.11848333198531745,85.0,2878117.6470588236
株式会社アルファクス・フード・システム,,非上場,情報・通信業,,宇部市西本町二丁目１４番３０号,2025-09-30,137159000.0,194039000.0,-0.29313694669628265,無形資産,無形固定資産の取得による支出,1170516000.0,0.1171782359233022,79.0,1736189.8734177216
フリー株式会社,4478,上場,情報・通信業,東京都,東京都品川区大崎一丁目２番２号,2025-06-30,3832520000.0,,,無形資産,無形固定資産の取得による支出,33270601000.0,0.11519238861961045,1901.0,2016054.7080483956
Ａｐｐｉｅｒ　Ｇｒｏｕｐ株式会社,4180,上場,情報・通信業,東京都,港区愛宕二丁目５番１号　愛宕グリーンヒルズＭＯＲＩタワー４０階,2025-12-31,5034000000.0,4191000000.0,0.2011453113815318,無形資産,無形資産の取得による支出,43737000000.0,0.11509705741134509,791.0,6364096.08091024
株式会社ホットリンク,3680,上場,サービス業,東京都,千代田区富士見１－３－１１,2025-12-31,412644000.0,401064000.0,0.028873197295194775,無形資産,無形資産の取得による支出,3651137000.0,0.11301794482102424,136.0,3034147.0588235296
株式会社メディア工房,3815,上場,情報・通信業,東京都,港区六本木七丁目１５番９号,2025-08-31,198083000.0,134164000.0,0.47642437613666866,無形資産,無形固定資産の取得による支出,1873495000.0,0.10572913191655169,59.0,3357338.9830508474
株式会社ｐｌｕｓｚｅｒｏ,5132,上場,情報・通信業,東京都,世田谷区北沢２－６－１０仙田ビル４階,2025-10-31,161898000.0,90000000.0,0.7988666666666666,無形資産,無形固定資産の取得による支出,1546369000.0,0.10469558042097327,113.0,1432725.6637168142
株式会社フライトソリューションズ,3753,上場,情報・通信業,東京都,渋谷区恵比寿４－６－１,2026-03-31,306204000.0,282344000.0,0.08450684271668596,無形資産,無形固定資産の取得による支出,2927500000.0,0.10459573014517506,110.0,2783672.727272727
株式会社ジーニー,6562,上場,情報・通信業,東京都,新宿区西新宿６－８－１,2026-03-31,1395834000.0,1031417000.0,0.35331684469036295,無形資産,無形資産の取得による支出,13376857000.0,0.10434693291555706,816.0,1710580.8823529412
ソーシャルワイヤー株式会社,3929,上場,情報・通信業,東京都,港区芝浦三丁目９番１号　芝浦ルネサイトタワー６階,2026-03-31,364647000.0,234950000.0,0.5520195786337518,無形資産,無形固定資産の取得による支出,3513186000.0,0.10379382133482258,153.0,2383313.725490196
デジタルアーツ株式会社,2326,上場,情報・通信業,東京都,千代田区大手町一丁目５番１号,2026-03-31,1115000000.0,1046000000.0,0.06596558317399626,無形資産,無形固定資産の取得による支出,10835000000.0,0.10290724503922473,279.0,3996415.770609319
株式会社アドバンスト・メディア,3773,上場,情報・通信業,東京都,豊島区東池袋三丁目１番１号　サンシャイン６０　４２階,2026-03-31,716639000.0,561609000.0,0.2760461459841277,無形資産,無形固定資産の取得による支出,7063091000.0,0.10146251832236057,286.0,2505730.769230769
住友ゴム工業株式会社,5110,上場,ゴム製品,兵庫県,神戸市中央区脇浜町３丁目６番９号,2025-12-31,120177000000.0,15440000000.0,6.78348445595855,無形資産,無形資産の取得による支出,1207061000000.0,0.09956166258374681,37671.0,3190172.811977383
クボテック株式会社,7709,上場,精密機器,大阪府,大阪市北区中之島四丁目３番３６号玉江橋ビル内,2026-03-31,203320000.0,200979000.0,0.011647983122614836,ソフトウェア,ソフトウエアの取得による支出,2102020000.0,0.09672600641287904,64.0,3176875.0
ポーターズ株式会社,5126,上場,情報・通信業,東京都,港区赤坂８－５－３４,2025-12-31,206000000.0,194000000.0,0.061855670103092786,無形資産,無形固定資産の取得による支出,2137000000.0,0.09639681796911559,144.0,1430555.5555555555
株式会社ぐるなび,2440,上場,サービス業,東京都,千代田区有楽町一丁目１番２号,2026-03-31,1347906000.0,622289000.0,1.1660450369522843,ソフトウェア,ソフトウエアの取得による支出,14132741000.0,0.0953747047370358,777.0,1734756.7567567567
株式会社Ｇｌｏｂｅｅ,5575,上場,情報・通信業,東京都,港区東麻布一丁目７番３号,2026-05-31,194280000.0,190200000.0,0.021451104100946417,無形資産,無形固定資産の取得による支出,2045895000.0,0.09496088508941075,49.0,3964897.9591836734
協和キリン株式会社,4151,上場,医薬品,東京都,千代田区大手町一丁目９番２号,2025-12-31,45804000000.0,79231000000.0,-0.42189294594287585,無形資産,無形資産の取得による支出,496826000000.0,0.09219324270468937,5161.0,8875024.220112382
小野薬品工業株式会社,4528,上場,医薬品,大阪府,大阪市中央区道修町二丁目１番５号,2026-03-31,47246000000.0,2559000000.0,17.462680734661976,無形資産,無形資産の取得による支出,515785000000.0,0.09160018224647867,4206.0,11233000.475511175
ソースネクスト株式会社,4344,上場,情報・通信業,東京都,千代田区三番町３番地８,2025-12-31,849039000.0,1252597000.0,-0.32217704497136745,ソフトウェア,ソフトウエアの取得による支出,9274295000.0,0.0915475515928704,163.0,5208828.220858896
株式会社セルシス,3663,上場,情報・通信業,東京都,新宿区西新宿４丁目１５番７号,2025-12-31,864587000.0,,,無形資産,無形固定資産の取得による支出,9471638000.0,0.0912816769390891,260.0,3325334.6153846155
株式会社アイリッジ,3917,上場,情報・通信業,東京都,港区麻布台一丁目１１番９号,2026-03-31,635258000.0,501586000.0,0.2664986662307163,無形資産,無形固定資産の取得による支出,7084115000.0,0.08967358660891304,273.0,2326952.380952381
株式会社トレードワークス,3997,上場,情報・通信業,東京都,港区赤坂五丁目２番２０号,2025-12-31,451619000.0,123365000.0,2.6608357313662707,無形資産,無形固定資産の取得による支出,5052458000.0,0.08938599786480164,270.0,1672662.962962963
株式会社スマートドライブ,5137,上場,情報・通信業,東京都,千代田区有楽町一丁目１番２号,2025-09-30,252768000.0,191583000.0,0.3193654969386637,無形資産,無形固定資産の取得による支出,2878647000.0,0.08780791809485498,111.0,2277189.189189189
ディップ株式会社,2379,上場,サービス業,東京都,港区六本木三丁目２番１号,2026-02-28,4739543000.0,4994366000.0,-0.0510220916929196,無形資産,無形固定資産の取得による支出,54852760000.0,0.08640482265614347,2663.0,1779775.8167480286
株式会社エックスネット,4762,上場,情報・通信業,東京都,新宿区荒木町１３番地４,2026-03-31,474929000.0,506267000.0,-0.0619001436001162,無形資産,無形固定資産の取得による支出,5658343000.0,0.08393428959679539,208.0,2283312.5
エンカレッジ・テクノロジ株式会社,3682,上場,情報・通信業,東京都,中央区日本橋浜町三丁目３番２号,2026-03-31,214153000.0,219325000.0,-0.02358144306394616,無形資産,無形固定資産の取得による支出,2584637000.0,0.0828561225425466,124.0,1727040.322580645
株式会社インフォマート,2492,上場,サービス業,東京都,港区海岸一丁目２番３号,2025-12-31,1553584000.0,1850002000.0,-0.16022577272889438,無形資産,無形固定資産の取得による支出,18817130000.0,0.08256221857424591,856.0,1814934.5794392524
株式会社ＦＲＯＮＴＥＯ,2158,上場,サービス業,東京都,港区港南二丁目１２番２３号,2026-03-31,625130000.0,200906000.0,2.1115546574019692,無形資産,無形固定資産の取得による支出,7643356000.0,0.08178737193452719,272.0,2298272.0588235296
ポート株式会社,7047,上場,情報・通信業,東京都,新宿区西新宿八丁目１７番１号,2026-03-31,2357000000.0,1786000000.0,0.31970884658454657,無形資産,無形資産の取得による支出,29100000000.0,0.08099656357388316,1032.0,2283914.7286821706
互助会保証株式会社,,非上場,サービス業,東京都,港区西新橋一丁目１８番１２号,2026-05-31,111150000.0,,,無形資産,無形固定資産の取得による支出,1390000000.0,0.07996402877697842,22.0,5052272.7272727275
株式会社プロシップ,3763,上場,情報・通信業,東京都,千代田区飯田橋三丁目８番５号,2026-03-31,669134000.0,270613000.0,1.4726602195755563,無形資産,無形固定資産の取得による支出,8374549000.0,0.07990089973800381,259.0,2583528.9575289576
株式会社エクサウィザーズ,4259,上場,情報・通信業,東京都,港区芝浦４丁目２－８住友不動産三田ファーストビル５階,2026-03-31,948000000.0,869000000.0,0.09090909090909083,無形資産,無形固定資産の取得による支出,11996000000.0,0.07902634211403801,624.0,1519230.7692307692
トレンドマイクロ株式会社,4704,上場,情報・通信業,東京都,新宿区新宿四丁目１番６号　ＪＲ新宿ミライナタワー,2025-12-31,21699000000.0,23720000000.0,-0.08520236087689714,無形資産,無形固定資産の取得による支出,275984000000.0,0.07862412313757319,6717.0,3230460.0267976774
株式会社メタプラネット,3350,上場,卸売業,東京都,港区六本木六丁目１０番１号,2025-12-31,698000000.0,76000000.0,8.18421052631579,無形資産,無形固定資産の取得による支出,8905000000.0,0.07838293093767547,35.0,19942857.14285714
株式会社ＡＳＪ,2351,上場,情報・通信業,,川口市栄町三丁目２番１６号,2026-03-31,208318000.0,259772000.0,-0.19807369539442277,無形資産,無形資産の取得による支出,2661959000.0,0.07825740366399332,144.0,1446652.7777777778
株式会社ミロク情報サービス,9928,上場,情報・通信業,東京都,新宿区四谷四丁目２９番地１,2026-03-31,3649000000.0,4241000000.0,-0.13958971940580056,無形資産,無形固定資産の取得による支出,48926000000.0,0.07458202182888443,2342.0,1558070.025619129
株式会社セブン銀行,8410,上場,銀行業,東京都,千代田区丸の内１－６－１丸の内センタービルディング,2026-03-31,16327000000.0,21856000000.0,-0.2529740117130308,無形資産,無形固定資産の取得による支出,220025000000.0,0.07420520395409612,1393.0,11720746.590093324
リンカーズ株式会社,5131,上場,情報・通信業,東京都,文京区後楽二丁目３番２１号,2025-07-31,100930000.0,,,無形資産,無形固定資産の取得による支出,1360735000.0,0.07417314907017164,102.0,989509.8039215687
テクミラホールディングス株式会社,3627,上場,情報・通信業,東京都,千代田区神田須田町１丁目２３番地１,2026-02-28,766080000.0,510004000.0,0.5021058658363464,無形資産,無形固定資産の取得による支出,10405091000.0,0.07362549736470349,501.0,1529101.7964071857
ＫＬａｂ株式会社,3656,上場,情報・通信業,東京都,港区六本木六丁目１０番１号　六本木ヒルズ森タワー,2025-12-31,492426000.0,1925985000.0,-0.7443251115662894,無形資産,無形固定資産の取得による支出,6856276000.0,0.07182120439725588,322.0,1529273.291925466
株式会社ケイブ,3760,上場,情報・通信業,東京都,目黒区上目黒二丁目１番地１号,2026-05-31,860110000.0,1085350000.0,-0.2075275256829594,無形資産,無形固定資産の取得による支出,12002947000.0,0.07165823526505616,209.0,4115358.851674641
株式会社アドバンテッジリスクマネジメント,8769,上場,保険業,東京都,目黒区上目黒二丁目１番１号,2026-03-31,710197000.0,721110000.0,-0.01513361345703157,無形資産,無形固定資産の取得による支出,9923752000.0,0.07156537164572432,535.0,1327471.0280373832
株式会社ｉ－ｐｌｕｇ,4177,上場,情報・通信業,大阪府,大阪市北区大深町５番５４号,2026-03-31,407948000.0,317300000.0,0.2856854711629373,無形資産,無形固定資産の取得による支出,5756915000.0,0.07086225869237256,357.0,1142711.4845938375
ＳＯＭＰＯホールディングス株式会社,8630,上場,保険業,東京都,新宿区西新宿一丁目２６番１号,2026-03-31,25194000000.0,32425000000.0,-0.2230069390902082,無形資産,無形資産の取得による支出,355869000000.0,0.07079571415324178,55702.0,452299.73789091955
エン株式会社,4849,上場,サービス業,東京都,新宿区西新宿六丁目５番１号,2026-03-31,4182000000.0,3767000000.0,0.11016724183700566,無形資産,無形固定資産の取得による支出,59093000000.0,0.07076980353002894,3191.0,1310560.9526794108
株式会社インターファクトリー,4057,上場,情報・通信業,東京都,千代田区富士見二丁目１０番２号,2026-05-31,201975000.0,167176000.0,0.20815786955065319,無形資産,無形固定資産の取得による支出,2862170000.0,0.0705670872100539,163.0,1239110.4294478528
株式会社エヌ・ティ・ティ・データ・イントラマート,3850,上場,情報・通信業,東京都,港区赤坂四丁目１５番１号,2026-03-31,1033005000.0,1140986000.0,-0.09463832159202656,無形資産,無形固定資産の取得による支出,14656789000.0,0.07047962551688504,508.0,2033474.409448819
株式会社ブイキューブ,3681,非上場,情報・通信業,東京都,港区白金一丁目１７番３号,2025-12-31,685161000.0,1129202000.0,-0.3932343371690805,無形資産,無形固定資産の取得による支出,9859467000.0,0.06949270178600933,344.0,1991747.0930232557
株式会社プラネット,2391,上場,サービス業,東京都,港区浜松町一丁目３１番,2025-07-31,219587000.0,304235000.0,-0.27823228754088125,ソフトウェア,ソフトウエアの取得による支出,3162307000.0,0.06943886219775626,46.0,4773630.434782608
ＧＭＯグローバルサイン・ホールディングス株式会社,3788,上場,情報・通信業,東京都,渋谷区桜丘町２６番１号セルリアンタワー,2025-12-31,1432329000.0,1431561000.0,0.0005364773139251433,無形資産,無形固定資産の取得による支出,20670761000.0,0.06929251419432501,962.0,1488907.4844074843
株式会社システム　ディ,3804,上場,情報・通信業,京都府,京都市中京区烏丸通三条上る場之町６０３番地,2025-10-31,348536000.0,383993000.0,-0.09233762073787799,ソフトウェア,ソフトウエアの取得による支出,5032292000.0,0.06925989191406222,290.0,1201848.2758620689
プロパティデータバンク株式会社,4389,上場,情報・通信業,東京都,港区浜松町一丁目３０番５号,2026-03-31,257082000.0,276119000.0,-0.06894491143311399,無形資産,無形固定資産の取得による支出,3721215000.0,0.06908550030030514,76.0,3382657.8947368423
松井証券株式会社,8628,上場,証券、商品先物取引業,東京都,千代田区麹町一丁目４番地,2026-03-31,3599000000.0,3236000000.0,0.11217552533992592,無形資産,無形固定資産の取得による支出,52660000000.0,0.06834409418913787,227.0,15854625.550660793
楽天銀行株式会社,5838,上場,銀行業,東京都,港区港南二丁目１６番５号,2026-03-31,17401000000.0,13388000000.0,0.29974604123095316,無形資産,無形固定資産の取得による支出,255579000000.0,0.06808462354105775,1186.0,14672006.745362563
株式会社ミンカブ・ジ・インフォノイド,4436,上場,情報・通信業,東京都,千代田区九段北一丁目８番１０号,2026-03-31,587547000.0,1271049000.0,-0.5377463811387287,無形資産,無形固定資産の取得による支出,8780577000.0,0.06691439526126813,236.0,2489605.9322033897
西日本建設業保証株式会社,,非上場,保険業,大阪府,大阪市西区立売堀二丁目１番２号,2026-03-31,715802000.0,702275000.0,0.01926168523726468,無形資産,無形固定資産の取得による支出,10791753000.0,0.06632861222824503,269.0,2660973.977695167
Ｒｅｔｔｙ株式会社,7356,上場,サービス業,東京都,港区芝公園２丁目１０番１号　住友不動産芝園ビル２階,2025-09-30,107752000.0,,,無形資産,無形固定資産の取得による支出,1630179000.0,0.06609826282880592,87.0,1238528.735632184
株式会社ウィルズ,4482,上場,情報・通信業,東京都,港区虎ノ門二丁目３番１７号虎ノ門２丁目タワー,2025-12-31,399270000.0,192367000.0,1.0755638960944447,無形資産,無形固定資産の取得による支出,6051801000.0,0.06597540137225266,115.0,3471913.0434782607
株式会社ヌーラボ,5033,上場,サービス業,福岡県,福岡市中央区大名一丁目８番６号,2026-03-31,289183000.0,104118000.0,1.7774544267081582,無形資産,無形固定資産の取得による支出,4393663000.0,0.06581820226084704,207.0,1397019.3236714976
株式会社ネットプロテクションズホールディングス,7383,上場,情報・通信業,東京都,千代田区麹町四丁目２番地６,2026-03-31,1646000000.0,1484000000.0,0.10916442048517516,無形資産,無形資産の取得による支出,25214000000.0,0.06528119298802253,377.0,4366047.74535809
株式会社アイキューブドシステムズ,4495,上場,情報・通信業,福岡県,福岡市中央区天神四丁目１番３７号,2026-06-30,289401000.0,234863000.0,0.23221197038273367,無形資産,無形固定資産の取得による支出,4440721000.0,0.06516982264816908,221.0,1309506.7873303168
ＰａｙＰａｙ株式会社,,非上場,サービス業,東京都,千代田区紀尾井町１番３号,2026-03-31,17823000000.0,17264000000.0,0.032379518072289226,無形資産,無形資産の取得による支出,276560000000.0,0.06444532831935204,4567.0,3902561.8567987736
株式会社ラキール,4074,上場,情報・通信業,東京都,港区愛宕二丁目５番１号,2025-12-31,497585000.0,477488000.0,0.042089015849613,無形資産,無形固定資産の取得による支出,7728364000.0,0.06438426036868863,490.0,1015479.5918367347
サイバートラスト株式会社,4498,上場,情報・通信業,東京都,港区赤坂一丁目１２番３２号　アーク森ビル３１階,2026-03-31,536470000.0,419969000.0,0.2774038083763326,無形資産,無形固定資産の取得による支出,8360306000.0,0.06416870387280083,286.0,1875769.2307692308
株式会社インバウンドプラットフォーム,5587,上場,情報・通信業,東京都,港区新橋六丁目１４番５号,2025-09-30,188365000.0,,,無形資産,無形固定資産の取得による支出,3006963000.0,0.06264293907174781,63.0,2989920.634920635
株式会社ネクストジェン,3842,上場,情報・通信業,東京都,港区白金一丁目２７号６番,2026-03-31,265656000.0,258188000.0,0.02892465955040513,無形資産,無形固定資産の取得による支出,4256981000.0,0.062404788745827146,148.0,1794972.972972973
株式会社センチュリー２１・ジャパン,8898,上場,不動産業,東京都,港区北青山２－１２－１６北青山吉川ビル７Ｆ,2026-03-31,267268000.0,57153000.0,3.6763599461095655,無形資産,無形固定資産の取得による支出,4300314000.0,0.062150810382683684,93.0,2873849.4623655914
株式会社ＣＣＩグループ,7381,上場,銀行業,,金沢市広岡二丁目１２番６号,2026-03-31,10307000000.0,5971000000.0,0.726176519845922,無形資産,無形固定資産の取得による支出,167102000000.0,0.06168088951658269,1950.0,5285641.025641026
株式会社トリドリ,9337,上場,サービス業,東京都,渋谷区円山町２８番１号,2025-12-31,330953000.0,96627000.0,2.425057178635371,ソフトウェア,ソフトウエアの取得による支出,5372804000.0,0.0615978174524885,136.0,2433477.9411764704
ミーク株式会社,332A,上場,情報・通信業,東京都,渋谷区渋谷三丁目１０番１３号,2026-03-31,437251000.0,,,無形資産,無形固定資産の取得による支出,7150453000.0,0.061150111748164766,77.0,5678584.415584415
ｒａｋｕｍｏ株式会社,4060,上場,情報・通信業,東京都,千代田区麹町３－２,2025-12-31,111843000.0,61385000.0,0.8219923434063696,無形資産,無形固定資産の取得による支出,1830057000.0,0.06111448987654483,124.0,901959.6774193548
株式会社インフォネット,4444,上場,情報・通信業,東京都,港区新橋４－２１－３,2026-03-31,125898000.0,218197000.0,-0.4230076490510869,無形資産,無形固定資産の取得による支出,2085024000.0,0.06038203876789908,141.0,892893.6170212766
ＧＭＯコマース株式会社,410A,上場,情報・通信業,東京都,渋谷区道玄坂一丁目２番３号,2025-12-31,146166000.0,73292000.0,0.9942967854608962,無形資産,無形固定資産の取得による支出,2459803000.0,0.05942183174831481,103.0,1419087.3786407767
株式会社ＡＣＣＥＳＳ,4813,上場,情報・通信業,東京都,千代田区神田練塀町３番地,2026-01-31,1126681000.0,1004172000.0,0.12200001593352527,無形資産,無形固定資産の取得による支出,19215583000.0,0.058633714105889995,795.0,1417208.8050314465
株式会社エス・エム・エス,2175,上場,サービス業,東京都,港区芝公園二丁目１１番１号,2026-03-31,3763000000.0,3646000000.0,0.03208996160175537,無形資産,無形固定資産の取得による支出,64735000000.0,0.058129296362091604,4660.0,807510.729613734
株式会社コーチ・エィ,9339,上場,サービス業,東京都,千代田区九段南二丁目１番３０号,2025-12-31,203513000.0,166328000.0,0.22356428262228856,無形資産,無形固定資産の取得による支出,3501884000.0,0.05811528879882943,140.0,1453664.2857142857
株式会社バリューＨＲ,6078,上場,サービス業,東京都,渋谷区千駄ヶ谷五丁目２１番１４号,2025-12-31,579426000.0,387755000.0,0.4943095511340925,無形資産,無形固定資産の取得による支出,10068322000.0,0.05754941091474826,970.0,597346.3917525773
株式会社ジャストシステム,4686,上場,情報・通信業,,徳島市川内町平石若松１０８番地４,2026-03-31,2954000000.0,2944000000.0,0.0033967391304348116,無形資産,無形固定資産の取得による支出,51515000000.0,0.05734252159565175,302.0,9781456.953642383
イオンフィナンシャルサービス株式会社,8570,上場,その他金融業,東京都,千代田区神田錦町一丁目１番地,2026-02-28,32632000000.0,36964000000.0,-0.11719510875446382,無形資産,無形固定資産の取得による支出,569370000000.0,0.05731246816657007,14942.0,2183911.123008968
株式会社アイネス,9742,上場,情報・通信業,東京都,中央区日本橋蛎殻町１丁目３８番１１号,2026-03-31,2066000000.0,1508000000.0,0.37002652519893897,無形資産,無形固定資産の取得による支出,36616000000.0,0.0564234214551016,1204.0,1715946.8438538206
株式会社モルフォ,3653,上場,情報・通信業,東京都,千代田区西神田三丁目８番１号千代田ファーストビル東館１２階,2025-10-31,189091000.0,128909000.0,0.46685646463784525,無形資産,無形固定資産の取得による支出,3359633000.0,0.05628323093623619,166.0,1139102.4096385543
楽天グループ株式会社,4755,上場,サービス業,東京都,世田谷区玉川一丁目１４番１号,2025-12-31,140299000000.0,159285000000.0,-0.11919515334149478,無形資産,無形資産の取得による支出,2496575000000.0,0.05619658932737851,29419.0,4768992.82776437
アレンザホールディングス株式会社,3546,非上場,小売業,,福島市太平寺字堰ノ上５８番地,2026-02-28,123000000.0,281000000.0,-0.5622775800711743,無形資産,無形固定資産の取得による支出,2198000000.0,0.05595996360327571,1875.0,65600.0
サワイグループホールディングス株式会社,4887,上場,医薬品,大阪府,大阪市淀川区宮原５丁目２－３０,2026-03-31,11055000000.0,6947000000.0,0.5913343889448683,無形資産,無形資産の取得による支出,201676000000.0,0.05481564489577342,3630.0,3045454.5454545454
株式会社プロネクサス,7893,上場,その他製品,東京都,港区海岸一丁目２番２０号,2026-03-31,1785002000.0,1283602000.0,0.39061952225066654,無形資産,無形資産の取得による支出,32821396000.0,0.05438531621263154,1796.0,993876.3919821826
株式会社ＳＢＩ証券,,非上場,証券、商品先物取引業,東京都,港区六本木一丁目６番１号,2026-03-31,15289000000.0,18137000000.0,-0.15702707173181896,無形資産,無形固定資産の取得による支出,284630000000.0,0.053715349752310015,2320.0,6590086.206896552
株式会社富士山マガジンサービス,3138,上場,小売業,東京都,渋谷区南平台町１６番１１号,2025-12-31,311952000.0,353631000.0,-0.11786014235177344,無形資産,無形固定資産の取得による支出,5814858000.0,0.053647397752447264,111.0,2810378.378378378
マネックスグループ株式会社,8698,上場,証券、商品先物取引業,東京都,港区赤坂一丁目１２番３２号,2026-03-31,4445000000.0,3656000000.0,0.2158096280087527,無形資産,無形資産の取得による支出,83606000000.0,0.05316604071478124,1122.0,3961675.579322638
武田薬品工業株式会社,4502,上場,医薬品,大阪府,大阪市中央区道修町四丁目１番１号,2026-03-31,234930000000.0,147046000000.0,0.5976633162411762,無形資産,無形資産の取得による支出,4505720000000.0,0.052140390437044465,47029.0,4995428.352718536
弁護士ドットコム株式会社,6027,上場,サービス業,東京都,港区六本木四丁目１番４号,2026-03-31,847228000.0,666745000.0,0.270692693608501,無形資産,無形固定資産の取得による支出,16288355000.0,0.052014337850568707,639.0,1325865.4147104851
株式会社シャノン,3976,上場,情報・通信業,,浜松町二丁目２番１２号,2025-12-31,165437000.0,144344000.0,0.1461300781466497,無形資産,無形固定資産の取得による支出,3208384000.0,0.05156396491193074,195.0,848394.8717948718
株式会社ジィ・シィ企画,4073,上場,情報・通信業,,佐倉市王子台一丁目２８番８号,2026-06-30,116118000.0,210479000.0,-0.44831550891062766,無形資産,無形固定資産の取得による支出,2252030000.0,0.05156148008685497,113.0,1027592.9203539822
株式会社ソフトクリエイトホールディングス,3371,上場,情報・通信業,東京都,渋谷区渋谷二丁目１５番地１号,2026-03-31,1767748000.0,1602582000.0,0.10306243299874818,無形資産,無形固定資産の取得による支出,34391392000.0,0.051400885430865954,1230.0,1437193.4959349593
ＢＢＤイニシアティブ株式会社,5259,非上場,情報・通信業,東京都,港区愛宕二丁目５番１号,2025-09-30,224632000.0,308726000.0,-0.27239040443629625,無形資産,無形資産の取得による支出,4399466000.0,0.05105892396940902,215.0,1044800.0
Ｌｉｎｋ－Ｕグループ株式会社,4446,上場,情報・通信業,東京都,千代田区外神田二丁目２番３号,2025-07-31,246566000.0,27685000.0,7.906122448979591,無形資産,無形資産の取得による支出,4835406000.0,0.050991788486840606,193.0,1277544.041450777
株式会社鎌倉新書,6184,上場,サービス業,東京都,中央区京橋二丁目１４番１号,2026-01-31,423424000.0,364416000.0,0.1619248331577099,無形資産,無形固定資産の取得による支出,8335519000.0,0.05079755681679809,244.0,1735344.262295082
ロイヤルホールディングス株式会社,8179,上場,小売業,福岡県,福岡市博多区那珂三丁目２８番５号,2025-12-31,410000000.0,739000000.0,-0.44519621109607577,無形資産,無形固定資産の取得による支出,8080000000.0,0.050742574257425746,2383.0,172052.03524968526
株式会社エムケイシステム,3910,上場,情報・通信業,大阪府,大阪市北区中崎西二丁目４番１２号,2026-03-31,163124000.0,222252000.0,-0.26604035059302056,無形資産,無形固定資産の取得による支出,3256095000.0,0.050098046893594934,130.0,1254800.0
フォルシア株式会社,304A,上場,情報・通信業,東京都,新宿区新宿四丁目１番６号,2026-02-28,109596000.0,105236000.0,0.04143068911779246,無形資産,無形固定資産の取得による支出,2197552000.0,0.04987185741224781,140.0,782828.5714285715
株式会社野村総合研究所,4307,上場,情報・通信業,東京都,千代田区大手町一丁目９番２号,2026-03-31,40467000000.0,42942000000.0,-0.05763588095570771,無形資産,無形資産の取得による支出,814708000000.0,0.04967055681299312,16894.0,2395347.4606369124
株式会社ＭＳ＆Ｃｏｎｓｕｌｔｉｎｇ,6555,上場,サービス業,東京都,中央区日本橋小伝馬町４番９号,2026-02-28,127160000.0,124964000.0,0.017573061041580074,無形資産,無形資産の取得による支出,2584946000.0,0.04919251698101237,152.0,836578.947368421
株式会社シノプス,4428,上場,情報・通信業,,豊中市新千里東町一丁目５番３号,2025-12-31,100130000.0,168912000.0,-0.40720611916264093,無形資産,無形固定資産の取得による支出,2040717000.0,0.049066088046505224,110.0,910272.7272727273
Ｓｏｌｖｖｙ株式会社,7320,上場,その他金融業,東京都,東京都新宿区西新宿四丁目３３番４号,2026-06-30,374125000.0,370017000.0,0.011102192601961436,無形資産,無形固定資産の取得による支出,7679206000.0,0.048719229566181715,324.0,1154706.7901234569
東京瓦斯株式会社,9531,上場,電気・ガス業,東京都,港区海岸一丁目５番２０号,2026-03-31,134738000000.0,120151000000.0,0.12140556466446384,無形資産,無形固定資産の取得による支出,2834749000000.0,0.047530839591089016,16001.0,8420598.712580463
株式会社ＬＩＴＡＬＩＣＯ,7366,上場,サービス業,東京都,目黒区上目黒二丁目１番１号,2026-03-31,1781000000.0,1282000000.0,0.38923556942277693,無形資産,無形資産の取得による支出,38247000000.0,0.04656574371846158,5443.0,327209.25959948555
ビジネスエンジニアリング株式会社,4828,上場,情報・通信業,東京都,千代田区大手町１丁目８番１号,2026-03-31,1134485000.0,1009467000.0,0.12384555413896647,無形資産,無形固定資産の取得による支出,24442721000.0,0.046414022399551995,748.0,1516691.1764705882
株式会社ｋｕｂｅｌｌ,4448,上場,情報・通信業,東京都,港区南青山１－２４－３ＷｅＷｏｒｋ乃木坂,2025-12-31,438714000.0,579365000.0,-0.24276751270787844,無形資産,無形固定資産の取得による支出,9529226000.0,0.04603878636103289,658.0,666738.6018237082
株式会社ジーエヌアイグループ,2160,上場,医薬品,東京都,中央区日本橋本町二丁目２番２号,2025-12-31,1223000000.0,1013000000.0,0.20730503455083915,無形資産,無形資産の取得による支出,26840000000.0,0.045566318926974665,990.0,1235353.5353535353
株式会社アイ・アールジャパンホールディングス,6035,上場,サービス業,東京都,千代田区霞が関三丁目２番５号,2026-03-31,279365000.0,271440000.0,0.02919613910993224,無形資産,無形固定資産の取得による支出,6141932000.0,0.045484873489319,183.0,1526584.699453552
ＫＤＤＩ株式会社,9433,上場,情報・通信業,東京都,新宿区西新宿二丁目３番２号,2026-03-31,274178000000.0,281984000000.0,-0.027682421697684978,無形資産,無形資産の取得による支出,6071915000000.0,0.045155111690463386,73198.0,3745703.434520069
コムシード株式会社,3739,上場,情報・通信業,東京都,千代田区神田駿河台三丁目２番地,2026-03-31,111735000.0,205002000.0,-0.454956537009395,無形資産,無形固定資産の取得による支出,2474759000.0,0.045149850955183916,75.0,1489800.0
エコモット株式会社,3987,上場,サービス業,北海道,札幌市中央区北一条東一丁目２番５号,2025-08-31,133735000.0,78002000.0,0.7145073203251198,無形資産,無形固定資産の取得による支出,3003786000.0,0.04452214638459597,134.0,998022.3880597015
ビズメイツ株式会社,9345,上場,サービス業,東京都,千代田区神田須田町２ー１９ー２３,2025-12-31,155021000.0,140472000.0,0.10357224215502026,無形資産,無形固定資産の取得による支出,3491179000.0,0.04440362410520916,189.0,820216.9312169312
株式会社ディー・エヌ・エー,2432,上場,サービス業,東京都,渋谷区渋谷二丁目２４番１２号,2026-03-31,6509000000.0,6166000000.0,0.05562763542004534,無形資産,無形資産の取得による支出,147700000000.0,0.04406905890318213,2483.0,2621425.694724124
株式会社アプラス,,非上場,その他金融業,大阪府,大阪市浪速区湊町一丁目２番３号,2026-03-31,4689000000.0,4406000000.0,0.06423059464366765,無形資産,無形固定資産の取得による支出,106635000000.0,0.04397242931495288,1308.0,3584862.3853211007
株式会社マイネット,3928,上場,情報・通信業,東京都,港区北青山二丁目１１番３号,2025-12-31,326943000.0,198461000.0,0.6473916789696716,無形資産,無形固定資産の取得による支出,7478296000.0,0.04371891671578659,262.0,1247874.0458015266
ぴあ株式会社,4337,上場,サービス業,東京都,渋谷区東一丁目２番２０号,2026-03-31,2403000000.0,1757000000.0,0.3676721684689812,無形資産,無形固定資産の取得による支出,55330000000.0,0.043430327128140246,621.0,3869565.217391304
株式会社ドリーム・アーツ,4811,上場,情報・通信業,東京都,渋谷区恵比寿四丁目２０番３号,2025-12-31,244721000.0,176658000.0,0.3852811647363832,無形資産,無形固定資産の取得による支出,5654084000.0,0.04328216559923765,293.0,835225.2559726962
カバー株式会社,5253,上場,情報・通信業,東京都,港区三田３－５ー１９　住友不動産東京三田ガーデンタワー１５階,2026-03-31,2128000000.0,1852000000.0,0.1490280777537798,無形資産,無形固定資産の取得による支出,49330000000.0,0.04313804986823434,735.0,2895238.095238095
ロート製薬株式会社,4527,上場,医薬品,大阪府,大阪市生野区巽西１丁目８番１号,2026-03-31,14757000000.0,1481000000.0,8.964213369345037,無形資産,無形固定資産の取得による支出,343725000000.0,0.0429325769146847,9292.0,1588140.3357727076
株式会社カナミックネットワーク,3939,上場,情報・通信業,東京都,渋谷区恵比寿四丁目２０番３号,2025-09-30,235834000.0,228916000.0,0.030220692306348163,無形資産,無形固定資産の取得による支出,5500786000.0,0.04287278218058292,310.0,760754.8387096775
株式会社エムティーアイ,9438,上場,情報・通信業,東京都,新宿区西新宿三丁目２０番２号,2025-09-30,1279255000.0,1303429000.0,-0.018546464747983937,無形資産,無形固定資産の取得による支出,29910940000.0,0.04276879964320747,1236.0,1034995.9546925566
株式会社オールアバウト,2454,上場,サービス業,東京都,渋谷区恵比寿南１丁目１５番１号,2026-03-31,658096000.0,318908000.0,1.063592007726366,無形資産,無形固定資産の取得による支出,15464465000.0,0.042555368064785944,296.0,2223297.2972972975
株式会社ファインデックス,3649,上場,情報・通信業,東京都,千代田区大手町一丁目７番２号,2025-12-31,259832000.0,271585000.0,-0.043275585912329495,無形資産,無形固定資産の取得による支出,6109941000.0,0.042526106225903,325.0,799483.0769230769
株式会社オークファン,3674,上場,情報・通信業,東京都,品川区北品川五丁目１番１８号,2025-09-30,197046000.0,204440000.0,-0.036167090588925865,無形資産,無形固定資産の取得による支出,4657045000.0,0.042311379855681015,163.0,1208871.1656441719
株式会社オプロ,228A,上場,情報・通信業,東京都,中央区京橋二丁目１４番１号,2025-11-30,106781000.0,65927000.0,0.6196854096197308,無形資産,無形固定資産の取得による支出,2552601000.0,0.04183223308303961,119.0,897319.3277310925
株式会社ステムセル研究所,7096,上場,医薬品,東京都,港区虎ノ門一丁目２１番１９号,2026-03-31,117541000.0,,,無形資産,無形固定資産の取得による支出,2811344000.0,0.041809540205680985,136.0,864272.0588235294
株式会社学情,2301,上場,サービス業,東京都,中央区銀座六丁目１０番１号,2025-10-31,459786000.0,437239000.0,0.05156676325762333,無形資産,無形固定資産の取得による支出,11019177000.0,0.0417259837100357,392.0,1172923.469387755
株式会社アイ・ピー・エス,4390,上場,情報・通信業,東京都,中央区築地四丁目１番１号　東劇ビル８階,2026-03-31,706000000.0,1239000000.0,-0.43018563357546413,無形資産,無形固定資産の取得による支出,16999000000.0,0.04153185481498912,766.0,921671.0182767625
株式会社イノベーション,3970,上場,情報・通信業,東京都,渋谷区渋谷３‐１０‐１３ＴＯＫＹＵＲＥＩＴ渋谷Ｒビル３Ｆ,2026-03-31,286759000.0,79966000.0,2.586011554910837,無形資産,無形固定資産の取得による支出,6968290000.0,0.04115198994301328,333.0,861138.1381381381
ＧＭＯペイメントゲートウェイ株式会社,3769,上場,情報・通信業,東京都,渋谷区道玄坂一丁目２番３号,2025-09-30,3368842000.0,3951825000.0,-0.1475224737937535,無形資産,無形資産の取得による支出,82499385000.0,0.040834752889370024,882.0,3819548.752834467
株式会社はてな,3930,上場,情報・通信業,東京都,港区南青山６－５－５５　青山サンライトビル４階,2025-07-31,154318000.0,130278000.0,0.1845284698874714,無形資産,無形固定資産の取得による支出,3794875000.0,0.04066484403307092,217.0,711142.8571428572
株式会社くふうカンパニーホールディングス,4376,上場,情報・通信業,東京都,東京都港区三田１－４－２８,2025-09-30,570000000.0,644000000.0,-0.1149068322981367,無形資産,無形固定資産の取得による支出,14110000000.0,0.040396881644223954,549.0,1038251.3661202185
株式会社スマートバリュー,9417,上場,情報・通信業,大阪府,大阪市中央区安土町３丁目５番１３号,2025-06-30,175947000.0,100191000.0,0.7561158187861186,無形資産,無形固定資産の取得による支出,4361869000.0,0.0403375250380055,197.0,893131.9796954314
ＧＭＯフィナンシャルゲート株式会社,4051,上場,情報・通信業,東京都,渋谷区道玄坂一丁目１４番６号,2025-09-30,721945000.0,553752000.0,0.3037334402403964,無形資産,無形資産の取得による支出,17927780000.0,0.04026962624485575,123.0,5869471.544715447
株式会社ソシオネクスト,6526,上場,電気機器,神奈川県,横浜市港北区新横浜二丁目１０番２３,2026-03-31,8052000000.0,3821000000.0,1.1073017534676786,無形資産,無形固定資産の取得による支出,200834000000.0,0.04009281296991545,2469.0,3261239.368165249
株式会社ほぼ日,3560,上場,小売業,東京都,千代田区神田錦町三丁目１８番地,2025-08-31,346843000.0,351871000.0,-0.014289327622907244,無形資産,無形固定資産の取得による支出,8677878000.0,0.03996864210351886,156.0,2223352.564102564
株式会社三十三フィナンシャルグループ,7322,上場,銀行業,,松阪市京町５１０番地,2026-03-31,3741000000.0,1427000000.0,1.6215837421163282,無形資産,無形固定資産の取得による支出,93787000000.0,0.03988825743439922,2325.0,1609032.2580645161
株式会社アドバンスクリエイト,8798,上場,保険業,大阪府,大阪市中央区瓦町三丁目５番７号,2025-09-30,261209000.0,619663000.0,-0.5784660371847279,無形資産,無形固定資産の取得による支出,6608055000.0,0.03952887801327319,229.0,1140650.655021834
株式会社ドリコム,3793,上場,情報・通信業,東京都,品川区大崎二丁目１番１号,2026-03-31,692735000.0,1782926000.0,-0.6114617207893093,無形資産,無形固定資産の取得による支出,17547778000.0,0.03947707795254761,275.0,2519036.3636363638
株式会社日本経済新聞社,,非上場,その他製品,東京都,千代田区大手町一丁目３番７号,2025-12-31,15500000000.0,15229000000.0,0.017794996388469375,無形資産,無形固定資産の取得による支出,393813000000.0,0.03935878195996577,10174.0,1523491.2522115195
ＮＫＫスイッチズ株式会社,6943,上場,電気機器,神奈川県,川崎市高津区宇奈根７１５－１,2026-03-31,328362000.0,277856000.0,0.18177041345157208,無形資産,無形固定資産の取得による支出,8373789000.0,0.03921307307838781,262.0,1253290.0763358779
株式会社じげん,3679,上場,情報・通信業,東京都,港区虎ノ門三丁目４番８号,2026-03-31,1126000000.0,1147000000.0,-0.018308631211856996,無形資産,無形資産の取得による支出,29221000000.0,0.0385339310769652,1350.0,834074.074074074
ダイジェット工業株式会社,6138,上場,機械,大阪府,大阪市平野区加美東２丁目１番１８号,2026-03-31,357973000.0,82775000.0,3.3246511627906976,無形資産,無形固定資産の取得による支出,9292071000.0,0.038524565729211493,360.0,994369.4444444445
ニフティライフスタイル株式会社,4262,上場,情報・通信業,東京都,中野区本町２丁目４６－１中野坂上サンブライトツイン２５階,2026-03-31,200660000.0,157157000.0,0.27681235961490747,無形資産,無形固定資産の取得による支出,5238123000.0,0.03830761515145788,119.0,1686218.487394958
株式会社日本取引所グループ,8697,上場,その他金融業,東京都,中央区日本橋兜町２番１号,2026-03-31,7499000000.0,13437000000.0,-0.4419141177346134,無形資産,無形資産の取得による支出,198735000000.0,0.037733665433869225,1268.0,5914037.85488959
株式会社ソラコム,147A,上場,情報・通信業,東京都,世田谷区玉川四丁目５番６号尾嶋ビル３階,2026-03-31,465256000.0,306611000.0,0.5174145741672673,無形資産,無形固定資産の取得による支出,12423747000.0,0.03744892744515805,201.0,2314706.4676616914
ＩＰＳホールディングス株式会社,4335,上場,情報・通信業,大阪府,大阪市北区大深町３番１号グランフロント大阪タワーＢ１６階,2025-06-30,139388000.0,1060000.0,130.49811320754716,無形資産,無形固定資産の取得による支出,3732794000.0,0.03734146593677551,157.0,887821.6560509554
株式会社スマサポ,9342,上場,サービス業,東京都,中央区日本橋３－６－２,2025-09-30,104955000.0,81659000.0,0.28528392461333096,無形資産,無形固定資産の取得による支出,2816558000.0,0.037263567801550684,70.0,1499357.142857143
ＦＩＧ株式会社,4392,上場,情報・通信業,,大分市東大道二丁目５番６０号,2025-12-31,494000000.0,341000000.0,0.4486803519061584,無形資産,無形固定資産の取得による支出,13318000000.0,0.037092656555038295,668.0,739520.9580838323
株式会社エンプラス,6961,上場,電気機器,,川口市並木２丁目３０番１号,2026-03-31,1567000000.0,293000000.0,4.348122866894198,無形資産,無形固定資産の取得による支出,42540000000.0,0.03683591913493183,1371.0,1142961.3420860686
株式会社メタリアル,6182,上場,サービス業,東京都,千代田区神田神保町三丁目７番１号,2026-02-28,164551000.0,134100000.0,0.22707680835197608,無形資産,無形固定資産の取得による支出,4487157000.0,0.036671549491136594,172.0,956691.8604651163
株式会社ＮｅｘＴｏｎｅ,7094,上場,サービス業,東京都,渋谷区恵比寿四丁目２０番３号恵比寿ガーデンプレイスタワー１０階,2026-03-31,757000000.0,739000000.0,0.02435723951285529,無形資産,無形固定資産の取得による支出,20774000000.0,0.03643978049484933,306.0,2473856.209150327
株式会社ＥｄｕＬａｂ,4427,上場,情報・通信業,東京都,品川区東品川２－３－１２ＴｅｎｎｏｚｕＢａｙＴｏｗｅｒ１１階,2025-09-30,226093000.0,244287000.0,-0.07447797058378058,無形資産,無形固定資産の取得による支出,6229675000.0,0.03629290452551698,232.0,974538.7931034482
富士製薬工業株式会社,4554,上場,医薬品,東京都,千代田区三番町５番地７,2025-09-30,1873000000.0,1594000000.0,0.17503136762860727,無形資産,無形固定資産の取得による支出,51677000000.0,0.03624436403041972,1760.0,1064204.5454545454
シスメックス株式会社,6869,上場,電気機器,兵庫県,神戸市中央区脇浜海岸通１丁目５番１号,2026-03-31,18065000000.0,20733000000.0,-0.12868374089615586,無形資産,無形資産の取得による支出,500006000000.0,0.036129566445202654,10861.0,1663290.6730503638
株式会社Ｊストリーム,4308,上場,情報・通信業,東京都,港区芝二丁目５番６号,2026-03-31,431240000.0,510571000.0,-0.15537701906297063,無形資産,無形固定資産の取得による支出,11997825000.0,0.03594318136828967,695.0,620489.2086330935
扶桑化学工業株式会社,4368,上場,化学,大阪府,大阪市中央区高麗橋四丁目３番１０号,2026-03-31,2761277000.0,1784817000.0,0.5470925030409279,無形資産,無形固定資産の取得による支出,76926023000.0,0.0358952262487299,956.0,2888365.062761506
株式会社ＪＶＣケンウッド,6632,上場,電気機器,神奈川県,横浜市神奈川区守屋町三丁目１２番地,2026-03-31,12746000000.0,12024000000.0,0.06004657351962739,無形資産,無形資産の取得による支出,356865000000.0,0.03571658750507895,15229.0,836955.8079978988
株式会社九州フィナンシャルグループ,7180,上場,銀行業,,鹿児島市金生町６番６号,2026-03-31,9349000000.0,6222000000.0,0.5025715204114434,無形資産,無形固定資産の取得による支出,263250000000.0,0.035513770180436846,4858.0,1924454.508027995
株式会社ジンズホールディングス,3046,上場,小売業,,前橋市川原町二丁目２６番地４,2025-08-31,3431000000.0,739000000.0,3.6427604871447903,無形資産,無形固定資産の取得による支出,97215000000.0,0.03529290747312658,3671.0,934622.7186052847
株式会社インテリジェント　ウェイブ,4847,上場,情報・通信業,東京都,中央区新川１－２１－２,2026-06-30,607000000.0,1351727000.0,-0.5509448283566134,無形資産,無形固定資産の取得による支出,17247009000.0,0.03519450821878738,534.0,1136704.1198501873
日東工器株式会社,6151,上場,機械,東京都,大田区仲池上２丁目９番４号,2026-03-31,954000000.0,1273000000.0,-0.2505891594658287,無形資産,無形固定資産の取得による支出,27289000000.0,0.03495914104584265,1032.0,924418.6046511628
スパイダープラス株式会社,4192,上場,情報・通信業,東京都,港区虎ノ門２－２－１　住友不動産虎ノ門タワー２７階,2025-12-31,170198000.0,31793000.0,4.353316767841978,無形資産,無形固定資産の取得による支出,4895537000.0,0.034765951110164214,260.0,654607.6923076923
ＡＩ　ｉｎｓｉｄｅ株式会社,4488,上場,情報・通信業,東京都,渋谷区渋谷三丁目８番１２号,2026-03-31,163414000.0,,,無形資産,無形固定資産の取得による支出,4747946000.0,0.03441783036285585,130.0,1257030.7692307692
株式会社サイバーリンクス,3683,上場,情報・通信業,,和歌山市紀三井寺８４９番地の３,2025-12-31,619000000.0,896000000.0,-0.3091517857142857,無形資産,無形固定資産の取得による支出,18136000000.0,0.034131010145566826,815.0,759509.2024539877
ルネサスエレクトロニクス株式会社,6723,上場,電気機器,東京都,江東区豊洲三丁目２番２４号,2025-12-31,44619000000.0,39946000000.0,0.11698292695138446,無形資産,無形資産の取得による支出,1321212000000.0,0.033771264566171064,21629.0,2062924.776919876
塩野義製薬株式会社,4507,上場,医薬品,大阪府,大阪市中央区道修町３丁目１番８号,2026-03-31,16840000000.0,34977000000.0,-0.518540755353518,無形資産,無形資産の取得による支出,499677000000.0,0.03370177134428841,6223.0,2706090.310139804
株式会社エアトリ,6191,上場,サービス業,東京都,港区愛宕２－５－１愛宕グリーンヒルズＭＯＲＩタワー１９階,2025-09-30,947000000.0,855000000.0,0.10760233918128659,無形資産,無形資産の取得による支出,28104000000.0,0.03369627099345289,439.0,2157175.3986332575
ＳＭＮ株式会社,6185,上場,サービス業,東京都,品川区大崎二丁目１１番１号,2026-03-31,415264000.0,407149000.0,0.019931278229837313,無形資産,無形固定資産の取得による支出,12348427000.0,0.033628898644337456,240.0,1730266.6666666667
株式会社アイビス,9343,上場,サービス業,東京都,中央区八丁堀一丁目５番１号,2025-12-31,165212000.0,,,無形資産,無形固定資産の取得による支出,5005091000.0,0.03300879044956426,356.0,464078.65168539324
株式会社コマースＯｎｅホールディングス,4496,上場,情報・通信業,東京都,千代田区九段北４丁目２番１号市ヶ谷スクエアビル,2026-03-31,128413000.0,119620000.0,0.07350777461962887,無形資産,無形固定資産の取得による支出,3895734000.0,0.032962466123200404,191.0,672319.3717277487
株式会社昭文社ホールディングス,9475,上場,情報・通信業,東京都,千代田区麹町三丁目１番地,2026-03-31,221393000.0,132370000.0,0.67253154037924,無形資産,無形固定資産の取得による支出,6727792000.0,0.03290723018785361,234.0,946123.9316239316
アイフル株式会社,,非上場,その他金融業,京都府,京都市下京区烏丸通五条上る高砂町３８１－１,2026-03-31,7041000000.0,7048000000.0,-0.0009931895573211946,無形資産,無形固定資産の取得による支出,214693000000.0,0.03279566637011919,2610.0,2697701.1494252873
株式会社アイリックコーポレーション,7325,上場,保険業,東京都,文京区本郷二丁目２７番２０号,2025-06-30,305826000.0,256885000.0,0.1905171574829203,無形資産,無形固定資産の取得による支出,9424658000.0,0.03244955944289968,643.0,475623.63919129083
株式会社ＰＫＳＨＡ　Ｔｅｃｈｎｏｌｏｇｙ,3993,上場,情報・通信業,東京都,文京区本郷２－３５－１０　本郷瀬川ビル４Ｆ,2025-09-30,701780000.0,609545000.0,0.1513177862175885,無形資産,無形資産の取得による支出,21771392000.0,0.03223404364773736,1001.0,701078.9210789211
株式会社ＴＡＫＡＲＡ　＆　ＣＯＭＰＡＮＹ,7921,上場,その他製品,東京都,豊島区高田３丁目２８番８号,2026-05-31,994908000.0,648690000.0,0.5337187254312536,無形資産,無形固定資産の取得による支出,31154957000.0,0.03193417984816991,1284.0,774850.4672897196
株式会社ＣＥホールディングス,4320,上場,情報・通信業,北海道,札幌市白石区平和通十五丁目北１番２１号,2025-09-30,503795000.0,586537000.0,-0.14106867938425027,無形資産,無形固定資産の取得による支出,15831137000.0,0.0318230459378881,443.0,1137234.762979684
ＰＲＯＮＩ株式会社,479A,上場,情報・通信業,東京都,品川区東五反田３－２０－１４住友不動産高輪パークタワー１２Ｆ,2025-12-31,102822000.0,,,無形資産,無形固定資産の取得による支出,3233597000.0,0.03179802554245319,156.0,659115.3846153846
三菱ＵＦＪ信託銀行株式会社,,非上場,銀行業,東京都,千代田区丸の内一丁目４番５号,2026-03-31,63989000000.0,54483000000.0,0.17447644219297764,無形資産,無形固定資産の取得による支出,2021220000000.0,0.03165860223033613,20244.0,3160887.1764473426
科研製薬株式会社,4521,上場,医薬品,東京都,文京区本駒込二丁目２８番８号,2026-03-31,2427000000.0,254000000.0,8.55511811023622,無形資産,無形固定資産の取得による支出,76871000000.0,0.03157237449753483,1114.0,2178635.5475763017
株式会社Ｓｃｈｏｏ,264A,上場,サービス業,東京都,渋谷区鶯谷町２番７号,2025-09-30,105375000.0,14069000.0,6.489871348354538,無形資産,無形固定資産の取得による支出,3360107000.0,0.03136060845681402,191.0,551701.5706806283
さくらインターネット株式会社,3778,上場,情報・通信業,大阪府,大阪市北区大深町６番３８号,2026-03-31,1106251000.0,895994000.0,0.23466340176385114,無形資産,無形固定資産の取得による支出,35301649000.0,0.03133709136363573,1135.0,974670.4845814978
株式会社ショーケース,3909,上場,サービス業,東京都,港区六本木一丁目９番９号,2026-03-31,102021000.0,219662000.0,-0.5355546248326974,無形資産,無形固定資産の取得による支出,3261341000.0,0.03128191746891846,78.0,1307961.5384615385
エーザイ株式会社,4523,上場,医薬品,東京都,文京区小石川４丁目６番１０号,2026-03-31,25808000000.0,11036000000.0,1.3385284523378034,無形資産,無形資産の取得による支出,825378000000.0,0.03126809776853757,10543.0,2447880.1100256094
ＢＩＰＲＯＧＹ株式会社,8056,上場,情報・通信業,東京都,江東区豊洲一丁目１番１号,2026-03-31,13462000000.0,9909000000.0,0.35856292259562017,無形資産,無形資産の取得による支出,433686000000.0,0.03104089133612798,8801.0,1529598.909214862
ＧＭＯ　ＴＥＣＨホールディングス株式会社,415A,上場,サービス業,東京都,渋谷区桜丘町２６－１,2025-12-31,214000000.0,,,無形資産,無形固定資産の取得による支出,6923000000.0,0.030911454571717463,414.0,516908.21256038646
オープングループ株式会社,6572,上場,サービス業,東京都,港区虎ノ門一丁目２３番１号,2026-02-28,250222000.0,260715000.0,-0.04024701302188216,無形資産,無形固定資産の取得による支出,8148088000.0,0.03070929032676132,241.0,1038265.5601659751
ダイコク電機株式会社,6430,上場,機械,愛知県,名古屋市中村区那古野一丁目４３番５号,2026-03-31,1666999000.0,1752776000.0,-0.04893779923960617,無形資産,無形固定資産の取得による支出,54337041000.0,0.0306788696867023,796.0,2094219.8492462311
株式会社ネオジャパン,3921,上場,情報・通信業,神奈川県,横浜市西区みなとみらい二丁目２番１号横浜ランドマークタワー１０階,2026-01-31,252013000.0,305412000.0,-0.1748425078254947,無形資産,無形固定資産の取得による支出,8230230000.0,0.030620407935136686,322.0,782649.0683229814
トレックス・セミコンダクター株式会社,6616,上場,電気機器,東京都,中央区新川一丁目２４番１号,2026-03-31,765275000.0,36021000.0,20.245245828822075,無形資産,無形固定資産の取得による支出,25073221000.0,0.030521607096272153,1014.0,754709.0729783038
ＨＥＲＯＺ株式会社,4382,上場,情報・通信業,東京都,港区芝五丁目３１番１７号ＰＭＯ田町２Ｆ,2026-04-30,195162000.0,332364000.0,-0.41280644113080844,無形資産,無形固定資産の取得による支出,6424647000.0,0.03037707752659407,259.0,753521.2355212355
株式会社マクアケ,4479,上場,情報・通信業,東京都,渋谷区渋谷２－１６－１　Ｄａｉｗａ渋谷宮益坂ビル１０Ｆ,2025-09-30,138474000.0,383834000.0,-0.639234669153853,無形資産,無形固定資産の取得による支出,4577997000.0,0.030247726243595178,152.0,911013.1578947369
株式会社ミサワ,3169,上場,小売業,東京都,渋谷区恵比寿四丁目２０番３号,2026-01-31,364037000.0,151555000.0,1.4020124707202006,無形資産,無形固定資産の取得による支出,12159248000.0,0.02993910478674339,166.0,2192993.9759036144
株式会社イルグルム,3690,上場,サービス業,大阪府,大阪市北区梅田二丁目２番２２号,2025-09-30,147359000.0,141304000.0,0.0428508747098455,無形資産,無形固定資産の取得による支出,4934733000.0,0.029861595348725047,334.0,441194.6107784431
株式会社ひろぎんホールディングス,7337,上場,銀行業,広島県,広島市中区紙屋町一丁目３番８号,2026-03-31,7475000000.0,6319000000.0,0.18294033866118053,無形資産,無形固定資産の取得による支出,251214000000.0,0.02975550725676117,3708.0,2015911.5426105717
株式会社ラクーンホールディングス,3031,上場,卸売業,東京都,中央区日本橋蛎殻町１－１４－１４,2026-04-30,194662000.0,183215000.0,0.06247850885571604,無形資産,無形固定資産の取得による支出,6574265000.0,0.029609697814128273,243.0,801078.1893004115
株式会社大和証券グループ本社,8601,上場,証券、商品先物取引業,東京都,千代田区丸の内一丁目９番１号,2026-03-31,43156000000.0,38471000000.0,0.1217800421096411,無形資産,無形固定資産の取得による支出,1467983000000.0,0.029398160605402106,14984.0,2880138.814735718
株式会社　キング,8118,上場,繊維製品,京都府,京都市下京区東塩小路高倉町２番の１,2026-03-31,230000000.0,65000000.0,2.5384615384615383,無形資産,無形固定資産の取得による支出,7835000000.0,0.029355456285896617,148.0,1554054.054054054
株式会社ＹＥ　ＤＩＧＩＴＡＬ,2354,上場,情報・通信業,福岡県,北九州市小倉北区米町二丁目１番２１号,2026-02-28,594351000.0,86676000.0,5.857157690710231,無形資産,無形固定資産の取得による支出,20263161000.0,0.029331603297234818,690.0,861378.2608695652
株式会社ユニリタ,3800,上場,情報・通信業,東京都,港区港南二丁目１５番１号,2026-03-31,359460000.0,192904000.0,0.8634139260979554,無形資産,無形固定資産の取得による支出,12342207000.0,0.029124450756659648,698.0,514985.6733524355
株式会社ＪＭＤＣ,4483,上場,情報・通信業,東京都,港区芝大門二丁目５番５号,2026-03-31,1467000000.0,1574000000.0,-0.06797966963151203,無形資産,無形資産の取得による支出,50462000000.0,0.029071380444691056,2444.0,600245.4991816694
ＳＢＩアルヒ株式会社,7198,上場,その他金融業,東京都,千代田区平河町一丁目４番３号,2026-03-31,729000000.0,5023000000.0,-0.8548676089986065,無形資産,無形資産の取得による支出,25086000000.0,0.029060033484812245,522.0,1396551.7241379311
三菱ＵＦＪ証券ホールディングス株式会社,,非上場,証券、商品先物取引業,東京都,千代田区大手町一丁目９番２号,2026-03-31,24978000000.0,37752000000.0,-0.33836617927527013,無形資産,無形固定資産の取得による支出,860667000000.0,0.02902167737347894,6635.0,3764581.763376036
株式会社インタースペース,2122,上場,サービス業,東京都,新宿区西新宿二丁目４番地１号,2025-09-30,255884000.0,223779000.0,0.14346743885708668,無形資産,無形固定資産の取得による支出,8846245000.0,0.028925719330631244,405.0,631812.3456790124
株式会社　北日本銀行,8551,上場,銀行業,,盛岡市中央通一丁目６番７号,2026-03-31,876000000.0,289000000.0,2.0311418685121105,無形資産,無形固定資産の取得による支出,30308000000.0,0.028903259865382076,771.0,1136186.7704280156
株式会社日本能率協会マネジメントセンター,,非上場,サービス業,東京都,中央区日本橋二丁目７番１号,2026-06-30,531134000.0,669759000.0,-0.20697743516697797,無形資産,無形固定資産の取得による支出,18427753000.0,0.028822504838218747,632.0,840401.8987341772
株式会社インフキュリオン,438A,上場,情報・通信業,東京都,千代田区麹町五丁目７番地２ＭＦＰＲ麹町ビル７Ｆ,2026-03-31,271480000.0,269889000.0,0.005895016099211059,ソフトウェア,ソフトウエアの取得による支出,9505732000.0,0.02855961013838808,388.0,699690.7216494846
株式会社ニコン,7731,上場,精密機器,東京都,品川区西大井一丁目５番２０号,2026-03-31,19201000000.0,17497000000.0,0.09738812367834493,無形資産,無形資産の取得による支出,677163000000.0,0.028355063699581934,19928.0,963518.6672019269
中外製薬株式会社,4519,上場,医薬品,東京都,北区浮間五丁目５番１号,2025-12-31,35334000000.0,3974000000.0,7.891293407146453,無形資産,無形資産の取得による支出,1257941000000.0,0.028088757739830404,7872.0,4488567.073170732
株式会社アクリート,4395,上場,情報・通信業,東京都,千代田区神田小川町三丁目２８番５号,2025-12-31,246315000.0,24807000.0,8.929253839642037,無形資産,無形固定資産の取得による支出,8791215000.0,0.02801831146206753,185.0,1331432.4324324324
株式会社バルコス,7790,上場,その他製品,,倉吉市河北町１番地,2025-12-31,154000000.0,3750000.0,40.06666666666667,無形資産,無形固定資産の取得による支出,5504338000.0,0.027977933041175886,128.0,1203125.0
ＮＥ株式会社,441A,上場,情報・通信業,神奈川県,横浜市港北区新横浜三丁目２番３号,2026-04-30,113757000.0,132055000.0,-0.13856347733898755,無形資産,無形固定資産の取得による支出,4068430000.0,0.02796090875349951,138.0,824326.0869565217
株式会社翻訳センター,2483,上場,サービス業,大阪府,大阪市中央区久太郎町４丁目１番３号,2026-03-31,303257000.0,11831000.0,24.632406389992394,無形資産,無形固定資産の取得による支出,10871456000.0,0.027894791645203733,540.0,561587.0370370371
株式会社ＯＤＫソリューションズ,3839,上場,情報・通信業,大阪府,大阪市中央区道修町一丁目６番７号,2026-03-31,185592000.0,418152000.0,-0.5561613958560523,無形資産,無形固定資産の取得による支出,6657915000.0,0.02787539342271567,204.0,909764.7058823529
株式会社うるる,3979,上場,情報・通信業,東京都,中央区晴海３丁目１２－１　ＫＤＸ晴海ビル９Ｆ,2026-03-31,214400000.0,373479000.0,-0.42593827229911185,無形資産,無形固定資産の取得による支出,7751919000.0,0.02765766773362828,304.0,705263.1578947369
株式会社西日本新聞社,,非上場,その他製品,福岡県,福岡市中央区天神一丁目４番１号,2026-03-31,962000000.0,220000000.0,3.372727272727273,無形資産,無形固定資産の取得による支出,34968000000.0,0.027510867078471744,1147.0,838709.6774193548
横河電機株式会社,6841,上場,電気機器,,武蔵野市中町２－９－３２,2026-03-31,16558000000.0,16069000000.0,0.030431265168958888,無形資産,無形固定資産の取得による支出,604829000000.0,0.027376332814729454,18313.0,904166.4391415934
株式会社エスクロー・エージェント・ジャパン,6093,上場,サービス業,東京都,千代田区大手町二丁目２番１号　新大手町ビル４階,2026-02-28,138671000.0,284094000.0,-0.511883390708709,無形資産,無形固定資産の取得による支出,5078141000.0,0.027307433960577304,314.0,441627.3885350319
高田機工株式会社,5923,上場,金属製品,大阪府,大阪市浪速区難波中２丁目１０番７０号,2026-03-31,390325000.0,100036000.0,2.9018453356791554,無形資産,無形固定資産の取得による支出,14306842000.0,0.027282400965915467,347.0,1124855.9077809798
ヒューリック株式会社,3003,上場,不動産業,東京都,中央区日本橋大伝馬町７番３号,2025-12-31,19810000000.0,10059000000.0,0.9693806541405707,無形資産,無形固定資産の取得による支出,727447000000.0,0.02723222447820941,3495.0,5668097.281831187
株式会社テラスカイ,3915,上場,情報・通信業,東京都,中央区日本橋２－１１－２,2026-02-28,760960000.0,730352000.0,0.04190855916051439,無形資産,無形固定資産の取得による支出,28056820000.0,0.02712210435822734,1608.0,473233.8308457711
株式会社三井住友フィナンシャルグループ,8316,上場,銀行業,東京都,千代田区丸の内一丁目１番２号,2026-03-31,292413000000.0,256035000000.0,0.1420821372078036,無形資産,無形固定資産の取得による支出,10790853000000.0,0.027098228471836287,122970.0,2377921.4442546964
ダイト株式会社,4577,上場,医薬品,,富山市八日町３２６番地,2026-05-31,1368000000.0,241000000.0,4.676348547717843,無形資産,無形固定資産の取得による支出,50650000000.0,0.02700888450148075,1085.0,1260829.4930875576
トレイダーズホールディングス株式会社,8704,上場,証券、商品先物取引業,東京都,渋谷区恵比寿四丁目２０番３号　恵比寿ガーデンプレイスタワー,2026-03-31,355000000.0,343000000.0,0.03498542274052485,無形資産,無形固定資産の取得による支出,13218000000.0,0.02685731578151006,285.0,1245614.0350877193
株式会社筑波銀行,8338,上場,銀行業,,土浦市中央二丁目１１番７号,2026-03-31,1346000000.0,770000000.0,0.7480519480519481,無形資産,無形固定資産の取得による支出,50273000000.0,0.026773814970262367,1260.0,1068253.9682539683
株式会社ダスキン,4665,上場,サービス業,,吹田市豊津町１番３３号,2026-03-31,5192000000.0,4036000000.0,0.28642220019821596,無形資産,無形固定資産の取得による支出,194554000000.0,0.02668667824871244,3750.0,1384533.3333333333
オリンパス株式会社,7733,上場,精密機器,,八王子市石川町２９５１番地,2026-03-31,26865000000.0,19208000000.0,0.3986359850062473,無形資産,無形資産の取得による支出,1010676000000.0,0.026581218906949408,28138.0,954758.6893169379
ペイクラウドホールディングス株式会社,4015,上場,情報・通信業,東京都,港区南青山二丁目２４番１５号,2025-08-31,271175000.0,166239000.0,0.6312357509369042,無形資産,無形固定資産の取得による支出,10234033000.0,0.026497374006904217,301.0,900913.6212624585
エキサイトホールディングス株式会社,5571,上場,情報・通信業,東京都,港区南麻布３丁目２０番１号,2026-03-31,283961000.0,224568000.0,0.264476684122404,無形資産,無形固定資産の取得による支出,10796739000.0,0.02630062651324627,173.0,1641393.063583815
ポケットカード株式会社,,非上場,その他金融業,東京都,港区芝公園一丁目１番１号,2026-02-28,1116000000.0,1487000000.0,-0.24949562878278408,無形資産,無形固定資産の取得による支出,42487000000.0,0.026266858097771083,404.0,2762376.2376237623
株式会社ＧａｍｅＷｉｔｈ,6552,上場,情報・通信業,東京都,港区三田一丁目４番１号,2026-05-31,105276000.0,40556000.0,1.595818128020515,無形資産,無形固定資産の取得による支出,4047000000.0,0.026013343217197924,178.0,591438.202247191
Ｔｅｒｒａ　Ｄｒｏｎｅ株式会社,278A,上場,情報・通信業,東京都,渋谷区南平台町２番１７号,2026-01-31,124403000.0,211796000.0,-0.4126281893897902,無形資産,無形固定資産の取得による支出,4782585000.0,0.02601166523961414,551.0,225776.76950998185
株式会社ほくほくフィナンシャルグループ,8377,上場,銀行業,,富山市堤町通り１丁目２番２６号,2026-03-31,7191000000.0,2365000000.0,2.0405919661733614,無形資産,無形固定資産の取得による支出,277468000000.0,0.0259165020831231,4618.0,1557167.6050238197
東洋合成工業株式会社,4970,上場,化学,,市川市上妙典１６０３番地,2026-03-31,1081000000.0,1056000000.0,0.02367424242424243,無形資産,無形固定資産の取得による支出,41956000000.0,0.0257650872342454,972.0,1112139.9176954732
ウェルネット株式会社,2428,上場,サービス業,北海道,札幌市中央区大通東十丁目１１番地４,2026-06-30,258216000.0,243452000.0,0.06064439807436384,無形資産,無形固定資産の取得による支出,10059578000.0,0.025668671190779573,137.0,1884788.3211678832
株式会社クレオ,9698,上場,情報・通信業,東京都,品川区東品川四丁目１０番２７号,2026-03-31,373000000.0,257000000.0,0.4513618677042801,無形資産,無形固定資産の取得による支出,14569000000.0,0.02560230626673073,1167.0,319622.9648671808
株式会社千葉銀行,8331,上場,銀行業,千葉県,千葉市中央区千葉港１番２号,2026-03-31,11350000000.0,6661000000.0,0.7039483561026874,無形資産,無形固定資産の取得による支出,445037000000.0,0.02550349746200878,4377.0,2593100.2970070825
株式会社　ＴＫＣ,9746,上場,情報・通信業,,宇都宮市鶴田町１７５８番地,2025-09-30,2126000000.0,4066000000.0,-0.47712739793408754,無形資産,無形固定資産の取得による支出,83476000000.0,0.02546839810244861,2964.0,717273.9541160594
参天製薬株式会社,4536,上場,医薬品,大阪府,大阪市北区大深町４番２０号,2026-03-31,7422000000.0,4357000000.0,0.7034656873995868,無形資産,無形資産の取得による支出,291624000000.0,0.025450580199160563,3968.0,1870463.7096774194
株式会社マーベラス,7844,上場,情報・通信業,東京都,品川区東品川四丁目１２番８号　品川シーサイドイーストタワー５階,2026-03-31,963000000.0,1282000000.0,-0.24882995319812795,無形資産,無形固定資産の取得による支出,37982000000.0,0.02535411510715602,655.0,1470229.0076335878
株式会社しずおかフィナンシャルグループ,5831,上場,銀行業,静岡県,静岡市葵区呉服町１丁目１０番地,2026-03-31,11097000000.0,9318000000.0,0.19092079845460397,無形資産,無形固定資産の取得による支出,438546000000.0,0.025304073004884322,4226.0,2625887.3639375297
株式会社ゲームカードホールディングス,6249,上場,機械,東京都,新宿区西新宿六丁目１８番１号,2026-03-31,637000000.0,0.0,,無形資産,無形固定資産の取得による支出,25385000000.0,0.025093559188497143,190.0,3352631.5789473685
ＤＭＧ森精機株式会社,6141,上場,機械,,奈良市三条本町２番１号,2025-12-31,12885000000.0,16637000000.0,-0.22552142814209297,無形資産,無形資産の取得による支出,514976000000.0,0.025020583483502144,14026.0,918651.0765720804
株式会社三菱ＵＦＪフィナンシャル・グループ,8306,上場,銀行業,東京都,千代田区丸の内一丁目４番５号,2026-03-31,365221000000.0,322505000000.0,0.13245065967969483,無形資産,無形固定資産の取得による支出,14620843000000.0,0.02497947621761618,161576.0,2260366.6386096943
株式会社滋賀銀行,8366,上場,銀行業,,大津市浜町１番３８号,2026-03-31,3970000000.0,1369000000.0,1.8999269539810082,無形資産,無形固定資産の取得による支出,159056000000.0,0.024959762599336084,2243.0,1769950.9585376726
株式会社ふくおかフィナンシャルグループ,8354,上場,銀行業,福岡県,福岡市中央区大手門一丁目８番３号,2026-03-31,15465000000.0,13372000000.0,0.15652108884235716,無形資産,無形固定資産の取得による支出,621168000000.0,0.024896646317904336,8050.0,1921118.0124223602
株式会社システムインテグレータ,3826,上場,情報・通信業,埼玉県,さいたま市中央区新都心１１番地２,2026-02-28,138049000.0,113752000.0,0.21359624446163594,無形資産,無形固定資産の取得による支出,5558183000.0,0.024837073554433167,338.0,408428.9940828402
コムチュア株式会社,3844,上場,情報・通信業,東京都,品川区大崎１－１１－２,2026-03-31,944000000.0,698000000.0,0.35243553008595985,無形資産,無形固定資産の取得による支出,38109000000.0,0.02477105145766092,1964.0,480651.73116089613
三井住友トラストグループ株式会社,8309,上場,銀行業,東京都,千代田区丸の内一丁目４番１号,2026-03-31,73831000000.0,72885000000.0,0.012979351032448294,無形資産,無形固定資産の取得による支出,2983544000000.0,0.024746073796800046,22526.0,3277590.340051496
三井住友信託銀行株式会社,,非上場,銀行業,東京都,千代田区丸の内一丁目４番１号,2026-03-31,69692000000.0,70739000000.0,-0.014800887770536786,無形資産,無形固定資産の取得による支出,2819918000000.0,0.02471419381698333,20645.0,3375732.6229111166
日産証券グループ株式会社,8705,上場,証券、商品先物取引業,東京都,中央区銀座６丁目１０番１号,2026-03-31,212174000.0,1500000.0,140.44933333333333,無形資産,無形固定資産の取得による支出,8631114000.0,0.024582458301442896,254.0,835330.7086614174
シュッピン株式会社,3179,上場,小売業,東京都,新宿区西新宿１－１４－１１　Ｄａｉｗａ西新宿ビル３階,2026-03-31,1273836000.0,484495000.0,1.6292036037523605,無形資産,無形固定資産の取得による支出,51924832000.0,0.024532308549404646,260.0,4899369.230769231
株式会社高見沢サイバネティックス,6424,上場,機械,東京都,中野区中央２－４８－５,2026-03-31,315552000.0,121472000.0,1.5977344573234986,無形資産,無形固定資産の取得による支出,12897950000.0,0.02446528324268585,566.0,557512.3674911661
株式会社みずほフィナンシャルグループ,8411,上場,銀行業,東京都,千代田区大手町一丁目５番５号,2026-03-31,222263000000.0,250009000000.0,-0.11098000471983005,無形資産,無形固定資産の取得による支出,9085438000000.0,0.02446365271547723,52427.0,4239475.842600187
スカパーＪＳＡＴ株式会社,9412,上場,情報・通信業,東京都,港区赤坂一丁目８番１号,2026-03-31,3109000000.0,2376000000.0,0.3085016835016836,無形資産,無形固定資産の取得による支出,127584000000.0,0.02436825934286431,769.0,4042912.8738621585
株式会社ＫＡＤＯＫＡＷＡ,9468,上場,情報・通信業,東京都,千代田区富士見二丁目１３番３号,2026-03-31,6773000000.0,7494000000.0,-0.09621030157459298,無形資産,無形固定資産の取得による支出,282908000000.0,0.023940645015340677,7332.0,923758.8652482269
株式会社クイック,4318,上場,サービス業,大阪府,大阪市北区小松原町２番４号,2026-03-31,811740000.0,584310000.0,0.3892283205832521,無形資産,無形固定資産の取得による支出,33924750000.0,0.02392766343156545,1682.0,482604.0428061831
株式会社ビザスク,4490,上場,情報・通信業,東京都,目黒区青葉台四丁目７番７号住友不動産青葉台ヒルズ９Ｆ,2026-02-28,237708000.0,251792000.0,-0.05593505750778416,無形資産,無形固定資産の取得による支出,9974670000.0,0.023831164339271373,493.0,482166.32860040566
株式会社リベロ,9245,上場,サービス業,東京都,港区虎ノ門三丁目８番８号ＮＴＴ虎ノ門ビル３Ｆ,2025-12-31,103471000.0,112401000.0,-0.07944769174651467,無形資産,無形固定資産の取得による支出,4364484000.0,0.023707498984988834,147.0,703884.3537414966
理研計器株式会社,7734,上場,精密機器,東京都,板橋区小豆沢２丁目７番６号,2026-03-31,1308848000.0,1014016000.0,0.29075675334511497,無形資産,無形固定資産の取得による支出,55212234000.0,0.023705760574730592,1465.0,893411.6040955632
株式会社スマレジ,4431,上場,情報・通信業,大阪府,大阪市中央区本町四丁目２番１２号,2026-04-30,314818000.0,160043000.0,0.9670838462163294,無形資産,無形固定資産の取得による支出,13345406000.0,0.02358999044315325,477.0,659995.8071278826
オークマ株式会社,6103,上場,機械,,丹羽郡大口町下小口５丁目２５番地の１,2026-03-31,5556000000.0,6970000000.0,-0.20286944045911048,無形資産,無形固定資産の取得による支出,235888000000.0,0.02355355083768568,4101.0,1354791.5142648134
株式会社インターネットイニシアティブ,3774,上場,情報・通信業,東京都,千代田区富士見二丁目１０番２号,2026-03-31,8111000000.0,8211000000.0,-0.012178784557301148,無形資産,無形資産の取得による支出,345395000000.0,0.023483258298469867,5533.0,1465931.6826314838
株式会社山口フィナンシャルグループ,8418,上場,銀行業,,下関市竹崎町４丁目２番３６号,2026-03-31,6137000000.0,2599000000.0,1.3612928049249713,無形資産,無形固定資産の取得による支出,261941000000.0,0.023428940104832766,3459.0,1774212.2000578202
日本電波工業株式会社,6779,上場,電気機器,東京都,渋谷区笹塚一丁目４７番１号,2026-03-31,1036000000.0,982000000.0,0.054989816700611094,無形資産,無形資産の取得による支出,44256000000.0,0.023409255242227044,2313.0,447903.1560743623
株式会社パパネッツ,9388,上場,倉庫・運輸関連,,越谷市越ケ谷１－５－１７　パパネッツ越谷ビル９階,2026-02-28,135047000.0,76815000.0,0.7580811039510513,無形資産,無形固定資産の取得による支出,5771133000.0,0.023400431076532113,106.0,1274028.3018867925
株式会社ｕｎｅｒｒｙ,5034,上場,情報・通信業,東京都,港区虎ノ門４丁目１番１号神谷町トラストタワー２３階,2026-06-30,113025000.0,,,無形資産,無形固定資産の取得による支出,4879542000.0,0.02316303456348977,161.0,702018.6335403727
長谷川香料株式会社,4958,上場,化学,東京都,中央区日本橋本町４丁目４番１４号,2025-09-30,1700000000.0,818000000.0,1.078239608801956,無形資産,無形固定資産の取得による支出,73495000000.0,0.023130825226205864,1942.0,875386.1997940268
株式会社三菱総合研究所,3636,上場,情報・通信業,東京都,千代田区永田町二丁目１０番３号,2025-09-30,2782000000.0,2769000000.0,0.0046948356807512415,無形資産,無形固定資産の取得による支出,121458000000.0,0.02290503713217738,4695.0,592545.260915868
株式会社インテージホールディングス,4326,上場,情報・通信業,東京都,千代田区神田練塀町３番地インテージ秋葉原ビル,2026-06-30,1535750000.0,1074723000.0,0.4289728609139285,無形資産,無形固定資産の取得による支出,67099910000.0,0.02288751206968832,3320.0,462575.3012048193
株式会社第一興商,7458,上場,卸売業,東京都,港区三田３丁目９番６号,2026-03-31,3724000000.0,3709000000.0,0.004044216770018982,無形資産,無形固定資産の取得による支出,162950000000.0,0.022853636084688555,3694.0,1008121.277747699
日亜鋼業株式会社,5658,上場,鉄鋼,,尼崎市中浜町１９番地,2026-03-31,769383000.0,369897000.0,1.0799925384634101,無形資産,無形固定資産の取得による支出,33793398000.0,0.022767257675596873,827.0,930330.1088270858
株式会社みずほ銀行,,非上場,銀行業,東京都,千代田区大手町一丁目５番５号,2026-03-31,181950000000.0,214438000000.0,-0.15150299853570726,無形資産,無形固定資産の取得による支出,7993235000000.0,0.022762998960996393,33175.0,5484551.620195931
株式会社南都銀行,8367,上場,銀行業,,奈良市大宮町四丁目２９７番地の２,2026-03-31,2627000000.0,1620000000.0,0.6216049382716049,無形資産,無形固定資産の取得による支出,115665000000.0,0.02271214282626551,2352.0,1116921.768707483
株式会社アズパートナーズ,160A,上場,サービス業,東京都,千代田区神田駿河台２丁目２番地　御茶ノ水杏雲ビル１１階,2026-03-31,536100000.0,4935000.0,107.6322188449848,無形資産,無形固定資産の取得による支出,23661011000.0,0.022657527186813783,985.0,544263.959390863
株式会社アズーム,3496,上場,不動産業,東京都,渋谷区代々木二丁目１番１号,2025-09-30,304833000.0,231725000.0,0.3154946596180819,無形資産,無形固定資産の取得による支出,13479945000.0,0.022613816302662956,455.0,669962.6373626373
イチカワ株式会社,3513,上場,繊維製品,東京都,文京区本郷二丁目１４番１５号,2026-03-31,333000000.0,174000000.0,0.9137931034482758,無形資産,無形固定資産の取得による支出,14791000000.0,0.022513690757893313,639.0,521126.76056338026
株式会社百十四銀行,8386,上場,銀行業,,高松市亀井町５番地の１,2026-03-31,2431000000.0,2005000000.0,0.21246882793017452,無形資産,無形固定資産の取得による支出,108556000000.0,0.02239397177493644,2107.0,1153773.1371618414
株式会社エルテス,3967,上場,情報・通信業,,紫波郡紫波町紫波中央駅前二丁目３番地９４,2026-02-28,200311000.0,375385000.0,-0.4663851778840391,無形資産,無形固定資産の取得による支出,8958812000.0,0.022359102970349192,504.0,397442.4603174603
株式会社静岡中央銀行,,非上場,銀行業,,沼津市大手町四丁目７６番地,2026-03-31,365000000.0,151000000.0,1.4172185430463577,無形資産,無形固定資産の取得による支出,16416000000.0,0.02223440545808967,433.0,842956.1200923787
ＳＢＩホールディングス株式会社,8473,上場,証券、商品先物取引業,東京都,港区六本木一丁目６番１号,2026-03-31,42096000000.0,51757000000.0,-0.1866607415422068,無形資産,無形資産の取得による支出,1896607000000.0,0.02219542583149804,18669.0,2254860.9995179176
東海東京フィナンシャル・ホールディングス株式会社,8616,上場,証券、商品先物取引業,東京都,中央区日本橋二丁目５番１号,2026-03-31,2161000000.0,2236000000.0,-0.03354203935599287,無形資産,無形固定資産の取得による支出,97716000000.0,0.022115109091653363,2528.0,854825.9493670886
アマノ株式会社,6436,上場,機械,神奈川県,横浜市港北区大豆戸町２７５番地,2026-03-31,3901000000.0,2889000000.0,0.350294219453098,無形資産,無形固定資産の取得による支出,176467000000.0,0.022106116157695206,5532.0,705169.9204627621
株式会社アイスタイル,3660,上場,情報・通信業,東京都,港区赤坂一丁目１２番３２号　アーク森ビル３４階,2026-06-30,1802000000.0,1348000000.0,0.3367952522255193,無形資産,無形固定資産の取得による支出,81807000000.0,0.02202745486327576,1395.0,1291756.2724014337
株式会社シマノ,7309,上場,輸送用機器,大阪府,堺市堺区老松町３丁７７番地,2025-12-31,10247000000.0,8753000000.0,0.1706843367988118,無形資産,無形固定資産の取得による支出,466243000000.0,0.021977809854517923,10242.0,1000488.1859011912
クオールホールディングス株式会社,3034,上場,小売業,東京都,港区虎ノ門四丁目３番１号　城山トラストタワー３７階,2026-03-31,6375000000.0,18702000000.0,-0.6591273660571062,無形資産,無形固定資産の取得による支出,290772000000.0,0.021924394370847262,6247.0,1020489.835120858
ＮＣＳ＆Ａ株式会社,9709,上場,情報・通信業,大阪府,大阪市北区中之島３丁目３番２３号,2026-03-31,491619000.0,430667000.0,0.1415293022219024,無形資産,無形固定資産の取得による支出,22485991000.0,0.021863345938366693,1228.0,400341.20521172637
全保連株式会社,5845,上場,その他金融業,,那覇市字天久９０５番地,2026-03-31,572000000.0,140000000.0,3.0857142857142854,無形資産,無形固定資産の取得による支出,26188000000.0,0.02184206506797006,575.0,994782.6086956522
大塚ホールディングス株式会社,4578,上場,医薬品,東京都,千代田区神田司町２－９,2025-12-31,53828000000.0,33804000000.0,0.5923559342089693,無形資産,無形資産の取得による支出,2468892000000.0,0.021802492778136912,37758.0,1425605.1697653478
株式会社ワンキャリア,4377,上場,情報・通信業,東京都,渋谷区桜丘町２０番１号,2025-12-31,164963000.0,,,無形資産,無形固定資産の取得による支出,7576830000.0,0.021772033950873914,295.0,559196.6101694915
株式会社三菱ＵＦＪ銀行,,非上場,銀行業,東京都,千代田区丸の内一丁目４番５号,2026-03-31,225877000000.0,181289000000.0,0.24594983700059014,無形資産,無形固定資産の取得による支出,10401629000000.0,0.02171554090229521,122102.0,1849904.178473735
楽天カード株式会社,,非上場,その他金融業,東京都,港区南青山二丁目６番２１号,2025-12-31,10014000000.0,21304000000.0,-0.5299474277131055,無形資産,無形資産の取得による支出,462264000000.0,0.021662945849125176,3432.0,2917832.167832168
株式会社オービックビジネスコンサルタント,4733,上場,情報・通信業,東京都,新宿区西新宿六丁目８番１号,2026-03-31,1113210000.0,853466000.0,0.3043401846119236,無形資産,無形固定資産の取得による支出,51400590000.0,0.0216575335030201,1065.0,1045267.6056338028
株式会社　東北銀行,8349,上場,銀行業,,盛岡市内丸３番１号,2026-03-31,387000000.0,232000000.0,0.6681034482758621,無形資産,無形固定資産の取得による支出,17932000000.0,0.02158153022529556,560.0,691071.4285714285
株式会社　ミツトヨ,,非上場,精密機器,神奈川県,川崎市高津区坂戸一丁目２０番１号,2025-12-31,3314618000.0,6284625000.0,-0.47258301012391357,無形資産,無形固定資産の取得による支出,155152810000.0,0.02136357053410763,5862.0,565441.4875469123
バーチャレクス・ホールディングス株式会社,6193,上場,サービス業,東京都,港区虎ノ門四丁目３番１３号,2026-03-31,146261000.0,192627000.0,-0.24070353584907622,無形資産,無形固定資産の取得による支出,6880064000.0,0.02125866852401373,396.0,369345.9595959596
株式会社ネットスターズ,5590,上場,情報・通信業,東京都,中央区八丁堀三丁目３番５号,2025-12-31,101772000.0,144171000.0,-0.2940882701791623,無形資産,無形固定資産の取得による支出,4788117000.0,0.021255119705721477,221.0,460506.7873303167
株式会社Ｆｉｎａｔｅｘｔホールディングス,4419,上場,サービス業,東京都,千代田区九段北三丁目２番１１号　住友不動産九段北ビル４階,2026-03-31,234680000.0,324942000.0,-0.27777880360187357,無形資産,無形固定資産の取得による支出,11052543000.0,0.021233122549263097,414.0,566859.9033816425
東亞合成株式会社,4045,上場,化学,東京都,港区西新橋一丁目１４番１号,2025-12-31,3444000000.0,558000000.0,5.172043010752688,無形資産,無形固定資産の取得による支出,162312000000.0,0.02121839420375573,2680.0,1285074.6268656717
株式会社山形銀行,8344,上場,銀行業,,山形市七日町三丁目１番２号,2026-03-31,1321000000.0,764000000.0,0.7290575916230366,無形資産,無形固定資産の取得による支出,63330000000.0,0.020858992578556765,1178.0,1121392.1901528013
株式会社ディスラプターズ,6538,上場,サービス業,東京都,港区南青山２丁目５番地１７号,2026-03-31,106000000.0,,,無形資産,無形固定資産の取得による支出,5114000000.0,0.02072741493938209,107.0,990654.2056074766
株式会社池田泉州ホールディングス,8714,上場,銀行業,大阪府,大阪市北区茶屋町１８番１４号,2026-03-31,2428000000.0,1217000000.0,0.9950698438783896,無形資産,無形固定資産の取得による支出,117417000000.0,0.020678436682933475,2244.0,1081996.4349376115
株式会社カカクコム,2371,上場,サービス業,東京都,渋谷区恵比寿南三丁目５番７号,2026-03-31,1939000000.0,2189000000.0,-0.11420740063956147,無形資産,無形資産の取得による支出,94127000000.0,0.020599827892103222,1421.0,1364532.0197044334
株式会社ポーラ・オルビスホールディングス,4927,上場,化学,東京都,品川区西五反田二丁目２番３号,2025-12-31,3506000000.0,3983000000.0,-0.11975897564649762,無形資産,無形固定資産の取得による支出,170285000000.0,0.02058901253780427,3898.0,899435.6080041047
株式会社ギフティ,4449,非上場,情報・通信業,東京都,品川区東五反田２－１０－２,2025-12-31,289000000.0,196000000.0,0.4744897959183674,無形資産,無形固定資産の取得による支出,14149000000.0,0.02042547176478903,685.0,421897.8102189781
株式会社あおぞら銀行,8304,上場,銀行業,東京都,千代田区麹町六丁目１番地１,2026-03-31,4946000000.0,4628000000.0,0.06871218668971468,無形資産,無形固定資産の取得による支出,242314000000.0,0.020411532144242593,2515.0,1966600.3976143142
株式会社ファンコミュニケーションズ,2461,上場,サービス業,東京都,渋谷区渋谷一丁目１番８号,2025-12-31,144318000.0,146679000.0,-0.01609637371402861,無形資産,無形固定資産の取得による支出,7096657000.0,0.020336054004019076,356.0,405387.6404494382
ＮＩＳＳＨＡ株式会社,7915,上場,その他製品,京都府,京都市中京区壬生花井町３番地,2025-12-31,1491000000.0,1398000000.0,0.0665236051502145,無形資産,無形資産の取得による支出,73394000000.0,0.02031501212633185,5305.0,281055.6079170594
株式会社三井住友銀行,,非上場,銀行業,東京都,千代田区丸の内一丁目１番２号,2026-03-31,182789000000.0,158447000000.0,0.15362865816329752,無形資産,無形固定資産の取得による支出,9002775000000.0,0.02030362860340284,71100.0,2570872.0112517583
デンヨー株式会社,6517,上場,電気機器,東京都,中央区日本橋堀留町２丁目８番５号,2026-03-31,1453000000.0,271000000.0,4.361623616236162,無形資産,無形固定資産の取得による支出,72244000000.0,0.020112396877249323,1362.0,1066813.509544787
ＫＩＹＯラーニング株式会社,7353,上場,サービス業,東京都,千代田区永田町２－１０－１,2025-12-31,101010000.0,114698000.0,-0.11933948281574225,無形資産,無形固定資産の取得による支出,5031211000.0,0.020076677364554974,118.0,856016.9491525424
ユーソナー株式会社,431A,上場,情報・通信業,東京都,新宿区西新宿三丁目２０番２号,2025-12-31,144001000.0,137963000.0,0.04376535737842757,無形資産,無形固定資産の取得による支出,7191612000.0,0.020023466227043395,228.0,631583.3333333334
ＪＦＥシステムズ株式会社,4832,上場,情報・通信業,東京都,港区芝浦一丁目２番３号,2026-03-31,1149241000.0,1148940000.0,0.0002619806082126974,無形資産,無形固定資産の取得による支出,57410583000.0,0.020017929446910512,1960.0,586347.4489795918
株式会社共和電業,6853,上場,電気機器,,調布市調布ヶ丘３丁目５番地１,2025-12-31,325272000.0,172518000.0,0.8854380412478697,無形資産,無形固定資産の取得による支出,16272345000.0,0.01998925170281235,763.0,426306.68414154655
ＳＣＳＫ株式会社,,非上場,情報・通信業,東京都,江東区豊洲三丁目２番２０号,2026-03-31,8318000000.0,7242000000.0,0.1485777409555371,無形資産,無形資産の取得による支出,416653000000.0,0.019963854814437913,21015.0,395812.5148703307
八洲電機株式会社,3153,上場,卸売業,東京都,港区新橋三丁目１番１号,2026-03-31,1484000000.0,941000000.0,0.5770456960680128,無形資産,無形固定資産の取得による支出,74569000000.0,0.019901031259638723,1062.0,1397363.4651600753
プレミアグループ株式会社,7199,上場,その他金融業,東京都,港区虎ノ門二丁目１０番４号オークラプレステージタワー,2026-03-31,869000000.0,965000000.0,-0.09948186528497405,無形資産,無形資産の取得による支出,44042000000.0,0.019731165705462968,899.0,966629.5884315907
株式会社　ソルクシーズ,4284,上場,情報・通信業,東京都,港区芝浦三丁目１番２１号,2025-12-31,342487000.0,363268000.0,-0.05720569937346531,無形資産,無形固定資産の取得による支出,17359251000.0,0.019729365051522098,866.0,395481.52424942265
株式会社資生堂,4911,上場,化学,東京都,中央区銀座七丁目５番５号,2025-12-31,19127000000.0,25849000000.0,-0.26004874463228755,無形資産,無形資産の取得による支出,969992000000.0,0.019718719329643957,26330.0,726433.7257880744
アイサンテクノロジー株式会社,4667,上場,情報・通信業,愛知県,名古屋市中区錦三丁目７番１４号　ＡＴビル,2026-03-31,149410000.0,160938000.0,-0.07163006872211664,無形資産,無形固定資産の取得による支出,7593146000.0,0.019676956033770454,197.0,758426.3959390863
株式会社オークネット,3964,上場,情報・通信業,東京都,港区北青山二丁目５番８号,2025-12-31,1261545000.0,1019336000.0,0.23761448629303783,無形資産,無形固定資産の取得による支出,64139920000.0,0.019668640060667365,1119.0,1127386.0589812333
株式会社サイバーエージェント,4751,上場,サービス業,東京都,渋谷区宇田川町４０番１号,2025-09-30,17060000000.0,14237000000.0,0.1982861557912481,無形資産,無形固定資産の取得による支出,874030000000.0,0.019518780819880323,8150.0,2093251.5337423312
株式会社アイティフォー,4743,上場,情報・通信業,東京都,千代田区一番町２１番地,2026-03-31,450778000.0,178439000.0,1.5262302523551465,無形資産,無形固定資産の取得による支出,23101002000.0,0.01951335271084778,892.0,505356.50224215246
株式会社横浜フィナンシャルグループ,7186,上場,銀行業,東京都,中央区日本橋２丁目７番１号,2026-03-31,9499000000.0,5631000000.0,0.6869117385899486,無形資産,無形固定資産の取得による支出,490724000000.0,0.019357113163407536,6313.0,1504672.8971962617
株式会社アイル,3854,上場,情報・通信業,大阪府,大阪市北区大深町３番１号,2025-07-31,372568000.0,489635000.0,-0.2390903428063762,無形資産,無形固定資産の取得による支出,19294870000.0,0.019309173889225477,1009.0,369244.7968285431
三協フロンテア株式会社,9639,上場,サービス業,,柏市新十余二５番地,2026-03-31,1040000000.0,522000000.0,0.9923371647509578,無形資産,無形固定資産の取得による支出,54275000000.0,0.019161676646706587,1207.0,861640.4308202154
株式会社　良品計画,7453,上場,小売業,東京都,文京区後楽２丁目５番１号住友不動産飯田橋ファーストビル,2025-08-31,15007000000.0,11977000000.0,0.2529848877014278,無形資産,無形固定資産の取得による支出,784629000000.0,0.01912623673099006,13912.0,1078709.0281771133
株式会社アカツキ,3932,上場,情報・通信業,東京都,品川区上大崎二丁目１３番３０号,2026-03-31,494000000.0,274000000.0,0.802919708029197,無形資産,無形固定資産の取得による支出,25856000000.0,0.019105816831683168,537.0,919925.5121042831
広島電鉄株式会社,9033,上場,陸運業,広島県,広島市中区東千田町二丁目９番２９号,2026-03-31,715000000.0,775000000.0,-0.07741935483870965,無形資産,無形固定資産の取得による支出,37470000000.0,0.019081932212436616,2241.0,319053.9937527889
株式会社日本政策金融公庫,,非上場,その他金融業,東京都,千代田区大手町１丁目９番４号,2026-03-31,11843000000.0,21208000000.0,-0.4415786495662014,無形資産,無形固定資産の取得による支出,624568000000.0,0.018961906469751894,7368.0,1607356.134636265
いちよし証券株式会社,8624,上場,証券、商品先物取引業,東京都,中央区日本橋茅場町一丁目５番８号,2026-03-31,465000000.0,392000000.0,0.18622448979591844,無形資産,無形固定資産の取得による支出,24579000000.0,0.018918589039423898,1014.0,458579.88165680476
ユーピーアール株式会社,7065,上場,サービス業,,宇部市寿町三丁目５番２６号,2025-08-31,289918000.0,404327000.0,-0.2829615632891199,無形資産,無形固定資産の取得による支出,15354233000.0,0.018881959131400443,224.0,1294276.7857142857
株式会社イーエムシステムズ（商号　株式会社ＥＭシステムズ）,4820,上場,情報・通信業,大阪府,大阪市淀川区宮原一丁目６番１号,2025-12-31,446000000.0,358000000.0,0.24581005586592175,無形資産,無形固定資産の取得による支出,23658000000.0,0.018851973962296053,858.0,519813.5198135198
ドリームベッド株式会社,7791,上場,その他製品,広島県,広島市西区己斐本町三丁目１２番３９号,2026-03-31,228281000.0,62961000.0,2.625752449929321,無形資産,無形固定資産の取得による支出,12174758000.0,0.018750352163057368,376.0,607130.3191489362
テスホールディングス株式会社,5074,上場,建設業,大阪府,大阪市淀川区西中島６丁目１番１号,2026-06-30,957000000.0,103000000.0,8.29126213592233,無形資産,無形固定資産の取得による支出,51217000000.0,0.018685202178964015,526.0,1819391.6349809887
株式会社サトー,6287,上場,機械,東京都,港区芝浦三丁目１番１号,2026-03-31,3047000000.0,3286000000.0,-0.07273280584297015,無形資産,無形固定資産の取得による支出,163434000000.0,0.01864361148842958,6012.0,506819.69394544244
株式会社ＭＴＧ,7806,上場,その他製品,愛知県,名古屋市中村区本陣通２丁目３２番,2025-09-30,1842000000.0,912000000.0,1.0197368421052633,無形資産,無形固定資産の取得による支出,98810000000.0,0.018641837870660864,1514.0,1216644.6499339498
ＡＮＡホールディングス株式会社,9202,上場,空運業,東京都,港区東新橋一丁目５番２号,2026-03-31,47271000000.0,39071000000.0,0.20987433134549915,無形資産,無形固定資産の取得による支出,2539233000000.0,0.018616251442856956,47826.0,988395.4334462426
イーサポートリンク株式会社,2493,上場,サービス業,東京都,豊島区高田二丁目１７番２２号,2025-11-30,120418000.0,417131000.0,-0.7113185066561823,無形資産,無形固定資産の取得による支出,6470128000.0,0.018611378322036288,174.0,692057.4712643678
株式会社オートサーバー,5589,上場,情報・通信業,東京都,中央区日本橋室町四丁目６番２号,2025-12-31,120234000.0,92850000.0,0.2949273021001615,無形資産,無形固定資産の取得による支出,6462582000.0,0.018604638208072254,114.0,1054684.2105263157
株式会社ライフフーズ,3065,上場,小売業,,吹田市江坂町一丁目１３－４１,2026-02-28,177842000.0,20665000.0,7.605952092910719,無形資産,無形固定資産の取得による支出,9614830000.0,0.01849663488590022,173.0,1027988.4393063583
株式会社ナガセ,9733,上場,サービス業,,武蔵野市吉祥寺南町一丁目２９番２号,2026-03-31,1177000000.0,842000000.0,0.3978622327790975,無形資産,無形固定資産の取得による支出,64183000000.0,0.01833818924014147,1628.0,722972.972972973
株式会社小野測器,6858,上場,電気機器,神奈川県,横浜市西区みなとみらい三丁目３番３号　横浜コネクトスクエア　１２階,2025-12-31,248000000.0,314000000.0,-0.21019108280254772,無形資産,無形固定資産の取得による支出,13629000000.0,0.01819649277276396,653.0,379785.6049004594
株式会社武蔵野銀行,8336,上場,銀行業,埼玉県,さいたま市大宮区桜木町一丁目１０番地８,2026-03-31,1923000000.0,2236000000.0,-0.13998211091234347,無形資産,無形固定資産の取得による支出,105684000000.0,0.018195753377994776,2043.0,941262.8487518355
オリックス銀行株式会社,,非上場,銀行業,東京都,港区芝三丁目２２番８号,2026-03-31,1562000000.0,1730000000.0,-0.09710982658959533,無形資産,無形固定資産の取得による支出,85888000000.0,0.018186475409836065,926.0,1686825.0539956803
ＧＯ株式会社,581A,上場,情報・通信業,東京都,港区麻布台１丁目３－１　麻布台ヒルズ森ＪＰタワー,2026-05-31,750000000.0,693000000.0,0.08225108225108224,無形資産,無形固定資産の取得による支出,41446000000.0,0.018095835545046568,606.0,1237623.7623762377
株式会社文溪堂,9471,上場,情報・通信業,,羽島市江吉良町江中七丁目１番地,2026-03-31,218738000.0,327516000.0,-0.33213033867047714,無形資産,無形固定資産の取得による支出,12139172000.0,0.01801918615207034,247.0,885578.947368421
コニシ株式会社,4956,上場,化学,大阪府,大阪市中央区道修町１丁目６番１０号,2026-03-31,2454000000.0,1064000000.0,1.306390977443609,無形資産,無形固定資産の取得による支出,136569000000.0,0.017968938778200032,1561.0,1572069.1864189622
株式会社キャリアデザインセンター,2410,上場,サービス業,東京都,港区赤坂三丁目２１番２０号,2025-09-30,334953000.0,586641000.0,-0.42903240653142216,無形資産,無形固定資産の取得による支出,18646255000.0,0.0179635535393032,768.0,436136.71875
株式会社千葉興業銀行,8337,上場,銀行業,千葉県,千葉市美浜区幸町２丁目１番２号,2026-03-31,1235000000.0,812000000.0,0.520935960591133,無形資産,無形固定資産の取得による支出,68872000000.0,0.01793181554187478,1307.0,944912.012241775
株式会社ミロク,7983,上場,その他製品,,南国市篠原５３７番地１,2025-10-31,222811000.0,57298000.0,2.8886348563649693,無形資産,無形固定資産の取得による支出,12518322000.0,0.017798791243746566,627.0,355360.4465709729
古野電気株式会社,6814,上場,電気機器,,西宮市芦原町９番５２号,2026-02-28,2483000000.0,2323000000.0,0.06887645286267752,無形資産,無形固定資産の取得による支出,140616000000.0,0.017658019002105025,3411.0,727939.0208150103
株式会社十六フィナンシャルグループ,7380,上場,銀行業,,岐阜市神田町八丁目２６番地,2026-03-31,2965000000.0,2956000000.0,0.0030446549391069944,無形資産,無形固定資産の取得による支出,169093000000.0,0.017534729409259993,2322.0,1276916.451335056
株式会社フルヤ金属,7826,上場,その他製品,東京都,豊島区南大塚二丁目３７番５号,2025-06-30,1005000000.0,865000000.0,0.16184971098265888,無形資産,無形固定資産の取得による支出,57379000000.0,0.01751511877167605,418.0,2404306.2200956936
アルメタックス株式会社,5928,上場,金属製品,大阪府,大阪市北区大淀中１丁目１番３０号,2026-03-31,138068000.0,145565000.0,-0.051502765087761526,無形資産,無形固定資産の取得による支出,7886491000.0,0.017506898822302594,331.0,417123.8670694864
株式会社Ｕ－ＮＥＸＴ　ＨＯＬＤＩＮＧＳ,9418,上場,情報・通信業,東京都,品川区上大崎三丁目１番１号,2025-08-31,6822000000.0,3793000000.0,0.7985763248088584,無形資産,無形固定資産の取得による支出,390408000000.0,0.01747402717157435,5737.0,1189123.2351403174
リネットジャパングループ株式会社,3556,上場,小売業,,大府市柊山町三丁目３３番地,2025-09-30,181620000.0,243643000.0,-0.2545650808765284,無形資産,無形固定資産の取得による支出,10412149000.0,0.017443084996190506,254.0,715039.3700787402
株式会社アシックス,7936,上場,その他製品,兵庫県,神戸市中央区三宮町一丁目２番４号,2025-12-31,14107000000.0,12664000000.0,0.11394504106127612,無形資産,無形固定資産の取得による支出,810916000000.0,0.017396376443429406,9455.0,1492014.8069804336
株式会社日本動物高度医療センター,6039,上場,サービス業,神奈川県,川崎市高津区久地二丁目５番８号,2026-03-31,107405000.0,9996000.0,9.744797919167667,無形資産,無形固定資産の取得による支出,6192468000.0,0.017344457815526862,328.0,327454.26829268294
ＧＭＯインターネットグループ株式会社,9449,上場,情報・通信業,東京都,渋谷区桜丘町２６番１号,2025-12-31,4937000000.0,4855000000.0,0.01688980432543774,無形資産,無形資産の取得による支出,285626000000.0,0.017284841015873905,6484.0,761412.7082048118
フィデアホールディングス株式会社,8713,上場,銀行業,宮城県,仙台市青葉区中央三丁目１番２４号,2026-03-31,967000000.0,271000000.0,2.5682656826568264,無形資産,無形固定資産の取得による支出,56055000000.0,0.01725091428061725,1376.0,702761.6279069767
株式会社ファブリカホールディングス,4193,上場,情報・通信業,東京都,港区赤坂一丁目１１番３０号,2026-03-31,180715000.0,169031000.0,0.06912341523152565,無形資産,無形固定資産の取得による支出,10567504000.0,0.01710101079687313,230.0,785717.3913043478
株式会社南日本銀行,8554,上場,銀行業,,鹿児島市山下町１－１,2026-03-31,292000000.0,386000000.0,-0.24352331606217614,無形資産,無形固定資産の取得による支出,17141000000.0,0.017035178811037863,602.0,485049.8338870432
ＳＯＬＩＺＥ　Ｈｏｌｄｉｎｇｓ株式会社,5871,上場,サービス業,東京都,千代田区三番町６番３号,2025-12-31,436000000.0,66000000.0,5.606060606060606,無形資産,無形固定資産の取得による支出,25779000000.0,0.016912991194383026,2526.0,172604.9089469517
株式会社ミダックホールディングス,6564,上場,サービス業,静岡県,浜松市中央区有玉南町２１６３番地,2026-03-31,199932000.0,85681000.0,1.3334461549234953,無形資産,無形固定資産の取得による支出,11844953000.0,0.016879087658684674,364.0,549263.7362637363
株式会社サンリオ,8136,上場,卸売業,東京都,品川区大崎１丁目６番１号,2026-03-31,3240000000.0,1345000000.0,1.408921933085502,無形資産,無形固定資産の取得による支出,194088000000.0,0.016693458637319154,2157.0,1502086.230876217
株式会社プロクレアホールディングス,7384,上場,銀行業,,青森市勝田一丁目３番１号,2026-03-31,1584000000.0,5984000000.0,-0.7352941176470589,無形資産,無形固定資産の取得による支出,95278000000.0,0.016625034110707614,2197.0,720983.1588529813
株式会社タカキュー,8166,上場,小売業,東京都,板橋区板橋３丁目９番７号,2026-02-28,142870000.0,83456000.0,0.7119200536809815,無形資産,無形固定資産の取得による支出,8666899000.0,0.016484558087038973,273.0,523333.3333333333
明豊ファシリティワークス株式会社,1717,上場,建設業,東京都,千代田区平河町二丁目７番９号,2026-03-31,100655000.0,112539000.0,-0.10559894792027658,無形資産,無形固定資産の取得による支出,6114681000.0,0.01646120214611359,208.0,483918.26923076925
株式会社和井田製作所,6158,上場,機械,,高山市片野町２１２１番地,2026-03-31,108961000.0,240663000.0,-0.5472465646983542,無形資産,無形固定資産の取得による支出,6659190000.0,0.0163625005443605,198.0,550308.0808080808
ＧＭＯフィナンシャルホールディングス株式会社,7177,上場,証券、商品先物取引業,東京都,渋谷区道玄坂１－２－３渋谷フクラス,2025-12-31,809000000.0,783000000.0,0.033205619412515874,無形資産,無形固定資産の取得による支出,49518000000.0,0.016337493436730077,476.0,1699579.831932773
菊水ホールディングス株式会社,6912,上場,電気機器,神奈川県,横浜市都筑区茅ケ崎中央６番１号　サウスウッド４階,2026-03-31,239602000.0,16388000.0,13.620576031242372,無形資産,無形固定資産の取得による支出,14687918000.0,0.016312863402423678,345.0,694498.5507246377
株式会社琉球銀行,8399,上場,銀行業,,那覇市久茂地一丁目１１番１号,2026-03-31,1304000000.0,2420000000.0,-0.4611570247933884,無形資産,無形固定資産の取得による支出,80322000000.0,0.016234655511565946,1802.0,723640.3995560488
ＳＢＩグローバルアセットマネジメント株式会社,4765,上場,サービス業,東京都,港区六本木１丁目６番１号,2026-03-31,452209000.0,143226000.0,2.1573108234538423,無形資産,無形固定資産の取得による支出,27859646000.0,0.016231685068790896,357.0,1266691.8767507002
株式会社伊予鉄グループ,,非上場,陸運業,,松山市湊町４丁目４番地１,2026-03-31,560382000.0,29691000.0,17.873800141457007,無形資産,無形固定資産の取得による支出,34752662000.0,0.016124865485124564,1365.0,410536.26373626373
株式会社メルカリ,4385,上場,情報・通信業,東京都,港区六本木六丁目１０番１号六本木ヒルズ森タワー１８階,2026-06-30,3686000000.0,863000000.0,3.2711471610660485,無形資産,無形資産の取得による支出,229293000000.0,0.016075501650726364,2065.0,1784987.8934624698
株式会社いよぎんホールディングス,5830,上場,銀行業,,松山市南堀端町１番地,2026-03-31,4272000000.0,4017000000.0,0.06348020911127716,無形資産,無形固定資産の取得による支出,266118000000.0,0.016053029107388452,3098.0,1378954.1639767592
アルプスアルパイン株式会社,6770,上場,電気機器,東京都,大田区雪谷大塚町１番７号,2026-03-31,16342000000.0,7582000000.0,1.1553679767871272,無形資産,無形固定資産の取得による支出,1019459000000.0,0.016030070851304465,25924.0,630381.1140256133
セコム株式会社,9735,上場,サービス業,東京都,渋谷区神宮前一丁目５番１号,2026-03-31,20081000000.0,17719000000.0,0.13330323381680675,無形資産,無形固定資産の取得による支出,1256896000000.0,0.015976659962319874,65094.0,308492.3341629029
株式会社　京葉銀行,8544,上場,銀行業,千葉県,千葉市中央区富士見一丁目１１番１１号,2026-03-31,1713000000.0,3799000000.0,-0.5490918662806001,無形資産,無形固定資産の取得による支出,108656000000.0,0.015765351200117805,1837.0,932498.6390854655
株式会社タウンズ,197A,上場,医薬品,,伊豆の国市神島７６１番１,2026-06-30,226471000.0,440353000.0,-0.4857057860398363,無形資産,無形固定資産の取得による支出,14369220000.0,0.015760841576647863,350.0,647060.0
ＳＢＩインシュアランスグループ株式会社,7326,上場,保険業,東京都,港区六本木一丁目６番１号,2026-03-31,2211000000.0,1500000000.0,0.474,無形資産,無形固定資産の取得による支出,140362000000.0,0.015752126643963468,1030.0,2146601.9417475727
株式会社ＫＶＫ,6484,上場,機械,,加茂郡富加町高畑字稲荷６４１番地,2026-03-31,485459000.0,352608000.0,0.3767668345584898,無形資産,無形固定資産の取得による支出,30899762000.0,0.01571076825769726,1022.0,475008.8062622309
セントラル警備保障株式会社,9740,上場,サービス業,東京都,新宿区西新宿二丁目４番１号　新宿ＮＳビル,2026-02-28,1234942000.0,793471000.0,0.5563795022124312,無形資産,無形固定資産の取得による支出,78745171000.0,0.01568276485170119,7150.0,172719.16083916085
株式会社東京きらぼしフィナンシャルグループ,7173,上場,銀行業,東京都,港区南青山三丁目１０番４３号,2026-03-31,3122000000.0,2957000000.0,0.05579979709164684,無形資産,無形固定資産の取得による支出,199262000000.0,0.015667814234525398,2744.0,1137755.1020408163
株式会社リージョナルプラスウイングス,,非上場,空運業,東京都,大田区,2026-03-31,1692000000.0,1147000000.0,0.4751525719267655,無形資産,無形固定資産の取得による支出,108801000000.0,0.015551327653238481,2146.0,788443.616029823
株式会社高知銀行,8416,上場,銀行業,,高知市堺町２番２４号,2026-03-31,437000000.0,307000000.0,0.42345276872964166,無形資産,無形固定資産の取得による支出,28379000000.0,0.015398710313964552,724.0,603591.1602209945
東海旅客鉄道株式会社,9022,上場,陸運業,愛知県,名古屋市中村区名駅一丁目１番４号,2026-03-31,30787000000.0,12348000000.0,1.493278263686427,無形資産,無形固定資産の取得による支出,2006218000000.0,0.015345789939079401,29569.0,1041191.7886976225
株式会社ＷＯＷＯＷ,4839,上場,情報・通信業,東京都,港区赤坂五丁目２番２０号,2026-03-31,1174000000.0,998000000.0,0.1763527054108216,無形資産,無形固定資産の取得による支出,77124000000.0,0.015222239510398838,801.0,1465667.9151061173
株式会社西日本フィナンシャルホールディングス,7189,上場,銀行業,福岡県,福岡市博多区博多駅前三丁目１番１号,2026-03-31,3757000000.0,3321000000.0,0.13128575730201741,無形資産,無形固定資産の取得による支出,246860000000.0,0.015219152556104674,4252.0,883584.1956726246
株式会社リログループ,8876,上場,サービス業,東京都,新宿区新宿４丁目３番２３号,2026-03-31,2294000000.0,2053000000.0,0.11738918655625907,無形資産,無形資産の取得による支出,151074000000.0,0.015184611514886745,3451.0,664734.8594610258
岡部株式会社,5959,上場,金属製品,東京都,墨田区押上二丁目８番２号,2025-12-31,1058000000.0,146000000.0,6.2465753424657535,無形資産,無形固定資産の取得による支出,69758000000.0,0.015166719229335704,966.0,1095238.0952380951
株式会社北洋銀行,8524,上場,銀行業,北海道,札幌市中央区大通西３丁目７番地,2026-03-31,3571000000.0,2418000000.0,0.47684036393713813,無形資産,無形固定資産の取得による支出,235927000000.0,0.015136037842213906,2828.0,1262729.8444130127
アコム株式会社,8572,上場,その他金融業,東京都,港区東新橋一丁目９番１号,2026-03-31,5111000000.0,6130000000.0,-0.16623164763458398,無形資産,無形固定資産の取得による支出,337709000000.0,0.015134331628709925,5626.0,908460.718094561
株式会社ＲＹＯＤＥＮ,8084,上場,卸売業,東京都,東京都千代田区麹町五丁目１番地麹町弘済ビルディング,2026-03-31,3218000000.0,931000000.0,2.456498388829216,無形資産,無形固定資産の取得による支出,212772000000.0,0.015124170473558551,1555.0,2069453.3762057878
株式会社ニッキ,6042,上場,輸送用機器,,厚木市上依知３０２９番地,2026-03-31,140161000.0,245118000.0,-0.4281896882317904,無形資産,無形固定資産の取得による支出,9269079000.0,0.015121351323038676,509.0,275365.4223968566
フェスタリアホールディングス株式会社,2736,上場,小売業,東京都,品川区西五反田七丁目２０番９号,2025-08-31,141527000.0,22700000.0,5.234669603524229,無形資産,無形固定資産の取得による支出,9403118000.0,0.015051071357394431,520.0,272167.3076923077
株式会社　富山銀行,8365,上場,銀行業,,高岡市下関町３番１号,2026-03-31,207000000.0,105000000.0,0.9714285714285715,無形資産,無形固定資産の取得による支出,13771000000.0,0.01503158811996224,325.0,636923.0769230769
株式会社アルファパーチェス,7115,上場,卸売業,東京都,港区三田一丁目４番２８号　三田国際ビル１５階,2025-12-31,884416000.0,798602000.0,0.10745527809847699,無形資産,無形固定資産の取得による支出,58922000000.0,0.01500994535148162,265.0,3337418.867924528
スルガ銀行株式会社,8358,上場,銀行業,,沼津市通横町２３番地,2026-03-31,1639000000.0,909000000.0,0.8030803080308031,無形資産,無形固定資産の取得による支出,109912000000.0,0.014911929543634909,1383.0,1185104.8445408533
プリマハム株式会社,2281,上場,食料品,東京都,品川区東大井三丁目１７番４号,2026-03-31,7091000000.0,2893000000.0,1.4510888351192532,無形資産,無形固定資産の取得による支出,475574000000.0,0.014910403007733813,3630.0,1953443.5261707988
沖電気工業株式会社,6703,上場,電気機器,東京都,港区虎ノ門１丁目７番１２号,2026-03-31,6254000000.0,6339000000.0,-0.013409055056002539,無形資産,無形固定資産の取得による支出,421635000000.0,0.014832734474130468,11925.0,524444.4444444445
株式会社ユー・エス・エス,4732,上場,サービス業,,東海市新宝町５０７番地の２０,2026-03-31,1685000000.0,1499000000.0,0.12408272181454305,無形資産,無形固定資産の取得による支出,113854000000.0,0.0147996556994045,1211.0,1391412.0561519405
テルモ株式会社,4543,上場,精密機器,東京都,渋谷区幡ヶ谷二丁目４４番１号,2026-03-31,16750000000.0,13748000000.0,0.21835903404131507,無形資産,無形資産の取得による支出,1131877000000.0,0.014798427744357382,31185.0,537117.2037838704
旭有機材株式会社,4216,上場,化学,,延岡市中の瀬町二丁目５９５５番地,2026-03-31,1182000000.0,244000000.0,3.8442622950819674,無形資産,無形固定資産の取得による支出,80081000000.0,0.014760055443863088,1748.0,676201.3729977116
株式会社イトーキ,7972,上場,その他製品,大阪府,大阪市中央区淡路町一丁目６番１１号,2025-12-31,2268000000.0,2890000000.0,-0.21522491349480966,無形資産,無形固定資産の取得による支出,153682000000.0,0.014757746515532072,4164.0,544668.5878962536
鈴茂器工株式会社,6405,上場,機械,東京都,中野区中野四丁目１０番１号　中野セントラルパークイースト,2026-03-31,233788000.0,148896000.0,0.5701429185471738,無形資産,無形固定資産の取得による支出,15864553000.0,0.014736500927571044,526.0,444463.8783269962
株式会社電通総研,4812,上場,情報・通信業,東京都,港区港南二丁目１７番１号,2025-12-31,2422000000.0,2848000000.0,-0.1495786516853933,無形資産,無形固定資産の取得による支出,164865000000.0,0.01469080763048555,4618.0,524469.4673018623
株式会社　百五銀行,8368,上場,銀行業,,津市岩田２１番２７号,2026-03-31,2380000000.0,2239000000.0,0.06297454220634213,無形資産,無形固定資産の取得による支出,162399000000.0,0.014655262655558225,2828.0,841584.1584158416
株式会社ハチバン,9950,上場,小売業,,金沢市新神田一丁目１２番１８号,2026-03-20,112967000.0,179533000.0,-0.3707730612199428,無形資産,無形固定資産の取得による支出,7730061000.0,0.014613985581743792,174.0,649235.632183908
株式会社ＴＳＩホールディングス,3608,上場,繊維製品,東京都,港区赤坂八丁目５番２７号,2026-02-28,2437000000.0,630000000.0,2.8682539682539683,無形資産,無形固定資産の取得による支出,167085000000.0,0.014585390669419756,4108.0,593232.7166504381
セガサミーホールディングス株式会社,6460,上場,機械,東京都,品川区西品川一丁目１番１号住友不動産大崎ガーデンタワー,2026-03-31,7100000000.0,6324000000.0,0.12270714737507915,無形資産,無形固定資産の取得による支出,487542000000.0,0.014562847918743412,9237.0,768647.8293818339
株式会社フォーバルテレコム,9445,上場,情報・通信業,東京都,港区港南１丁目８番２３号,2026-03-31,348612000.0,389724000.0,-0.10549003910459709,無形資産,無形固定資産の取得による支出,23973009000.0,0.014541854132703992,197.0,1769604.0609137055
株式会社アンドエスティＨＤ,2685,上場,小売業,,水戸市泉町三丁目１番２７号,2026-02-28,4425000000.0,3874000000.0,0.142230252968508,無形資産,無形固定資産の取得による支出,304351000000.0,0.014539134091887328,6936.0,637975.7785467128
ジャパンエレベーターサービスホールディングス株式会社,6544,上場,サービス業,東京都,中央区日本橋一丁目３番１３号,2026-03-31,837000000.0,571000000.0,0.4658493870402802,無形資産,無形固定資産の取得による支出,57601000000.0,0.014530997725733928,2286.0,366141.7322834646
ウェルネス・コミュニケーションズ株式会社,366A,上場,サービス業,東京都,港区赤坂１－１２－３２　アーク森ビル１４階,2026-03-31,214364000.0,,,無形資産,無形固定資産の取得による支出,14778359000.0,0.014505264082432969,263.0,815072.2433460077
株式会社カーブスホールディングス,7085,上場,サービス業,東京都,港区芝浦三丁目９番１号,2025-08-31,543000000.0,805000000.0,-0.32546583850931676,無形資産,無形固定資産の取得による支出,37566000000.0,0.014454559974444977,601.0,903494.1763727121
フリュー株式会社,6238,上場,機械,東京都,渋谷区鶯谷町２番３号,2026-03-31,641364000.0,632146000.0,0.014582074394206446,無形資産,無形固定資産の取得による支出,44767484000.0,0.014326558981961104,565.0,1135157.5221238937
ユナイテッド株式会社,2497,上場,サービス業,東京都,渋谷区渋谷一丁目２番５号,2026-03-31,126908000.0,157718000.0,-0.19534866026705888,無形資産,無形固定資産の取得による支出,8863075000.0,0.0143187324940836,456.0,278307.01754385966
データセクション株式会社,3905,上場,情報・通信業,東京都,品川区西五反田１丁目３番８号,2026-03-31,477986000.0,927555000.0,-0.48468177089229214,無形資産,無形固定資産の取得による支出,33605038000.0,0.014223641110002613,244.0,1958959.0163934426
ユタカフーズ株式会社,2806,上場,食料品,,知多郡武豊町字川脇３４番地の１,2026-03-31,213000000.0,0.0,,無形資産,無形固定資産の取得による支出,14988000000.0,0.01421136909527622,271.0,785977.8597785978
琉球セメント株式会社,,非上場,ガラス・土石製品,,浦添市西洲二丁目２番地２,2026-03-31,268117000.0,6500000.0,40.248769230769234,無形資産,無形固定資産の取得による支出,18881685000.0,0.014199844982055362,296.0,905800.6756756756
株式会社りそな銀行,,非上場,銀行業,大阪府,大阪市中央区備後町二丁目２番１号,2026-03-31,11042000000.0,8853000000.0,0.2472608155427538,無形資産,無形固定資産の取得による支出,778172000000.0,0.01418966500979218,8759.0,1260646.192487727
株式会社テクノロジーズ,5248,上場,情報・通信業,東京都,港区白金１丁目２７番６号,2026-01-31,143797000.0,28360000.0,4.070416078984485,無形資産,無形固定資産の取得による支出,10149087000.0,0.014168466582264986,143.0,1005573.4265734266
株式会社はるやまホールディングス,7416,上場,小売業,岡山県,岡山市北区青江一丁目１７番２１号,2026-03-31,497908000.0,188939000.0,1.6352844039610668,無形資産,無形固定資産の取得による支出,35212653000.0,0.0141400308576579,1089.0,457215.7943067034
ＩＤＥＣ株式会社,6652,上場,電気機器,大阪府,大阪市淀川区西宮原２丁目６番６４号,2026-03-31,1023000000.0,1578000000.0,-0.35171102661596954,無形資産,無形固定資産の取得による支出,72967000000.0,0.014020036454835747,3006.0,340319.3612774451
株式会社フジミインコーポレーテッド,5384,上場,ガラス・土石製品,,清須市西枇杷島町地領２丁目１番地１,2026-03-31,972000000.0,270000000.0,2.6,無形資産,無形固定資産の取得による支出,69404000000.0,0.01400495648665783,1305.0,744827.5862068966
株式会社リクルートホールディングス,6098,上場,サービス業,東京都,千代田区丸の内１－９－２,2026-03-31,51589000000.0,57306000000.0,-0.09976267755557877,無形資産,無形資産の取得による支出,3697351000000.0,0.013952962539937377,45586.0,1131685.1664984864
株式会社フェリシモ,3396,上場,小売業,兵庫県,神戸市中央区新港町７番１号,2026-02-28,407000000.0,513000000.0,-0.20662768031189083,無形資産,無形固定資産の取得による支出,29179000000.0,0.013948387538983515,425.0,957647.0588235294
東京都競馬株式会社,9672,上場,サービス業,東京都,大田区大森北１－６－８,2025-12-31,582291000.0,2575785000.0,-0.7739364892644378,無形資産,無形固定資産の取得による支出,41758749000.0,0.013944167723990007,198.0,2940863.6363636362
日本精工株式会社,6471,上場,機械,東京都,品川区大崎１－６－３,2026-03-31,12701000000.0,12234000000.0,0.03817230668628402,無形資産,無形資産の取得による支出,911644000000.0,0.013931973445774886,26278.0,483332.06484511757
株式会社ＫＯＫＵＳＡＩ　ＥＬＥＣＴＲＩＣ,6525,上場,電気機器,東京都,東京都千代田区神田鍛冶町三丁目４番地ｏａｋ神田鍛冶町ビル５階,2026-03-31,3275000000.0,2190000000.0,0.49543378995433796,無形資産,無形資産の取得による支出,235079000000.0,0.013931486861863459,2609.0,1255270.2184745113
遠州トラック株式会社,9057,上場,陸運業,,袋井市木原２２番地の１,2026-03-31,694000000.0,479000000.0,0.44885177453027136,無形資産,無形固定資産の取得による支出,49947000000.0,0.013894728412116844,1378.0,503628.44702467346
株式会社日立製作所,6501,上場,電気機器,東京都,千代田区丸の内一丁目６番６号,2026-03-31,146039000000.0,144801000000.0,0.008549664712260263,無形資産,無形資産の取得による支出,10586781000000.0,0.013794466892249873,287901.0,507254.22975258855
ＳＲＥホールディングス株式会社,2980,上場,不動産業,東京都,港区赤坂一丁目８番１号,2026-03-31,452565000.0,449293000.0,0.00728255281074941,無形資産,無形固定資産の取得による支出,32858624000.0,0.013773096524066254,533.0,849090.0562851783
株式会社　栃木銀行,8550,上場,銀行業,,宇都宮市西２－１－１８,2026-03-31,751000000.0,303000000.0,1.4785478547854787,無形資産,無形固定資産の取得による支出,54551000000.0,0.013766933695074333,1501.0,500333.11125916056
カシオ計算機株式会社,6952,上場,電気機器,東京都,渋谷区本町１－６－２,2026-03-31,3794000000.0,4865000000.0,-0.22014388489208636,無形資産,無形固定資産の取得による支出,276267000000.0,0.01373309153825828,8259.0,459377.6486257416
株式会社システムサポートホールディングス,4396,上場,情報・通信業,,金沢市本町一丁目５番２号リファーレ９階,2026-06-30,426200000.0,33743000.0,11.63076786296417,無形資産,無形固定資産の取得による支出,31091716000.0,0.0137078313721893,1992.0,213955.8232931727
株式会社リンクアンドモチベーション,2170,上場,サービス業,東京都,中央区銀座４－１２－１５　歌舞伎座タワー　１５階,2025-12-31,569000000.0,635000000.0,-0.10393700787401572,無形資産,無形資産の取得による支出,41522000000.0,0.013703578825682771,1629.0,349294.0454266421
ギグワークス株式会社,2375,上場,サービス業,東京都,港区西新橋二丁目１１番６号　ニュー西新橋ビル３階,2025-10-31,304534000.0,245872000.0,0.23858755775362783,無形資産,無形固定資産の取得による支出,22261869000.0,0.0136796241142197,780.0,390428.2051282051
エイチ・ツー・オー　リテイリング株式会社,8242,上場,小売業,大阪府,大阪市北区角田町８番７号,2026-03-31,9297000000.0,10761000000.0,-0.1360468357959298,無形資産,無形固定資産の取得による支出,680215000000.0,0.01366773740655528,7775.0,1195755.6270096463
株式会社ＩＢＪ,6071,上場,サービス業,東京都,新宿区西新宿一丁目２３番７号,2025-12-31,273471000.0,241733000.0,0.1312936173381376,無形資産,無形固定資産の取得による支出,20172914000.0,0.013556345900250207,1469.0,186161.33424098027
株式会社カワタ,6292,上場,機械,大阪府,大阪市西区阿波座１丁目１５番１５号（第一協業ビル）,2026-03-31,262463000.0,37309000.0,6.034844139483771,ソフトウェア,ソフトウエアの取得による支出,19367545000.0,0.01355169176062325,734.0,357579.0190735695
フィットイージー株式会社,212A,上場,サービス業,,岐阜市本町三丁目２番地１,2025-10-31,131556000.0,7179000.0,17.325114918512327,無形資産,無形固定資産の取得による支出,9731508000.0,0.013518562590710504,65.0,2023938.4615384615
デクセリアルズ株式会社,4980,上場,化学,,下野市下坪山１７２４,2026-03-31,1522000000.0,1672000000.0,-0.08971291866028708,無形資産,無形資産の取得による支出,113832000000.0,0.013370581207393352,1802.0,844617.0921198669
コクヨ株式会社,7984,上場,その他製品,大阪府,大阪市東成区大今里南６丁目１番１号,2025-12-31,4811000000.0,3409000000.0,0.41126430038134343,無形資産,無形固定資産の取得による支出,359876000000.0,0.013368493592237326,8079.0,595494.491892561
株式会社大東銀行,8563,上場,銀行業,,郡山市中町１９番１号,2026-03-31,206000000.0,67000000.0,2.074626865671642,無形資産,無形固定資産の取得による支出,15499000000.0,0.013291180076133944,413.0,498789.3462469734
株式会社ホンダファイナンス,,非上場,その他金融業,,武蔵野市中町二丁目４番１５号,2026-03-31,2007000000.0,1654000000.0,0.21342200725513916,無形資産,無形固定資産の取得による支出,151651000000.0,0.013234334096049481,460.0,4363043.478260869
ＴＩＳ株式会社,3626,上場,情報・通信業,東京都,新宿区西新宿８丁目１７番１号,2026-03-31,7882000000.0,6593000000.0,0.19551038980737157,無形資産,無形固定資産の取得による支出,596479000000.0,0.013214212067817978,21598.0,364941.19825909805
積水樹脂株式会社,4212,上場,化学,大阪府,大阪市北区西天満二丁目４番４号,2026-03-31,1032000000.0,657000000.0,0.5707762557077625,無形資産,無形固定資産の取得による支出,78163000000.0,0.013203177974233333,1621.0,636644.0468846391
株式会社東邦銀行,8346,上場,銀行業,,福島市大町３番２５号,2026-03-31,1220000000.0,1275000000.0,-0.04313725490196074,無形資産,無形固定資産の取得による支出,92465000000.0,0.013194181582220299,2037.0,598919.9803632793
株式会社コーセーホールディングス,4922,上場,化学,東京都,中央区日本橋三丁目６番２号,2025-12-31,4329000000.0,2286000000.0,0.8937007874015748,無形資産,無形固定資産の取得による支出,330193000000.0,0.013110514153843358,8566.0,505370.0677095494
東京海上ホールディングス株式会社,8766,上場,保険業,東京都,千代田区大手町二丁目６番４号,2026-03-31,116155000000.0,106133000000.0,0.09442868853231312,無形資産,無形資産の取得による支出,8872277000000.0,0.013091904141405864,67526.0,1720152.2376566064
山洋電気株式会社,6516,上場,電気機器,東京都,豊島区南大塚３－３３－１,2026-03-31,1390000000.0,1135000000.0,0.22466960352422904,無形資産,無形資産の取得による支出,107346000000.0,0.012948782441823636,3599.0,386218.39399833285
ブラザー工業株式会社,6448,上場,電気機器,愛知県,名古屋市瑞穂区苗代町１５番１号,2026-03-31,11563000000.0,11327000000.0,0.020835172596451068,無形資産,無形資産の取得による支出,893464000000.0,0.012941763742019824,39495.0,292771.236865426
株式会社アイ・グリッド・ソリューションズ,603A,上場,電気・ガス業,東京都,港区虎ノ門二丁目４番７号,2026-06-30,332113000.0,476808000.0,-0.3034659653361521,無形資産,無形固定資産の取得による支出,25699624000.0,0.01292287389107327,153.0,2170673.202614379
バリューコマース株式会社,2491,上場,サービス業,東京都,港区芝２丁目７番１７号　住友芝公園ビル７階,2025-12-31,308000000.0,347000000.0,-0.11239193083573484,無形資産,無形固定資産の取得による支出,24169000000.0,0.012743597169928421,381.0,808398.9501312335
イノテック株式会社,9880,上場,電気機器,神奈川県,横浜市港北区新横浜三丁目１７番地６号,2026-03-31,594698000.0,605300000.0,-0.017515281678506578,無形資産,無形固定資産の取得による支出,46737733000.0,0.012724151597168823,1620.0,367097.5308641975
セイコーグループ株式会社,8050,上場,精密機器,東京都,中央区銀座４丁目５番１１号,2026-03-31,4267000000.0,3309000000.0,0.28951344817165303,無形資産,無形固定資産の取得による支出,335686000000.0,0.012711283759227374,11326.0,376743.77538407204
株式会社岡三証券グループ,8609,上場,証券、商品先物取引業,東京都,中央区日本橋室町二丁目２番１号,2026-03-31,1215000000.0,2138000000.0,-0.4317118802619271,無形資産,無形固定資産の取得による支出,95595000000.0,0.012709869763062922,3472.0,349942.39631336404
株式会社アールシーコア,7837,上場,その他製品,東京都,渋谷区猿楽町１０番１号,2026-03-31,134019000.0,78881000.0,0.6990022945956567,無形資産,無形固定資産の取得による支出,10547594000.0,0.012706120466904586,229.0,585235.807860262
株式会社バロックジャパンリミテッド,3548,上場,小売業,東京都,目黒区青葉台４－７－７　青葉台ヒルズ１１階,2026-02-28,649000000.0,1059000000.0,-0.3871576959395656,無形資産,無形固定資産の取得による支出,51499000000.0,0.012602186450222335,1266.0,512638.23064770934
アステラス製薬株式会社,4503,上場,医薬品,東京都,中央区日本橋本町二丁目５番１号,2026-03-31,26922000000.0,20327000000.0,0.3244453190337975,無形資産,無形資産の取得による支出,2139245000000.0,0.012584813801130773,14099.0,1909497.127455848
株式会社リコー,7752,上場,電気機器,東京都,大田区中馬込一丁目３番６号,2026-03-31,32755000000.0,32594000000.0,0.004939559428115636,無形資産,無形資産の取得による支出,2608314000000.0,0.012557920557110839,75635.0,433066.70192371256
Ｓａｎｓａｎ株式会社,4443,上場,情報・通信業,東京都,渋谷区桜丘町１番１号,2026-05-31,675000000.0,470000000.0,0.43617021276595747,無形資産,無形固定資産の取得による支出,53761000000.0,0.01255557002287904,2336.0,288955.4794520548
株式会社東陽テクニカ,8151,上場,卸売業,東京都,中央区八重洲一丁目１番６号,2025-09-30,407389000.0,400715000.0,0.016655228778558406,無形資産,無形固定資産の取得による支出,32559176000.0,0.01251226382387564,653.0,623872.8943338438
株式会社デジタルハーツホールディングス,3676,上場,サービス業,東京都,新宿区西新宿三丁目２０番２号,2026-03-31,486943000.0,307987000.0,0.5810504988846932,無形資産,無形固定資産の取得による支出,38928746000.0,0.01250857142945216,2132.0,228397.27954971857
竹本容器株式会社,4248,上場,化学,東京都,台東区西浅草一丁目５番１５号,2025-12-31,180400000.0,4694000.0,37.432040903280786,無形資産,無形固定資産の取得による支出,14491278000.0,0.012448867518793028,767.0,235202.08604954366
ウイングアーク１ｓｔ株式会社,4432,上場,情報・通信業,東京都,港区六本木三丁目２番１号,2026-02-28,385208000.0,429313000.0,-0.10273390277023986,無形資産,無形資産の取得による支出,30945574000.0,0.012447919046516959,1126.0,342103.0195381883
アジア航測株式会社,9233,上場,空運業,東京都,新宿区西新宿六丁目１４番１号　新宿グリーンタワービル,2025-09-30,516869000.0,585489000.0,-0.11720117713569345,無形資産,無形固定資産の取得による支出,41591491000.0,0.01242727749288911,1872.0,276105.23504273506
株式会社ベガコーポレーション,3542,上場,小売業,福岡県,福岡市博多区祇園町７－２０　博多祇園センタープレイス４Ｆ,2026-03-31,224855000.0,14958000.0,14.032424120871774,無形資産,無形固定資産の取得による支出,18129697000.0,0.012402579039241527,277.0,811750.9025270758
株式会社三ツ知,3439,上場,金属製品,,春日井市牛山町１２０３番地,2026-06-30,155841000.0,62076000.0,1.510487144790257,無形資産,無形固定資産の取得による支出,12570107000.0,0.01239774649491846,458.0,340264.192139738
株式会社ＭｏｎｏｔａＲＯ,3064,上場,小売業,大阪府,大阪市北区梅田三丁目２番２号,2025-12-31,4131000000.0,2178000000.0,0.8966942148760331,無形資産,無形固定資産の取得による支出,333880000000.0,0.012372708757637475,1525.0,2708852.4590163934
株式会社スターフライヤー,9206,上場,空運業,福岡県,北九州市小倉南区空港北町６番北九州空港スターフライヤー本社ビル,2026-03-31,553000000.0,322000000.0,0.7173913043478262,無形資産,無形固定資産の取得による支出,44795000000.0,0.01234512780444246,806.0,686104.2183622828
ＧＭＯインターネット株式会社,4784,上場,サービス業,東京都,渋谷区桜丘町２６番１号,2025-12-31,967000000.0,31000000.0,30.193548387096776,無形資産,無形固定資産の取得による支出,78548000000.0,0.012310943626826908,1826.0,529572.8368017524
サトウ食品株式会社,2923,上場,食料品,新潟県,新潟市東区宝町１３番５号,2026-04-30,635996000.0,450887000.0,0.4105441052858032,無形資産,無形固定資産の取得による支出,51775084000.0,0.012283823624506337,717.0,887023.709902371
株式会社テレビ東京ホールディングス,9413,上場,情報・通信業,東京都,港区六本木三丁目２番１号,2026-03-31,2025000000.0,2185000000.0,-0.07322654462242562,無形資産,無形固定資産の取得による支出,164915000000.0,0.012279052845405208,1672.0,1211124.4019138757
コタ株式会社,4923,上場,化学,,久世郡久御山町田井新荒見７７番地,2026-03-31,117926000.0,22499000.0,4.241388506155829,無形資産,無形固定資産の取得による支出,9604030000.0,0.012278803793824051,395.0,298546.83544303797
株式会社佐賀銀行,8395,上場,銀行業,,佐賀市唐人二丁目７番２０号,2026-03-31,878000000.0,1354000000.0,-0.35155096011816844,無形資産,無形固定資産の取得による支出,71846000000.0,0.012220582913453777,1286.0,682737.169517885
ケミプロ化成株式会社,4960,上場,化学,兵庫県,神戸市中央区京町８３番地,2026-03-31,108685000.0,69000000.0,0.5751449275362319,無形資産,無形固定資産の取得による支出,8946058000.0,0.012148926376287747,222.0,489572.0720720721
コニカミノルタ株式会社,4902,上場,電気機器,東京都,千代田区丸の内二丁目７番２号,2026-03-31,13187000000.0,15569000000.0,-0.1529963388785407,無形資産,無形資産の取得による支出,1087738000000.0,0.01212332381510989,34363.0,383755.78383726685
エムスリー株式会社,2413,上場,サービス業,東京都,港区赤坂一丁目１１番４４号,2026-03-31,4250000000.0,2701000000.0,0.5734912995186967,無形資産,無形資産の取得による支出,351363000000.0,0.012095752825425557,17010.0,249853.02763080542
パーク二四株式会社（定款上の商号　パーク２４株式会社）,4666,上場,不動産業,東京都,品川区西五反田２丁目２０番４号,2025-10-31,4900000000.0,3806000000.0,0.2874408828166053,無形資産,無形固定資産の取得による支出,406168000000.0,0.01206397352819523,5734.0,854551.7963027555
キヤノンマーケティングジャパン株式会社,8060,上場,卸売業,東京都,港区港南２丁目１６番６号,2025-12-31,8173000000.0,2845000000.0,1.8727592267135327,無形資産,無形固定資産の取得による支出,679799000000.0,0.012022671407283624,18425.0,443582.0895522388
株式会社マイクロアド,9553,上場,サービス業,東京都,渋谷区桜丘町２０－１　渋谷インフォスタワー１３階,2025-09-30,188182000.0,277748000.0,-0.32247216901651854,無形資産,無形固定資産の取得による支出,15670556000.0,0.012008635813560157,391.0,481283.8874680307
株式会社パソナグループ,2168,上場,サービス業,東京都,千代田区丸の内一丁目５番１号,2026-05-31,3697000000.0,3421000000.0,0.08067816427945051,無形資産,無形固定資産の取得による支出,308496000000.0,0.011983947928012032,9028.0,409503.76606114313
株式会社ゆうちょ銀行,7182,上場,銀行業,東京都,千代田区丸の内二丁目７番２号,2026-03-31,34177000000.0,29645000000.0,0.15287569573283855,無形資産,無形固定資産の取得による支出,2852206000000.0,0.011982654829279512,10771.0,3173057.283446291
理想科学工業株式会社,6413,上場,機械,東京都,港区芝五丁目３４番７号,2026-03-31,944000000.0,991000000.0,-0.047426841574167544,無形資産,無形固定資産の取得による支出,78990000000.0,0.0119508798582099,2865.0,329493.8917975567
水戸証券株式会社,8622,上場,証券、商品先物取引業,東京都,文京区小石川一丁目１番１号,2026-03-31,192000000.0,36000000.0,4.333333333333333,無形資産,無形固定資産の取得による支出,16074000000.0,0.011944755505785741,753.0,254980.0796812749
株式会社東和銀行,8558,上場,銀行業,,前橋市本町二丁目１２番６号,2026-03-31,517000000.0,981000000.0,-0.472986748216106,無形資産,無形固定資産の取得による支出,43504000000.0,0.011883964692901802,1232.0,419642.85714285716
株式会社モスフードサービス,8153,上場,卸売業,東京都,品川区大崎二丁目１番１号,2026-03-31,1217000000.0,494000000.0,1.4635627530364372,無形資産,無形固定資産の取得による支出,102773000000.0,0.01184163155692643,1323.0,919879.0627362056
株式会社　大塚商会,4768,上場,情報・通信業,東京都,千代田区飯田橋二丁目１８番４号,2025-12-31,15654000000.0,8869000000.0,0.7650242417408952,ソフトウェア,ソフトウエアの取得による支出,1322791000000.0,0.011834069025265518,10079.0,1553130.2708602045
株式会社アビスト,6087,上場,サービス業,,三鷹市下連雀三丁目３６番１号,2025-09-30,125700000.0,24038000.0,4.2292204010317,無形資産,無形固定資産の取得による支出,10627251000.0,0.011828082351682482,1352.0,92973.37278106509
株式会社早稲田アカデミー,4718,上場,サービス業,東京都,豊島区南池袋一丁目１６番１５号,2026-03-31,445373000.0,449256000.0,-0.008643178944744201,無形資産,無形固定資産の取得による支出,37658867000.0,0.01182651087192825,1109.0,401598.7376014427
株式会社ＮＪＳ,2325,上場,サービス業,東京都,港区芝五丁目３４番２号,2025-12-31,292134000.0,253148000.0,0.15400477191208295,無形資産,無形固定資産の取得による支出,24854337000.0,0.011753844007184742,1471.0,198595.51325628825
首都圏新都市鉄道株式会社,,非上場,陸運業,東京都,台東区台東四丁目２５番７号,2026-03-31,591634000.0,272676000.0,1.169732576391028,無形資産,無形固定資産の取得による支出,50376940000.0,0.011744143252845448,803.0,736779.5765877957
株式会社シーティーエス,4345,上場,サービス業,,上田市古里１１５番地,2026-03-31,148000000.0,65000000.0,1.2769230769230768,無形資産,無形固定資産の取得による支出,12747000000.0,0.01161057503726367,286.0,517482.51748251746
株式会社ビースタイルホールディングス,302A,上場,サービス業,東京都,新宿区西新宿６－１８－１,2026-03-31,139002000.0,35091000.0,2.9611866290501836,無形資産,無形固定資産の取得による支出,12008754000.0,0.011575055996650443,336.0,413696.4285714286
メタウォーター株式会社,9551,上場,電気・ガス業,東京都,千代田区神田須田町一丁目２５番地,2026-03-31,2423000000.0,2422000000.0,0.00041288191577204536,無形資産,無形固定資産の取得による支出,209844000000.0,0.01154667276643602,3427.0,707032.3898453458
株式会社　群馬銀行,8334,上場,銀行業,,前橋市元総社町１９４番地,2026-03-31,3040000000.0,2170000000.0,0.40092165898617504,無形資産,無形固定資産の取得による支出,264965000000.0,0.011473213443284962,2899.0,1048637.461193515
サクサ株式会社,6675,上場,電気機器,東京都,港区三田一丁目４番２８号　三田国際ビル,2026-03-31,505000000.0,467000000.0,0.0813704496788008,無形資産,無形固定資産の取得による支出,44099000000.0,0.011451506836889726,1299.0,388760.585065435
株式会社アップガレージグループ,7134,上場,サービス業,神奈川県,神奈川県横浜市青葉区榎が丘７番地２２,2026-03-31,176169000.0,215447000.0,-0.18230933825952556,無形資産,無形固定資産の取得による支出,15384974000.0,0.011450718083761467,238.0,740205.8823529412
アスクル株式会社,2678,上場,小売業,東京都,江東区豊洲三丁目２番３号,2026-05-20,4581000000.0,6167000000.0,-0.25717528782227983,ソフトウェア,ソフトウエアの取得による支出,400199000000.0,0.011446805214405832,3646.0,1256445.4196379595
ＩＮＴＬＯＯＰ株式会社,9556,上場,サービス業,東京都,港区赤坂二丁目４番６号,2025-07-31,382530000.0,18447000.0,19.736705155309807,無形資産,無形固定資産の取得による支出,33551838000.0,0.011401163775290045,1374.0,278406.1135371179
レオン自動機株式会社,6272,上場,機械,,宇都宮市野沢町２番地３,2026-03-31,478220000.0,270439000.0,0.7683100440395061,無形資産,無形固定資産の取得による支出,42014040000.0,0.011382385507320887,1063.0,449877.7046095955
アトミクス株式会社,4625,上場,化学,東京都,新宿区西新宿一丁目２６番２号　新宿野村ビル１１階,2026-03-31,145152000.0,183510000.0,-0.20902403138793524,無形資産,無形固定資産の取得による支出,12763250000.0,0.011372651949934382,278.0,522129.4964028777
グローリー株式会社,6457,上場,機械,,姫路市下手野一丁目３番１号,2026-03-31,3856000000.0,4590000000.0,-0.15991285403050104,無形資産,無形資産の取得による支出,340111000000.0,0.011337475118417222,11266.0,342268.7733001953
株式会社タクミナ,6322,上場,機械,大阪府,大阪市中央区淡路町二丁目２番１４号,2026-03-31,126300000.0,78524000.0,0.6084254495440884,無形資産,無形固定資産の取得による支出,11155508000.0,0.011321761411492869,324.0,389814.81481481483
株式会社ナカニシ,7716,上場,精密機器,,鹿沼市下日向７００番地,2025-12-31,919006000.0,428770000.0,1.1433542458660821,無形資産,無形固定資産の取得による支出,81179143000.0,0.011320715716350935,2204.0,416971.86932849366
東京海上日動火災保険株式会社,,非上場,保険業,東京都,千代田区大手町二丁目６番４号,2026-03-31,91763000000.0,88654000000.0,0.03506891962009617,無形資産,無形資産の取得による支出,8137650000000.0,0.011276351280775162,48838.0,1878926.2459560179
株式会社東計電算,4746,上場,情報・通信業,神奈川県,川崎市中原区市ノ坪１５０番地,2025-12-31,234845000.0,43729000.0,4.370463536783371,無形資産,無形固定資産の取得による支出,20835656000.0,0.011271303384928221,820.0,286396.34146341466
株式会社島根銀行,7150,上場,銀行業,,松江市朝日町４８４番地１９,2026-03-31,138000000.0,199000000.0,-0.3065326633165829,無形資産,無形固定資産の取得による支出,12245000000.0,0.011269906084115966,316.0,436708.86075949366
ザ・パック株式会社,3950,上場,パルプ・紙,大阪府,大阪市東成区東小橋２丁目９番３号,2025-12-31,1157000000.0,919000000.0,0.2589771490750816,無形資産,無形固定資産の取得による支出,103125000000.0,0.011219393939393939,1223.0,946034.341782502
株式会社シモジマ,7482,上場,卸売業,東京都,台東区浅草橋５丁目２９番８号,2026-03-31,719000000.0,285000000.0,1.5228070175438595,無形資産,無形固定資産の取得による支出,64829000000.0,0.011090715574819911,867.0,829296.4244521338
富士電機株式会社,6504,上場,電気機器,神奈川県,川崎市川崎区田辺新田１番１号,2026-03-31,13492000000.0,10006000000.0,0.34839096542074754,無形資産,無形固定資産の取得による支出,1227595000000.0,0.010990595432532717,26955.0,500537.93359302543
ダイキョーニシカワ株式会社,4246,上場,化学,,東広島市寺家産業団地５番１号,2026-03-31,1808000000.0,689000000.0,1.6240928882438315,無形資産,無形固定資産の取得による支出,165706000000.0,0.010910890372104812,5712.0,316526.6106442577
株式会社　クボタ,6326,上場,機械,大阪府,大阪市浪速区敷津東一丁目２番４７号,2025-12-31,32887000000.0,32826000000.0,0.0018582830682996043,無形資産,無形資産の取得による支出,3018891000000.0,0.010893735481009416,52503.0,626383.254290231
ニデック株式会社,6594,上場,電気機器,京都府,京都市南区久世殿城町３３８番地,2025-03-31,28118000000.0,16391000000.0,0.7154536025867855,無形資産,無形資産の取得による支出,2607813000000.0,0.010782214829054077,104285.0,269626.5042911253
株式会社アドウェイズ,2489,上場,サービス業,東京都,新宿区西新宿五丁目１番１号,2025-12-31,131598000.0,980000.0,133.28367346938776,無形資産,無形固定資産の取得による支出,12219492000.0,0.010769514804707102,941.0,139849.0967056323
アサヒグループホールディングス株式会社,2502,上場,食料品,東京都,墨田区吾妻橋一丁目２３番１号,2025-12-31,31167000000.0,27932000000.0,0.11581698410425312,無形資産,無形資産の取得による支出,2894676000000.0,0.010767008121116146,28560.0,1091281.512605042
株式会社三越伊勢丹ホールディングス,3099,上場,小売業,東京都,新宿区新宿五丁目１６番１０号,2026-03-31,5863000000.0,5789000000.0,0.012782864052513387,無形資産,無形固定資産の取得による支出,545626000000.0,0.010745455678431746,8670.0,676239.907727797
いすゞ自動車株式会社,7202,上場,輸送用機器,神奈川県,横浜市西区高島１丁目２番５号,2026-03-31,37129000000.0,54711000000.0,-0.3213613350148965,無形資産,無形資産の取得による支出,3479074000000.0,0.01067209263154506,43005.0,863364.725031973
サイオス株式会社,3744,上場,情報・通信業,東京都,港区南麻布二丁目１２番３号,2025-12-31,203131000.0,89766000.0,1.2628946371677472,無形資産,無形固定資産の取得による支出,19059817000.0,0.010657552483321325,493.0,412030.4259634888
あいおいニッセイ同和損害保険株式会社,,非上場,保険業,東京都,渋谷区恵比寿一丁目２８番１号,2026-03-31,20769000000.0,18684000000.0,0.11159280667951199,無形資産,無形資産の取得による支出,1954769000000.0,0.010624784821122087,15207.0,1365752.6139277965
ＴＯＰＰＡＮホールディングス株式会社,7911,上場,その他製品,東京都,台東区台東一丁目５番１号,2026-03-31,19166000000.0,20546000000.0,-0.0671663584152633,無形資産,無形固定資産の取得による支出,1805033000000.0,0.010618088422760137,54371.0,352504.0922550624
はごろもフーズ株式会社,2831,上場,食料品,静岡県,静岡市清水区島崎町１５１番地,2026-03-31,793143000.0,232812000.0,2.406796041441163,無形資産,無形固定資産の取得による支出,75078037000.0,0.010564247970415103,667.0,1189119.940029985
トラスコ中山株式会社,9830,上場,卸売業,東京都,港区新橋四丁目２８番１号,2025-12-31,3359000000.0,2479000000.0,0.35498184751916084,無形資産,無形固定資産の取得による支出,320043000000.0,0.010495464671934709,1809.0,1856826.9762299613
株式会社スタジオアリス,2305,上場,サービス業,大阪府,大阪市北区梅田一丁目８番１７号,2026-02-28,343318000.0,330117000.0,0.03998885243716632,無形資産,無形固定資産の取得による支出,32928091000.0,0.010426295286902603,1257.0,273124.90055688145
クリナップ株式会社,7955,上場,その他製品,東京都,荒川区西日暮里６丁目２２番２２号,2026-03-31,1401000000.0,1186000000.0,0.18128161888701522,無形資産,無形固定資産の取得による支出,134487000000.0,0.010417363760066028,3483.0,402239.44875107665
株式会社西京銀行,,非上場,銀行業,,周南市住崎町２番２７号,2026-03-31,453000000.0,958000000.0,-0.5271398747390397,無形資産,無形固定資産の取得による支出,43508000000.0,0.010411878275259722,605.0,748760.3305785124
丸全昭和運輸株式会社,9068,上場,陸運業,神奈川県,横浜市中区南仲通二丁目１５番地,2026-03-31,1539000000.0,1699000000.0,-0.0941730429664509,無形資産,無形固定資産の取得による支出,148603000000.0,0.010356453099870124,3723.0,413376.30942788074
株式会社横河ブリッジホールディングス,5911,上場,金属製品,東京都,港区芝浦四丁目４番４４号,2026-03-31,1480000000.0,2097000000.0,-0.2942298521697664,無形資産,無形固定資産の取得による支出,143877000000.0,0.01028656421804736,2769.0,534488.9851932105
株式会社ＹＵＡＳＡ,8074,上場,卸売業,東京都,千代田区神田美土代町７番地,2026-03-31,5599000000.0,4467000000.0,0.253413924334005,無形資産,無形固定資産の取得による支出,545027000000.0,0.010272885563467497,3088.0,1813147.6683937823
株式会社メニコン,7780,上場,精密機器,愛知県,名古屋市中区葵三丁目２１番１９号,2026-03-31,1288000000.0,3467000000.0,-0.6284972598788579,無形資産,無形固定資産の取得による支出,125605000000.0,0.010254368854743044,4493.0,286668.1504562653
Ｊ．フロント　リテイリング株式会社,3086,上場,小売業,東京都,中央区銀座六丁目１０番１号,2026-02-28,4561000000.0,2574000000.0,0.771950271950272,無形資産,無形資産の取得による支出,445094000000.0,0.010247273609619542,5584.0,816797.994269341
プレミアアンチエイジング株式会社,4934,上場,化学,東京都,港区虎ノ門二丁目６番１号虎ノ門ヒルズステーションタワー,2025-07-31,165000000.0,191000000.0,-0.1361256544502618,無形資産,無形固定資産の取得による支出,16160000000.0,0.01021039603960396,216.0,763888.8888888889
トモニホールディングス株式会社,8600,上場,銀行業,,高松市亀井町７番地１,2026-03-31,1066000000.0,587000000.0,0.8160136286201023,無形資産,無形固定資産の取得による支出,104775000000.0,0.01017418277260797,2184.0,488095.2380952381
ＮＳグループ株式会社,471A,上場,その他金融業,大阪府,大阪市北区中之島三丁目３番３号,2025-12-31,303000000.0,182000000.0,0.6648351648351649,無形資産,無形資産の取得による支出,29826000000.0,0.01015892174612754,788.0,384517.76649746194
株式会社ビーグリー,3981,上場,情報・通信業,東京都,港区北青山２－１３－５,2025-12-31,169585000.0,161028000.0,0.05313982661400507,無形資産,無形固定資産の取得による支出,16720153000.0,0.010142550729051344,227.0,747070.4845814978
Ｈ．Ｕ．グループホールディングス株式会社,4544,上場,サービス業,東京都,港区赤坂１丁目８番１号,2026-03-31,2507000000.0,6231000000.0,-0.5976568769057936,無形資産,無形固定資産の取得による支出,247362000000.0,0.010134943928331757,5157.0,486135.35000969557
中央日本土地建物グループ株式会社,,非上場,不動産業,東京都,千代田区霞が関一丁目４番１号,2026-03-31,1679000000.0,259000000.0,5.482625482625482,無形資産,無形固定資産の取得による支出,166111000000.0,0.01010769906869503,1362.0,1232745.9618208518
都築電気株式会社,8157,上場,卸売業,東京都,港区新橋六丁目１９番１５号,2026-03-31,1048000000.0,1026000000.0,0.021442495126705596,無形資産,無形固定資産の取得による支出,103728000000.0,0.010103347215795156,2040.0,513725.49019607843
株式会社　リソー教育グループ,4714,上場,サービス業,東京都,豊島区目白三丁目１番４０号,2026-02-28,345570000.0,182731000.0,0.8911405289742846,無形資産,無形固定資産の取得による支出,34240928000.0,0.010092308245851282,1183.0,292113.2713440406
日本山村硝子株式会社,5210,上場,ガラス・土石製品,,尼崎市西向島町１５番１,2026-03-31,721000000.0,297000000.0,1.4276094276094278,無形資産,無形固定資産の取得による支出,72190000000.0,0.00998753289929353,1884.0,382696.3906581741
株式会社巴川コーポレーション,3878,上場,パルプ・紙,東京都,中央区京橋二丁目１番３号,2026-03-31,355000000.0,376000000.0,-0.05585106382978722,無形資産,無形固定資産の取得による支出,35552000000.0,0.009985373537353735,1346.0,263744.4279346211
株式会社チェンジホールディングス,3962,上場,情報・通信業,東京都,港区虎ノ門三丁目１７番１号,2026-03-31,527000000.0,827000000.0,-0.36275695284159615,無形資産,無形資産の取得による支出,52827000000.0,0.009975959263255531,1439.0,366226.5462126477
アンリツ株式会社,6754,上場,電気機器,,厚木市恩名五丁目１番１号,2026-03-31,1162000000.0,1294000000.0,-0.10200927357032452,無形資産,無形資産の取得による支出,117462000000.0,0.009892560998450563,4114.0,282450.1701507049
株式会社　但馬銀行,,非上場,銀行業,,豊岡市千代田町１番５号,2026-03-31,238000000.0,102000000.0,1.3333333333333335,無形資産,無形固定資産の取得による支出,24085000000.0,0.009881669088644384,582.0,408934.70790378004
株式会社商工組合中央金庫,,非上場,銀行業,東京都,中央区八重洲二丁目十番十七号,2026-03-31,2442000000.0,11508000000.0,-0.7877997914494265,無形資産,無形固定資産の取得による支出,247422000000.0,0.00986977714188714,3587.0,680791.7479788124
株式会社Ｃａｓａ,7196,上場,その他金融業,東京都,新宿区西新宿二丁目６番１号,2026-01-31,125745000.0,72642000.0,0.7310233749070785,無形資産,無形固定資産の取得による支出,12753987000.0,0.009859269889486324,276.0,455597.82608695654
株式会社オリジン,6513,上場,電気機器,埼玉県,さいたま市桜区栄和三丁目３番２７号,2026-03-31,264547000.0,66892000.0,2.9548376487472345,無形資産,無形固定資産の取得による支出,26877854000.0,0.009842564067800949,1066.0,248167.91744840526
北海道瓦斯株式会社,9534,上場,電気・ガス業,北海道,札幌市東区北７条東２丁目１番１号,2026-03-31,1717000000.0,1669000000.0,0.028759736369083244,無形資産,無形固定資産の取得による支出,174519000000.0,0.009838470309822999,1641.0,1046313.2236441195
株式会社ムサシ,7521,上場,卸売業,東京都,中央区銀座八丁目２０番３６号,2026-03-31,398000000.0,39000000.0,9.205128205128204,無形資産,無形固定資産の取得による支出,40586000000.0,0.00980633716059725,544.0,731617.6470588235
株式会社ベクトル,6058,上場,サービス業,東京都,港区赤坂四丁目１５番１号,2026-02-28,625000000.0,670000000.0,-0.06716417910447758,無形資産,無形固定資産の取得による支出,63794000000.0,0.009797159607486597,1571.0,397835.7733927435
新晃工業株式会社,6458,上場,機械,大阪府,大阪市北区南森町一丁目４番５号,2026-03-31,581000000.0,274000000.0,1.1204379562043796,無形資産,無形固定資産の取得による支出,59339000000.0,0.009791199716880972,1701.0,341563.78600823047
積水化学工業株式会社,4204,上場,化学,大阪府,大阪市北区西天満二丁目４番４号,2026-03-31,12806000000.0,12213000000.0,0.04855481863587974,無形資産,無形固定資産の取得による支出,1309281000000.0,0.00978094083699374,26752.0,478693.1818181818
プリモグローバルホールディングス株式会社,367A,上場,小売業,東京都,中央区銀座５ー１２ー５白鶴ビル４階,2025-08-31,273000000.0,113000000.0,1.415929203539823,無形資産,無形資産の取得による支出,28002000000.0,0.009749303621169917,1082.0,252310.5360443623
株式会社ＺＯＺＯ,3092,上場,小売業,千葉県,千葉市美浜区中瀬二丁目６番地１,2026-03-31,2226000000.0,1486000000.0,0.4979811574697173,無形資産,無形固定資産の取得による支出,228373000000.0,0.00974721179824235,1894.0,1175290.3907074973
株式会社　大垣共立銀行,8361,上場,銀行業,,大垣市郭町３丁目９８番地,2026-03-31,1719000000.0,1702000000.0,0.009988249118684012,無形資産,無形固定資産の取得による支出,176576000000.0,0.009735184849583182,2959.0,580939.5065900643
第一三共株式会社,4568,上場,医薬品,東京都,中央区日本橋本町三丁目５番１号,2026-03-31,20637000000.0,71613000000.0,-0.711826065099912,無形資産,無形資産の取得による支出,2123045000000.0,0.00972047224623124,20171.0,1023102.4738485945
株式会社アイモバイル,6535,上場,サービス業,東京都,渋谷区桜丘町２２－１４　Ｎ．Ｅ．Ｓ．ビルＮ棟２階,2025-07-31,209000000.0,149000000.0,0.40268456375838935,無形資産,無形固定資産の取得による支出,21528000000.0,0.009708286882199926,215.0,972093.023255814
東京臨海高速鉄道株式会社,,非上場,陸運業,東京都,江東区青海一丁目２番１号,2026-03-31,192395000.0,152183000.0,0.26423450713943075,無形資産,無形固定資産の取得による支出,19878435000.0,0.00967857882172314,308.0,624659.0909090909
ゼビオホールディングス株式会社,8281,上場,小売業,,郡山市朝日３丁目７番３５号,2026-03-31,2435000000.0,2175000000.0,0.11954022988505741,無形資産,無形固定資産の取得による支出,252331000000.0,0.009650023183833933,2446.0,995502.8618152085
株式会社セプテーニ・ホールディングス,4293,上場,サービス業,東京都,新宿区西新宿八丁目１７番１号,2025-12-31,292002000.0,391188000.0,-0.25355072241479804,無形資産,無形資産の取得による支出,30308899000.0,0.009634200173355027,1674.0,174433.6917562724
旭精機工業株式会社,6111,上場,機械,,尾張旭市旭前町新田洞５０５０番地の１,2026-03-31,128961000.0,169970000.0,-0.24127198917456016,無形資産,無形固定資産の取得による支出,13393258000.0,0.009628799803602678,456.0,282809.2105263158
株式会社ＲＫＢ毎日ホールディングス,9407,上場,情報・通信業,福岡県,福岡市早良区百道浜二丁目３番８号,2026-03-31,312000000.0,264000000.0,0.18181818181818188,無形資産,無形固定資産の取得による支出,32544000000.0,0.009587020648967551,701.0,445078.45934379456
日本曹達株式会社,4041,上場,化学,東京都,千代田区丸の内二丁目７番２号,2026-03-31,1457000000.0,94000000.0,14.5,無形資産,無形固定資産の取得による支出,152091000000.0,0.009579791046150003,2407.0,605317.8230162028
関西ペイント株式会社,4613,上場,化学,,尼崎市神崎町３３番１号,2026-03-31,5622000000.0,5231000000.0,0.07474670235136682,無形資産,無形固定資産の取得による支出,589795000000.0,0.009532125569053654,16739.0,335862.3573690185
株式会社さくらケーシーエス,4761,上場,情報・通信業,兵庫県,神戸市中央区播磨町２１番１,2026-03-31,226000000.0,162000000.0,0.3950617283950617,無形資産,無形固定資産の取得による支出,23790000000.0,0.009499789827658681,1056.0,214015.15151515152
ジーエルテクノホールディングス株式会社,255A,上場,精密機器,東京都,新宿区西新宿６丁目２２番地１号,2026-03-31,446513000.0,121384000.0,2.6785161141501352,無形資産,無形固定資産の取得による支出,47189387000.0,0.009462148766628395,1245.0,358644.9799196787
川崎重工業株式会社,7012,上場,輸送用機器,兵庫県,神戸市中央区東川崎町３丁目１番１号,2026-03-31,21802000000.0,14962000000.0,0.4571581339393129,無形資産,無形資産の取得による支出,2311267000000.0,0.009432921423617437,41652.0,523432.24815134925
ｇｏｏｄｄａｙｓホールディングス株式会社,4437,上場,情報・通信業,東京都,千代田区有楽町二丁目１０番１号,2026-03-31,108519000.0,96678000.0,0.12247874387140811,無形資産,無形固定資産の取得による支出,11505397000.0,0.009432008300104724,358.0,303125.69832402235
阿波製紙株式会社,3896,上場,パルプ・紙,,徳島市南矢三町三丁目１０番１８号,2026-03-31,172753000.0,93771000.0,0.8422859946038754,無形資産,無形固定資産の取得による支出,18494493000.0,0.009340780523153567,691.0,250004.34153400868
株式会社オリエンタルランド,4661,上場,サービス業,,浦安市舞浜１番地１,2026-03-31,6579000000.0,2650000000.0,1.4826415094339622,無形資産,無形固定資産の取得による支出,704539000000.0,0.009338021032192683,11207.0,587043.8119032747
株式会社ブレインパッド,3655,非上場,情報・通信業,東京都,港区六本木三丁目１番１号,2025-06-30,109872000.0,44481000.0,1.4700883523302086,無形資産,無形固定資産の取得による支出,11772254000.0,0.009333131955868434,589.0,186539.89813242786
株式会社ヤガミ,7488,上場,卸売業,愛知県,名古屋市中区丸の内三丁目２番２９号,2026-04-20,106215000.0,4679000.0,21.7003633254969,無形資産,無形固定資産の取得による支出,11502261000.0,0.009234271418462857,229.0,463820.96069869
株式会社アマダ,6113,上場,機械,,伊勢原市石田２００番地,2026-03-31,4021000000.0,4414000000.0,-0.08903488898957856,無形資産,無形資産の取得による支出,437372000000.0,0.009193546912010828,9872.0,407313.6142625608
日機装株式会社,6376,上場,精密機器,東京都,渋谷区恵比寿四丁目２０番地３号　恵比寿ガーデンプレイスタワー２２階,2025-12-31,1981000000.0,482000000.0,3.109958506224066,無形資産,無形資産の取得による支出,215642000000.0,0.00918652210608323,8120.0,243965.5172413793
株式会社ビー・エム・エル,4694,上場,サービス業,東京都,渋谷区千駄ヶ谷五丁目２１番３号,2026-03-31,1374000000.0,1512000000.0,-0.09126984126984128,無形資産,無形固定資産の取得による支出,150262000000.0,0.00914402843034167,4612.0,297918.473547268
日本信号株式会社,6741,上場,電気機器,東京都,千代田区丸の内一丁目５番１号　新丸の内ビルディング　１３階,2026-03-31,1043000000.0,908000000.0,0.1486784140969164,無形資産,無形固定資産の取得による支出,114071000000.0,0.00914342821576036,3066.0,340182.6484018265
ナブテスコ株式会社,6268,上場,機械,東京都,千代田区平河町２丁目７番９号,2025-12-31,2814000000.0,3453000000.0,-0.18505647263249347,無形資産,無形資産の取得による支出,307912000000.0,0.009138974772012783,8472.0,332152.9745042493
栗田工業株式会社,6370,上場,機械,東京都,中野区中野四丁目１０番１号,2026-03-31,3670000000.0,3827000000.0,-0.04102430101907495,無形資産,無形資産の取得による支出,402889000000.0,0.009109208739876244,8268.0,443880.0193517175
大伸化学株式会社,4629,上場,化学,東京都,港区芝大門１－９－９,2026-03-31,314981000.0,11613000.0,26.123137862740034,無形資産,無形固定資産の取得による支出,34606132000.0,0.009101884024484447,235.0,1340344.680851064
株式会社ちゅうぎんフィナンシャルグループ,5832,上場,銀行業,岡山県,岡山市北区丸の内一丁目１５番２０号,2026-03-31,2266000000.0,899000000.0,1.520578420467186,無形資産,無形固定資産の取得による支出,249074000000.0,0.009097697872921301,3025.0,749090.9090909091
株式会社セレス,3696,上場,情報・通信業,東京都,渋谷区桜丘町１番１号,2025-12-31,269478000.0,292664000.0,-0.07922395648251923,無形資産,無形固定資産の取得による支出,29660382000.0,0.009085452776703955,351.0,767743.5897435897
パナソニックホールディングス株式会社,6752,上場,電気機器,,門真市大字門真１００６番地,2026-03-31,73063000000.0,91038000000.0,-0.19744502295744637,無形資産,無形資産の取得による支出,8048722000000.0,0.009077590206246407,183685.0,397762.47380025586
日本光電工業株式会社,6849,上場,電気機器,東京都,新宿区西落合一丁目３１番４号,2026-03-31,2131000000.0,1583000000.0,0.3461781427668984,無形資産,無形固定資産の取得による支出,235099000000.0,0.009064266543030807,6116.0,348430.3466317855
ＴＯＴＯ株式会社,5332,上場,ガラス・土石製品,福岡県,北九州市小倉北区中島二丁目１番１号,2026-03-31,6682000000.0,6145000000.0,0.08738812042310817,無形資産,無形固定資産の取得による支出,737441000000.0,0.0090610638681603,30324.0,220353.5153673658
スペースシャワーＳＫＩＹＡＫＩホールディングス株式会社,4838,上場,情報・通信業,東京都,渋谷区道玄坂二丁目２５番１２号,2026-03-31,206819000.0,194663000.0,0.062446381695545616,無形資産,無形固定資産の取得による支出,22858256000.0,0.009047890617726916,351.0,589227.9202279202
グロービング株式会社,277A,上場,サービス業,東京都,港区南青山３丁目１－３４,2026-05-31,103404000.0,320920000.0,-0.6777888570360214,無形資産,無形資産の取得による支出,11512844000.0,0.008981620874911533,298.0,346993.28859060403
株式会社　シャルレ,9885,上場,卸売業,兵庫県,神戸市中央区港島中町七丁目７番１号,2026-03-31,116000000.0,230000000.0,-0.4956521739130435,無形資産,無形固定資産の取得による支出,12932000000.0,0.008969996906897619,291.0,398625.4295532646
日販グループホールディングス株式会社,,非上場,卸売業,東京都,千代田区神田駿河台四丁目３番地,2026-03-31,3072000000.0,2432000000.0,0.26315789473684204,無形資産,無形固定資産の取得による支出,342700000000.0,0.00896410854975197,2480.0,1238709.677419355
日本電子株式会社,6951,上場,電気機器,,昭島市武蔵野三丁目１番２号,2026-03-31,1606000000.0,1303000000.0,0.23254029163468926,無形資産,無形固定資産の取得による支出,179353000000.0,0.008954408345553182,3731.0,430447.6011793085
ノーリツ鋼機株式会社,7744,上場,精密機器,東京都,港区麻布十番１丁目１０番１０号,2025-12-31,1065000000.0,685000000.0,0.5547445255474452,無形資産,無形資産の取得による支出,119223000000.0,0.00893284013990589,1344.0,792410.7142857143
株式会社毎日コムネット,8908,上場,不動産業,東京都,千代田区大手町２－１－１,2026-05-31,241215000.0,264458000.0,-0.08788919223468372,無形資産,無形固定資産の取得による支出,27055729000.0,0.008915486993531018,268.0,900055.9701492537
高砂香料工業株式会社,4914,上場,化学,東京都,大田区蒲田五丁目３７番１号,2026-03-31,2001000000.0,994000000.0,1.0130784708249498,無形資産,無形固定資産の取得による支出,225092000000.0,0.008889698434417927,4443.0,450371.370695476
株式会社チノー,6850,上場,電気機器,東京都,板橋区熊野町３２番８号,2026-03-31,281000000.0,128000000.0,1.1953125,無形資産,無形固定資産の取得による支出,31648000000.0,0.00887891809908999,1125.0,249777.77777777778
株式会社ＳＣＲＥＥＮホールディングス,7735,上場,電気機器,京都府,京都市上京区堀川通寺之内上る４丁目天神北町１番地の１,2026-03-31,5357000000.0,3781000000.0,0.41682094683946036,無形資産,無形固定資産の取得による支出,605748000000.0,0.008843611534829664,6884.0,778181.2899477049
オリジン東秀株式会社,,非上場,小売業,,調布市調布ヶ丘一丁目１８番地１　ＫＤＸ調布ビル５階,2026-02-28,467222000.0,548547000.0,-0.1482552999104908,無形資産,無形固定資産の取得による支出,53002755000.0,0.008815051217620669,663.0,704708.898944193
株式会社大光銀行,8537,上場,銀行業,,長岡市大手通一丁目５番地６,2026-03-31,258000000.0,81000000.0,2.185185185185185,無形資産,無形固定資産の取得による支出,29344000000.0,0.00879225736095965,883.0,292185.73046432616
日本郵政株式会社,6178,上場,サービス業,東京都,千代田区大手町二丁目３番１号,2026-03-31,100568000000.0,96188000000.0,0.045535825674720254,無形資産,無形固定資産の取得による支出,11440586000000.0,0.008790458810414082,224438.0,448088.1134210784
株式会社いつも,7694,上場,サービス業,東京都,千代田区有楽町１－１３－２　第一生命日比谷ファースト,2026-03-31,156940000.0,197384000.0,-0.20490009321930858,無形資産,無形固定資産の取得による支出,17878317000.0,0.008778231194804299,212.0,740283.0188679246
湖北工業株式会社,6524,上場,電気機器,,長浜市高月町高月１６２３番地,2025-12-31,153000000.0,294000000.0,-0.47959183673469385,無形資産,無形固定資産の取得による支出,17454000000.0,0.008765898934341699,1710.0,89473.68421052632
リガク・ホールディングス株式会社,268A,上場,精密機器,,昭島市松原町３丁目９－１２,2025-12-31,824000000.0,495000000.0,0.6646464646464647,無形資産,無形資産の取得による支出,94193000000.0,0.00874799613559394,1971.0,418061.8975139523
株式会社　りそなホールディングス,8308,上場,銀行業,東京都,江東区木場一丁目５番６５号,2026-03-31,11871000000.0,9574000000.0,0.23992061834134115,無形資産,無形固定資産の取得による支出,1357218000000.0,0.008746568347899894,20813.0,570364.6759237015
株式会社　山梨中央銀行,8360,上場,銀行業,,甲府市丸の内一丁目２０番８号,2026-03-31,751000000.0,1745000000.0,-0.5696275071633238,無形資産,無形固定資産の取得による支出,86104000000.0,0.008722010591842423,1649.0,455427.53183747723
大日精化工業株式会社,4116,上場,化学,東京都,中央区日本橋馬喰町一丁目７番６号,2026-03-31,1081000000.0,232000000.0,3.6594827586206895,無形資産,無形固定資産の取得による支出,124294000000.0,0.008697121341335864,3514.0,307626.6363118953
株式会社ワールド,3612,上場,卸売業,兵庫県,神戸市中央区港島中町６丁目８番１,2026-02-28,2464000000.0,1693000000.0,0.45540460720614284,無形資産,無形資産の取得による支出,284014000000.0,0.008675628666192512,7094.0,347335.776712715
竹田ｉＰホールディングス株式会社,7875,上場,その他製品,愛知県,名古屋市昭和区白金一丁目１１番１０号,2026-03-31,297000000.0,219000000.0,0.3561643835616439,無形資産,無形固定資産の取得による支出,34479000000.0,0.008613938919342208,929.0,319698.60064585577
株式会社大阪ソーダ,4046,上場,化学,大阪府,大阪市北区梅田三丁目２番２号ＪＰタワー大阪１９階,2026-03-31,860000000.0,824000000.0,0.043689320388349495,無形資産,無形固定資産の取得による支出,99961000000.0,0.008603355308570343,1032.0,833333.3333333334
株式会社オカムラ,7994,上場,その他製品,神奈川県,横浜市西区北幸二丁目７番１８号,2026-03-31,2825000000.0,2367000000.0,0.19349387410223917,無形資産,無形固定資産の取得による支出,329031000000.0,0.008585817141849856,6082.0,464485.3666557054
大日本印刷株式会社,7912,上場,その他製品,東京都,新宿区市谷加賀町一丁目１番１号,2026-03-31,12953000000.0,15800000000.0,-0.18018987341772152,無形資産,無形固定資産の取得による支出,1512571000000.0,0.008563564950008958,36360.0,356243.12431243126
株式会社紀陽銀行,8370,上場,銀行業,,和歌山市本町１丁目３５番地,2026-03-31,983000000.0,1186000000.0,-0.1711635750421585,無形資産,無形固定資産の取得による支出,114870000000.0,0.00855749978236267,2473.0,397492.9235746057
株式会社稲葉製作所,3421,上場,金属製品,東京都,大田区矢口２丁目５番２５号,2025-07-31,358435000.0,75825000.0,3.727134849983515,無形資産,無形固定資産の取得による支出,41905707000.0,0.008553369592356478,1073.0,334049.394221808
株式会社コシダカホールディングス,2157,上場,サービス業,,前橋市大友町一丁目５番地１,2025-08-31,589819000.0,348883000.0,0.6905925482181705,無形資産,無形固定資産の取得による支出,69387151000.0,0.008500406653099217,1106.0,533290.2350813743
サイボウズ株式会社,4776,上場,情報・通信業,東京都,中央区日本橋２丁目７番１号,2025-12-31,318000000.0,280000000.0,0.13571428571428568,無形資産,無形固定資産の取得による支出,37430000000.0,0.008495858936681805,1356.0,234513.27433628318
株式会社デンソー,6902,上場,輸送用機器,,刈谷市昭和町１丁目１番地,2026-03-31,64019000000.0,65351000000.0,-0.02038224357699192,無形資産,無形資産の取得による支出,7539975000000.0,0.008490611706272235,154716.0,413783.96545929316
株式会社ＴＢＳホールディングス,9401,上場,情報・通信業,東京都,港区赤坂五丁目３番６号,2026-03-31,3605000000.0,3028000000.0,0.19055482166446502,無形資産,無形固定資産の取得による支出,424850000000.0,0.008485347769801106,8518.0,423221.4134773421
ソニーフィナンシャルグループ株式会社,8729,上場,保険業,東京都,千代田区大手町１－９－２,2026-03-31,24163000000.0,24452000000.0,-0.011819074104367777,無形資産,無形固定資産の取得による支出,2871029000000.0,0.008416146266721792,14042.0,1720766.272610739
マニー株式会社,7730,上場,精密機器,,宇都宮市清原工業団地８番３,2025-08-31,252000000.0,258000000.0,-0.023255813953488413,無形資産,無形固定資産の取得による支出,29968000000.0,0.008408969567538708,4140.0,60869.565217391304
パーソルホールディングス株式会社,2181,上場,サービス業,東京都,渋谷区代々木二丁目１番１号,2026-03-31,13073000000.0,13284000000.0,-0.015883769948810578,無形資産,無形資産の取得による支出,1555833000000.0,0.008402572769699575,74926.0,174478.81910151348
株式会社バルカー,7995,上場,化学,東京都,品川区大崎２丁目１番１号,2026-03-31,491000000.0,538000000.0,-0.08736059479553904,無形資産,無形固定資産の取得による支出,58556000000.0,0.008385135596693764,1582.0,310366.6245259166
ウェルス・マネジメント株式会社,3772,上場,不動産業,東京都,港区赤坂一丁目１２番３２号,2026-03-31,126636000.0,36252000.0,2.4932141674942074,無形資産,無形固定資産の取得による支出,15109435000.0,0.008381253170618226,403.0,314233.2506203474
アツギ株式会社,3529,上場,繊維製品,,海老名市大谷北一丁目３番２号,2026-03-31,179000000.0,253000000.0,-0.2924901185770751,無形資産,無形固定資産の取得による支出,21469000000.0,0.008337603055568495,1207.0,148301.57415078708
株式会社ショーエイコーポレーション,9385,上場,化学,大阪府,大阪市中央区備後町２丁目１番１号,2026-03-31,158784000.0,25181000.0,5.305706683610659,無形資産,無形固定資産の取得による支出,19047002000.0,0.00833643005865175,570.0,278568.4210526316
株式会社Ａ＆Ｄホロンホールディングス,7745,上場,精密機器,東京都,豊島区東池袋三丁目２３番１４号,2026-03-31,575000000.0,493000000.0,0.16632860040567943,無形資産,無形固定資産の取得による支出,69326000000.0,0.008294146496264029,2480.0,231854.83870967742
株式会社ツムラ,4540,上場,医薬品,東京都,港区赤坂二丁目１７番１１号,2026-03-31,1596000000.0,2203000000.0,-0.2755333635950976,無形資産,無形固定資産の取得による支出,192615000000.0,0.008285959037458141,4923.0,324192.56550883607
オプテックスグループ株式会社,6914,上場,電気機器,,大津市におの浜四丁目７番５号,2025-12-31,545000000.0,175000000.0,2.1142857142857143,無形資産,無形固定資産の取得による支出,65878000000.0,0.008272868028780474,2162.0,252081.40610545792
株式会社サーラコーポレーション,2734,上場,小売業,,豊橋市駅前大通一丁目５５番地サーラタワー,2025-11-30,2080000000.0,1576000000.0,0.31979695431472077,無形資産,無形固定資産の取得による支出,251533000000.0,0.008269292697180887,4172.0,498561.84084372
株式会社オリエンタルコンサルタンツホールディングス,2498,上場,サービス業,東京都,渋谷区本町三丁目１２番１号,2025-09-30,785543000.0,390417000.0,1.0120614624875452,無形資産,無形固定資産の取得による支出,95365512000.0,0.00823718117300099,3635.0,216105.36451169188
東洋水産株式会社,2875,上場,食料品,東京都,港区港南二丁目１３番４０号,2026-03-31,4413000000.0,2082000000.0,1.1195965417867435,無形資産,無形固定資産の取得による支出,536636000000.0,0.008223451277961225,4717.0,935552.2577909689
大成ラミックグループ株式会社,4994,上場,化学,,白岡市下大崎８７３番地１,2026-03-31,266959000.0,347060000.0,-0.23079870915691814,無形資産,無形固定資産の取得による支出,32484199000.0,0.008218118599753684,631.0,423072.9001584786
戸田工業株式会社,4100,上場,化学,広島県,広島市南区京橋町１番２３号大樹生命広島駅前ビル,2026-03-31,230000000.0,116000000.0,0.9827586206896552,無形資産,無形固定資産の取得による支出,28041000000.0,0.008202275239827396,1037.0,221793.6354869817
岩谷産業株式会社,8088,上場,卸売業,大阪府,大阪市中央区本町三丁目６番４号,2026-03-31,7430000000.0,11204000000.0,-0.33684398429132456,無形資産,無形固定資産の取得による支出,908522000000.0,0.008178117866160644,12113.0,613390.5721126063
京浜急行電鉄株式会社,9006,上場,陸運業,神奈川県,横浜市西区高島１丁目２番８号,2026-03-31,2485000000.0,3497000000.0,-0.2893909064912782,無形資産,無形固定資産の取得による支出,304192000000.0,0.00816918262150221,8177.0,303901.1862541274
Ｅ・Ｊホールディングス株式会社,2153,上場,サービス業,岡山県,岡山市北区津島京町三丁目１番２１号,2026-05-31,380000000.0,346000000.0,0.09826589595375723,無形資産,無形固定資産の取得による支出,46586000000.0,0.00815695702571588,2144.0,177238.80597014926
株式会社ブリヂストン,5108,上場,ゴム製品,東京都,中央区京橋三丁目１番１号,2025-12-31,36064000000.0,38001000000.0,-0.050972342833083384,無形資産,無形資産の取得による支出,4429452000000.0,0.008141864953046111,115716.0,311659.580351896
ＭＳ＆ＡＤインシュアランスグループホールディングス株式会社,8725,上場,保険業,東京都,中央区新川二丁目２７番２号,2026-03-31,62302000000.0,66421000000.0,-0.06201351982053871,無形資産,無形資産の取得による支出,7653030000000.0,0.008140827881244423,46856.0,1329648.2841044904
ミニストップ株式会社,9946,上場,小売業,千葉県,千葉市美浜区中瀬１丁目５番地１,2026-02-28,747000000.0,1520000000.0,-0.5085526315789474,無形資産,無形固定資産の取得による支出,91788000000.0,0.008138318734475096,1492.0,500670.2412868633
株式会社岩手銀行,8345,上場,銀行業,,盛岡市中央通一丁目２番３号,2026-03-31,630000000.0,355000000.0,0.7746478873239437,無形資産,無形固定資産の取得による支出,77495000000.0,0.00812955674559649,1365.0,461538.46153846156
サツドラホールディングス株式会社,3544,上場,小売業,北海道,札幌市東区北八条東四丁目１番２０号,2026-05-15,815000000.0,550000000.0,0.4818181818181819,無形資産,無形固定資産の取得による支出,100571000000.0,0.008103727714748784,1099.0,741583.2575068243
ＳＡＮＥＩ株式会社,6230,上場,機械,大阪府,大阪市東成区玉津一丁目１２番２９号,2026-03-31,234051000.0,30223000.0,6.744135261224895,無形資産,無形固定資産の取得による支出,29042404000.0,0.008058940299845701,827.0,283012.09189842804
株式会社ファーストリテイリング,9983,上場,小売業,,山口市佐山７１７番地１,2025-08-31,27329000000.0,30260000000.0,-0.09686054196959681,無形資産,無形資産の取得による支出,3400539000000.0,0.00803666712835818,59522.0,459141.15789119987
株式会社アインホールディングス,9627,上場,小売業,北海道,札幌市白石区東札幌五条二丁目４番３０号,2026-04-30,5205000000.0,4215000000.0,0.23487544483985756,無形資産,無形固定資産の取得による支出,647834000000.0,0.008034465619279013,17332.0,300311.5624278791
キュービーネットホールディングス株式会社,6571,上場,サービス業,東京都,渋谷区神泉町８番１６号,2026-06-30,218000000.0,135000000.0,0.6148148148148149,無形資産,無形資産の取得による支出,27154000000.0,0.008028283125874641,2725.0,80000.0
ラクスル株式会社,4384,非上場,情報・通信業,東京都,品川区上大崎二丁目２４番９号,2025-07-31,497000000.0,176000000.0,1.8238636363636362,無形資産,無形固定資産の取得による支出,61950000000.0,0.008022598870056498,791.0,628318.5840707965
株式会社フォーバル,8275,上場,卸売業,東京都,渋谷区神宮前五丁目５２番２号,2026-03-31,568249000.0,544420000.0,0.04376951618235925,無形資産,無形固定資産の取得による支出,71524000000.0,0.007944871651473631,2530.0,224604.34782608695
株式会社エーアンドエーマテリアル,5391,上場,ガラス・土石製品,東京都,港区港南１－２－７０　品川シーズンテラス２７Ｆ,2026-03-31,362000000.0,61000000.0,4.934426229508197,無形資産,無形固定資産の取得による支出,45700000000.0,0.007921225382932166,1001.0,361638.36163836165
株式会社両毛システムズ,9691,上場,情報・通信業,,桐生市広沢町三丁目４０２５番地,2026-03-31,203642000.0,171080000.0,0.19033200841711473,無形資産,無形固定資産の取得による支出,25735007000.0,0.00791303456804966,1066.0,191033.77110694183
日本マクドナルドホールディングス株式会社,2702,上場,小売業,東京都,新宿区西新宿六丁目５番１号,2025-12-31,3293000000.0,2827000000.0,0.16483905199858517,ソフトウェア,ソフトウエアの取得による支出,416602000000.0,0.007904426767034244,2454.0,1341890.7905460473
株式会社メドレー,4480,上場,情報・通信業,東京都,港区六本木三丁目２番１号,2025-12-31,289000000.0,222000000.0,0.30180180180180183,無形資産,無形固定資産の取得による支出,36786000000.0,0.007856249660196815,1815.0,159228.65013774106
三菱電機株式会社,6503,上場,電気機器,東京都,千代田区丸の内二丁目７番３号,2026-03-31,46277000000.0,32083000000.0,0.44241498612972596,無形資産,無形資産の取得による支出,5894747000000.0,0.007850548971821861,150386.0,307721.46343409625
株式会社テノックス,1905,上場,建設業,東京都,港区芝二丁目７番１７号,2026-03-31,165469000.0,113981000.0,0.451724410208719,無形資産,無形固定資産の取得による支出,21093483000.0,0.007844555590937732,384.0,430908.8541666667
ＡＧＳ株式会社,3648,上場,情報・通信業,埼玉県,さいたま市浦和区針ヶ谷四丁目３番２５号,2026-03-31,223194000.0,182473000.0,0.22316178283910504,無形資産,無形固定資産の取得による支出,28622381000.0,0.007797883760963143,1109.0,201256.98827772768
株式会社ＧＡ　ｔｅｃｈｎｏｌｏｇｉｅｓ,3491,上場,不動産業,東京都,港区六本木三丁目２番１号　住友不動産六本木グランドタワー４０階,2025-10-31,1933000000.0,1585000000.0,0.2195583596214512,無形資産,無形資産の取得による支出,248947000000.0,0.007764704937195467,1665.0,1160960.960960961
前澤工業株式会社,6489,非上場,機械,東京都,中央区新川一丁目５番１７号,2025-05-31,291000000.0,161000000.0,0.8074534161490683,無形資産,無形固定資産の取得による支出,37499000000.0,0.0077602069388517025,1048.0,277671.75572519086
福井コンピュータホールディングス株式会社,9790,上場,情報・通信業,,福井市高木中央１丁目２５０１番地,2026-03-31,129000000.0,199000000.0,-0.3517587939698492,無形資産,無形固定資産の取得による支出,16653000000.0,0.007746352008647091,556.0,232014.38848920862
株式会社オンワードホールディングス,8016,上場,繊維製品,東京都,中央区日本橋三丁目１０番５号,2026-02-28,1832000000.0,2275000000.0,-0.19472527472527468,無形資産,無形固定資産の取得による支出,236804000000.0,0.0077363558048005945,6527.0,280680.2512639804
バリュエンスホールディングス株式会社,9270,上場,卸売業,東京都,港区南青山五丁目６番１９号　ＭＡ５,2025-08-31,656162000.0,753683000.0,-0.12939259609146025,無形資産,無形固定資産の取得による支出,84841115000.0,0.00773400962493244,1124.0,583774.0213523131
キッセイ薬品工業株式会社,4547,上場,医薬品,,松本市芳野１９番４８号,2026-03-31,753000000.0,523000000.0,0.43977055449330793,無形資産,無形固定資産の取得による支出,97406000000.0,0.007730529946820525,1786.0,421612.54199328105
愛知製鋼株式会社,5482,上場,鉄鋼,,東海市荒尾町ワノ割１番地,2026-03-31,2352000000.0,751000000.0,2.131824234354194,無形資産,無形資産の取得による支出,304341000000.0,0.0077281733318875865,4427.0,531285.2947820195
不二サッシ株式会社,5940,上場,金属製品,神奈川県,川崎市幸区鹿島田１丁目１番２号,2026-03-31,783000000.0,134000000.0,4.843283582089552,無形資産,無形固定資産の取得による支出,101470000000.0,0.007716566472849118,2814.0,278251.59914712154
株式会社エージェントＩＧホールディングス,377A,上場,保険業,東京都,新宿区市谷本村町３番２９号,2025-12-31,100723000.0,,,無形資産,無形固定資産の取得による支出,13066374000.0,0.007708565513278589,296.0,340280.4054054054
株式会社ユーグレナ,2931,上場,食料品,東京都,港区芝五丁目２９番１１号,2025-12-31,386000000.0,313000000.0,0.2332268370607029,無形資産,無形固定資産の取得による支出,50370000000.0,0.007663291641850307,793.0,486759.14249684743
株式会社タカラトミー,7867,上場,その他製品,東京都,葛飾区立石７丁目９番１０号,2026-03-31,2072000000.0,2102000000.0,-0.014272121788772574,無形資産,無形固定資産の取得による支出,270455000000.0,0.007661163594683034,2574.0,804972.804972805
株式会社めぶきフィナンシャルグループ,7167,上場,銀行業,東京都,中央区日本橋室町二丁目１番１号,2026-03-31,3387000000.0,3589000000.0,-0.056283087210922234,無形資産,無形固定資産の取得による支出,443313000000.0,0.007640200039249921,5880.0,576020.4081632653
株式会社宮崎銀行,8393,上場,銀行業,,宮崎市橘通東四丁目３番５号,2026-03-31,688000000.0,1822000000.0,-0.6223929747530186,無形資産,無形固定資産の取得による支出,90159000000.0,0.007630963076342905,1392.0,494252.8735632184
リゾートトラスト株式会社,4681,上場,サービス業,愛知県,名古屋市中区東桜二丁目１８番３１号,2026-03-31,2006000000.0,1520000000.0,0.3197368421052631,無形資産,無形固定資産の取得による支出,263020000000.0,0.00762679644133526,9477.0,211670.35981850798
株式会社フリークアウト・ホールディングス,6094,上場,サービス業,東京都,港区六本木六丁目３番１号,2025-09-30,383384000.0,452729000.0,-0.15317110235924802,無形資産,無形固定資産の取得による支出,50323355000.0,0.0076184109743875385,1051.0,364780.2093244529
東芝テック株式会社,6588,上場,電気機器,東京都,品川区大崎一丁目１１番１号,2026-03-31,4326000000.0,3241000000.0,0.3347732181425487,無形資産,無形固定資産の取得による支出,569265000000.0,0.007599272746436194,15078.0,286908.077994429
株式会社船井総研ホールディングス,9757,上場,サービス業,東京都,中央区八重洲二丁目２番１号,2025-12-31,253211000.0,101289000.0,1.49988646348567,無形資産,無形固定資産の取得による支出,33330000000.0,0.007597089708970897,1651.0,153368.26165960025
株式会社阿波銀行,8388,上場,銀行業,,徳島市西船場町二丁目２４番地の１,2026-03-31,724000000.0,1320000000.0,-0.45151515151515154,無形資産,無形固定資産の取得による支出,95363000000.0,0.007592043035558865,1410.0,513475.1773049645
シチズン時計株式会社,7762,上場,精密機器,,西東京市田無町六丁目１番１２号,2026-03-31,2625000000.0,2552000000.0,0.028605015673981216,無形資産,無形固定資産の取得による支出,346808000000.0,0.007569029549491361,12147.0,216102.74141763398
スミダコーポレーション株式会社,6817,上場,電気機器,東京都,東京都中央区入船三丁目７番２号　ＫＤＸ銀座イーストビル７階,2025-12-31,1114000000.0,1145000000.0,-0.02707423580786028,無形資産,無形資産の取得による支出,147194000000.0,0.007568243270785494,14964.0,74445.33547179899
愛知電機株式会社,6623,上場,電気機器,,春日井市愛知町１番地,2026-03-31,975000000.0,85000000.0,10.470588235294118,無形資産,無形固定資産の取得による支出,129382000000.0,0.007535824148645097,2833.0,344158.1362513237
株式会社ハルメクホールディングス,7119,上場,小売業,東京都,新宿区神楽坂四丁目１番１号,2026-03-31,252000000.0,185000000.0,0.36216216216216224,無形資産,無形資産の取得による支出,33812000000.0,0.007452975275050278,417.0,604316.54676259
田中精密工業株式会社,7218,上場,輸送用機器,,富山市婦中町島田３２８番地,2026-03-31,325476000.0,36548000.0,7.9054394221298026,無形資産,無形固定資産の取得による支出,43790459000.0,0.007432577950370422,1383.0,235340.5639913232
株式会社バンダイナムコホールディングス,7832,上場,その他製品,東京都,港区芝五丁目３７番８号,2026-03-31,10010000000.0,8882000000.0,0.1269984237784283,無形資産,無形固定資産の取得による支出,1348246000000.0,0.007424461114663051,11457.0,873701.6671030811
アズビル株式会社,6845,上場,電気機器,東京都,千代田区丸の内二丁目６番１号,2026-03-31,2210000000.0,2963000000.0,-0.25413432332095853,無形資産,無形固定資産の取得による支出,298930000000.0,0.007393035158732813,9170.0,241003.27153762267
帝人株式会社,3401,上場,繊維製品,大阪府,大阪市北区中之島三丁目２番４号,2026-03-31,6434000000.0,4029000000.0,0.5969223132290891,無形資産,無形資産の取得による支出,873190000000.0,0.007368384887596056,15689.0,410096.2457772962
丸善ＣＨＩホールディングス株式会社,3159,上場,小売業,東京都,新宿区市谷左内町３１番地２,2026-01-31,1357000000.0,741000000.0,0.8313090418353577,無形資産,無形固定資産の取得による支出,185053000000.0,0.007333034319897543,1574.0,862134.6886912326
株式会社ミルボン,4919,上場,化学,大阪府,大阪市都島区善源寺町２丁目３番３５号,2025-12-31,385996000.0,346085000.0,0.1153213805856943,無形資産,無形固定資産の取得による支出,52863291000.0,0.00730177771187193,1237.0,312042.0371867421
株式会社ミラタップ,3187,上場,小売業,大阪府,大阪市北区大深町５番５４号,2025-09-30,122120000.0,63830000.0,0.9132069559768135,無形資産,無形固定資産の取得による支出,16746745000.0,0.007292163342786912,289.0,422560.553633218
株式会社四国銀行,8387,上場,銀行業,,高知市南はりまや町一丁目１番１号,2026-03-31,506000000.0,554000000.0,-0.08664259927797835,無形資産,無形固定資産の取得による支出,69524000000.0,0.007278062251884242,1319.0,383623.95754359366
信金中央金庫,8421,上場,その他金融業,東京都,中央区八重洲一丁目３番７号,2026-03-31,4802000000.0,13212000000.0,-0.6365425370874962,無形資産,無形固定資産の取得による支出,662624000000.0,0.007246945477374801,1849.0,2597079.502433748
株式会社アートネイチャー,7823,上場,その他製品,東京都,渋谷区代々木三丁目４０番７号,2026-03-31,322000000.0,825000000.0,-0.6096969696969696,無形資産,無形固定資産の取得による支出,44600000000.0,0.007219730941704036,3851.0,83614.64554661127
三井住友海上火災保険株式会社,,非上場,保険業,東京都,千代田区神田駿河台三丁目９番地,2026-03-31,30236000000.0,35835000000.0,-0.1562438956327613,無形資産,無形資産の取得による支出,4192201000000.0,0.007212440434034532,23039.0,1312383.349971787
東洋炭素株式会社,5310,上場,ガラス・土石製品,大阪府,大阪市西淀川区竹島五丁目７番１２号,2025-12-31,332000000.0,449000000.0,-0.2605790645879733,無形資産,無形固定資産の取得による支出,46189000000.0,0.007187858581047436,1678.0,197854.58879618594
パラカ株式会社,4809,上場,不動産業,東京都,港区愛宕二丁目５番１号,2025-09-30,126000000.0,6000000.0,20.0,無形資産,無形固定資産の取得による支出,17630000000.0,0.007146908678389109,112.0,1125000.0
株式会社ノジマ,7419,上場,小売業,神奈川県,相模原市中央区横山１－１－１,2026-03-31,7024000000.0,2785000000.0,1.5220825852782767,無形資産,無形固定資産の取得による支出,982804000000.0,0.007146898059022959,12112.0,579920.7397622193
株式会社松屋,8237,上場,小売業,東京都,中央区銀座三丁目６番１号,2026-02-28,326000000.0,261000000.0,0.24904214559386983,無形資産,無形固定資産の取得による支出,45706000000.0,0.007132542773377675,871.0,374282.43398392654
北越メタル株式会社,5446,上場,鉄鋼,,長岡市蔵王三丁目３番１号,2026-03-31,167829000.0,27469000.0,5.109760093195966,無形資産,無形固定資産の取得による支出,23598291000.0,0.0071119133160956445,483.0,347472.049689441
株式会社ナ・デックス,7435,上場,卸売業,愛知県,名古屋市中区古渡町９番２７号,2026-04-30,261878000.0,191698000.0,0.36609667289173586,無形資産,無形固定資産の取得による支出,36838193000.0,0.007108872033978431,731.0,358246.23803009576
タビオ株式会社,2668,上場,卸売業,大阪府,大阪市浪速区難波中二丁目１０番７０号,2026-02-28,119398000.0,73431000.0,0.6259890237093326,無形資産,無形固定資産の取得による支出,16812398000.0,0.0071017828628610865,268.0,445514.9253731343
株式会社ＬＩＸＩＬ,5938,上場,金属製品,東京都,品川区西品川一丁目１番１号　大崎ガーデンタワー,2026-03-31,10679000000.0,10811000000.0,-0.012209786328739258,無形資産,無形資産の取得による支出,1510704000000.0,0.007068889736175981,48073.0,222141.32673226134
ニッポン高度紙工業株式会社,3891,上場,パルプ・紙,,高知市春野町弘岡上６４８番地,2026-03-31,131606000.0,24597000.0,4.3504898971419275,無形資産,無形固定資産の取得による支出,18624523000.0,0.007066274932249272,462.0,284861.4718614719
株式会社スプリックス,7030,上場,サービス業,,長岡市東坂之上町二丁目２番地１,2025-09-30,248000000.0,227000000.0,0.09251101321585908,無形資産,無形固定資産の取得による支出,35127000000.0,0.007060096222279159,1550.0,160000.0
株式会社加藤製作所,6390,上場,機械,東京都,品川区東大井１－９－３７,2026-03-31,395000000.0,469000000.0,-0.1577825159914712,無形資産,無形固定資産の取得による支出,56335000000.0,0.007011626874944528,932.0,423819.7424892704
Ａｂａｌａｎｃｅ株式会社,3856,上場,情報・通信業,東京都,品川区東品川二丁目２番４号天王洲ファーストタワー,2026-03-31,835000000.0,153000000.0,4.457516339869281,無形資産,無形固定資産の取得による支出,120169000000.0,0.006948547462323894,3498.0,238707.8330474557
株式会社ＡＯＫＩホールディングス,8214,上場,小売業,神奈川県,横浜市都筑区葛が谷６番５６,2026-03-31,1351000000.0,752000000.0,0.7965425531914894,無形資産,無形固定資産の取得による支出,194532000000.0,0.006944872822980281,3226.0,418784.87290762557
株式会社インターメスティック,262A,上場,小売業,東京都,港区北青山三丁目６番１号,2025-12-31,347000000.0,212000000.0,0.6367924528301887,無形資産,無形固定資産の取得による支出,50151000000.0,0.0069191043049989034,3347.0,103674.93277561996
株式会社おきなわフィナンシャルグループ,7350,上場,銀行業,,那覇市久茂地三丁目１０番１号,2026-03-31,487000000.0,781000000.0,-0.37644046094750316,無形資産,無形固定資産の取得による支出,70417000000.0,0.006915943593166423,1513.0,321877.06543291477
株式会社シード,7743,上場,精密機器,東京都,文京区本郷二丁目４０番２号,2026-03-31,234326000.0,38796000.0,5.039952572430147,無形資産,無形固定資産の取得による支出,33942396000.0,0.006903637562887428,1048.0,223593.5114503817
日本テレビホールディングス株式会社,9404,上場,情報・通信業,東京都,港区東新橋一丁目６番１号,2026-03-31,3336000000.0,2553000000.0,0.3066980023501762,無形資産,無形固定資産の取得による支出,484418000000.0,0.0068866144528072866,5933.0,562278.7797067252
株式会社図研,6947,上場,電気機器,神奈川県,横浜市都筑区荏田東２－２５－１,2026-03-31,295902000.0,311833000.0,-0.05108824274531565,無形資産,無形固定資産の取得による支出,43101000000.0,0.006865316349968678,1656.0,178684.78260869565
株式会社秋田銀行,8343,上場,銀行業,,秋田市山王三丁目２番１号,2026-03-31,417000000.0,241000000.0,0.7302904564315353,無形資産,無形固定資産の取得による支出,61062000000.0,0.006829124496413481,1175.0,354893.6170212766
アース製薬株式会社,4985,上場,化学,東京都,千代田区神田司町二丁目１２番地１,2025-12-31,1223000000.0,875000000.0,0.3977142857142857,無形資産,無形固定資産の取得による支出,179182000000.0,0.006825462379033608,4963.0,246423.5341527302
株式会社セブン＆アイ・ホールディングス,3382,上場,小売業,東京都,千代田区二番町８番地８,2026-02-28,70705000000.0,108151000000.0,-0.34623813002191384,無形資産,無形固定資産の取得による支出,10430269000000.0,0.00677882804364873,35967.0,1965829.7884171603
東和薬品株式会社,4553,上場,医薬品,,門真市新橋町２番１１号,2026-03-31,1851000000.0,2487000000.0,-0.255729794933655,無形資産,無形固定資産の取得による支出,273710000000.0,0.0067626319827554715,4923.0,375990.24984765385
株式会社中村屋,2204,上場,食料品,東京都,新宿区新宿三丁目２６番１３号,2026-03-31,251204000.0,102143000.0,1.4593364205085027,無形資産,無形固定資産の取得による支出,37351144000.0,0.006725470041827902,780.0,322056.41025641025
積水ハウス株式会社,1928,上場,建設業,大阪府,大阪市北区大淀中一丁目１番８８号,2026-01-31,28158000000.0,14313000000.0,0.9673024523160763,無形資産,無形固定資産の取得による支出,4197922000000.0,0.006707604381405848,32186.0,874852.4203069657
京セラ株式会社,6971,上場,電気機器,京都府,京都市伏見区竹田鳥羽殿町６番地,2026-03-31,13869000000.0,13194000000.0,0.05115961800818547,無形資産,無形資産の取得による支出,2070203000000.0,0.006699343011289231,73856.0,187784.33708838822
テイ・エス　テック株式会社,7313,上場,輸送用機器,,朝霞市栄町三丁目７番２７号,2026-03-31,2958000000.0,6424000000.0,-0.5395392278953923,無形資産,無形資産の取得による支出,442316000000.0,0.006687526564718437,13558.0,218173.77194276443
株式会社大分銀行,8392,上場,銀行業,,大分市府内町３丁目４番１号,2026-03-31,663000000.0,421000000.0,0.5748218527315914,無形資産,無形固定資産の取得による支出,99429000000.0,0.006668074706574541,1626.0,407749.0774907749
稲畑産業株式会社,8098,上場,卸売業,大阪府,大阪市中央区南船場一丁目１５番１４号,2026-03-31,5548000000.0,2372000000.0,1.3389544688026982,無形資産,無形固定資産の取得による支出,832745000000.0,0.0066623035863319505,4719.0,1175672.8120364484
株式会社電算,3640,上場,情報・通信業,,長野市鶴賀七瀬中町２７６番地６,2026-03-31,186365000.0,531193000.0,-0.6491576507973562,無形資産,無形固定資産の取得による支出,27987254000.0,0.0066589240945181686,585.0,318572.64957264956
株式会社コプロ・ホールディングス,7059,上場,サービス業,愛知県,名古屋市中区錦三丁目２５番１号　ザ・ランドマーク名古屋栄３０階,2026-03-31,243137000.0,76740000.0,2.1683216054209016,無形資産,無形固定資産の取得による支出,36661596000.0,0.006631926226015911,8402.0,28937.990954534635
ジェイリース株式会社,7187,上場,その他金融業,,大分市都町１丁目３番１９号　大分中央ビル７階,2026-03-31,142909000.0,205840000.0,-0.30572774970851146,無形資産,無形固定資産の取得による支出,21574714000.0,0.00662391167734599,576.0,248105.90277777778
株式会社第四北越フィナンシャルグループ,7327,上場,銀行業,新潟県,新潟市中央区東堀前通７番町１０７１番地１,2026-03-31,1723000000.0,1892000000.0,-0.08932346723044393,無形資産,無形固定資産の取得による支出,260253000000.0,0.006620480839798196,3456.0,498553.24074074073
アニコム　ホールディングス株式会社,8715,上場,保険業,東京都,新宿区西新宿８－１７－１　住友不動産新宿グランドタワー３９階,2026-03-31,486000000.0,683000000.0,-0.28843338213762815,無形資産,無形固定資産の取得による支出,73846000000.0,0.006581263710966064,1025.0,474146.34146341466
日揮ホールディングス株式会社,1963,上場,建設業,神奈川県,横浜市西区みなとみらい２丁目３番１号,2026-03-31,4903000000.0,4830000000.0,0.015113871635610732,無形資産,無形固定資産の取得による支出,745280000000.0,0.006578735508802061,8154.0,601299.9754721608
大崎電気工業株式会社,6644,上場,電気機器,東京都,品川区東五反田二丁目１０番２号,2026-03-31,663000000.0,383000000.0,0.731070496083551,無形資産,無形固定資産の取得による支出,100900000000.0,0.006570862239841427,2504.0,264776.35782747605
株式会社パン・パシフィック・インターナショナルホールディングス,7532,上場,小売業,東京都,渋谷区道玄坂二丁目２５番１２号,2026-06-30,16028000000.0,13461000000.0,0.1906990565336899,無形資産,無形固定資産の取得による支出,2445260000000.0,0.006554722197230561,17784.0,901259.559154296
関通ホールディングス株式会社,9326,上場,倉庫・運輸関連,,尼崎市西向島町１１１番地の４,2026-02-28,119913000.0,329204000.0,-0.6357486543298381,無形資産,無形固定資産の取得による支出,18345950000.0,0.006536210989346422,243.0,493469.13580246916
株式会社遠藤照明,6932,上場,電気機器,大阪府,大阪市中央区本町一丁目６番１９号,2026-03-31,362000000.0,314000000.0,0.15286624203821653,無形資産,無形固定資産の取得による支出,55473000000.0,0.006525697186018423,1648.0,219660.1941747573
株式会社クロス・マーケティンググループ,3675,上場,情報・通信業,東京都,新宿区西新宿三丁目２０番２号,2025-06-30,188346000.0,223899000.0,-0.158790347433441,無形資産,無形固定資産の取得による支出,28896589000.0,0.006517931926152252,1535.0,122700.97719869707
大成温調株式会社,1904,上場,建設業,東京都,品川区広町二丁目１－２１　６階,2026-03-31,400480000.0,392963000.0,0.01912902741479483,無形資産,無形固定資産の取得による支出,61719065000.0,0.006488756756117417,783.0,511468.71008939977
片倉コープアグリ株式会社,4031,上場,化学,東京都,千代田区九段北一丁目８番１０号,2026-03-31,275000000.0,571000000.0,-0.5183887915936953,無形資産,無形固定資産の取得による支出,42651000000.0,0.006447680007502755,797.0,345043.91468005016
ＹＫＫ株式会社,,非上場,その他製品,東京都,千代田区神田和泉町１番地,2026-03-31,6387000000.0,8044000000.0,-0.20599204375932367,無形資産,無形固定資産の取得による支出,992561000000.0,0.006434868990419732,56899.0,112251.533418865
リケンＮＰＲ株式会社,6209,上場,機械,東京都,千代田区三番町８番地１,2026-03-31,1047000000.0,460000000.0,1.276086956521739,無形資産,無形固定資産の取得による支出,163114000000.0,0.0064188236448128305,6511.0,160804.7918906466
ＡＬＳＯＫ株式会社,2331,上場,サービス業,東京都,港区元赤坂一丁目６番６号,2026-03-31,3826000000.0,2922000000.0,0.30937713894592744,無形資産,無形固定資産の取得による支出,597026000000.0,0.006408431123602657,66949.0,57147.97831184932
永大産業株式会社,7822,上場,その他製品,大阪府,大阪市住之江区平林南２丁目１０番６０号,2026-03-31,470000000.0,218000000.0,1.1559633027522938,無形資産,無形固定資産の取得による支出,73774000000.0,0.0063708081437904955,1454.0,323246.2173314993
アズワン株式会社,7476,上場,卸売業,大阪府,大阪市西区江戸堀２－１－２７,2026-03-31,704000000.0,583000000.0,0.2075471698113207,無形資産,無形固定資産の取得による支出,110698000000.0,0.00635964516070751,758.0,928759.8944591029
リズム株式会社,7769,上場,精密機器,埼玉県,さいたま市大宮区北袋町一丁目２９９番地１２,2026-03-31,221000000.0,276000000.0,-0.19927536231884058,無形資産,無形固定資産の取得による支出,34755000000.0,0.006358797295353187,2432.0,90871.71052631579
ピー・シー・エー株式会社,9629,上場,情報・通信業,東京都,千代田区富士見１－２－２１,2026-03-31,110000000.0,111000000.0,-0.009009009009009028,無形資産,無形固定資産の取得による支出,17306000000.0,0.006356177048422513,755.0,145695.3642384106
株式会社ＪＥＲＡ,,非上場,電気・ガス業,東京都,中央区日本橋二丁目５番１号,2026-03-31,19316000000.0,137211000000.0,-0.8592241146846827,無形資産,無形資産の取得による支出,3050014000000.0,0.006333085684196859,4504.0,4288632.326820604
総合商研株式会社,7850,上場,その他製品,北海道,札幌市東区東苗穂二条三丁目４番４８号,2025-07-31,102809000.0,60335000.0,0.7039695036048728,無形資産,無形固定資産の取得による支出,16236035000.0,0.006332149444122287,388.0,264971.6494845361
扶桑薬品工業株式会社,4538,上場,医薬品,大阪府,大阪市中央区道修町一丁目７番１０号,2026-03-31,393000000.0,976000000.0,-0.5973360655737705,無形資産,無形固定資産の取得による支出,62307000000.0,0.006307477490490635,1374.0,286026.2008733624
青山商事株式会社,8219,上場,小売業,,福山市王子町一丁目３番５号,2026-03-31,1191000000.0,1868000000.0,-0.3624197002141327,無形資産,無形固定資産の取得による支出,189011000000.0,0.0063012205638825255,6666.0,178667.86678667867
江崎グリコ株式会社,2206,上場,食料品,大阪府,大阪市西淀川区歌島４丁目６番５号,2025-12-31,2270000000.0,6851000000.0,-0.6686615092687199,無形資産,無形固定資産の取得による支出,361390000000.0,0.006281302747724066,5588.0,406227.6306370795
株式会社ＪＣＵ,4975,上場,化学,東京都,台東区東上野四丁目８番１号,2026-03-31,186000000.0,96000000.0,0.9375,無形資産,無形固定資産の取得による支出,29672000000.0,0.006268535993529253,567.0,328042.32804232807
サノヤスホールディングス株式会社,7022,上場,輸送用機器,大阪府,大阪市北区中之島三丁目３番２３号,2026-03-31,168000000.0,206000000.0,-0.18446601941747576,無形資産,無形固定資産の取得による支出,26828000000.0,0.006262114209035336,1028.0,163424.12451361868
若築建設株式会社,1888,上場,建設業,福岡県,北九州市若松区浜町１－４－７,2026-03-31,651000000.0,234000000.0,1.782051282051282,無形資産,無形固定資産の取得による支出,104748000000.0,0.006214915797914996,900.0,723333.3333333334
浜松ホトニクス株式会社,6965,上場,電気機器,静岡県,浜松市東区市野町１１２６番地の１,2025-09-30,1317000000.0,1272000000.0,0.03537735849056611,無形資産,無形固定資産の取得による支出,212051000000.0,0.006210770050601035,6601.0,199515.22496591427
株式会社はせがわ,8230,上場,小売業,福岡県,福岡市博多区上川端町１２番１９２号,2026-03-31,131000000.0,32000000.0,3.09375,無形資産,無形固定資産の取得による支出,21122000000.0,0.0062020641984660545,834.0,157074.34052757794
株式会社壱番屋,7630,上場,小売業,,一宮市三ツ井六丁目１２番２３号,2026-02-28,406000000.0,681000000.0,-0.4038179148311307,無形資産,無形固定資産の取得による支出,65518000000.0,0.0061967703531853845,1298.0,312788.90600924497
大阪瓦斯株式会社,9532,上場,電気・ガス業,大阪府,大阪市中央区平野町四丁目１番２号,2026-03-31,12577000000.0,11561000000.0,0.08788167113571488,無形資産,無形固定資産の取得による支出,2030302000000.0,0.006194644934595937,21835.0,576001.8319212274
シャープ株式会社,6753,上場,電気機器,大阪府,堺市堺区匠町１番地,2026-03-31,11719000000.0,12220000000.0,-0.040998363338788923,無形資産,無形固定資産の取得による支出,1892811000000.0,0.006191320739365948,34549.0,339199.3979565255
スターツコーポレーション株式会社,8850,上場,不動産業,東京都,中央区日本橋３丁目４番１０号,2026-03-31,1558000000.0,1772000000.0,-0.12076749435665912,無形資産,無形固定資産の取得による支出,251911000000.0,0.006184723969973522,4715.0,330434.7826086957
伊勢化学工業株式会社,4107,上場,化学,東京都,中央区京橋一丁目３番１号,2025-12-31,242000000.0,26000000.0,8.307692307692308,無形資産,無形固定資産の取得による支出,39258000000.0,0.006164348667787457,327.0,740061.1620795107
株式会社ヤマト,1967,上場,建設業,,前橋市古市町１１８番地,2026-03-20,334694000.0,215430000.0,0.5536090609478717,無形資産,無形固定資産の取得による支出,54327010000.0,0.006160729257877435,1161.0,288280.7924203273
株式会社マツキヨココカラ＆カンパニー,3088,上場,小売業,,松戸市新松戸東９番地１,2026-03-31,6866000000.0,5624000000.0,0.22083926031294454,無形資産,無形固定資産の取得による支出,1117440000000.0,0.006144401489117984,14293.0,480375.00874553976
株式会社キユーソー流通システム,9369,上場,倉庫・運輸関連,,調布市調布ケ丘三丁目５０番地１,2025-11-30,1242000000.0,1492000000.0,-0.1675603217158177,無形資産,無形固定資産の取得による支出,202602000000.0,0.006130245505967365,7971.0,155814.8287542341
黒田グループ株式会社,287A,上場,その他製品,東京都,品川区南大井五丁目１７番９号,2026-03-31,751000000.0,321000000.0,1.3395638629283488,無形資産,無形資産の取得による支出,122796000000.0,0.00611583439199974,2643.0,284146.80287552025
株式会社銚子丸,3075,上場,小売業,千葉県,千葉市美浜区浜田二丁目３９番地,2026-02-28,144126000.0,329820000.0,-0.5630161906494451,無形資産,無形固定資産の取得による支出,23667000000.0,0.006089745214856129,514.0,280400.7782101167
福山通運株式会社,9075,上場,陸運業,,福山市東深津町四丁目２０番１号,2026-03-31,1938000000.0,1648000000.0,0.17597087378640786,無形資産,無形固定資産の取得による支出,318582000000.0,0.006083206207507016,22501.0,86129.50535531754
日本ゼオン株式会社,4205,上場,化学,東京都,千代田区丸の内一丁目６番２号,2026-03-31,2499000000.0,1606000000.0,0.5560398505603985,無形資産,無形固定資産の取得による支出,411966000000.0,0.0060660345756688655,4425.0,564745.7627118644
株式会社住友倉庫,9303,上場,倉庫・運輸関連,大阪府,大阪市北区中之島三丁目２番１８号,2026-03-31,1189000000.0,737000000.0,0.6132971506105835,無形資産,無形固定資産の取得による支出,196244000000.0,0.0060587839628217935,4473.0,265817.12497205456
ペプチドリーム株式会社,4587,上場,医薬品,神奈川県,川崎市川崎区殿町三丁目２５番２３号,2025-12-31,111862000.0,141767000.0,-0.21094471915184776,無形資産,無形資産の取得による支出,18521234000.0,0.006039662368068996,645.0,173429.4573643411
株式会社　森組,1853,上場,建設業,大阪府,大阪市中央区道修町４丁目５番１７号,2026-03-31,169000000.0,162000000.0,0.043209876543209846,無形資産,無形固定資産の取得による支出,28040000000.0,0.0060271041369472185,311.0,543408.3601286174
株式会社コメダホールディングス,3543,上場,卸売業,愛知県,名古屋市東区葵三丁目１２番２３号,2026-02-28,344000000.0,274000000.0,0.25547445255474455,無形資産,無形資産の取得による支出,57225000000.0,0.00601135867190913,828.0,415458.9371980676
ゼリア新薬工業株式会社,4559,上場,医薬品,東京都,中央区日本橋小舟町１０番１１号,2026-03-31,534750000.0,1304800000.0,-0.5901670754138566,無形資産,無形固定資産の取得による支出,89159262000.0,0.005997694328156283,1748.0,305921.05263157893
株式会社パイオラックス,5988,上場,金属製品,神奈川県,横浜市西区花咲町六丁目１４５番地,2026-03-31,372000000.0,208000000.0,0.7884615384615385,無形資産,無形固定資産の取得による支出,62045000000.0,0.00599564831976791,2784.0,133620.6896551724
日産化学株式会社,4021,上場,化学,東京都,中央区日本橋二丁目５番１号,2026-03-31,1674000000.0,2195000000.0,-0.2373576309794989,無形資産,無形固定資産の取得による支出,279586000000.0,0.005987424263017462,3411.0,490765.17150395777
ネクセラファーマ株式会社,4565,上場,医薬品,東京都,港区赤坂９－７－２,2025-12-31,177000000.0,1011000000.0,-0.8249258160237389,無形資産,無形資産の取得による支出,29615000000.0,0.005976700996116833,382.0,463350.78534031415
株式会社山陰合同銀行,8381,上場,銀行業,,松江市魚町１０番地,2026-03-31,998000000.0,853000000.0,0.16998827667057448,無形資産,無形固定資産の取得による支出,167078000000.0,0.005973257999257832,1906.0,523609.6537250787
住友ファーマ株式会社,4506,上場,医薬品,大阪府,大阪市中央区道修町２丁目６番８号,2026-03-31,2703000000.0,4532000000.0,-0.40357458075904673,無形資産,無形資産の取得による支出,453294000000.0,0.005963017379449099,3123.0,865513.9289145053
株式会社ハードオフコーポレーション,2674,上場,小売業,,新発田市新栄町３丁目１番１３号,2026-03-31,233157000.0,269714000.0,-0.13553986815664,無形資産,無形固定資産の取得による支出,39276974000.0,0.005936226146138447,1040.0,224189.42307692306
日本電気株式会社,6701,上場,電気機器,東京都,港区芝五丁目７番１号,2026-03-31,21231000000.0,24215000000.0,-0.12322940326244058,無形資産,無形資産の取得による支出,3582733000000.0,0.005925923031384141,101800.0,208555.99214145384
住友精化株式会社,4008,上場,化学,,加古郡播磨町宮西３４６番地の１,2026-03-31,878000000.0,1421000000.0,-0.38212526389866286,無形資産,無形固定資産の取得による支出,148354000000.0,0.005918276554727207,1438.0,610570.2364394993
株式会社電算システムホールディングス,4072,上場,情報・通信業,,岐阜市日置江１丁目５８番地,2025-12-31,403000000.0,328000000.0,0.22865853658536595,無形資産,無形固定資産の取得による支出,68131000000.0,0.00591507536950874,1036.0,388996.138996139
ＴＯＹＯ　ＴＩＲＥ株式会社,5105,上場,ゴム製品,,伊丹市藤ノ木２丁目２番１３号,2025-12-31,3513000000.0,9173000000.0,-0.6170282350376104,無形資産,無形固定資産の取得による支出,594923000000.0,0.005904965852723798,9941.0,353384.971330852
タカラスタンダード株式会社,7981,上場,その他製品,大阪府,大阪市城東区鴫野東１丁目２番１号,2026-03-31,1488000000.0,809000000.0,0.8393077873918418,無形資産,無形固定資産の取得による支出,252756000000.0,0.005887100602953045,6505.0,228747.11760184474
明治ホールディングス株式会社,2269,上場,食料品,東京都,中央区京橋二丁目４番１６号,2026-03-31,6903000000.0,3825000000.0,0.8047058823529412,無形資産,無形固定資産の取得による支出,1173688000000.0,0.005881460831157854,17103.0,403613.4011576916
三井倉庫ホールディングス株式会社,9302,上場,倉庫・運輸関連,東京都,中央区日本橋箱崎町１９番２１号,2026-03-31,1754000000.0,2390000000.0,-0.26610878661087867,無形資産,無形固定資産の取得による支出,299472000000.0,0.005856974942565582,7654.0,229161.22288999215
川西倉庫株式会社,9322,上場,倉庫・運輸関連,兵庫県,神戸市兵庫区七宮町一丁目４番１６号,2026-03-31,153382000.0,127495000.0,0.20304325659829803,無形資産,無形固定資産の取得による支出,26400941000.0,0.005809717161217852,743.0,206436.06998654106
株式会社レノバ,9519,上場,電気・ガス業,東京都,中央区京橋二丁目２番１号,2026-03-31,509000000.0,235000000.0,1.1659574468085108,無形資産,無形資産の取得による支出,87622000000.0,0.0058090433909292185,314.0,1621019.1082802548
日本瓦斯株式会社,8174,上場,小売業,東京都,渋谷区代々木４ー３１ー８,2026-03-31,1211000000.0,2148000000.0,-0.436219739292365,無形資産,無形固定資産の取得による支出,208480000000.0,0.005808710667689947,1764.0,686507.9365079365
ＤＣＭホールディングス株式会社,3050,上場,小売業,東京都,品川区南大井六丁目２２番７号,2026-02-28,3149000000.0,2505000000.0,0.2570858283433133,無形資産,無形固定資産の取得による支出,542317000000.0,0.005806567007857028,4982.0,632075.4716981133
ＮＩＰＰＯＮ　ＥＸＰＲＥＳＳホールディングス株式会社,9147,上場,陸運業,東京都,千代田区神田和泉町２番地,2025-12-31,14929000000.0,15316000000.0,-0.02526769391486028,無形資産,無形資産の取得による支出,2574826000000.0,0.005798061694265943,77925.0,191581.64902149502
株式会社ファルコホールディングス,4671,上場,サービス業,京都府,京都市左京区聖護院蓮華蔵町４４番地３,2026-03-31,251000000.0,405000000.0,-0.38024691358024687,無形資産,無形固定資産の取得による支出,43578000000.0,0.005759787048510716,1037.0,242044.3587270974
日本シイエムケイ株式会社,6958,上場,電気機器,東京都,新宿区西新宿六丁目５番１号,2026-03-31,577000000.0,667000000.0,-0.1349325337331334,無形資産,無形固定資産の取得による支出,100202000000.0,0.005758368096445181,4304.0,134061.33828996282
ウルトラファブリックス・ホールディングス株式会社,4235,上場,化学,,八王子市明神町３－２０－６　八王子ファーストスクエア６Ｆ,2025-12-31,118000000.0,67000000.0,0.7611940298507462,無形資産,無形資産の取得による支出,20553000000.0,0.005741254318104413,334.0,353293.4131736527
日立建機株式会社,6305,上場,機械,東京都,台東区東上野二丁目１６番１号,2026-03-31,8065000000.0,12726000000.0,-0.3662580543768662,無形資産,無形資産の取得による支出,1405493000000.0,0.005738200047954703,25304.0,318724.31236168195
相鉄ホールディングス株式会社,9003,上場,陸運業,神奈川県,横浜市西区北幸一丁目３番２３号,2026-03-31,1761000000.0,1070000000.0,0.6457943925233645,無形資産,無形固定資産の取得による支出,307572000000.0,0.005725488666068433,5321.0,330952.82841571135
株式会社Ａｎｄ　Ｄｏホールディングス,3457,上場,不動産業,京都府,京都市中京区烏丸通錦小路上ル手洗水町６７０番地,2026-06-30,284000000.0,433000000.0,-0.34411085450346424,無形資産,無形固定資産の取得による支出,49617000000.0,0.005723844650019147,525.0,540952.380952381
東映株式会社,9605,上場,情報・通信業,東京都,中央区銀座三丁目２番１７号,2026-03-31,1059000000.0,747000000.0,0.4176706827309238,無形資産,無形固定資産の取得による支出,185333000000.0,0.005714039054027076,1965.0,538931.2977099237
オカダアイヨン株式会社,6294,上場,機械,大阪府,大阪市港区海岸通４丁目１番１８号,2026-03-31,154147000.0,45277000.0,2.404532102391943,無形資産,無形固定資産の取得による支出,26991439000.0,0.005710958945167762,497.0,310154.92957746476
花王株式会社,4452,上場,化学,東京都,中央区日本橋茅場町一丁目１４番１０号,2025-12-31,9631000000.0,10072000000.0,-0.04378474980142966,無形資産,無形資産の取得による支出,1688633000000.0,0.00570342993415384,31514.0,305610.2049882592
三井化学株式会社,4183,上場,化学,東京都,中央区八重洲二丁目２番１号,2026-03-31,9517000000.0,17193000000.0,-0.4464607689175827,無形資産,無形資産の取得による支出,1668754000000.0,0.005703057490798524,16967.0,560912.3592856722
株式会社ゲオホールディングス,2681,上場,小売業,愛知県,名古屋市中区富士見町８番８号,2026-03-31,2741000000.0,2239000000.0,0.2242072353729343,無形資産,無形固定資産の取得による支出,481249000000.0,0.005695596250589611,7249.0,378121.1201545041
株式会社カネカ,4118,上場,化学,大阪府,大阪市北区中之島二丁目３番１８号,2026-03-31,4616000000.0,4798000000.0,-0.03793247186327642,無形資産,無形固定資産の取得による支出,811638000000.0,0.00568726451940397,11762.0,392450.2635606189
株式会社日本政策投資銀行,,非上場,その他金融業,東京都,千代田区大手町一丁目９番６号,2026-03-31,2850000000.0,2613000000.0,0.09070034443168762,無形資産,無形固定資産の取得による支出,501728000000.0,0.0056803686459595635,1955.0,1457800.5115089514
株式会社ユニバーサルエンターテインメント,6425,上場,機械,東京都,江東区有明三丁目７番２６号　有明フロンティアビルＡ棟,2025-12-31,696000000.0,475000000.0,0.4652631578947368,無形資産,無形固定資産の取得による支出,122827000000.0,0.005666506549862815,7004.0,99371.78754997144
旭化成株式会社,3407,上場,化学,東京都,千代田区有楽町一丁目１番２号,2026-03-31,17379000000.0,16255000000.0,0.069147954475546,無形資産,無形固定資産の取得による支出,3074505000000.0,0.005652617250581801,47895.0,362856.2480425932
株式会社ＪＰＭＣ,3276,上場,不動産業,東京都,千代田区丸の内３－４－２,2025-12-31,330599000.0,22879000.0,13.449888544079723,無形資産,無形固定資産の取得による支出,58498097000.0,0.0056514487984113395,411.0,804377.1289537713
株式会社トーエル,3361,上場,小売業,神奈川県,横浜市港北区高田西一丁目５番２１号,2026-04-30,152078000.0,117781000.0,0.2911929767959178,無形資産,無形固定資産の取得による支出,27039083000.0,0.005624377128469926,450.0,337951.1111111111
株式会社ＬＩＦＵＬＬ,2120,上場,サービス業,東京都,千代田区麹町１－４－４,2025-09-30,158000000.0,148000000.0,0.06756756756756754,無形資産,無形資産の取得による支出,28127000000.0,0.005617378319763928,918.0,172113.2897603486
株式会社ヒト・コミュニケーションズ・ホールディングス,4433,上場,情報・通信業,東京都,豊島区東池袋１－９－６,2025-08-31,356000000.0,447000000.0,-0.20357941834451898,無形資産,無形固定資産の取得による支出,63596000000.0,0.005597836341908296,1411.0,252303.3309709426
北野建設株式会社,1866,上場,建設業,長野市県,長野市県町５２４番地,2026-03-31,441000000.0,371000000.0,0.18867924528301883,無形資産,無形固定資産の取得による支出,78791000000.0,0.005597085961594598,1143.0,385826.7716535433
東海カーボン株式会社,5301,上場,ガラス・土石製品,東京都,港区北青山一丁目２番３号,2025-12-31,1807000000.0,1554000000.0,0.1628056628056629,無形資産,無形固定資産の取得による支出,322960000000.0,0.005595120138716869,4436.0,407348.96302975656
カナデビア株式会社,7004,上場,機械,大阪府,大阪市住之江区南港北１丁目７番８９号,2026-03-31,3579000000.0,3253000000.0,0.10021518598217027,無形資産,無形固定資産の取得による支出,645222000000.0,0.005546928034071994,12666.0,282567.50355281855
株式会社ＮａＩＴＯ,7624,上場,卸売業,東京都,北区昭和町二丁目１番１１号,2026-02-28,241000000.0,76000000.0,2.1710526315789473,無形資産,無形固定資産の取得による支出,43518000000.0,0.0055379383243715245,309.0,779935.2750809061
日本たばこ産業株式会社,2914,上場,食料品,東京都,港区虎ノ門四丁目１番１号,2025-12-31,19182000000.0,22598000000.0,-0.15116381980706262,無形資産,無形資産の取得による支出,3467675000000.0,0.005531660262279481,52867.0,362835.03887112945
日本電技株式会社,1723,上場,建設業,東京都,墨田区両国二丁目１０番１４号,2026-03-31,256000000.0,356000000.0,-0.2808988764044944,無形資産,無形固定資産の取得による支出,46371000000.0,0.005520691811692653,989.0,258847.3205257836
アジアパイルホールディングス株式会社,5288,上場,ガラス・土石製品,東京都,中央区日本橋箱崎町３６番２号　Ｄａｉｗａリバーゲート,2026-03-31,638000000.0,253000000.0,1.5217391304347827,無形資産,無形固定資産の取得による支出,115956000000.0,0.005502086998516679,2681.0,237970.90637821707
株式会社ＡＤＥＫＡ,4401,上場,化学,東京都,荒川区東尾久七丁目２番３５号,2026-03-31,2287000000.0,2181000000.0,0.04860155891792761,無形資産,無形固定資産の取得による支出,416563000000.0,0.0054901659532891785,5434.0,420868.6050791314
株式会社エムアップホールディングス,3661,上場,サービス業,東京都,渋谷区渋谷三丁目１２番１８号,2026-03-31,174000000.0,114000000.0,0.5263157894736843,無形資産,無形固定資産の取得による支出,31715000000.0,0.005486362919754059,362.0,480662.98342541436
ヤマシンフィルタ株式会社,6240,上場,機械,神奈川県,横浜市中区桜木町一丁目１番地８,2026-03-31,114686000.0,72230000.0,0.5877890073376713,無形資産,無形固定資産の取得による支出,20941183000.0,0.005476576944101009,757.0,151500.6605019815
株式会社　アドバネクス,5998,上場,金属製品,東京都,北区田端六丁目１番１号,2026-03-31,161759000.0,95477000.0,0.6942195502581774,無形資産,無形固定資産の取得による支出,29679996000.0,0.005450101812682185,1913.0,84557.76267642446
全国保証株式会社,7164,上場,その他金融業,東京都,千代田区大手町二丁目１番１号,2026-03-31,319000000.0,804000000.0,-0.6032338308457712,無形資産,無形固定資産の取得による支出,58739000000.0,0.00543080406544204,378.0,843915.3439153439
Ｈａｍｅｅ株式会社,3134,上場,小売業,,小田原市栄町二丁目１２番１０号　Ｓｑｕａｒｅ　Ｏ２,2026-04-30,119520000.0,180875000.0,-0.33921216309606084,無形資産,無形固定資産の取得による支出,22073528000.0,0.0054146305928078195,368.0,324782.60869565216
エリアリンク株式会社,8914,上場,不動産業,東京都,千代田区外神田４ー１４ー１,2025-12-31,142385000.0,130383000.0,0.09205187792887104,無形資産,無形固定資産の取得による支出,26418207000.0,0.005389654188113524,81.0,1757839.5061728396
株式会社ゼロ,9028,上場,陸運業,神奈川県,川崎市幸区堀川町５８０番地ソリッドスクエア西館６階,2025-06-30,795000000.0,539000000.0,0.47495361781076073,無形資産,無形資産の取得による支出,147843000000.0,0.0053773259471195795,2703.0,294117.64705882355
日本空港ビルデング株式会社,9706,上場,不動産業,東京都,大田区羽田空港三丁目３番２号　第１旅客ターミナルビル,2026-03-31,1557000000.0,2655000000.0,-0.41355932203389834,無形資産,無形固定資産の取得による支出,289823000000.0,0.005372244438847158,3018.0,515904.5725646123
川田テクノロジーズ株式会社,3443,上場,金属製品,,南砺市苗島４６１０番地,2026-03-31,615000000.0,533000000.0,0.15384615384615374,無形資産,無形固定資産の取得による支出,115025000000.0,0.005346663768745925,2419.0,254237.28813559323
株式会社三井ハイテック,6966,上場,電気機器,福岡県,北九州市八幡西区小嶺二丁目１０番１号,2026-01-31,1167000000.0,528000000.0,1.210227272727273,無形資産,無形固定資産の取得による支出,218329000000.0,0.005345144254771469,4858.0,240222.3137093454
フクダ電子株式会社,6960,上場,電気機器,東京都,文京区本郷三丁目３９番４号,2026-03-31,742000000.0,395000000.0,0.8784810126582279,無形資産,無形固定資産の取得による支出,139697000000.0,0.005311495594035663,3497.0,212181.87017443523
ミヨシ油脂株式会社,4404,上場,食料品,東京都,葛飾区堀切四丁目３６番５号,2025-12-31,315000000.0,832000000.0,-0.6213942307692308,無形資産,無形固定資産の取得による支出,59474000000.0,0.0052964320543430745,599.0,525876.4607679466
株式会社日本トリム,6788,上場,電気機器,大阪府,大阪市北区大淀中１－８－３４,2026-03-31,127787000.0,158761000.0,-0.19509829240178633,無形資産,無形固定資産の取得による支出,24159363000.0,0.005289336477952668,777.0,164462.03346203346
株式会社フジ・メディア・ホールディングス,4676,上場,情報・通信業,東京都,港区台場二丁目４番８号,2026-03-31,2911000000.0,4585000000.0,-0.365103598691385,無形資産,無形固定資産の取得による支出,551865000000.0,0.00527484076721662,7373.0,394818.9339481893
株式会社トマト銀行,8542,上場,銀行業,岡山県,岡山市北区番町二丁目３番４号,2026-03-31,140000000.0,126000000.0,0.11111111111111116,無形資産,無形固定資産の取得による支出,26577000000.0,0.005267712683899612,746.0,187667.5603217158
ホーチキ株式会社,6745,上場,電気機器,東京都,品川区上大崎二丁目１０番４３号,2026-03-31,550000000.0,327000000.0,0.6819571865443426,ソフトウェア,ソフトウエアの取得による支出,105855000000.0,0.005195786689339191,2722.0,202057.3108008817
株式会社かわでん,6648,上場,電気機器,,南陽市小岩沢２２５番地,2026-03-31,136928000.0,150969000.0,-0.09300584888288321,無形資産,無形固定資産の取得による支出,26491000000.0,0.005168849798044619,860.0,159218.60465116278
日本板硝子株式会社,5202,非上場,ガラス・土石製品,東京都,港区三田三丁目５番２７号,2026-03-31,4540000000.0,4496000000.0,0.009786476868327343,無形資産,無形資産の取得による支出,879462000000.0,0.005162246919139201,24838.0,182784.44319188342
三和油化工業株式会社,4125,上場,化学,,刈谷市一里山町深田１５番地,2026-03-31,104267000.0,7390000.0,13.109201623815968,無形資産,無形固定資産の取得による支出,20263153000.0,0.00514564539881824,458.0,227657.20524017466
株式会社ビックカメラ,3048,上場,小売業,東京都,豊島区高田三丁目２３番２３号,2025-08-31,5002000000.0,3482000000.0,0.4365307294658243,無形資産,無形固定資産の取得による支出,974483000000.0,0.00513297820485324,12039.0,415483.0135393305
株式会社ヤマザワ,9993,上場,小売業,,山形市あこや町三丁目８番９号,2026-02-28,540000000.0,994000000.0,-0.4567404426559356,無形資産,無形固定資産の取得による支出,105405000000.0,0.00512309662729472,1107.0,487804.8780487805
リオン株式会社,6823,上場,電気機器,,国分寺市東元町３丁目２０番４１号,2026-03-31,145929000.0,275891000.0,-0.47106284728389114,無形資産,無形固定資産の取得による支出,28501956000.0,0.005119964398232879,1003.0,145492.5224327019
味の素株式会社,2802,上場,食料品,東京都,中央区京橋一丁目７番１号,2026-03-31,8104000000.0,6986000000.0,0.16003435442313196,無形資産,無形資産の取得による支出,1583719000000.0,0.005117069379100712,34787.0,232960.58872567338
川崎汽船株式会社,9107,上場,海運業,兵庫県,神戸市中央区海岸通８番,2026-03-31,5203000000.0,2377000000.0,1.1888935633151032,無形資産,無形固定資産の取得による支出,1018364000000.0,0.005109175108310977,5262.0,988787.5332573166
日亜化学工業株式会社,,非上場,電気機器,,阿南市上中町岡４９１番地１００,2025-12-31,1852000000.0,2509000000.0,-0.26185731367078513,無形資産,無形固定資産の取得による支出,364041000000.0,0.005087339063457138,9509.0,194762.85624145548
株式会社キッツ,6498,上場,機械,千葉県,千葉市美浜区中瀬１丁目１０番１,2025-12-31,898000000.0,647000000.0,0.38794435857805265,無形資産,無形固定資産の取得による支出,176682000000.0,0.0050825777385359,5469.0,164198.20808191627
前澤給装工業株式会社,6485,上場,機械,東京都,目黒区鷹番二丁目１４番４号,2026-03-31,161000000.0,,,無形資産,無形固定資産の取得による支出,31683000000.0,0.005081589495944197,426.0,377934.27230046946
フューチャー株式会社,4722,上場,情報・通信業,東京都,品川区大崎一丁目２番２号,2025-12-31,384000000.0,752000000.0,-0.4893617021276596,無形資産,無形固定資産の取得による支出,75993000000.0,0.005053096995775927,3624.0,105960.26490066225
オリエンタル白石株式会社,1786,上場,建設業,東京都,江東区豊洲五丁目６番５２号　ＮＢＦ豊洲キャナルフロント　５Ｆ,2026-03-31,347000000.0,57000000.0,5.087719298245614,無形資産,無形固定資産の取得による支出,68866000000.0,0.005038770946475765,1166.0,297598.627787307
株式会社三陽商会,8011,上場,繊維製品,東京都,新宿区四谷本塩町６番１４号,2026-02-28,294000000.0,160000000.0,0.8374999999999999,無形資産,無形固定資産の取得による支出,58448000000.0,0.005030112236517931,1125.0,261333.33333333334
レック株式会社,7874,上場,化学,東京都,中央区京橋２丁目１番３号,2026-03-31,343000000.0,23000000.0,13.91304347826087,無形資産,無形固定資産の取得による支出,68294000000.0,0.005022403139368027,956.0,358786.6108786611
ＯＡＴアグリオ株式会社,4979,上場,化学,東京都,千代田区神田小川町一丁目３番１号,2025-12-31,160000000.0,56000000.0,1.8571428571428572,無形資産,無形固定資産の取得による支出,31950000000.0,0.005007824726134585,596.0,268456.3758389262
ハウス食品グループ本社株式会社,2810,上場,食料品,,東大阪市　御厨栄町１丁目５番７号,2026-03-31,1585000000.0,1980000000.0,-0.1994949494949495,無形資産,無形固定資産の取得による支出,316977000000.0,0.0050003628023484355,6564.0,241468.6166971359
株式会社ツツミ,7937,上場,その他製品,,蕨市中央４丁目２４番２６号,2026-03-31,176000000.0,128000000.0,0.375,無形資産,無形固定資産の取得による支出,35225000000.0,0.004996451383960256,889.0,197975.25309336334
株式会社新日本科学,2395,上場,サービス業,,鹿児島市宮之浦町２４３８番地,2026-03-31,162159000.0,79170000.0,1.0482379689276242,無形資産,無形固定資産の取得による支出,32524960000.0,0.004985678691072948,1522.0,106543.36399474376
オーケー株式会社,,非上場,小売業,神奈川県,横浜市西区みなとみらい六丁目３番６号,2026-03-20,3754977000.0,3107306000.0,0.2084348950505679,無形資産,無形固定資産の取得による支出,755620453000.0,0.004969395660336897,16526.0,227216.32578966478
株式会社日本ケアサプライ,2393,上場,サービス業,東京都,港区芝大門一丁目１番３０号,2026-03-31,173471000.0,212339000.0,-0.18304692025487546,無形資産,無形固定資産の取得による支出,34929883000.0,0.004966263414051516,1062.0,163343.6911487759
株式会社岡本工作機械製作所,6125,上場,機械,,安中市郷原２９９３番地,2026-03-31,210000000.0,59000000.0,2.559322033898305,無形資産,無形固定資産の取得による支出,42513000000.0,0.004939665514078047,2229.0,94212.65141318977
株式会社ミマキエンジニアリング,6638,上場,電気機器,,東御市滋野乙２１８２番地３,2026-03-31,412955000.0,241649000.0,0.7089042371373355,無形資産,無形固定資産の取得による支出,83725442000.0,0.004932252253741462,2152.0,191893.5873605948
ウェーブロックホールディングス株式会社,7940,非上場,その他製品,東京都,中央区明石町８番１号,2026-03-31,123876000.0,44680000.0,1.7725156669650852,無形資産,無形固定資産の取得による支出,25137073000.0,0.0049280200602512475,628.0,197254.7770700637
ミネベアミツミ株式会社,6479,上場,電気機器,,北佐久郡御代田町大字御代田４１０６番地７３,2026-03-31,8199000000.0,6068000000.0,0.35118655240606467,無形資産,無形資産の取得による支出,1664387000000.0,0.004926137971517442,81383.0,100745.85601415529
株式会社サカイ引越センター,9039,上場,陸運業,大阪府,堺市堺区石津北町５６番地,2026-03-31,613000000.0,482000000.0,0.27178423236514515,無形資産,無形固定資産の取得による支出,124741000000.0,0.004914182185488332,6989.0,87709.25740449278
株式会社トーカイ,9729,上場,サービス業,,岐阜市若宮町九丁目１６番地,2026-03-31,783000000.0,648000000.0,0.20833333333333326,無形資産,無形固定資産の取得による支出,159664000000.0,0.004904048501853893,4694.0,166808.6919471666
株式会社　愛媛銀行,8541,上場,銀行業,,松山市勝山町２丁目１番地,2026-03-31,336000000.0,983000000.0,-0.6581892166836216,無形資産,無形固定資産の取得による支出,68517000000.0,0.004903892464643811,1350.0,248888.88888888888
藤倉コンポジット株式会社,5121,上場,ゴム製品,東京都,品川区西五反田八丁目４番１３号五反田ＪＰビルディング,2026-03-31,197171000.0,174001000.0,0.13316015425198713,無形資産,無形固定資産の取得による支出,40238809000.0,0.0049000207734776645,2252.0,87553.73001776199
日本ケミコン株式会社,6997,上場,電気機器,東京都,品川区大崎五丁目６番４号,2026-03-31,669000000.0,372000000.0,0.7983870967741935,無形資産,無形固定資産の取得による支出,136821000000.0,0.004889600280658671,5348.0,125093.49289454002
立川ブラインド工業株式会社,7989,上場,金属製品,東京都,港区三田三丁目１番１２号,2025-12-31,207636000.0,107190000.0,0.9370836831794012,無形資産,無形固定資産の取得による支出,42623365000.0,0.004871412662984257,1264.0,164268.98734177215
澁澤倉庫株式会社,9304,上場,倉庫・運輸関連,東京都,江東区永代二丁目３７番２８号,2026-03-31,387000000.0,374000000.0,0.03475935828876997,無形資産,無形固定資産の取得による支出,79740000000.0,0.0048532731376975165,1320.0,293181.8181818182
あいホールディングス株式会社,3076,上場,卸売業,東京都,中央区日本橋久松町１２番８号,2026-06-30,412000000.0,401000000.0,0.027431421446383997,無形資産,無形固定資産の取得による支出,85024000000.0,0.004845690628528416,2648.0,155589.1238670695
株式会社サニックスホールディングス,4651,上場,サービス業,福岡県,福岡市博多区博多駅東２丁目１番２３号,2026-03-31,219000000.0,28000000.0,6.821428571428571,無形資産,無形固定資産の取得による支出,45291000000.0,0.004835397761144599,2033.0,107722.57747171668
株式会社すかいらーくホールディングス,3197,上場,小売業,,武蔵野市西久保１丁目２５番８号,2025-12-31,2211000000.0,1951000000.0,0.13326499231163513,無形資産,無形資産の取得による支出,457794000000.0,0.004829683219963564,6744.0,327846.975088968
イーグル工業株式会社,6486,上場,機械,東京都,港区芝大門１丁目１２番１５号,2026-03-31,853000000.0,732000000.0,0.16530054644808745,無形資産,無形固定資産の取得による支出,177488000000.0,0.004805958712701704,6188.0,137847.4466709761
株式会社キムラ,7461,上場,卸売業,北海道,札幌市東区北６条東４丁目１番地７,2026-03-31,178206000.0,76295000.0,1.3357493938003802,無形資産,無形固定資産の取得による支出,37165333000.0,0.0047949523282893765,791.0,225292.0353982301
株式会社　サカタのタネ,1377,上場,水産・農林業,神奈川県,横浜市都筑区仲町台２－７－１,2026-05-31,499000000.0,706000000.0,-0.29320113314447593,無形資産,無形固定資産の取得による支出,104280000000.0,0.004785193709244342,3108.0,160553.41055341056
株式会社あじかん,2907,上場,食料品,広島県,広島市西区商工センター七丁目３番９号,2026-03-31,244000000.0,156000000.0,0.5641025641025641,無形資産,無形固定資産の取得による支出,51430000000.0,0.004744312657981723,887.0,275084.55467869225
サカタインクス株式会社,4633,上場,化学,大阪府,大阪市中央区淡路町４丁目２番１３号アーバンネット御堂筋ビル,2025-12-31,1219000000.0,491000000.0,1.4826883910386965,無形資産,無形固定資産の取得による支出,257668000000.0,0.00473089401865967,5323.0,229006.19951155363
ＴＯＡ株式会社,6809,上場,電気機器,兵庫県,神戸市中央区港島中町七丁目２番１号,2026-03-31,262000000.0,262000000.0,0.0,無形資産,無形固定資産の取得による支出,55386000000.0,0.00473043729462319,3083.0,84982.16023353876
株式会社メディアドゥ,3678,上場,情報・通信業,東京都,千代田区一ツ橋一丁目１番１号,2026-02-28,513000000.0,475000000.0,0.08000000000000007,無形資産,無形固定資産の取得による支出,108537000000.0,0.004726498797645043,507.0,1011834.3195266272
ウシオ電機株式会社,6925,上場,電気機器,東京都,千代田区丸の内一丁目６番５号,2026-03-31,847000000.0,1938000000.0,-0.5629514963880289,無形資産,無形固定資産の取得による支出,179211000000.0,0.004726272382833643,5898.0,143608.002712784
ニッコンホールディングス株式会社,9072,上場,陸運業,東京都,中央区明石町６番１７号,2026-03-31,1275000000.0,832000000.0,0.5324519230769231,無形資産,無形固定資産の取得による支出,269862000000.0,0.00472463703670765,13746.0,92754.25578350066
株式会社ライドオンエクスプレスホールディングス,6082,上場,サービス業,東京都,港区三田三丁目５番２７号,2026-03-31,112131000.0,87072000.0,0.28779630650496135,無形資産,無形固定資産の取得による支出,23833543000.0,0.0047047558141061945,363.0,308900.826446281
株式会社ワコールホールディングス,3591,上場,繊維製品,京都府,京都市南区吉祥院中島町２９番地,2026-03-31,805000000.0,1379000000.0,-0.41624365482233505,無形資産,無形資産の取得による支出,171510000000.0,0.004693603871494373,14784.0,54450.757575757576
日本新薬株式会社,4516,上場,医薬品,京都府,京都市南区吉祥院西ノ庄門口町１４番地,2026-03-31,801000000.0,31441000000.0,-0.9745237110778919,無形資産,無形資産の取得による支出,170771000000.0,0.0046904919453537195,2309.0,346903.4213945431
株式会社ジェイエイシーリクルートメント,2124,上場,サービス業,東京都,千代田区神田神保町一丁目１０５番地神保町三井ビルディング１４階,2025-12-31,216000000.0,257000000.0,-0.15953307392996108,無形資産,無形固定資産の取得による支出,46089000000.0,0.0046865846514352666,2398.0,90075.06255212678
フランスベッドホールディングス株式会社,7840,上場,その他製品,東京都,新宿区西新宿六丁目２２番１号,2026-03-31,289000000.0,214000000.0,0.35046728971962615,無形資産,無形固定資産の取得による支出,61769000000.0,0.004678722336447085,1834.0,157579.06215921484
株式会社麻生,,非上場,ガラス・土石製品,,飯塚市芳雄町７番１８号,2026-03-31,2484000000.0,829000000.0,1.9963811821471653,無形資産,無形固定資産の取得による支出,531607000000.0,0.004672624702082554,9857.0,252003.65222684387
名工建設株式会社,1869,上場,建設業,愛知県,名古屋市中村区名駅一丁目１番４号　ＪＲセントラルタワーズ３４階,2026-03-31,451000000.0,88000000.0,4.125,無形資産,無形固定資産の取得による支出,96953000000.0,0.004651738471218013,1235.0,365182.18623481784
株式会社菱友システムズ,4685,上場,情報・通信業,東京都,港区芝浦一丁目２番３号,2026-03-31,201000000.0,64000000.0,2.140625,無形資産,無形固定資産の取得による支出,43229000000.0,0.004649656480603299,2006.0,100199.40179461615
株式会社ダイセル,4202,上場,化学,大阪府,大阪市北区大深町３番１号,2026-03-31,2689000000.0,2379000000.0,0.130306851618327,無形資産,無形固定資産の取得による支出,579629000000.0,0.004639174368432222,11034.0,243701.28693130324
アークランズ株式会社,9842,上場,小売業,,三条市上須頃４４５番地,2026-02-28,1582000000.0,1495000000.0,0.058193979933110374,無形資産,無形固定資産の取得による支出,341141000000.0,0.004637378679197165,4678.0,338178.70884993585
株式会社メガチップス,6875,上場,電気機器,大阪府,大阪市淀川区宮原一丁目１番１号,2026-03-31,167706000.0,184591000.0,-0.09147249865919793,無形資産,無形固定資産の取得による支出,36169313000.0,0.004636692988888122,328.0,511298.7804878049
テイカ株式会社,4027,上場,化学,大阪府,大阪市大正区船町１丁目３番４７号,2026-03-31,266000000.0,,,無形資産,無形固定資産の取得による支出,57373000000.0,0.0046363271922332805,862.0,308584.686774942
カルビー株式会社,2229,上場,食料品,東京都,千代田区丸の内一丁目８番３号,2026-03-31,1577000000.0,1407000000.0,0.12082444918265822,無形資産,無形固定資産の取得による支出,340151000000.0,0.004636176286413975,6974.0,226125.6094063665
株式会社ワークマン,7564,上場,小売業,,伊勢崎市柴町１７３２番地,2026-03-31,744000000.0,601000000.0,0.23793677204658903,無形資産,無形固定資産の取得による支出,160852000000.0,0.00462536990525452,440.0,1690909.0909090908
株式会社ＢＳＮメディアホールディングス,9408,上場,情報・通信業,新潟県,新潟市中央区川岸町三丁目１８番地,2026-03-31,119057000.0,31462000.0,2.784152310724048,無形資産,無形固定資産の取得による支出,25756581000.0,0.004622391457934576,1078.0,110442.48608534323
株式会社ストリーム,3071,上場,小売業,東京都,港区新橋六丁目１７番２１号,2026-01-31,151156000.0,149827000.0,0.008870230332316709,無形資産,無形固定資産の取得による支出,32774910000.0,0.004611942488934371,74.0,2042648.6486486488
古河電気工業株式会社,5801,上場,非鉄金属,東京都,千代田区大手町二丁目６番４号,2026-03-31,6008000000.0,4778000000.0,0.25742988698200087,無形資産,無形固定資産の取得による支出,1307560000000.0,0.004594817828627367,49112.0,122332.62746375632
日本アビオニクス株式会社,6946,上場,電気機器,神奈川県,横浜市瀬谷区本郷二丁目２８番２,2026-03-31,134000000.0,56000000.0,1.3928571428571428,無形資産,無形固定資産の取得による支出,29194000000.0,0.004589984243337672,763.0,175622.54259501965
レシップホールディングス株式会社,7213,上場,輸送用機器,,本巣市上保１２６０番地の２,2026-03-31,109463000.0,80168000.0,0.3654201177527192,無形資産,無形固定資産の取得による支出,23898213000.0,0.00458038431576453,721.0,151821.08183079056
小林製薬株式会社,4967,上場,化学,大阪府,大阪市中央区道修町４丁目４番１０号,2025-12-31,758000000.0,573000000.0,0.3228621291448517,無形資産,無形固定資産の取得による支出,165742000000.0,0.004573373073813517,3731.0,203162.690967569
あすか製薬ホールディングス株式会社,4886,上場,医薬品,東京都,港区芝浦二丁目５番１号,2026-03-31,325000000.0,602000000.0,-0.46013289036544847,無形資産,無形固定資産の取得による支出,71127000000.0,0.004569291548919538,1611.0,201738.05090006208
アネスト岩田株式会社,6381,上場,機械,神奈川県,横浜市港北区新吉田町３１７６番地,2026-03-31,255000000.0,322000000.0,-0.2080745341614907,無形資産,無形固定資産の取得による支出,55909000000.0,0.00456098302598866,1897.0,134422.77279915658
美津濃株式会社,8022,上場,その他製品,大阪府,大阪市中央区北浜四丁目１番１号,2026-03-31,1180000000.0,840000000.0,0.40476190476190466,無形資産,無形固定資産の取得による支出,259045000000.0,0.004555193113165666,3682.0,320478.00108636613
株式会社フコク,5185,上場,ゴム製品,,上尾市菅谷三丁目１０５番地,2026-03-31,409000000.0,315000000.0,0.29841269841269846,無形資産,無形固定資産の取得による支出,90025000000.0,0.004543182449319633,4401.0,92933.42422176778
オルガノ株式会社,6368,上場,機械,東京都,江東区新砂１丁目２番８号,2026-03-31,804000000.0,427000000.0,0.8829039812646371,無形資産,無形固定資産の取得による支出,177654000000.0,0.004525650984497957,2658.0,302483.0699774266
スタンレー電気株式会社,6923,上場,電気機器,東京都,目黒区中目黒２丁目９番１３号,2026-03-31,2346000000.0,1839000000.0,0.27569331158238164,無形資産,無形固定資産の取得による支出,518456000000.0,0.004524974154026571,18230.0,128688.97421832145
日本瓦斯株式会社,,上場,小売業,東京都,渋谷区代々木４ー３１ー８,2026-03-31,150938000.0,21053000.0,6.169429534983138,無形資産,無形固定資産の取得による支出,33410800000.0,0.00451764100231063,442.0,341488.6877828054
ホシザキ株式会社,6465,上場,機械,,豊明市栄町南館３番の１６,2025-12-31,2192000000.0,1136000000.0,0.9295774647887325,無形資産,無形固定資産の取得による支出,485890000000.0,0.0045113091440449485,17041.0,128630.94888797606
林兼産業株式会社,2286,上場,食料品,,下関市大和町二丁目４番８号,2026-03-31,205000000.0,53000000.0,2.8679245283018866,無形資産,無形固定資産の取得による支出,45586000000.0,0.004496994691352609,462.0,443722.9437229437
アステナホールディングス株式会社,8095,上場,卸売業,東京都,中央区日本橋本町四丁目８番２号,2025-11-30,282000000.0,357000000.0,-0.2100840336134454,無形資産,無形固定資産の取得による支出,62744000000.0,0.004494453652938927,1543.0,182760.8554763448
Ｂ－Ｒ　サーティワン　アイスクリーム株式会社,2268,上場,食料品,東京都,品川区上大崎三丁目１番１号,2025-12-31,153667000.0,191090000.0,-0.19583965670626402,無形資産,無形固定資産の取得による支出,34285506000.0,0.00448198139470364,301.0,510521.5946843854
株式会社ビジネスブレイン太田昭和,9658,上場,情報・通信業,東京都,港区西新橋一丁目１番１号,2026-03-31,188451000.0,169001000.0,0.11508807640191487,無形資産,無形資産の取得による支出,42099520000.0,0.0044763218202962885,2495.0,75531.46292585171
株式会社東洋クオリティワン,,非上場,ゴム製品,,川越市下小坂３２８番２号,2026-03-31,169544000.0,247953000.0,-0.3162252523663759,無形資産,無形固定資産の取得による支出,38039675000.0,0.004457030718585267,906.0,187134.6578366446
マツダ株式会社,7261,上場,輸送用機器,,安芸郡府中町新地３番１号,2026-03-31,21754000000.0,24676000000.0,-0.11841465391473494,無形資産,無形固定資産の取得による支出,4918172000000.0,0.004423188127621401,47144.0,461437.2984897336
セイコーエプソン株式会社,6724,上場,電気機器,東京都,新宿区新宿四丁目１番６号,2026-03-31,6234000000.0,10897000000.0,-0.4279159401670184,無形資産,無形資産の取得による支出,1413251000000.0,0.004411106024336795,74619.0,83544.40558034818
株式会社安楽亭,7562,上場,小売業,埼玉県,さいたま市中央区上落合二丁目３番５号,2026-03-31,135616000.0,125143000.0,0.08368826062983947,無形資産,無形固定資産の取得による支出,30789799000.0,0.0044045756843037525,551.0,246127.04174228676
株式会社千趣会,8165,上場,小売業,大阪府,大阪市北区同心１丁目６番２３号,2025-12-31,185000000.0,155000000.0,0.19354838709677424,無形資産,無形固定資産の取得による支出,42071000000.0,0.0043973283259252215,886.0,208803.611738149
株式会社キングジム,7962,上場,その他製品,東京都,千代田区東神田二丁目１０番１８号,2026-06-20,169790000.0,486874000.0,-0.6512650090167066,無形資産,無形固定資産の取得による支出,39134788000.0,0.004338595113892019,1661.0,102221.55328115592
コムシスホールディングス株式会社,1721,上場,建設業,東京都,品川区東五反田二丁目１７番１号,2026-03-31,2733000000.0,965000000.0,1.8321243523316064,無形資産,無形固定資産の取得による支出,630658000000.0,0.00433356906595968,17765.0,153841.82381086407
株式会社ＣＡＣ　Ｈｏｌｄｉｎｇｓ,4725,上場,情報・通信業,東京都,中央区日本橋箱崎町２４番１号,2025-12-31,219000000.0,126000000.0,0.7380952380952381,無形資産,無形固定資産の取得による支出,50588000000.0,0.0043290899027437334,4764.0,45969.773299748114
株式会社ＧＥＮＤＡ,9166,上場,サービス業,東京都,港区東新橋１－９－１,2026-01-31,738000000.0,601000000.0,0.2279534109816972,無形資産,無形固定資産の取得による支出,170787000000.0,0.004321171986158197,2018.0,365708.6223984143
キッコーマン株式会社,2801,上場,食料品,,野田市野田２５０番地,2026-03-31,3220000000.0,1182000000.0,1.72419627749577,無形資産,無形資産の取得による支出,745539000000.0,0.004319022881432091,7911.0,407028.18859815446
株式会社日教販,,非上場,卸売業,東京都,文京区後楽１丁目４番２５号,2025-09-30,124802000.0,112266000.0,0.11166337092263023,無形資産,無形固定資産の取得による支出,28952732000.0,0.0043105431294013985,110.0,1134563.6363636365
株式会社ＮＳＤ,9759,上場,情報・通信業,東京都,千代田区神田淡路町２－１０１,2026-03-31,507000000.0,280000000.0,0.8107142857142857,無形資産,無形固定資産の取得による支出,117813000000.0,0.004303430011968119,4555.0,111306.25686059275
鈴江コーポレーション株式会社,,非上場,倉庫・運輸関連,神奈川県,横浜市中区日本大通７番地,2026-03-31,107481000.0,178694000.0,-0.39851925638241914,無形資産,無形固定資産の取得による支出,25074014000.0,0.004286549413269052,585.0,183728.20512820513
東京エレクトロン株式会社,8035,上場,電気機器,東京都,港区赤坂五丁目３番１号,2026-03-31,10457000000.0,9665000000.0,0.08194516295913079,無形資産,無形固定資産の取得による支出,2443533000000.0,0.004279459291116592,20236.0,516752.3225933979
株式会社ハーモニック・ドライブ・システムズ,6324,上場,機械,東京都,品川区南大井６丁目２５番３号,2026-03-31,252994000.0,452277000.0,-0.4406215659872158,無形資産,無形固定資産の取得による支出,59557877000.0,0.004247868002413854,1419.0,178290.34531360114
中部国際空港株式会社,,非上場,倉庫・運輸関連,,常滑市セントレア一丁目１番地,2026-03-31,229000000.0,303000000.0,-0.24422442244224418,無形資産,無形固定資産の取得による支出,54121000000.0,0.004231259585003973,948.0,241561.18143459916
株式会社松風,7979,上場,精密機器,京都府,京都市東山区福稲上高松町１１番地,2026-03-31,169000000.0,88000000.0,0.9204545454545454,無形資産,無形固定資産の取得による支出,39994000000.0,0.0042256338450767615,1462.0,115595.07523939808
株式会社あいちフィナンシャルグループ,7389,上場,銀行業,愛知県,名古屋市中区栄三丁目１４番１２号,2026-03-31,528000000.0,1208000000.0,-0.5629139072847682,無形資産,無形固定資産の取得による支出,125137000000.0,0.004219375564381438,2562.0,206088.99297423888
ローランド株式会社,7944,上場,その他製品,静岡県,浜松市浜名区新都田一丁目６番４号,2025-12-31,425000000.0,1173000000.0,-0.6376811594202898,無形資産,無形固定資産の取得による支出,100952000000.0,0.004209921546873762,2897.0,146703.48636520538
ＳＷＣＣ株式会社,5805,上場,非鉄金属,神奈川県,川崎市川崎区日進町１番１４号,2026-03-31,1169000000.0,634000000.0,0.8438485804416405,無形資産,無形固定資産の取得による支出,277736000000.0,0.0042090330385690005,4813.0,242883.8562227301
株式会社システムリサーチ,3771,上場,情報・通信業,愛知県,名古屋市中村区岩塚本通二丁目１２番,2026-03-31,122381000.0,109367000.0,0.11899384640705146,無形資産,無形固定資産の取得による支出,29083482000.0,0.004207921183577675,1569.0,77999.3626513703
株式会社筑邦銀行,8398,上場,銀行業,,久留米市諏訪野町２４５６番地の１,2026-03-31,108000000.0,80000000.0,0.3500000000000001,無形資産,無形固定資産の取得による支出,25754000000.0,0.004193523336180787,554.0,194945.84837545126
エイベックス株式会社,7860,上場,情報・通信業,東京都,港区三田一丁目４番１号,2026-03-31,609000000.0,2132000000.0,-0.7143527204502814,無形資産,無形固定資産の取得による支出,146571000000.0,0.004154982909306752,1372.0,443877.55102040817
人・夢・技術グループ株式会社,9248,上場,サービス業,東京都,中央区日本橋蛎殻町一丁目２０番４号,2025-09-30,191000000.0,115000000.0,0.6608695652173913,無形資産,無形固定資産の取得による支出,45984000000.0,0.004153618649965205,2150.0,88837.20930232559
株式会社村田製作所,6981,上場,電気機器,,長岡京市東神足１丁目１０番１号,2026-03-31,7601000000.0,9906000000.0,-0.23268726024631536,無形資産,無形資産の取得による支出,1830856000000.0,0.004151609957309586,74302.0,102298.7268175823
株式会社京都フィナンシャルグループ,5844,上場,銀行業,京都府,京都市下京区烏丸通松原上る薬師前町７００番地,2026-03-31,1515000000.0,1901000000.0,-0.2030510257759074,無形資産,無形固定資産の取得による支出,366704000000.0,0.004131397530433265,3676.0,412132.75299238303
東映アニメーション株式会社,4816,上場,情報・通信業,東京都,中野区中野４丁目１０番１号,2026-03-31,386000000.0,389000000.0,-0.007712082262210762,無形資産,無形固定資産の取得による支出,93669000000.0,0.0041208937855640605,1048.0,368320.6106870229
三谷産業株式会社,8285,上場,卸売業,,金沢市玉川町１番５号,2026-03-31,482000000.0,269000000.0,0.79182156133829,無形資産,無形固定資産の取得による支出,117531000000.0,0.004101045681564864,3569.0,135051.83524796861
近畿車輛株式会社,7122,上場,輸送用機器,,東大阪市稲田上町２丁目２番４６号,2026-03-31,152000000.0,127000000.0,0.1968503937007875,無形資産,無形固定資産の取得による支出,37100000000.0,0.004097035040431267,1163.0,130696.47463456578
エステー株式会社,4951,上場,化学,東京都,新宿区下落合１丁目４番１０号,2026-03-31,198000000.0,328000000.0,-0.39634146341463417,無形資産,無形固定資産の取得による支出,48492000000.0,0.004083147735708983,739.0,267929.6346414073
株式会社物語コーポレーション,3097,上場,小売業,,豊橋市西岩田五丁目７番地の１１,2026-06-30,619000000.0,324000000.0,0.9104938271604939,無形資産,無形固定資産の取得による支出,151689000000.0,0.004080717784414163,2347.0,263740.9458883681
株式会社ミライト・ワン,1417,上場,建設業,東京都,港区虎ノ門二丁目２番３,2026-03-31,2458000000.0,2070000000.0,0.18743961352657013,無形資産,無形固定資産の取得による支出,602377000000.0,0.004080501081548598,17709.0,138799.48049014626
株式会社エフ・シー・シー,7296,上場,輸送用機器,静岡県,浜松市浜名区細江町中川７０００番地の３６,2026-03-31,1062000000.0,450000000.0,1.3599999999999999,無形資産,無形資産の取得による支出,260836000000.0,0.00407152386940453,7804.0,136084.05945668888
株式会社カンセキ,9903,上場,小売業,,宇都宮市西川田本町３丁目１番１号,2026-02-28,144197000.0,44000000.0,2.2772045454545453,無形資産,無形固定資産の取得による支出,35470795000.0,0.00406523169272073,280.0,514989.28571428574
平河ヒューテック株式会社,5821,上場,非鉄金属,東京都,港区芝四丁目１７番５号,2026-03-31,156000000.0,5000000.0,30.2,無形資産,無形固定資産の取得による支出,38423000000.0,0.004060068188324701,2321.0,67212.40844463593
株式会社ＢｕｙＳｅｌｌ　Ｔｅｃｈｎｏｌｏｇｉｅｓ,7685,上場,卸売業,東京都,新宿区四谷四丁目２８番８号ＰＡＬＴビル,2025-12-31,408341000.0,721791000.0,-0.4342669831017566,無形資産,無形固定資産の取得による支出,100614584000.0,0.0040584673092719835,2466.0,165588.40227088402
株式会社グリーンズ,6547,上場,サービス業,,四日市市浜田町５番３号,2026-06-30,219000000.0,105000000.0,1.0857142857142859,無形資産,無形固定資産の取得による支出,53998000000.0,0.004055705766880255,898.0,243875.27839643654
株式会社イオンファンタジー,4343,上場,サービス業,千葉県,千葉市美浜区中瀬一丁目５番地１,2026-02-28,376535000.0,395218000.0,-0.04727264446457402,無形資産,無形固定資産の取得による支出,93290048000.0,0.00403617543427569,3955.0,95204.804045512
タカノ株式会社,7885,上場,その他製品,,上伊那郡宮田村１３７番地,2026-03-31,100052000.0,197609000.0,-0.4936870284248187,無形資産,無形固定資産の取得による支出,24802753000.0,0.004033907042496452,727.0,137623.10866574966
朝日インテック株式会社,7747,上場,精密機器,,瀬戸市暁町３番地１００,2025-06-30,482000000.0,667000000.0,-0.2773613193403298,無形資産,無形固定資産の取得による支出,120025000000.0,0.00401583003540929,9473.0,50881.45254935079
エクシオグループ株式会社,1951,上場,建設業,東京都,渋谷区渋谷三丁目２９番２０号,2026-03-31,3159000000.0,2896000000.0,0.09081491712707179,無形資産,無形固定資産の取得による支出,787715000000.0,0.004010333686676019,17751.0,177961.80496873416
不二製油株式会社,2607,上場,食料品,,泉佐野市住吉町１番地,2026-03-31,3094000000.0,3165000000.0,-0.02243285939968409,無形資産,無形資産の取得による支出,772285000000.0,0.004006293013589543,5891.0,525207.9443218469
株式会社イエローハット,9882,上場,卸売業,東京都,大田区北千束１－４－６,2026-03-31,684000000.0,191000000.0,2.581151832460733,無形資産,無形固定資産の取得による支出,171280000000.0,0.0039934609995329285,4176.0,163793.10344827586
株式会社薬王堂ホールディングス,7679,上場,小売業,,紫波郡矢巾町医大通二丁目７番７号,2026-02-28,650000000.0,337000000.0,0.9287833827893175,無形資産,無形固定資産の取得による支出,163808000000.0,0.003968060168001563,1094.0,594149.9085923218
三浦工業株式会社,6005,上場,機械,,松山市堀江町７番地,2026-03-31,1066000000.0,714000000.0,0.49299719887955185,無形資産,無形資産の取得による支出,268701000000.0,0.003967234956326921,7896.0,135005.0658561297
北海道コカ・コーラボトリング株式会社,2573,上場,食料品,北海道,札幌市清田区清田一条一丁目２番１号,2025-12-31,234000000.0,165000000.0,0.4181818181818182,無形資産,無形固定資産の取得による支出,59086000000.0,0.003960329011948685,1173.0,199488.49104859334
株式会社ルネサンス,2378,上場,サービス業,東京都,墨田区両国二丁目１０－１４,2026-03-31,256545000.0,233838000.0,0.09710568855361412,無形資産,無形固定資産の取得による支出,64933693000.0,0.003950876473327953,2020.0,127002.47524752475
株式会社ＳＲＡホールディングス,3817,上場,情報・通信業,東京都,豊島区南池袋二丁目３２番８号,2026-03-31,210000000.0,231000000.0,-0.09090909090909094,無形資産,無形固定資産の取得による支出,53279000000.0,0.003941515418832936,1398.0,150214.5922746781
株式会社植木組,1867,上場,建設業,,柏崎市駅前１丁目５番４５号,2026-03-31,249432000.0,160424000.0,0.5548297012915773,無形資産,無形固定資産の取得による支出,63290000000.0,0.003941096539737715,1005.0,248191.0447761194
株式会社ロジネットジャパン,9027,上場,陸運業,北海道,札幌市中央区大通西八丁目２番地６,2026-03-31,306000000.0,218000000.0,0.4036697247706422,無形資産,無形固定資産の取得による支出,78008000000.0,0.003922674597477182,1683.0,181818.18181818182
日本農薬株式会社,4997,上場,化学,東京都,中央区京橋一丁目１９番８号,2026-03-31,438000000.0,814000000.0,-0.46191646191646196,無形資産,無形固定資産の取得による支出,111822000000.0,0.003916939421580726,1527.0,286836.9351669941
株式会社神戸新聞社,,非上場,その他製品,兵庫県,神戸市中央区東川崎町一丁目５番７号,2025-11-30,142703000.0,68984000.0,1.068639104719935,無形資産,無形固定資産の取得による支出,36511104000.0,0.003908482197634999,1172.0,121760.23890784982
株式会社エクセディ,7278,上場,輸送用機器,,寝屋川市木田元宮１丁目１番１号,2026-03-31,1185000000.0,476000000.0,1.4894957983193278,無形資産,無形資産の取得による支出,303933000000.0,0.0038988856096573918,10970.0,108021.87784867821
株式会社ノエビアホールディングス,4928,上場,化学,兵庫県,神戸市中央区港島中町六丁目１３番地の１,2025-09-30,252000000.0,384000000.0,-0.34375,無形資産,無形固定資産の取得による支出,64724000000.0,0.0038934552870650762,1354.0,186115.2141802068
グローブライド株式会社,7990,上場,その他製品,,東久留米市前沢３丁目１４番１６号,2026-03-31,491000000.0,514000000.0,-0.04474708171206221,無形資産,無形固定資産の取得による支出,126956000000.0,0.0038674816471848516,7365.0,66666.66666666667
株式会社スクウェア・エニックス・ホールディングス,9684,上場,情報・通信業,東京都,新宿区新宿六丁目２７番３０号,2026-03-31,1150000000.0,1203000000.0,-0.044056525353283416,無形資産,無形固定資産の取得による支出,297661000000.0,0.0038634554073257834,4290.0,268065.26806526806
株式会社近鉄百貨店,8244,上場,小売業,大阪府,大阪市阿倍野区阿倍野筋１丁目１番４３号,2026-02-28,484000000.0,385000000.0,0.2571428571428571,無形資産,無形固定資産の取得による支出,125450000000.0,0.0038581108011159827,1954.0,247697.03172978506
山九株式会社,9065,上場,陸運業,福岡県,北九州市門司区港町６番７号,2026-03-31,2435000000.0,2969000000.0,-0.17985853822835973,無形資産,無形固定資産の取得による支出,631573000000.0,0.0038554529721821548,29324.0,83037.78474969308
株式会社東京精密,7729,上場,精密機器,,八王子市石川町２９６８番地２,2026-03-31,643000000.0,660000000.0,-0.025757575757575757,無形資産,無形固定資産の取得による支出,166839000000.0,0.0038540149485432064,2890.0,222491.34948096887
株式会社ユナイテッドアローズ,7606,上場,小売業,東京都,渋谷区神宮前三丁目２８番１号,2026-03-31,634000000.0,3045000000.0,-0.7917898193760262,無形資産,無形固定資産の取得による支出,164603000000.0,0.00385169164596028,3904.0,162397.54098360657
小泉株式会社,,非上場,卸売業,大阪府,大阪市中央区備後町３丁目１番８号,2026-02-28,204000000.0,40000000.0,4.1,ソフトウェア,ソフトウエアの取得による支出,53122000000.0,0.003840216859304996,703.0,290184.9217638691
株式会社ヒラノテクシード,6245,上場,機械,,北葛城郡河合町大字川合１０１番地の１,2026-03-31,123888000.0,25053000.0,3.9450365225721473,無形資産,無形固定資産の取得による支出,32285374000.0,0.0038372793822986223,417.0,297093.5251798561
ＪＣＲファーマ株式会社,4552,上場,医薬品,,芦屋市春日町３番１９号,2026-03-31,154000000.0,85000000.0,0.8117647058823529,無形資産,無形固定資産の取得による支出,40319000000.0,0.003819539175078747,985.0,156345.17766497462
新生テクノス株式会社,,非上場,建設業,東京都,港区芝五丁目２９番１１号,2026-03-31,250000000.0,69000000.0,2.6231884057971016,無形資産,無形固定資産の取得による支出,65526000000.0,0.0038152794310655313,1293.0,193348.80123743232
株式会社Ｇｅｎｋｉ　Ｇｌｏｂａｌ　Ｄｉｎｉｎｇ　Ｃｏｎｃｅｐｔｓ,9828,上場,小売業,東京都,台東区上野３丁目２４番６号上野フロンティアタワー１９階,2026-03-31,280000000.0,67000000.0,3.17910447761194,無形資産,無形固定資産の取得による支出,73711000000.0,0.003798618930688771,691.0,405209.8408104197
中道リース株式会社,8594,上場,その他金融業,北海道,札幌市中央区北一条東三丁目３番地,2025-12-31,193142000.0,20371000.0,8.481223307643218,無形資産,無形固定資産の取得による支出,51233507000.0,0.003769837579145226,180.0,1073011.111111111
株式会社立花エレテック,8159,上場,卸売業,大阪府,大阪市西区西本町１丁目１３番２５号,2026-03-31,857000000.0,530000000.0,0.6169811320754717,無形資産,無形固定資産の取得による支出,227511000000.0,0.003766850833586068,1502.0,570572.569906791
大豊建設株式会社,1822,上場,建設業,東京都,中央区新川一丁目２４番４号,2026-03-31,526000000.0,157000000.0,2.3503184713375798,無形資産,無形固定資産の取得による支出,139818000000.0,0.003762033500693759,1700.0,309411.76470588235
株式会社サーバーワークス,4434,上場,情報・通信業,東京都,新宿区揚場町１番２１号,2026-02-28,150417000.0,44096000.0,2.4111257256894048,無形資産,無形固定資産の取得による支出,40006534000.0,0.0037598108349001192,520.0,289263.46153846156
株式会社コナカ,7494,上場,小売業,神奈川県,横浜市戸塚区品濃町５１７番地２,2025-09-30,208000000.0,759000000.0,-0.7259552042160737,無形資産,無形固定資産の取得による支出,55487000000.0,0.003748625804242435,1882.0,110520.72263549415
西部電機株式会社,6144,上場,機械,,古賀市駅東三丁目３番１号,2026-03-31,147000000.0,294000000.0,-0.5,無形資産,無形固定資産の取得による支出,39265000000.0,0.003743792181331975,681.0,215859.0308370044
ＮＴＮ株式会社,6472,上場,機械,大阪府,大阪市北区中之島三丁目６番３２号ダイビル本館,2026-03-31,3065000000.0,2910000000.0,0.053264604810996596,無形資産,無形固定資産の取得による支出,826344000000.0,0.003709109039334708,21305.0,143862.94297113354
マクセル株式会社,6810,上場,電気機器,,乙訓郡大山崎町大山崎小泉１番地,2026-03-31,480000000.0,360000000.0,0.33333333333333326,無形資産,無形固定資産の取得による支出,129429000000.0,0.003708596991400691,3765.0,127490.03984063744
日本食品化工株式会社,2892,上場,食料品,東京都,千代田区丸の内一丁目６番５号,2026-03-31,233000000.0,179000000.0,0.3016759776536313,無形資産,無形固定資産の取得による支出,62993000000.0,0.0036988236788214565,452.0,515486.7256637168
センコーグループホールディングス株式会社,9069,上場,陸運業,東京都,東京都江東区潮見二丁目８番１０号,2026-03-31,3322000000.0,1571000000.0,1.1145767027371103,無形資産,無形固定資産の取得による支出,899620000000.0,0.0036926702385451636,27835.0,119346.14693730914
株式会社ミツウロコグループホールディングス,8131,上場,卸売業,東京都,中央区京橋三丁目１番１号,2026-03-31,1253000000.0,757000000.0,0.655217965653897,無形資産,無形固定資産の取得による支出,339498000000.0,0.003690743391713648,1759.0,712336.5548607163
株式会社ビジョン,9416,上場,情報・通信業,東京都,新宿区西新宿六丁目５番１号,2025-12-31,143927000.0,33427000.0,3.30571095222425,無形資産,無形固定資産の取得による支出,39012357000.0,0.0036892669673867693,789.0,182416.98352344742
株式会社内田洋行,8057,上場,卸売業,東京都,中央区新川二丁目４番７号,2025-07-20,1243000000.0,1302000000.0,-0.04531490015360984,無形資産,無形固定資産の取得による支出,337055000000.0,0.0036878254290842742,3272.0,379889.97555012227
株式会社ヨコオ,6800,上場,電気機器,東京都,千代田区神田須田町一丁目２５　ＪＲ神田万世橋ビル１４階,2026-03-31,332000000.0,1576000000.0,-0.7893401015228426,無形資産,無形固定資産の取得による支出,90090000000.0,0.003685203685203685,7624.0,43546.694648478486
株式会社イートアンドホールディングス,2882,上場,食料品,大阪府,大阪市淀川区宮原３丁目３番３４号,2026-02-28,149000000.0,354000000.0,-0.57909604519774,無形資産,無形固定資産の取得による支出,40456000000.0,0.003683013644453233,564.0,264184.39716312056
日本トムソン株式会社,6480,上場,機械,東京都,港区高輪二丁目１９番１９号,2026-03-31,232000000.0,451000000.0,-0.48558758314855877,無形資産,無形固定資産の取得による支出,63031000000.0,0.0036807285304056732,2547.0,91087.55398508049
マックス株式会社,6454,上場,機械,東京都,中央区日本橋箱崎町６番６号,2026-03-31,366000000.0,247000000.0,0.4817813765182186,無形資産,無形固定資産の取得による支出,99607000000.0,0.0036744405513668716,2470.0,148178.13765182186
オイレス工業株式会社,6282,上場,機械,,藤沢市桐原町８番地,2026-03-31,253000000.0,577000000.0,-0.5615251299826689,無形資産,無形固定資産の取得による支出,68964000000.0,0.003668580708775593,2065.0,122518.1598062954
ユナイテッド・スーパーマーケット・ホールディングス株式会社,3222,上場,小売業,東京都,千代田区神田相生町１番地,2026-02-28,3461000000.0,3810000000.0,-0.09160104986876638,無形資産,無形固定資産の取得による支出,944425000000.0,0.0036646636842523226,9349.0,370200.0213926623
株式会社清水銀行,8364,上場,銀行業,静岡県,静岡市清水区富士見町２番１号,2026-03-31,123000000.0,1061000000.0,-0.884071630537229,無形資産,無形固定資産の取得による支出,33674000000.0,0.0036526697155075134,926.0,132829.373650108
小松ウオール工業株式会社,7949,上場,その他製品,,小松市工業団地１丁目７２番地,2026-03-31,170000000.0,191000000.0,-0.10994764397905754,無形資産,無形固定資産の取得による支出,46725000000.0,0.0036383092562867845,1446.0,117565.69847856155
小野建株式会社,7414,上場,卸売業,福岡県,北九州市小倉北区西港町１２番地の１,2026-03-31,920000000.0,144000000.0,5.388888888888889,無形資産,無形固定資産の取得による支出,253115000000.0,0.003634711494775102,1235.0,744939.2712550607
ＳＰＫ株式会社,7466,上場,卸売業,大阪府,大阪市福島区福島五丁目５番４号,2026-03-31,273000000.0,222000000.0,0.22972972972972983,無形資産,無形固定資産の取得による支出,75246000000.0,0.0036280998325492384,646.0,422600.6191950464
株式会社カプコン,9697,上場,情報・通信業,大阪府,大阪市中央区内平野町三丁目１番３号,2026-03-31,705000000.0,431000000.0,0.6357308584686774,無形資産,無形固定資産の取得による支出,195365000000.0,0.0036086300002559314,3976.0,177313.8832997988
株式会社不二越,6474,上場,機械,東京都,港区東新橋一丁目９番２号（汐留住友ビル）,2025-11-30,851000000.0,1301000000.0,-0.34588777863182163,無形資産,無形固定資産の取得による支出,235903000000.0,0.0036074149120613134,6532.0,130281.69014084506
株式会社アイシン,7259,上場,輸送用機器,,刈谷市朝日町２丁目１番地,2026-03-31,18351000000.0,17571000000.0,0.04439132661772249,無形資産,無形資産の取得による支出,5117764000000.0,0.0035857456498580237,113292.0,161979.66317127424
大東建託株式会社,1878,上場,建設業,東京都,港区港南二丁目１６番１号,2026-03-31,7071000000.0,6877000000.0,0.02820997527991853,無形資産,無形固定資産の取得による支出,1984743000000.0,0.003562677888270673,19326.0,365880.1614405464
株式会社サンゲツ,8130,上場,卸売業,愛知県,名古屋市西区幅下一丁目４番１号,2026-03-31,734000000.0,720000000.0,0.019444444444444375,無形資産,無形固定資産の取得による支出,206441000000.0,0.003555495274678964,3299.0,222491.66414064867
株式会社ナフコ,2790,上場,小売業,福岡県,北九州市小倉北区魚町二丁目６番１０号,2026-03-31,623000000.0,254000000.0,1.452755905511811,無形資産,無形固定資産の取得による支出,175272000000.0,0.0035544753297731524,1227.0,507742.4612876936
株式会社モリタホールディングス,6455,上場,輸送用機器,大阪府,大阪市中央区道修町三丁目６番１号,2026-03-31,413000000.0,427000000.0,-0.032786885245901676,無形資産,無形固定資産の取得による支出,116596000000.0,0.0035421455281484785,1786.0,231243.00111982084
三菱自動車工業株式会社,7211,上場,輸送用機器,東京都,港区芝浦三丁目１番２１号,2026-03-31,10257000000.0,16095000000.0,-0.3627213420316868,無形資産,無形固定資産の取得による支出,2896536000000.0,0.0035411263661145587,27695.0,370355.65986640187
東陽倉庫株式会社,9306,上場,倉庫・運輸関連,愛知県,名古屋市中村区名駅南二丁目６番１７号,2026-03-31,106399000.0,49610000.0,1.1447087280790162,無形資産,無形固定資産の取得による支出,30161149000.0,0.0035276839088590425,721.0,147571.42857142858
株式会社ソラスト,6197,非上場,サービス業,東京都,港区港南二丁目１５番３号,2026-03-31,496000000.0,407000000.0,0.21867321867321876,無形資産,無形固定資産の取得による支出,141144000000.0,0.0035141415858980897,33674.0,14729.464869038427
新コスモス電機株式会社,6824,上場,電気機器,大阪府,大阪市淀川区三津屋中２丁目５番４号,2026-03-31,175601000.0,206814000.0,-0.1509230516309341,無形資産,無形固定資産の取得による支出,50091543000.0,0.003505601734009272,1038.0,169172.4470134875
株式会社ロック・フィールド,2910,上場,食料品,兵庫県,神戸市東灘区魚崎浜町１５番地２,2026-04-30,178000000.0,344000000.0,-0.4825581395348837,無形資産,無形固定資産の取得による支出,51096000000.0,0.00348363864098951,1590.0,111949.68553459119
株式会社ハリマビステム,9780,上場,サービス業,神奈川県,横浜市西区みなとみらい２－２－１,2026-03-31,107026000.0,7898000.0,12.551025576095213,無形資産,無形固定資産の取得による支出,30944787000.0,0.0034586116233406294,1792.0,59724.330357142855
株式会社ブルーゾーンホールディングス,417A,上場,小売業,,川越市新宿町１丁目１０番地１,2026-03-31,2692000000.0,,,無形資産,無形固定資産の取得による支出,783434000000.0,0.003436154162316162,5766.0,466874.783211932
安田倉庫株式会社,9324,上場,倉庫・運輸関連,東京都,港区芝浦三丁目１番１号,2026-03-31,274000000.0,342000000.0,-0.19883040935672514,無形資産,無形固定資産の取得による支出,80028000000.0,0.0034238016694157045,2581.0,106160.40294459512
東テク株式会社,9960,上場,卸売業,東京都,中央区日本橋本町三丁目１１番１１号,2026-03-31,582000000.0,235000000.0,1.4765957446808509,無形資産,無形固定資産の取得による支出,170013000000.0,0.0034232676324751636,2855.0,203852.88966725045
品川リフラ株式会社,5351,上場,ガラス・土石製品,東京都,千代田区丸の内一丁目７番１２号,2026-03-31,608000000.0,790000000.0,-0.23037974683544304,無形資産,無形固定資産の取得による支出,177738000000.0,0.0034207653962574124,9089.0,66894.0477500275
リックス株式会社,7525,上場,卸売業,福岡県,福岡市博多区東比恵１－４－１０　Ｓ－ＧＡＴＥ　ＦＩＴ　東比恵５Ｆ,2026-03-31,190956000.0,383045000.0,-0.5014789385059197,無形資産,無形固定資産の取得による支出,55827347000.0,0.0034204741987829013,805.0,237212.42236024846
大井電気株式会社,6822,上場,電気機器,神奈川県,横浜市港北区菊名七丁目３番１６号,2026-03-31,111595000.0,86826000.0,0.28527169281090914,無形資産,無形固定資産の取得による支出,32709583000.0,0.0034116913077124828,944.0,118215.04237288136
ＮＧＫ株式会社,5333,上場,ガラス・土石製品,愛知県,名古屋市瑞穂区須田町２番５６号,2026-03-31,2282000000.0,1950000000.0,0.17025641025641036,無形資産,無形固定資産の取得による支出,670125000000.0,0.0034053348255922403,19869.0,114852.28245004782
株式会社ＲＳ　Ｔｅｃｈｎｏｌｏｇｉｅｓ,3445,上場,金属製品,東京都,品川区大井一丁目４７番１号,2025-12-31,261000000.0,47000000.0,4.553191489361702,無形資産,無形固定資産の取得による支出,76707000000.0,0.0034025577848175526,2744.0,95116.61807580174
扶桑電通株式会社,7505,上場,卸売業,東京都,中央区築地五丁目４番１８号,2025-09-30,185990000.0,98176000.0,0.894454856584094,無形資産,無形固定資産の取得による支出,54684025000.0,0.0034011761204483393,1005.0,185064.6766169154
円谷フィールズホールディングス株式会社,2767,上場,卸売業,東京都,渋谷区南平台町１６番１７号,2026-03-31,592000000.0,289000000.0,1.0484429065743943,無形資産,無形固定資産の取得による支出,174142000000.0,0.0033995245259615717,1774.0,333709.13190529874
生化学工業株式会社,4548,上場,医薬品,東京都,千代田区丸の内一丁目６番１号,2026-03-31,124000000.0,219000000.0,-0.4337899543378996,無形資産,無形固定資産の取得による支出,36645000000.0,0.003383817710465275,1142.0,108581.43607705779
ＤＭ三井製糖株式会社,2109,上場,食料品,東京都,港区芝五丁目２６番１６号,2026-03-31,609000000.0,179000000.0,2.4022346368715084,無形資産,無形固定資産の取得による支出,180102000000.0,0.0033814171969217444,1550.0,392903.22580645164
株式会社タムロン,7740,上場,精密機器,埼玉県,さいたま市見沼区蓮沼１３８５番地,2025-12-31,287000000.0,342000000.0,-0.16081871345029242,無形資産,無形固定資産の取得による支出,85071000000.0,0.003373652596066815,4977.0,57665.260196905765
ヒビノ株式会社,2469,上場,サービス業,東京都,港区港南三丁目５番１４号,2026-03-31,228000000.0,229000000.0,-0.004366812227074246,無形資産,無形固定資産の取得による支出,67603000000.0,0.003372631392097984,1829.0,124658.28321487151
株式会社ジョイフル本田,3191,上場,小売業,,土浦市富士崎一丁目１６番２号,2026-06-20,447000000.0,,,無形資産,無形固定資産の取得による支出,132817000000.0,0.003365533026645685,1973.0,226558.54029396857
株式会社ダイヘン,6622,上場,電気機器,大阪府,大阪市淀川区田川二丁目１番１１号,2026-03-31,793000000.0,792000000.0,0.0012626262626262985,無形資産,無形固定資産の取得による支出,237735000000.0,0.0033356468336593267,4542.0,174592.690444738
クリアル株式会社,2998,上場,不動産業,東京都,港区新橋二丁目１２番１１号,2026-03-31,125745000.0,676000.0,185.01331360946745,無形資産,無形固定資産の取得による支出,37795040000.0,0.003327023863448749,299.0,420551.83946488297
新明和工業株式会社,7224,上場,輸送用機器,,宝塚市新明和町１番１号,2026-03-31,948000000.0,1050000000.0,-0.0971428571428572,無形資産,無形固定資産の取得による支出,285024000000.0,0.003326035702256652,7313.0,129632.1619034596
株式会社ケア２１,2373,上場,サービス業,大阪府,大阪市北区堂島二丁目２番２号,2025-10-31,160055000.0,135341000.0,0.18260541890484028,無形資産,無形固定資産の取得による支出,48158162000.0,0.0033235280034150804,6319.0,25329.166007279633
くら寿司株式会社,2695,上場,小売業,大阪府,堺市中区深阪１丁２番２号,2025-10-31,813000000.0,297000000.0,1.7373737373737375,無形資産,無形固定資産の取得による支出,245109000000.0,0.00331689166860458,2854.0,284863.3496846531
日本化学工業株式会社,4092,上場,化学,東京都,江東区亀戸９丁目１１番１号,2026-03-31,133000000.0,118000000.0,0.12711864406779672,無形資産,無形固定資産の取得による支出,40182000000.0,0.003309939774028172,735.0,180952.38095238095
ニチバン株式会社,4218,上場,化学,東京都,千代田区麹町五丁目１番地,2026-03-31,167000000.0,43000000.0,2.883720930232558,無形資産,無形固定資産の取得による支出,50470000000.0,0.003308896374083614,1271.0,131392.60424862313
株式会社ニトリホールディングス,9843,上場,小売業,北海道,札幌市北区新琴似７条１丁目２番３９号,2026-03-31,3000000000.0,3876000000.0,-0.22600619195046434,無形資産,無形資産の取得による支出,912248000000.0,0.003288579421385413,19432.0,154384.5203787567
株式会社ＴＢＫ,7277,上場,輸送用機器,,町田市南成瀬４－２１－１,2026-03-31,180000000.0,99000000.0,0.8181818181818181,無形資産,無形固定資産の取得による支出,54756000000.0,0.003287310979618672,1893.0,95087.16323296355
株式会社ネクソン,3659,上場,情報・通信業,東京都,港区六本木一丁目４番５号,2025-12-31,1560000000.0,4047000000.0,-0.614529280948851,無形資産,無形資産の取得による支出,475102000000.0,0.003283505436727271,9834.0,158633.3129957291
株式会社ウイルテック,7087,上場,サービス業,大阪府,大阪市淀川区東三国四丁目３番１号,2026-03-31,150000000.0,59000000.0,1.542372881355932,無形資産,無形固定資産の取得による支出,45936000000.0,0.0032654127481713687,4744.0,31618.887015177064
株式会社鶴見製作所,6351,上場,機械,大阪府,大阪市鶴見区鶴見４丁目１６番４０号,2026-03-31,251000000.0,218000000.0,0.15137614678899092,無形資産,無形固定資産の取得による支出,77227000000.0,0.003250158623279423,1635.0,153516.81957186543
千代田化工建設株式会社,6366,上場,建設業,神奈川県,横浜市西区みなとみらい四丁目６番２号,2026-03-31,1604000000.0,2328000000.0,-0.31099656357388317,無形資産,無形固定資産の取得による支出,493942000000.0,0.003247344829959793,3489.0,459730.58182860416
ニッタ株式会社,5186,上場,ゴム製品,大阪府,大阪市浪速区桜川四丁目４番２６号,2026-03-31,298000000.0,249000000.0,0.19678714859437751,無形資産,無形固定資産の取得による支出,91834000000.0,0.0032449855173465165,2993.0,99565.65319077848
アルインコ株式会社,5933,上場,金属製品,,高槻市三島江１丁目１番１号,2026-03-20,202887000.0,51553000.0,2.9355032684809808,無形資産,無形固定資産の取得による支出,62632103000.0,0.0032393451645715936,1471.0,137924.54112848404
千寿製薬株式会社,,非上場,医薬品,大阪府,大阪市中央区瓦町三丁目１番９号,2026-03-31,147958000.0,86553000.0,0.7094497013390639,無形資産,無形固定資産の取得による支出,45746985000.0,0.0032342677883580744,1080.0,136998.14814814815
新日本製薬株式会社,4931,上場,化学,福岡県,福岡市中央区大手門一丁目４番７号,2025-09-30,133000000.0,265000000.0,-0.4981132075471698,無形資産,無形固定資産の取得による支出,41140000000.0,0.0032328633932912007,316.0,420886.0759493671
株式会社テレビ朝日ホールディングス,9409,上場,情報・通信業,東京都,港区六本木六丁目９番１号,2026-03-31,1097000000.0,1479000000.0,-0.2582826233941853,無形資産,無形固定資産の取得による支出,339487000000.0,0.003231346119291755,5622.0,195126.2895766631
株式会社　オーテック,1736,上場,建設業,東京都,千代田区丸の内１－１１－１,2026-03-31,108319000.0,71843000.0,0.5077182188939771,無形資産,無形固定資産の取得による支出,33722262000.0,0.003212091763002138,573.0,189038.39441535776
カンロ株式会社,2216,上場,食料品,東京都,新宿区西新宿３丁目２０番２号,2025-12-31,111403000.0,,,無形資産,無形固定資産の取得による支出,34771829000.0,0.003203829168721611,705.0,158018.43971631204
中外炉工業株式会社,1964,上場,建設業,大阪府,大阪市中央区平野町３丁目６番１号,2026-03-31,119000000.0,75000000.0,0.5866666666666667,無形資産,無形固定資産の取得による支出,37332000000.0,0.0031876138433515485,748.0,159090.9090909091
日本特殊陶業株式会社,5334,上場,ガラス・土石製品,愛知県,名古屋市東区東桜一丁目１番１号,2026-03-31,2318000000.0,4690000000.0,-0.5057569296375266,無形資産,無形資産の取得による支出,731207000000.0,0.003170100942687912,15698.0,147662.12256338386
株式会社ツカダ・グローバルホールディング,2418,上場,サービス業,東京都,渋谷区東三丁目１１番１０号,2025-12-31,231000000.0,70000000.0,2.3,無形資産,無形固定資産の取得による支出,73095000000.0,0.003160270880361174,2365.0,97674.41860465116
ピジョン株式会社,7956,上場,その他製品,東京都,中央区日本橋久松町４番４号,2025-12-31,345000000.0,184000000.0,0.875,無形資産,無形固定資産の取得による支出,109170000000.0,0.003160208848584776,3042.0,113412.22879684418
三晃金属工業株式会社,1972,上場,建設業,東京都,港区芝五丁目３４番２号,2026-03-31,148000000.0,196000000.0,-0.24489795918367352,無形資産,無形固定資産の取得による支出,47058000000.0,0.003145055038463173,520.0,284615.3846153846
株式会社鈴木,6785,上場,電気機器,,須坂市大字小河原２１５０番地１,2026-06-30,127202000.0,87966000.0,0.4460359684423527,無形資産,無形固定資産の取得による支出,40445777000.0,0.0031450007747409574,1127.0,112867.79059449867
株式会社チャーム・ケア・コーポレーション,6062,上場,サービス業,大阪府,大阪市北区中之島三丁目６番３２号,2025-06-30,146000000.0,296000000.0,-0.5067567567567568,無形資産,無形固定資産の取得による支出,46673000000.0,0.0031281468943500524,2261.0,64573.19770013268
日本軽金属ホールディングス株式会社,5703,上場,非鉄金属,東京都,港区新橋一丁目１番１３号,2026-03-31,1820000000.0,1625000000.0,0.1200000000000001,無形資産,無形固定資産の取得による支出,585473000000.0,0.003108597663769294,12123.0,150127.85614121918
日本甜菜製糖株式会社,2108,上場,食料品,東京都,中央区京橋二丁目６番４号,2026-03-31,212000000.0,1177000000.0,-0.8198810535259133,無形資産,無形固定資産の取得による支出,68696000000.0,0.0030860603237451963,771.0,274967.5745784695
鴻池運輸株式会社,9025,上場,陸運業,大阪府,大阪市中央区伏見町四丁目３番９号,2026-03-31,1094000000.0,760000000.0,0.43947368421052624,無形資産,無形固定資産の取得による支出,355555000000.0,0.0030768798076246996,17016.0,64292.43065350258
オイシックス・ラ・大地株式会社,3182,上場,サービス業,東京都,品川区大崎一丁目１１番２号,2026-03-31,771000000.0,852000000.0,-0.09507042253521125,無形資産,無形固定資産の取得による支出,251419000000.0,0.003066594012385699,8196.0,94070.27818448024
株式会社たけびし,7510,上場,卸売業,京都府,京都市右京区西京極豆田町２９番地,2026-03-31,336000000.0,173000000.0,0.9421965317919074,無形資産,無形固定資産の取得による支出,109862000000.0,0.003058382334201089,858.0,391608.3916083916
因幡電機産業株式会社,9934,上場,卸売業,大阪府,大阪市西区立売堀四丁目１１番１４号,2026-03-31,1271000000.0,1588000000.0,-0.19962216624685136,無形資産,無形固定資産の取得による支出,417023000000.0,0.0030477935269757304,2230.0,569955.1569506726
大阪市高速電気軌道株式会社,,非上場,陸運業,大阪府,大阪市西区九条南一丁目１２番６２号,2026-03-31,707000000.0,3726000000.0,-0.8102522812667741,無形資産,無形固定資産の取得による支出,233339000000.0,0.0030299264160727527,6876.0,102821.40779522978
ＳＵＭＩＮＯＥ株式会社,3501,上場,繊維製品,大阪府,大阪市中央区南船場三丁目１１番２０号,2026-05-31,325000000.0,344000000.0,-0.05523255813953487,無形資産,無形固定資産の取得による支出,107633000000.0,0.0030195200356767904,2986.0,108841.25920964501
株式会社ランドネット,2991,上場,不動産業,東京都,豊島区南池袋１－１６－１５　ダイヤゲート池袋７階,2025-07-31,289822000.0,265454000.0,0.09179744889886754,無形資産,無形固定資産の取得による支出,95992728000.0,0.0030192078716629453,807.0,359135.0681536555
森永製菓株式会社,2201,上場,食料品,東京都,港区芝浦一丁目１３番１６号,2026-03-31,714000000.0,2318000000.0,-0.6919758412424504,無形資産,無形固定資産の取得による支出,236672000000.0,0.003016833423472147,3222.0,221601.48975791433
株式会社ＣＬホールディングス,4286,上場,サービス業,東京都,港区赤坂５丁目２番２０号　赤坂パークビル１６階,2025-12-31,116680000.0,59525000.0,0.9601847963040739,無形資産,無形資産の取得による支出,39002067000.0,0.0029916363150701733,605.0,192859.5041322314
アイカ工業株式会社,4206,上場,化学,,清須市西堀江２２８８番地,2026-03-31,753000000.0,697000000.0,0.08034433285509324,無形資産,無形固定資産の取得による支出,251764000000.0,0.0029908962361576714,5314.0,141701.16672939406
株式会社チヨダ,8185,上場,小売業,東京都,杉並区荻窪四丁目３０番１６号,2026-02-28,243000000.0,216000000.0,0.125,無形資産,無形固定資産の取得による支出,81377000000.0,0.00298610172407437,1231.0,197400.48740861088
株式会社白洋舍,9731,上場,サービス業,東京都,大田区下丸子２丁目１１番８号,2025-12-31,133000000.0,81000000.0,0.6419753086419753,無形資産,無形固定資産の取得による支出,44625000000.0,0.002980392156862745,1722.0,77235.77235772357
日東ベスト株式会社,2877,上場,食料品,,寒河江市幸町４番２７号,2026-03-31,171294000.0,165938000.0,0.032277115549181,ソフトウェア,ソフトウエアの取得による支出,57492655000.0,0.0029794066737742412,1840.0,93094.56521739131
株式会社じもとホールディングス,7161,上場,銀行業,宮城県,仙台市青葉区一番町二丁目１番１号,2026-03-31,131000000.0,70000000.0,0.8714285714285714,無形資産,無形固定資産の取得による支出,44080000000.0,0.002971869328493648,1380.0,94927.53623188406
ライオン株式会社,4912,上場,化学,東京都,台東区蔵前１－３－２８,2025-12-31,1254000000.0,938000000.0,0.33688699360341157,無形資産,無形資産の取得による支出,422092000000.0,0.0029709162931304076,8346.0,150251.61754133718
ローツェ株式会社,6323,上場,機械,,福山市神辺町字道上１５８８番地の２,2026-02-28,380000000.0,252000000.0,0.5079365079365079,無形資産,無形固定資産の取得による支出,128794000000.0,0.002950448002236129,4435.0,85682.07440811725
トランス・コスモス株式会社,9715,上場,サービス業,東京都,渋谷区東一丁目２番２０号,2026-03-31,1161000000.0,1358000000.0,-0.14506627393225335,無形資産,無形固定資産の取得による支出,393866000000.0,0.0029477030259022104,43571.0,26646.16373275803
株式会社デンキョーグループホールディングス,8144,上場,卸売業,大阪府,大阪市浪速区日本橋東２丁目１番３号,2026-03-31,153000000.0,64000000.0,1.390625,無形資産,無形固定資産の取得による支出,52097000000.0,0.002936829375971745,511.0,299412.915851272
株式会社ベルシステム２４ホールディングス,6183,上場,サービス業,東京都,港区虎ノ門四丁目１番１号,2026-02-28,427000000.0,531000000.0,-0.19585687382297556,無形資産,無形資産の取得による支出,145826000000.0,0.002928147243975697,2500.0,170800.0
アサガミ株式会社,9311,上場,倉庫・運輸関連,東京都,千代田区丸の内三丁目１番１号,2026-03-31,113451000.0,65867000.0,0.7224254937981083,無形資産,無形固定資産の取得による支出,39123081000.0,0.0028998483018246955,1444.0,78567.17451523546
株式会社スペース,9622,上場,サービス業,東京都,中央区日本橋人形町三丁目９番４号,2025-12-31,207227000.0,56384000.0,2.675280221339387,無形資産,無形固定資産の取得による支出,71511451000.0,0.002897815623962098,990.0,209320.202020202
平田機工株式会社,6258,上場,機械,熊本県,熊本市北区植木町一木１１１番地,2026-03-31,274278000.0,324979000.0,-0.15601315777327152,無形資産,無形固定資産の取得による支出,94906641000.0,0.002889976898455399,1984.0,138244.95967741936
サンフロンティア不動産株式会社,8934,上場,不動産業,東京都,千代田区有楽町一丁目２番２号,2026-03-31,335000000.0,253000000.0,0.3241106719367588,無形資産,無形固定資産の取得による支出,116083000000.0,0.002885866147497911,1076.0,311338.2899628253
株式会社天満屋ストア,9846,上場,小売業,岡山県,岡山市北区岡町１３番１６号,2026-02-28,161266000.0,164722000.0,-0.020980804021320743,無形資産,無形固定資産の取得による支出,56016467000.0,0.002878903448159271,501.0,321888.2235528942
太陽ホールディングス株式会社,4626,上場,化学,,比企郡嵐山町大字大蔵３８８番地,2026-03-31,396000000.0,983000000.0,-0.5971515768056969,無形資産,無形固定資産の取得による支出,137851000000.0,0.002872666864948386,2561.0,154627.09878953535
株式会社フルキャストホールディングス,4848,上場,サービス業,東京都,品川区西五反田八丁目９番５号,2025-12-31,221000000.0,394000000.0,-0.4390862944162437,無形資産,無形固定資産の取得による支出,77227000000.0,0.002861693449182281,1515.0,145874.58745874587
綜研化学株式会社,4972,上場,化学,東京都,豊島区高田３－２９－５,2026-03-31,136607000.0,407542000.0,-0.6648026461076404,無形資産,無形固定資産の取得による支出,47967991000.0,0.0028478782861679573,1097.0,124527.8030993619
ＳＧホールディングス株式会社,9143,上場,陸運業,京都府,京都市南区上鳥羽角田町６８番地,2026-03-31,4673000000.0,4432000000.0,0.05437725631768964,無形資産,無形固定資産の取得による支出,1644762000000.0,0.002841140541914271,60483.0,77261.37923052759
株式会社エディオン,2730,上場,小売業,広島県,広島市中区紙屋町二丁目１番１８号,2026-03-31,2250000000.0,1832000000.0,0.22816593886462888,無形資産,無形固定資産の取得による支出,793746000000.0,0.002834659954191895,9148.0,245955.4000874508
ＭＩＲＡＲＴＨホールディングス株式会社,8897,上場,不動産業,東京都,千代田区丸の内一丁目８番２号　鉄鋼ビルディング１６階,2026-03-31,607000000.0,1079000000.0,-0.4374420759962928,無形資産,無形固定資産の取得による支出,214369000000.0,0.002831566131296969,1475.0,411525.42372881353
株式会社あらた,2733,上場,卸売業,東京都,江東区東陽６丁目３番２号,2026-03-31,2840000000.0,1526000000.0,0.8610747051114023,無形資産,無形固定資産の取得による支出,1004749000000.0,0.002826576587784611,3008.0,944148.9361702128
長瀬産業株式会社,8012,上場,卸売業,大阪府,大阪市西区新町一丁目１番１７号,2026-03-31,2749000000.0,2630000000.0,0.04524714828897336,無形資産,無形固定資産の取得による支出,972783000000.0,0.0028259128705990957,7756.0,354435.2759154203
ラオックスホールディングス株式会社,8202,上場,小売業,東京都,港区虎ノ門４丁目３番１号,2025-12-31,162000000.0,91000000.0,0.7802197802197801,無形資産,無形固定資産の取得による支出,57535000000.0,0.0028156774137481533,969.0,167182.6625386997
株式会社　メディカルシステムネットワーク,4350,上場,小売業,北海道,札幌市中央区北１０条西２４丁目３番地,2026-03-31,372000000.0,377000000.0,-0.01326259946949604,無形資産,無形固定資産の取得による支出,132186000000.0,0.0028142163315328403,4014.0,92675.63527653214
ＪＢＣＣホールディングス株式会社,9889,上場,情報・通信業,東京都,中央区八重洲二丁目２番１号（東京ミッドタウン八重洲　八重洲セントラルタワー）,2026-03-31,213000000.0,111000000.0,0.9189189189189189,無形資産,無形固定資産の取得による支出,76019000000.0,0.002801931096173325,1604.0,132793.0174563591
ニチアス株式会社,5393,上場,ガラス・土石製品,東京都,中央区八丁堀一丁目６番１号,2026-03-31,703000000.0,263000000.0,1.673003802281369,無形資産,無形固定資産の取得による支出,251910000000.0,0.0027906792108292645,6424.0,109433.37484433375
オーエスジー株式会社,6136,上場,機械,,豊川市本野ケ原三丁目２２番地,2025-11-30,447000000.0,683000000.0,-0.34553440702781846,無形資産,無形固定資産の取得による支出,160619000000.0,0.0027829833332295682,7563.0,59103.53034510115
株式会社ジェイ・エム・エス（称号　株式会社　ＪＭＳ）,7702,上場,精密機器,広島県,広島市中区加古町１２番１７号,2026-03-31,183000000.0,142000000.0,0.28873239436619724,無形資産,無形固定資産の取得による支出,65845000000.0,0.002779254309362898,4887.0,37446.2860650706
サッポロホールディングス株式会社,2501,上場,食料品,東京都,渋谷区恵比寿四丁目２０番１号,2025-12-31,1405000000.0,1797000000.0,-0.21814134668892604,無形資産,無形資産の取得による支出,506861000000.0,0.0027719631220393757,6102.0,230252.3762700754
ミガロホールディングス株式会社,5535,上場,不動産業,東京都,新宿区西新宿６－５－１　新宿アイランドタワー４１階,2026-03-31,159373000.0,92073000.0,0.730941752739674,無形資産,無形固定資産の取得による支出,57532231000.0,0.002770151569474161,480.0,332027.0833333333
トーカロ株式会社,3433,上場,金属製品,兵庫県,神戸市中央区港島南町６丁目４番４号,2026-03-31,162000000.0,54000000.0,2.0,無形資産,無形固定資産の取得による支出,58490000000.0,0.002769704222944093,1573.0,102987.92116973935
ＮＩＴＴＯＫＵ株式会社,6145,上場,機械,埼玉県,さいたま市大宮区東町二丁目２９２番地１,2026-03-31,117000000.0,79000000.0,0.481012658227848,無形資産,無形固定資産の取得による支出,42412000000.0,0.002758653211355277,1235.0,94736.84210526316
タキヒヨー株式会社,9982,上場,卸売業,愛知県,名古屋市西区牛島町６番１号,2026-02-28,175000000.0,45000000.0,2.888888888888889,無形資産,無形固定資産の取得による支出,63970000000.0,0.0027356573393778334,731.0,239398.0848153215
セントラル総合開発株式会社,3238,上場,不動産業,東京都,千代田区飯田橋三丁目３番７号,2026-03-31,104617000.0,48537000.0,1.1554072151142427,無形資産,無形固定資産の取得による支出,38450695000.0,0.002720809077703277,176.0,594414.7727272727
ヨネックス株式会社,7906,上場,その他製品,東京都,文京区湯島三丁目２３番１３号,2026-03-31,444000000.0,149000000.0,1.9798657718120807,無形資産,無形固定資産の取得による支出,163643000000.0,0.002713223297055175,2980.0,148993.28859060403
ＺＡＣＲＯＳ株式会社,7917,上場,化学,東京都,文京区小石川一丁目１番１号,2026-03-31,430000000.0,374000000.0,0.14973262032085555,無形資産,無形固定資産の取得による支出,158535000000.0,0.0027123348156558487,2747.0,156534.40116490718
バンドー化学株式会社,5195,上場,ゴム製品,兵庫県,神戸市中央区港島南町４丁目６番６号,2026-03-31,323000000.0,311000000.0,0.03858520900321549,無形資産,無形資産の取得による支出,119257000000.0,0.0027084364020560636,4159.0,77662.89973551335
株式会社クレスコ,4674,上場,情報・通信業,東京都,港区港南２丁目１５番１号,2026-03-31,175117000.0,183834000.0,-0.04741777908330347,無形資産,無形固定資産の取得による支出,64676944000.0,0.0027075645379905397,3188.0,54930.05018820577
イビデン株式会社,4062,上場,電気機器,,大垣市神田町２丁目１番地,2026-03-31,1126000000.0,1040000000.0,0.08269230769230762,無形資産,無形固定資産の取得による支出,416201000000.0,0.0027054235813945664,11105.0,101395.76767221972
株式会社ＦＯＯＤ　＆　ＬＩＦＥ　ＣＯＭＰＡＮＩＥＳ,3563,上場,小売業,,吹田市江坂町一丁目２２番２号,2025-09-30,1161000000.0,1196000000.0,-0.02926421404682278,無形資産,無形資産の取得による支出,429574000000.0,0.0027026775363499654,11720.0,99061.43344709897
ワタミ株式会社,7522,上場,小売業,東京都,大田区羽田一丁目１番３号,2026-03-31,252000000.0,119000000.0,1.1176470588235294,無形資産,無形固定資産の取得による支出,93268000000.0,0.002701891323926749,1624.0,155172.41379310345
伊藤ハム米久ホールディングス株式会社,2296,上場,食料品,東京都,目黒区三田１丁目６番２１号,2026-03-31,2890000000.0,2693000000.0,0.07315261789825467,無形資産,無形固定資産の取得による支出,1071381000000.0,0.0026974531002509844,6805.0,424687.7296105804
株式会社ニチレイ,2871,上場,食料品,東京都,中央区築地六丁目１９番２０号,2026-03-31,1928000000.0,1034000000.0,0.8646034816247583,無形資産,無形固定資産の取得による支出,716144000000.0,0.002692195982930807,17763.0,108540.22406125092
象印マホービン株式会社,7965,上場,電気機器,大阪府,大阪市北区天満１丁目２０番５号,2025-11-20,245000000.0,199000000.0,0.23115577889447225,無形資産,無形固定資産の取得による支出,91151000000.0,0.0026878476374367806,1515.0,161716.17161716172
株式会社アドバンテスト,6857,上場,電気機器,東京都,千代田区丸の内一丁目６番２号,2026-03-31,3018000000.0,2017000000.0,0.49628160634605845,無形資産,無形資産の取得による支出,1128610000000.0,0.0026740858223832857,7241.0,416793.2605993647
北陸瓦斯株式会社,9537,上場,電気・ガス業,新潟県,新潟市中央区東大通一丁目２番２３号,2026-03-31,171859000.0,238175000.0,-0.2784339246352472,無形資産,無形固定資産の取得による支出,64436043000.0,0.0026671252919736243,652.0,263587.4233128834
加藤産業株式会社,9869,上場,卸売業,,西宮市松原町９番２０号,2025-09-30,3237000000.0,1641000000.0,0.9725776965265083,無形資産,無形固定資産の取得による支出,1214265000000.0,0.0026658101814678015,4099.0,789704.8060502561
東京青果株式会社,,非上場,卸売業,東京都,大田区東海３丁目２番１号,2026-03-31,487547000.0,284934000.0,0.7110874799076277,無形資産,無形固定資産の取得による支出,183963821000.0,0.0026502330585968857,649.0,751228.0431432974
株式会社　中西製作所,5941,上場,金属製品,大阪府,大阪市生野区巽南五丁目４番１４号,2026-03-31,108031000.0,98210000.0,0.10000000000000009,無形資産,無形固定資産の取得による支出,41008792000.0,0.00263433753425363,669.0,161481.3153961136
スギホールディングス株式会社,7649,上場,小売業,,安城市三河安城町一丁目８番地４,2026-02-28,2657000000.0,2410000000.0,0.10248962655601668,無形資産,無形固定資産の取得による支出,1010336000000.0,0.002629818199094163,13417.0,198032.34702243423
東建コーポレーション株式会社,1766,上場,建設業,愛知県,名古屋市中区丸の内二丁目１番３３号,2026-04-30,1016000000.0,1215000000.0,-0.16378600823045264,無形資産,無形固定資産の取得による支出,386537000000.0,0.0026284676499274324,6231.0,163055.6892954582
東洋テック株式会社,9686,上場,サービス業,大阪府,大阪市浪速区桜川１丁目７番１８号,2026-03-31,112868000.0,58659000.0,0.9241378134642595,無形資産,無形固定資産の取得による支出,43071366000.0,0.002620488052317635,2096.0,53849.236641221374
イオンモール株式会社,,非上場,不動産業,千葉県,千葉市美浜区中瀬１丁目５番地１,2026-02-28,1237000000.0,1098000000.0,0.12659380692167588,無形資産,無形固定資産の取得による支出,472702000000.0,0.0026168706711628045,3856.0,320798.755186722
株式会社堀場製作所,6856,上場,電気機器,京都府,京都市南区吉祥院宮の東町２番地,2025-12-31,867000000.0,1295000000.0,-0.33050193050193055,無形資産,無形固定資産の取得による支出,333081000000.0,0.0026029704486296126,9101.0,95264.25667509066
株式会社ユアテック,1934,上場,建設業,宮城県,仙台市宮城野区榴岡４丁目１番１号,2026-03-31,653000000.0,1373000000.0,-0.5243991260014567,無形資産,無形固定資産の取得による支出,252262000000.0,0.0025885785413577948,5818.0,112237.88243382606
東京応化工業株式会社,4186,上場,化学,神奈川県,川崎市中原区中丸子１５０番地,2025-12-31,613000000.0,936000000.0,-0.3450854700854701,無形資産,無形固定資産の取得による支出,237029000000.0,0.0025861814377143725,2132.0,287523.4521575985
株式会社帝国ホテル,9708,上場,サービス業,東京都,千代田区内幸町一丁目１番１号,2026-03-31,145000000.0,351000000.0,-0.586894586894587,無形資産,無形固定資産の取得による支出,56267000000.0,0.002576998951428013,1899.0,76355.97682991048
ヒューマンホールディングス株式会社,2415,上場,サービス業,東京都,新宿区西新宿七丁目５番２５号,2026-03-31,263164000.0,516151000.0,-0.490141450854498,無形資産,無形固定資産の取得による支出,102539304000.0,0.002566469536403329,4740.0,55519.831223628695
日本パーカライジング株式会社,4095,上場,化学,東京都,中央区日本橋二丁目１６－８,2026-03-31,354000000.0,2251000000.0,-0.8427365615282096,無形資産,無形固定資産の取得による支出,138155000000.0,0.0025623394013969815,4283.0,82652.34648610787
株式会社レスター,3156,上場,卸売業,東京都,港区港南二丁目１０番９号,2026-03-31,1612000000.0,993000000.0,0.6233635448136958,ソフトウェア,ソフトウエアの取得による支出,630905000000.0,0.002555059795056308,4637.0,347638.55941341387
東邦化学工業株式会社,4409,上場,化学,東京都,中央区明石町６番４号,2026-03-31,137000000.0,57000000.0,1.4035087719298245,無形資産,無形固定資産の取得による支出,53625000000.0,0.002554778554778555,856.0,160046.7289719626
株式会社ソディック,6143,上場,機械,神奈川県,横浜市都筑区仲町台三丁目１２番１号,2025-12-31,205000000.0,363000000.0,-0.4352617079889807,無形資産,無形固定資産の取得による支出,80572000000.0,0.00254430819639577,3272.0,62652.81173594132
日本発條株式会社,5991,上場,金属製品,神奈川県,横浜市金沢区福浦三丁目１０番地,2026-03-31,2077000000.0,1082000000.0,0.9195933456561922,無形資産,無形固定資産の取得による支出,816879000000.0,0.002542604229022903,18121.0,114618.39854312676
株式会社バイタルケーエスケー・ホールディングス,3151,上場,卸売業,東京都,世田谷区弦巻一丁目１番１２号,2026-03-31,1546000000.0,1774000000.0,-0.1285231116121759,無形資産,無形固定資産の取得による支出,610497000000.0,0.0025323629763946425,3871.0,399380.0051666236
サンケン電気株式会社,6707,上場,電気機器,,新座市北野三丁目６番３号,2026-03-31,203000000.0,403000000.0,-0.49627791563275436,無形資産,無形固定資産の取得による支出,80175000000.0,0.002531961334580605,2683.0,75661.57286619456
株式会社ナック,9788,上場,サービス業,東京都,新宿区西新宿１丁目２５番１号,2026-03-31,149000000.0,134000000.0,0.11194029850746268,無形資産,無形固定資産の取得による支出,58919000000.0,0.0025288956024372444,1699.0,87698.64626250736
株式会社クリーク・アンド・リバー社,4763,上場,サービス業,東京都,港区新橋四丁目１番１号,2026-02-28,154893000.0,406047000.0,-0.6185343076047847,無形資産,無形固定資産の取得による支出,61393938000.0,0.0025229363850222475,2858.0,54196.2911126662
大和工業株式会社,5444,上場,鉄鋼,,姫路市大津区吉美３８０番地,2026-03-31,403000000.0,370000000.0,0.08918918918918917,無形資産,無形固定資産の取得による支出,160389000000.0,0.002512641141225396,2463.0,163621.59967519285
株式会社アミューズ,4301,上場,サービス業,,南都留郡富士河口湖町西湖９９７番地,2026-03-31,175000000.0,225000000.0,-0.2222222222222222,無形資産,無形固定資産の取得による支出,69655000000.0,0.002512382456392219,601.0,291181.3643926789
森六株式会社,4249,上場,化学,東京都,港区南青山一丁目１番１号,2026-03-31,336000000.0,444000000.0,-0.2432432432432432,無形資産,無形固定資産の取得による支出,133871000000.0,0.0025098789132821896,3873.0,86754.45391169636
株式会社ラクト・ジャパン,3139,上場,卸売業,東京都,中央区日本橋二丁目１１番２号,2025-11-30,457000000.0,264000000.0,0.731060606060606,無形資産,無形固定資産の取得による支出,182816000000.0,0.0024997812007701735,424.0,1077830.1886792453
ＶＴホールディングス株式会社,7593,上場,小売業,愛知県,名古屋市中区錦三丁目１０番３２号,2026-03-31,964000000.0,376000000.0,1.5638297872340425,無形資産,無形資産の取得による支出,388733000000.0,0.0024798512089274642,4527.0,212944.55489286504
株式会社ヨドコウ,5451,上場,鉄鋼,大阪府,大阪市中央区南本町四丁目１番１号,2026-03-31,484000000.0,366000000.0,0.32240437158469937,無形資産,無形固定資産の取得による支出,195373000000.0,0.002477312627640462,2377.0,203618.00588977704
東洋製罐グループホールディングス株式会社,5901,上場,金属製品,東京都,品川区東五反田二丁目１８番１号,2026-03-31,2385000000.0,486000000.0,3.9074074074074074,無形資産,無形固定資産の取得による支出,963213000000.0,0.00247608784349879,19067.0,125085.22578276604
ジェコス株式会社,9991,上場,卸売業,東京都,文京区後楽二丁目５番１号,2026-03-31,286000000.0,146000000.0,0.9589041095890412,無形資産,無形固定資産の取得による支出,115680000000.0,0.0024723374827109266,1762.0,162315.5505107832
住友林業株式会社,1911,上場,建設業,東京都,千代田区大手町一丁目３番２号,2025-12-31,5606000000.0,5579000000.0,0.004839576985122829,無形資産,無形固定資産の取得による支出,2267577000000.0,0.002472242397942826,27613.0,203020.3165175823
株式会社ツルハホールディングス,3391,上場,小売業,北海道,札幌市東区北２４条東２０丁目１番２１号,2026-02-28,3561000000.0,2732000000.0,0.3034407027818449,ソフトウェア,ソフトウエアの取得による支出,1450585000000.0,0.0024548716552287527,27681.0,128644.19638018857
宮地エンジニアリンググループ株式会社,3431,上場,金属製品,東京都,中央区日本橋富沢町９番１９号,2026-03-31,139000000.0,148000000.0,-0.060810810810810856,無形資産,無形固定資産の取得による支出,56659000000.0,0.002453273089888632,814.0,170761.67076167077
ダイハツインフィニアース株式会社,6023,上場,輸送用機器,大阪府,大阪市北区大淀中一丁目１番３０号,2026-03-31,216000000.0,206000000.0,0.04854368932038833,無形資産,無形固定資産の取得による支出,88066000000.0,0.0024527059251016285,1476.0,146341.46341463414
株式会社アルペン,3028,上場,小売業,愛知県,名古屋市中区丸の内二丁目９番４０号,2026-06-30,695000000.0,655000000.0,0.06106870229007644,無形資産,無形固定資産の取得による支出,285954000000.0,0.002430460843352427,3275.0,212213.74045801527
株式会社ユシロ,5013,上場,石油・石炭製品,東京都,大田区千鳥２丁目３４番１６号,2026-03-31,124000000.0,287000000.0,-0.5679442508710801,無形資産,無形固定資産の取得による支出,51165000000.0,0.0024235317111306557,862.0,143851.50812064964
ダイワボウホールディングス株式会社,3107,上場,卸売業,大阪府,大阪市北区中之島３丁目２番４号（中之島フェスティバルタワー・ウェスト２８階）,2026-03-31,3267000000.0,1473000000.0,1.2179226069246436,無形資産,無形固定資産の取得による支出,1350879000000.0,0.0024184253363920827,3072.0,1063476.5625
株式会社ＤＴＳ,9682,上場,情報・通信業,東京都,中央区八丁堀２丁目２３番１号,2026-03-31,326000000.0,498000000.0,-0.34538152610441764,無形資産,無形固定資産の取得による支出,135213000000.0,0.0024110107755911043,6135.0,53137.734311328444
大同メタル工業株式会社,7245,上場,輸送用機器,愛知県,名古屋市中区栄二丁目３番１号名古屋広小路ビルヂング１３階,2026-03-31,341000000.0,489000000.0,-0.30265848670756645,無形資産,無形固定資産の取得による支出,142009000000.0,0.002401256258406157,7267.0,46924.45300674281
共和レザー株式会社,3553,上場,化学,静岡県,浜松市南区東町１８７６番地,2026-03-31,134000000.0,149000000.0,-0.10067114093959728,無形資産,無形固定資産の取得による支出,55816000000.0,0.0024007453060054464,1393.0,96195.26202440776
ブックオフグループホールディングス株式会社,9278,上場,小売業,神奈川県,相模原市南区古淵二丁目１４番２０号,2026-05-31,312000000.0,331000000.0,-0.05740181268882172,無形資産,無形固定資産の取得による支出,130123000000.0,0.002397731377235385,1964.0,158859.47046843177
株式会社エターナルホスピタリティグループ,3193,上場,小売業,大阪府,大阪市浪速区立葉一丁目２番１２号,2025-07-31,111138000.0,80260000.0,0.3847246449040618,無形資産,無形固定資産の取得による支出,46356977000.0,0.002397438469725927,1030.0,107900.97087378641
伊藤忠エネクス株式会社,8133,上場,卸売業,東京都,千代田区霞が関三丁目２番５号,2026-03-31,2031000000.0,4230000000.0,-0.5198581560283688,無形資産,無形資産の取得による支出,851235000000.0,0.0023859451267863752,5193.0,391103.40843443095
株式会社マツオカコーポレーション,3611,上場,繊維製品,,福山市西町二丁目８番１９号,2026-03-31,176000000.0,44000000.0,3.0,無形資産,無形固定資産の取得による支出,74251000000.0,0.0023703384466202473,21086.0,8346.77036896519
株式会社ジーテクト,5970,上場,金属製品,埼玉県,さいたま市大宮区桜木町一丁目１１番地２０,2026-03-31,790000000.0,428000000.0,0.8457943925233644,無形資産,無形固定資産の取得による支出,333413000000.0,0.002369433705344423,8061.0,98002.7291899268
株式会社大本組,1793,上場,建設業,岡山県,岡山市北区内山下１丁目１番１３号,2026-03-31,207000000.0,44000000.0,3.704545454545454,無形資産,無形固定資産の取得による支出,87448000000.0,0.0023671210319275455,823.0,251518.83353584446
いすゞリーシングサービス株式会社,,非上場,その他金融業,神奈川県,横浜市西区高島１－２－５,2026-03-31,397000000.0,530000000.0,-0.25094339622641515,無形資産,無形固定資産の取得による支出,167777000000.0,0.0023662361348694995,349.0,1137535.8166189112
エレコム株式会社,6750,上場,電気機器,大阪府,大阪市中央区伏見町四丁目１番１号,2026-03-31,311000000.0,373000000.0,-0.16621983914209115,無形資産,無形固定資産の取得による支出,132132000000.0,0.0023537068991614446,2077.0,149735.19499277804
東亜建設工業株式会社,1885,上場,建設業,東京都,新宿区西新宿三丁目７番１号,2026-03-31,840000000.0,259000000.0,2.2432432432432434,無形資産,無形固定資産の取得による支出,358697000000.0,0.002341809382292018,2145.0,391608.3916083916
東リ株式会社,7971,上場,化学,,伊丹市東有岡５丁目１２５番地,2026-03-31,263000000.0,193000000.0,0.36269430051813467,無形資産,無形固定資産の取得による支出,112337000000.0,0.0023411698727934696,1940.0,135567.01030927835
月島ホールディングス株式会社,6332,上場,機械,東京都,中央区晴海三丁目５番１号,2026-03-31,348000000.0,280000000.0,0.24285714285714288,無形資産,無形固定資産の取得による支出,148954000000.0,0.0023362917410744257,3367.0,103356.10335610335
株式会社吉野家ホールディングス,9861,上場,小売業,東京都,中央区日本橋箱崎町３６番２号,2026-02-28,527000000.0,302000000.0,0.7450331125827814,無形資産,無形固定資産の取得による支出,225667000000.0,0.002335299357017198,3361.0,156798.571853615
ユー・エム・シー・エレクトロニクス株式会社,6615,上場,電気機器,,上尾市瓦葺７２１番地,2026-03-31,262000000.0,574000000.0,-0.5435540069686411,無形資産,無形固定資産の取得による支出,112726000000.0,0.0023242197895782693,5596.0,46819.15654038599
ニチレキグループ株式会社,5011,上場,石油・石炭製品,東京都,千代田区九段北四丁目３番２９号,2026-03-31,175000000.0,437000000.0,-0.5995423340961099,無形資産,無形固定資産の取得による支出,75853000000.0,0.002307093984417228,1434.0,122036.26220362622
株式会社イズミ,8273,上場,小売業,広島県,広島市東区二葉の里三丁目３番１号,2026-02-28,1311000000.0,1041000000.0,0.25936599423631135,無形資産,無形固定資産の取得による支出,569312000000.0,0.0023027794952504075,5025.0,260895.5223880597
テクマトリックス株式会社,3762,上場,情報・通信業,東京都,港区港南一丁目２番７０号,2026-03-31,165085000.0,112029000.0,0.473591659302502,無形資産,無形資産の取得による支出,71733770000.0,0.0023013568086551147,666.0,247875.37537537538
株式会社ミクニ,7247,上場,輸送用機器,東京都,千代田区外神田六丁目１３番１１号,2026-03-31,236000000.0,132000000.0,0.7878787878787878,無形資産,無形固定資産の取得による支出,103419000000.0,0.0022819791334280936,4750.0,49684.21052631579
三愛オブリ株式会社,8097,上場,卸売業,東京都,品川区東大井五丁目２２番５号,2026-03-31,1395000000.0,2511000000.0,-0.4444444444444444,無形資産,無形固定資産の取得による支出,611570000000.0,0.0022810144382490968,1914.0,728840.1253918495
ＵＴグループ株式会社,2146,上場,サービス業,東京都,品川区東五反田一丁目１１番１５号,2026-03-31,380000000.0,346000000.0,0.09826589595375723,無形資産,無形固定資産の取得による支出,166855000000.0,0.0022774265080459082,34772.0,10928.333141608191
新電元工業株式会社,6844,上場,電気機器,東京都,千代田区大手町２－２－１,2026-03-31,259000000.0,136000000.0,0.9044117647058822,無形資産,無形固定資産の取得による支出,113836000000.0,0.002275202923503988,5091.0,50874.09153407975
三精テクノロジーズ株式会社,6357,上場,機械,大阪府,大阪市淀川区宮原４丁目３番２９号,2026-03-31,164926000.0,230347000.0,-0.284010644809787,無形資産,無形固定資産の取得による支出,73070133000.0,0.0022570918271080744,1405.0,117385.05338078292
クミアイ化学工業株式会社,4996,上場,化学,東京都,台東区池之端一丁目４番２６号,2025-10-31,383000000.0,173000000.0,1.2138728323699421,無形資産,無形固定資産の取得による支出,170462000000.0,0.0022468350717461958,2153.0,177891.31444496053
株式会社シーユーシー,9158,上場,サービス業,東京都,港区芝浦三丁目１番１号,2026-03-31,122000000.0,40000000.0,2.05,無形資産,無形資産の取得による支出,54353000000.0,0.0022445863153827757,5740.0,21254.355400696862
ポールトゥウィンホールディングス株式会社,3657,上場,情報・通信業,東京都,新宿区西新宿二丁目４番１号,2026-01-31,109109000.0,477542000.0,-0.7715195731474928,無形資産,無形固定資産の取得による支出,48837730000.0,0.002234112846768267,2953.0,36948.526921774464
橋本総業ホールディングス株式会社,7570,上場,卸売業,東京都,中央区日本橋小伝馬町１４番７号,2026-03-31,381000000.0,394000000.0,-0.032994923857868064,ソフトウェア,ソフトウエアの取得による支出,172462000000.0,0.00220918231262539,983.0,387589.01322482195
第一実業株式会社,8059,上場,卸売業,東京都,千代田区神田駿河台４丁目６番地（御茶ノ水ソラシティ）,2026-03-31,483000000.0,363000000.0,0.3305785123966942,無形資産,無形固定資産の取得による支出,219140000000.0,0.002204070457241946,1564.0,308823.5294117647
松尾建設株式会社,,非上場,建設業,,佐賀市多布施一丁目４番２７号,2026-03-31,161102000.0,118883000.0,0.3551306746969709,無形資産,無形固定資産の取得による支出,73223000000.0,0.00220015568878631,940.0,171385.10638297873
リョーサン菱洋ホールディングス株式会社,167A,上場,卸売業,東京都,千代田区東神田二丁目３番５号,2026-03-31,788000000.0,639000000.0,0.23317683881064166,無形資産,無形固定資産の取得による支出,359948000000.0,0.0021892051074044027,1644.0,479318.73479318735
三菱ケミカルグループ株式会社,4188,上場,化学,東京都,千代田区丸の内一丁目１番１号,2026-03-31,8044000000.0,10439000000.0,-0.22942810614043496,無形資産,無形資産の取得による支出,3703988000000.0,0.0021717132992871467,56678.0,141924.55626521754
株式会社エフピコ,7947,上場,化学,,福山市曙町一丁目１３番１５号,2026-03-31,520000000.0,528000000.0,-0.015151515151515138,無形資産,無形固定資産の取得による支出,240490000000.0,0.002162252068693085,5306.0,98002.2615906521
株式会社有沢製作所,5208,上場,化学,,上越市南本町１丁目５番５号,2026-03-31,121518000.0,39330000.0,2.0897025171624715,無形資産,無形固定資産の取得による支出,56474000000.0,0.0021517512483620782,1583.0,76764.37144662034
株式会社サンテック,1960,上場,建設業,東京都,千代田区二番町３番地１３,2026-03-31,131000000.0,100000000.0,0.31000000000000005,無形資産,無形固定資産の取得による支出,61077000000.0,0.002144833570738576,1483.0,88334.45718138908
株式会社ＡＩＲＭＡＮ,6364,上場,機械,,燕市下粟生津３０７４番地,2026-03-31,118461000.0,232894000.0,-0.49135228902419126,無形資産,無形固定資産の取得による支出,55604049000.0,0.0021304383786871347,820.0,144464.63414634147
ＡＺ－ＣＯＭ丸和ホールディングス株式会社,9090,上場,陸運業,,吉川市旭７番地１,2026-03-31,491000000.0,448000000.0,0.0959821428571428,無形資産,無形固定資産の取得による支出,230531000000.0,0.0021298653977122385,5462.0,89893.8117905529
東邦ホールディングス株式会社,8129,上場,卸売業,東京都,世田谷区代沢四丁目４３番１１号,2026-03-31,3292000000.0,1701000000.0,0.9353321575543798,無形資産,無形固定資産の取得による支出,1553364000000.0,0.0021192714650268706,7675.0,428925.0814332248
株式会社ラウンドワン,4680,上場,サービス業,大阪府,大阪市中央区難波五丁目１番６０号,2026-03-31,401000000.0,262000000.0,0.5305343511450382,無形資産,無形資産の取得による支出,189548000000.0,0.0021155591195897608,2364.0,169627.74957698816
日本プラスト株式会社,7291,上場,輸送用機器,,富士宮市山宮３５０７番地１５,2026-03-31,241000000.0,111000000.0,1.1711711711711712,無形資産,無形固定資産の取得による支出,114861000000.0,0.0020981882449221233,5588.0,43128.13171080888
沖縄セルラー電話株式会社,9436,上場,情報・通信業,,那覇市松山１丁目２番１号,2026-03-31,181000000.0,96000000.0,0.8854166666666667,無形資産,無形固定資産の取得による支出,86348000000.0,0.002096168990596192,545.0,332110.0917431193
株式会社パイロットコーポレーション,7846,上場,その他製品,東京都,中央区京橋２丁目６番２１号,2025-12-31,264000000.0,327000000.0,-0.19266055045871555,無形資産,無形固定資産の取得による支出,126391000000.0,0.00208875631967466,3175.0,83149.6062992126
株式会社セリア,2782,上場,小売業,,大垣市外渕２丁目３８番地,2026-03-31,534000000.0,178000000.0,2.0,無形資産,無形固定資産の取得による支出,255695000000.0,0.002088425663388021,566.0,943462.8975265018
株式会社共立メンテナンス,9616,上場,サービス業,東京都,千代田区外神田２丁目１８番８号,2026-03-31,574000000.0,1086000000.0,-0.4714548802946593,無形資産,無形固定資産の取得による支出,275247000000.0,0.0020853996592151776,6614.0,86785.60628968854
株式会社キャンドゥ,2698,上場,小売業,東京都,新宿区北新宿二丁目２１番１号,2026-02-28,181000000.0,146000000.0,0.23972602739726034,無形資産,無形固定資産の取得による支出,87057000000.0,0.002079097602720057,559.0,323792.4865831843
ＨＳホールディングス株式会社,8699,上場,証券、商品先物取引業,東京都,港区虎ノ門五丁目１１番１号,2026-03-31,120000000.0,60000000.0,1.0,無形資産,無形固定資産の取得による支出,57879000000.0,0.0020732908308713003,706.0,169971.671388102
ＫＯＡ株式会社,6999,上場,電気機器,,伊那市荒井３６７２番地（上記は登記上の本店所在地であり、実際の業務は下記の場所で行っております）長野県上伊那郡箕輪町大字中箕輪１４０１６番地,2026-03-31,149000000.0,438000000.0,-0.6598173515981736,無形資産,無形固定資産の取得による支出,72287000000.0,0.002061228159973439,4409.0,33794.51122703561
株式会社タケエイ,,非上場,サービス業,東京都,港区芝浦一丁目１番１号　ブルーフロント芝浦タワーＳ２６階,2026-03-31,159000000.0,740000000.0,-0.7851351351351351,無形資産,無形固定資産の取得による支出,77204000000.0,0.002059478783482721,1592.0,99874.37185929649
ＡｎｙＭｉｎｄ　Ｇｒｏｕｐ株式会社,5027,上場,情報・通信業,東京都,港区六本木六丁目１０番１号六本木ヒルズ森タワー３１階,2025-12-31,118000000.0,38000000.0,2.1052631578947367,無形資産,無形資産の取得による支出,57300000000.0,0.0020593368237347295,2160.0,54629.62962962963
双日株式会社,2768,上場,卸売業,東京都,千代田区内幸町二丁目１番１号,2026-03-31,5675000000.0,3540000000.0,0.6031073446327684,無形資産,無形資産の取得による支出,2757350000000.0,0.0020581355286778975,26789.0,211840.68087647916
飛島ホールディングス株式会社,256A,上場,建設業,東京都,港区港南１－８－１５,2026-03-31,285000000.0,493000000.0,-0.42190669371196754,無形資産,無形固定資産の取得による支出,139255000000.0,0.00204660514882769,1596.0,178571.42857142858
株式会社久世,2708,上場,卸売業,東京都,豊島区東池袋二丁目２９番７号,2026-03-31,150000000.0,73000000.0,1.0547945205479454,無形資産,無形固定資産の取得による支出,73503000000.0,0.002040733031304845,649.0,231124.80739599385
日本コンクリート工業株式会社,5269,上場,ガラス・土石製品,東京都,港区芝浦４丁目６番１４号,2026-03-31,100175000.0,89330000.0,0.12140378372327332,無形資産,無形固定資産の取得による支出,49233255000.0,0.002034701950947586,1351.0,74148.77868245744
トヨタ紡織株式会社,3116,上場,輸送用機器,,刈谷市豊田町１丁目１番地,2026-03-31,4124000000.0,4967000000.0,-0.1697201530098651,無形資産,無形資産の取得による支出,2037063000000.0,0.0020244832879493663,45521.0,90595.5493069133
株式会社山田製作所,,非上場,輸送用機器,,桐生市広沢町１－２７５７,2026-03-31,173000000.0,107000000.0,0.6168224299065421,無形資産,無形固定資産の取得による支出,85651000000.0,0.0020198246371904587,2888.0,59903.04709141274
松井建設株式会社,1810,上場,建設業,東京都,中央区新川一丁目１７番２２号,2026-03-31,193000000.0,152000000.0,0.26973684210526305,無形資産,無形固定資産の取得による支出,96037000000.0,0.002009642117100701,771.0,250324.2542153048
ソーダニッカ株式会社,8158,上場,卸売業,東京都,中央区日本橋三丁目６番２号,2026-03-31,134000000.0,217000000.0,-0.3824884792626728,無形資産,無形固定資産の取得による支出,66692000000.0,0.0020092364901337493,400.0,335000.0
ＳＭＣ株式会社,6273,上場,機械,東京都,中央区京橋一丁目５番５号,2026-03-31,1684000000.0,1063000000.0,0.5841956726246473,無形資産,無形固定資産の取得による支出,842541000000.0,0.001998715789498671,24773.0,67977.23327816575
ディー・ティー・ホールディングス株式会社,,非上場,陸運業,,山形市諏訪町二丁目１番２０号,2026-03-31,242834000.0,99603000.0,1.4380189351726353,無形資産,無形固定資産の取得による支出,121599568000.0,0.001996997226174356,5730.0,42379.40663176265
ＣＫＤ株式会社,6407,上場,機械,,小牧市応時二丁目２５０番地,2026-03-31,315000000.0,290000000.0,0.0862068965517242,無形資産,無形固定資産の取得による支出,157886000000.0,0.0019951103961085848,4826.0,65271.44633236635
株式会社ジェイ・エス・ビー,3480,上場,不動産業,京都府,京都市下京区因幡堂町６５５番地,2025-10-31,151276000.0,101290000.0,0.4934939283246125,無形資産,無形固定資産の取得による支出,76045573000.0,0.0019892808224352522,1254.0,120634.7687400319
大王製紙株式会社,3880,上場,パルプ・紙,,四国中央市三島紙屋町２番６０号,2026-03-31,1326000000.0,807000000.0,0.6431226765799256,無形資産,無形固定資産の取得による支出,666770000000.0,0.001988691752778319,11639.0,113927.31334307071
エコートレーディング株式会社,7427,上場,卸売業,大阪府,大阪市淀川区宮原１丁目２番４号,2026-02-28,209532000.0,23968000.0,7.742156208277704,無形資産,無形固定資産の取得による支出,105811956000.0,0.001980229908990625,300.0,698440.0
ユアサ・フナショク株式会社,8006,上場,卸売業,,船橋市宮本四丁目１８番６号,2026-03-31,250000000.0,38000000.0,5.578947368421052,無形資産,無形固定資産の取得による支出,126423000000.0,0.001977488273494538,303.0,825082.5082508251
ａｒｔｉｅｎｃｅ株式会社,4634,上場,化学,東京都,中央区京橋二丁目２番１号,2025-12-31,692000000.0,863000000.0,-0.19814600231749713,無形資産,無形固定資産の取得による支出,349979000000.0,0.001977261492832427,7880.0,87817.25888324874
株式会社レント,372A,上場,サービス業,静岡県,静岡市駿河区国吉田一丁目６番１０号,2026-05-31,104388000.0,100685000.0,0.036778070218999925,無形資産,無形固定資産の取得による支出,52945301000.0,0.001971619728821638,1752.0,59582.191780821915
エア・ウォーター株式会社,4088,上場,化学,大阪府,大阪市北区大深町５番５４号グラングリーン大阪南館パークタワー１３階,2026-03-31,2097000000.0,3489000000.0,-0.3989681857265692,無形資産,無形資産の取得による支出,1066795000000.0,0.0019657010015982452,21824.0,96086.87683284457
株式会社村上開明堂,7292,上場,輸送用機器,静岡県,静岡市葵区伝馬町１１番地５,2026-03-31,227000000.0,40000000.0,4.675,無形資産,無形固定資産の取得による支出,115651000000.0,0.0019628018780641758,3682.0,61651.276480173816
アルフレッサホールディングス株式会社,2784,上場,卸売業,東京都,千代田区大手町一丁目１番３号,2026-03-31,6068000000.0,3620000000.0,0.676243093922652,無形資産,無形固定資産の取得による支出,3104064000000.0,0.001954856600894827,12525.0,484471.05788423156
株式会社スクロール,8005,上場,小売業,静岡県,浜松市中区佐藤二丁目２４番１号,2026-03-31,173000000.0,159000000.0,0.08805031446540879,無形資産,無形固定資産の取得による支出,88548000000.0,0.0019537426028820525,967.0,178903.82626680456
鉄建建設株式会社,1815,上場,建設業,東京都,千代田区神田三崎町二丁目５番３号,2026-03-31,351000000.0,456000000.0,-0.23026315789473684,無形資産,無形固定資産の取得による支出,179825000000.0,0.0019518976782983456,1837.0,191072.400653239
三井金属株式会社,5706,上場,非鉄金属,東京都,品川区大崎一丁目１１番１号,2026-03-31,1478000000.0,2404000000.0,-0.38519134775374375,無形資産,無形固定資産の取得による支出,758532000000.0,0.0019485005246977056,8188.0,180508.06057645334
株式会社　名古屋銀行,8522,上場,銀行業,愛知県,名古屋市中区錦三丁目１９番１７号,2026-03-31,242000000.0,101000000.0,1.396039603960396,無形資産,無形固定資産の取得による支出,124456000000.0,0.0019444622999292922,1926.0,125649.01349948079
特種東海製紙株式会社,3708,上場,パルプ・紙,,島田市向島町４３７９番地,2026-03-31,185000000.0,190000000.0,-0.02631578947368418,無形資産,無形固定資産の取得による支出,95413000000.0,0.0019389391382725624,1873.0,98772.02349172451
株式会社ＩＤＯＭ,7599,上場,卸売業,東京都,千代田区丸の内二丁目７番２号ＪＰタワー,2026-02-28,1090000000.0,720000000.0,0.5138888888888888,無形資産,無形固定資産の取得による支出,562774000000.0,0.0019368343242580502,4260.0,255868.54460093897
株式会社アンビションＤＸホールディングス,3300,上場,不動産業,東京都,渋谷区神宮前二丁目３４番１７号住友不動産原宿ビル１８階,2026-06-30,104573000.0,105665000.0,-0.01033454786353094,無形資産,無形固定資産の取得による支出,54131222000.0,0.0019318425879984752,417.0,250774.5803357314
株式会社アイナボホールディングス,7539,上場,卸売業,東京都,台東区元浅草二丁目６番６号　東京日産台東ビル４階,2025-09-30,177689000.0,75352000.0,1.3581192270941713,無形資産,無形固定資産の取得による支出,92272175000.0,0.0019257051218311478,1107.0,160514.00180668474
株式会社　コロナ,5909,上場,金属製品,,三条市東新保７番７号,2026-03-31,164000000.0,88000000.0,0.8636363636363635,無形資産,無形固定資産の取得による支出,85338000000.0,0.0019217699032084183,2083.0,78732.59721555449
株式会社ゼンショーホールディングス,7550,上場,小売業,東京都,港区港南二丁目１８番１号,2026-03-31,2416000000.0,2275000000.0,0.061978021978021935,無形資産,無形固定資産の取得による支出,1264053000000.0,0.0019113122630142882,20626.0,117133.71472898284
山崎製パン株式会社,2212,上場,食料品,東京都,千代田区岩本町三丁目１０番１号,2025-12-31,2506000000.0,2614000000.0,-0.04131599081866866,無形資産,無形固定資産の取得による支出,1311430000000.0,0.0019108911646065745,33545.0,74705.61931733492
株式会社ヤギ,7460,上場,卸売業,大阪府,大阪市中央区久太郎町二丁目２番８号,2026-03-31,164000000.0,267000000.0,-0.38576779026217234,無形資産,無形固定資産の取得による支出,85934000000.0,0.0019084413619754697,799.0,205256.57071339173
横浜冷凍株式会社,2874,上場,卸売業,神奈川県,横浜市鶴見区大黒町５番３５号,2025-09-30,239000000.0,143000000.0,0.6713286713286712,無形資産,無形固定資産の取得による支出,125563000000.0,0.0019034269649498658,1804.0,132483.37028824835
株式会社河合楽器製作所,7952,上場,その他製品,静岡県,浜松市中央区寺島町２００番地,2026-03-31,136000000.0,43000000.0,2.1627906976744184,無形資産,無形固定資産の取得による支出,72049000000.0,0.001887604269316715,2917.0,46623.24305793623
株式会社あかつき本社,8737,上場,証券、商品先物取引業,東京都,中央区日本橋小舟町８番１号,2026-03-31,129469000.0,131613000.0,-0.016290184100354876,無形資産,無形固定資産の取得による支出,68718280000.0,0.0018840547231391705,443.0,292255.079006772
朝日放送グループホールディングス株式会社,9405,上場,情報・通信業,大阪府,大阪市福島区福島一丁目１番３０号,2026-03-31,180000000.0,330000000.0,-0.4545454545454546,無形資産,無形固定資産の取得による支出,95998000000.0,0.001875039063313819,1724.0,104408.35266821345
フジッコ株式会社,2908,上場,食料品,兵庫県,神戸市中央区港島中町６丁目１３番地４,2026-03-31,104000000.0,135000000.0,-0.22962962962962963,無形資産,無形固定資産の取得による支出,55534000000.0,0.001872726617927756,1194.0,87102.17755443887
レンゴー株式会社,3941,上場,パルプ・紙,大阪府,大阪市福島区大開４丁目１番１８６号（上記の住所は登記上のものであり、実際の業務は下記の場所で行っている。）大阪市北区中之島２丁目２番７号　中之島セントラルタワー,2026-03-31,1882000000.0,2187000000.0,-0.13946044810242342,無形資産,無形固定資産の取得による支出,1008337000000.0,0.0018664394939390302,25573.0,73593.24287334298
株式会社オープンアップグループ,2154,上場,サービス業,東京都,港区虎ノ門一丁目３番１号,2026-06-30,312000000.0,267000000.0,0.1685393258426966,無形資産,無形資産の取得による支出,167483000000.0,0.0018628756351390888,26862.0,11614.920705829796
モリト株式会社,9837,上場,卸売業,大阪府,大阪市中央区南本町４丁目２番４号,2025-11-30,105841000.0,44783000.0,1.3634191545899115,無形資産,無形固定資産の取得による支出,56867188000.0,0.0018611963018111603,1708.0,61967.79859484777
株式会社クスリのアオキホールディングス,3549,上場,小売業,,白山市松本町２５１２番地,2026-05-20,1050000000.0,491000000.0,1.1384928716904277,無形資産,無形固定資産の取得による支出,566865000000.0,0.0018522928739647007,6355.0,165224.23288749016
丸文株式会社,7537,上場,卸売業,東京都,中央区日本橋大伝馬町８番１号,2026-03-31,395000000.0,1018000000.0,-0.611984282907662,無形資産,無形固定資産の取得による支出,213425000000.0,0.0018507672484479325,1193.0,331098.0720871752
ＯＢＡＲＡ　ＧＲＯＵＰ株式会社,6877,上場,電気機器,,大和市中央林間三丁目２番１０号,2025-09-30,114000000.0,123000000.0,-0.07317073170731703,無形資産,無形固定資産の取得による支出,61682000000.0,0.0018481890989267534,1926.0,59190.03115264798
株式会社竹内製作所,6432,上場,機械,,埴科郡坂城町大字上平２０５番地,2026-02-28,416000000.0,71000000.0,4.859154929577465,無形資産,無形固定資産の取得による支出,225284000000.0,0.0018465581221924327,1366.0,304538.79941434844
名港海運株式会社,9357,上場,倉庫・運輸関連,愛知県,名古屋市港区入船二丁目４番６号,2026-03-31,152484000.0,100061000.0,0.5239104146470652,無形資産,無形固定資産の取得による支出,82861134000.0,0.0018402354956908989,1890.0,80679.36507936507
鹿島建設株式会社,1812,上場,建設業,東京都,港区元赤坂一丁目３番１号,2026-03-31,5618000000.0,3227000000.0,0.7409358537341184,無形資産,無形固定資産の取得による支出,3067275000000.0,0.0018315931893944952,21170.0,265375.53141237603
株式会社アークス,9948,上場,小売業,北海道,札幌市中央区南１３条西１１丁目２番３２号,2026-02-28,1144000000.0,932000000.0,0.22746781115879822,無形資産,無形固定資産の取得による支出,626957000000.0,0.0018246865415012512,5464.0,209370.42459736456
キユーピー株式会社,2809,上場,食料品,東京都,渋谷区渋谷１丁目４番１３号,2025-11-30,936000000.0,5803000000.0,-0.8387041185593659,無形資産,無形固定資産の取得による支出,513417000000.0,0.0018230794850969095,10773.0,86883.87635756057
ホソカワミクロン株式会社,6277,上場,機械,,枚方市招提田近１丁目９番地,2025-09-30,142000000.0,620000000.0,-0.7709677419354839,無形資産,無形固定資産の取得による支出,77994000000.0,0.001820652870733646,1957.0,72560.04087889627
株式会社日本触媒,4114,上場,化学,大阪府,大阪市中央区高麗橋四丁目１番１号,2026-03-31,722000000.0,1084000000.0,-0.33394833948339486,無形資産,無形資産の取得による支出,399898000000.0,0.001805460392400062,4880.0,147950.81967213115
石油資源開発株式会社,1662,上場,鉱業,東京都,千代田区丸の内一丁目７番１２号,2026-03-31,613000000.0,316000000.0,0.9398734177215189,無形資産,無形固定資産の取得による支出,340336000000.0,0.0018011612053970194,1670.0,367065.86826347304
株式会社ＰＬＡＮＴ,7646,上場,小売業,,坂井市坂井町下新庄１５号８番地の１,2025-09-20,174000000.0,219000000.0,-0.20547945205479456,無形資産,無形固定資産の取得による支出,97764000000.0,0.0017797962440162024,651.0,267281.1059907834
ＮＯＫ株式会社,7240,上場,輸送用機器,東京都,港区芝大門１丁目１２番１５号,2026-03-31,1307000000.0,1059000000.0,0.2341831916902739,無形資産,無形固定資産の取得による支出,738434000000.0,0.0017699618381602146,36655.0,35656.79989087437
アルピコホールディングス株式会社,297A,上場,陸運業,,松本市井川城二丁目１番１号,2026-03-31,188713000.0,97883000.0,0.927944586904774,無形資産,無形固定資産の取得による支出,107422042000.0,0.0017567437416615111,1989.0,94878.33081950729
株式会社エービーシー・マート,2670,上場,小売業,東京都,渋谷区神南一丁目１１番５号,2026-02-28,653000000.0,942000000.0,-0.30679405520169856,無形資産,無形固定資産の取得による支出,378624000000.0,0.001724666159567275,9101.0,71750.35710361498
新東工業株式会社,6339,上場,機械,愛知県,名古屋市中村区名駅三丁目２８番１２号,2026-03-31,303000000.0,228000000.0,0.32894736842105265,無形資産,無形固定資産の取得による支出,176178000000.0,0.0017198515138098969,4760.0,63655.46218487395
三機工業株式会社,1961,上場,建設業,東京都,中央区明石町８番１号,2026-03-31,434000000.0,260000000.0,0.6692307692307693,無形資産,無形固定資産の取得による支出,254674000000.0,0.0017041394095981528,2705.0,160443.62292051755
リンテック株式会社,7966,上場,その他製品,東京都,板橋区本町２３番２３号,2026-03-31,542000000.0,385000000.0,0.4077922077922078,無形資産,無形固定資産の取得による支出,319385000000.0,0.001697011443868685,5237.0,103494.36700400992
株式会社テクノ菱和,1965,上場,建設業,東京都,港区芝五丁目３４番２号,2026-03-31,167000000.0,75000000.0,1.2266666666666666,無形資産,無形固定資産の取得による支出,98681000000.0,0.0016923217235334056,981.0,170234.45463812436
株式会社淺沼組,1852,上場,建設業,大阪府,大阪市浪速区湊町一丁目２番３号　マルイト難波ビル,2026-03-31,296000000.0,402000000.0,-0.263681592039801,無形資産,無形固定資産の取得による支出,175294000000.0,0.0016885917373098908,1806.0,163898.11738648947
豊田通商株式会社,8015,上場,卸売業,愛知県,名古屋市中村区名駅四丁目９番８号（センチュリー豊田ビル）,2026-03-31,19489000000.0,18386000000.0,0.05999129772653111,無形資産,無形資産の取得による支出,11561935000000.0,0.0016856175026066138,74927.0,260106.50366356588
株式会社北海電工,1832,上場,建設業,北海道,札幌市白石区菊水２条１丁目８番２１号,2026-03-31,122000000.0,101000000.0,0.20792079207920788,無形資産,無形固定資産の取得による支出,72445000000.0,0.00168403616536683,1794.0,68004.45930880714
神鋼商事株式会社,8075,上場,卸売業,大阪府,大阪市中央区北浜二丁目６番１８号　淀屋橋スクエア,2026-03-31,1016000000.0,579000000.0,0.7547495682210708,無形資産,無形固定資産の取得による支出,608142000000.0,0.0016706624439686783,1428.0,711484.593837535
戸田建設株式会社,1860,上場,建設業,東京都,中央区京橋１－７－１,2026-03-31,1066000000.0,1184000000.0,-0.09966216216216217,無形資産,無形固定資産の取得による支出,645737000000.0,0.001650826884629501,7286.0,146307.98792204226
株式会社丹青社,9743,上場,サービス業,東京都,港区港南１丁目２番７０号,2026-01-31,177000000.0,122000000.0,0.4508196721311475,無形資産,無形固定資産の取得による支出,107222000000.0,0.0016507806233795304,1579.0,112096.26345788474
株式会社バッファロー,6676,上場,電気機器,東京都,千代田区丸の内一丁目１１番１号,2026-03-31,192000000.0,429000000.0,-0.5524475524475525,無形資産,無形固定資産の取得による支出,117312000000.0,0.0016366612111292963,963.0,199376.94704049843
住友金属鉱山株式会社,5713,上場,非鉄金属,東京都,港区新橋５丁目１１番３号,2026-03-31,2835000000.0,5015000000.0,-0.43469591226321036,無形資産,無形資産の取得による支出,1741586000000.0,0.0016278265902459023,7507.0,377647.52897295856
高島株式会社,8007,上場,卸売業,東京都,千代田区神田駿河台２丁目２番地,2026-03-31,147000000.0,182000000.0,-0.1923076923076923,無形資産,無形固定資産の取得による支出,90642000000.0,0.001621764744820282,1200.0,122500.0
株式会社ＵＡＣＪ,5741,上場,非鉄金属,東京都,港区三田３丁目５番１９号　住友不動産東京三田ガーデンタワー,2026-03-31,1906000000.0,904000000.0,1.1084070796460175,無形資産,無形資産の取得による支出,1181716000000.0,0.001612908685335563,10183.0,187174.70293626632
株式会社アルファ,3434,上場,金属製品,神奈川県,横浜市金沢区福浦一丁目６番８号,2026-03-31,117000000.0,186000000.0,-0.3709677419354839,無形資産,無形固定資産の取得による支出,72699000000.0,0.001609375644781909,4069.0,28753.993610223642
株式会社不二家,2211,上場,食料品,東京都,文京区大塚２丁目１５番６号,2025-12-31,191000000.0,197000000.0,-0.030456852791878153,無形資産,無形固定資産の取得による支出,119558000000.0,0.0015975509794409408,2457.0,77737.07773707774
蝶理株式会社,8014,上場,卸売業,大阪府,大阪市中央区淡路町４丁目２番１３号,2026-03-31,476000000.0,2120000000.0,-0.7754716981132075,無形資産,無形固定資産の取得による支出,299293000000.0,0.0015904147440802157,1444.0,329639.8891966759
イーレックス株式会社,9517,上場,電気・ガス業,東京都,中央区京橋２丁目２番１号京橋エドグラン１４階,2026-03-31,269000000.0,804000000.0,-0.6654228855721394,無形資産,無形資産の取得による支出,169170000000.0,0.0015901164509073713,302.0,890728.4768211921
株式会社国際協力銀行,,非上場,その他金融業,東京都,千代田区大手町１丁目４番１号,2026-03-31,1401000000.0,644000000.0,1.1754658385093166,無形資産,無形固定資産の取得による支出,882794000000.0,0.001587006708246771,886.0,1581264.1083521445
株式会社Ｊ－オイルミルズ,2613,上場,食料品,東京都,中央区明石町８番１号,2026-03-31,358000000.0,515000000.0,-0.3048543689320389,無形資産,無形固定資産の取得による支出,226574000000.0,0.001580057729483524,1222.0,292962.356792144
日清食品ホールディングス株式会社,2897,上場,食料品,大阪府,大阪市淀川区西中島四丁目１番１号,2026-03-31,1245000000.0,791000000.0,0.5739570164348926,無形資産,無形資産の取得による支出,788131000000.0,0.0015796866257005498,17988.0,69212.80853902602
株式会社トライアルホールディングス,141A,上場,小売業,福岡県,福岡市東区多の津１ー１２ー２,2026-06-30,2125000000.0,1545000000.0,0.37540453074433655,無形資産,無形固定資産の取得による支出,1347109000000.0,0.001577452158659767,9434.0,225249.09900360397
霞ヶ関キャピタル株式会社,3498,上場,不動産業,東京都,千代田区霞が関３丁目２番１号　霞が関コモンゲート西館２２階,2025-08-31,151000000.0,249000000.0,-0.39357429718875503,無形資産,無形固定資産の取得による支出,96501000000.0,0.0015647506243458616,727.0,207702.8885832187
アイダエンジニアリング株式会社,6118,上場,機械,神奈川県,相模原市緑区大山町２番１０号,2026-03-31,123000000.0,46000000.0,1.6739130434782608,無形資産,無形固定資産の取得による支出,78647000000.0,0.0015639503096113012,2042.0,60235.063663075416
ニシオホールディングス株式会社,9699,上場,サービス業,大阪府,大阪市中央区東心斎橋１丁目１１番１７号,2025-09-30,334000000.0,289000000.0,0.15570934256055358,無形資産,無形固定資産の取得による支出,214954000000.0,0.0015538208174772276,4842.0,68979.76042957456
コーナン商事株式会社,7516,上場,小売業,大阪府,堺市西区鳳東町４丁４０１番地１,2026-02-28,805000000.0,925000000.0,-0.12972972972972974,無形資産,無形固定資産の取得による支出,519779000000.0,0.0015487351355095147,5244.0,153508.77192982455
キヤノン電子株式会社,7739,非上場,電気機器,,秩父市下影森１２４８番地,2025-12-31,160000000.0,103000000.0,0.5533980582524272,無形資産,無形固定資産の取得による支出,104421000000.0,0.0015322588368240106,5574.0,28704.70039468963
日本リーテック株式会社,1938,上場,建設業,東京都,千代田区神田錦町一丁目６番地,2026-03-31,113183000.0,118114000.0,-0.041747802970012016,無形資産,無形固定資産の取得による支出,74044898000.0,0.0015285725695779876,1434.0,78928.1729428173
日本証券金融株式会社,8511,上場,その他金融業,東京都,中央区日本橋茅場町一丁目２番１０号,2026-03-31,174000000.0,166000000.0,0.04819277108433728,無形資産,無形固定資産の取得による支出,114211000000.0,0.001523495985500521,279.0,623655.9139784946
日比谷総合設備株式会社,1982,上場,建設業,東京都,港区三田三丁目５番２７号,2026-03-31,143000000.0,82000000.0,0.7439024390243902,無形資産,無形固定資産の取得による支出,94080000000.0,0.001519982993197279,967.0,147880.04136504655
株式会社ミスターマックス・ホールディングス,8203,上場,小売業,福岡県,福岡市東区松田一丁目５番７号,2026-02-28,224000000.0,366000000.0,-0.3879781420765027,無形資産,無形固定資産の取得による支出,147684000000.0,0.0015167519839657648,719.0,311543.8108484006
日本化薬株式会社,4272,上場,化学,東京都,千代田区丸の内二丁目１番１号,2026-03-31,366000000.0,1140000000.0,-0.6789473684210526,無形資産,無形固定資産の取得による支出,241851000000.0,0.0015133284542962401,5946.0,61553.9858728557
遠州鉄道株式会社,,非上場,陸運業,静岡県,浜松市中央区旭町１２番地の１,2026-03-31,351000000.0,415000000.0,-0.1542168674698795,無形資産,無形固定資産の取得による支出,233168000000.0,0.0015053523639607493,5620.0,62455.516014234876
株式会社サンマルクホールディングス,3395,上場,小売業,岡山県,岡山市北区平田１７３番地１０４,2026-03-31,132670000.0,2609000.0,49.85090072824837,無形資産,無形固定資産の取得による支出,88432412000.0,0.0015002417891756702,1229.0,107949.55248169243
白銅株式会社,7637,上場,卸売業,東京都,千代田区丸の内二丁目５番２号,2026-03-31,101841000.0,198898000.0,-0.48797373528140053,無形資産,無形固定資産の取得による支出,68109588000.0,0.0014952520341188968,401.0,253967.58104738154
株式会社ライフコーポレーション,8194,上場,小売業,大阪府,大阪市淀川区西宮原二丁目２番２２号,2026-02-28,1316000000.0,1001000000.0,0.3146853146853146,無形資産,無形固定資産の取得による支出,881325000000.0,0.0014932062519501885,7506.0,175326.40554223288
三菱マテリアル株式会社,5711,上場,非鉄金属,東京都,千代田区丸の内三丁目２番３号,2026-03-31,2748000000.0,4212000000.0,-0.3475783475783476,無形資産,無形固定資産の取得による支出,1844053000000.0,0.0014901957807069537,17591.0,156216.24694446023
出光興産株式会社,5019,上場,石油・石炭製品,東京都,千代田区大手町一丁目２番１号,2026-03-31,11999000000.0,8670000000.0,0.3839677047289505,無形資産,無形固定資産の取得による支出,8105891000000.0,0.0014802814397578256,14392.0,833727.0705947749
株式会社福井銀行,8362,上場,銀行業,,福井市順化１丁目１番１号,2026-03-31,117000000.0,392000000.0,-0.7015306122448979,無形資産,無形固定資産の取得による支出,79101000000.0,0.001479121629309364,1732.0,67551.96304849884
前田工繊株式会社,7821,上場,その他製品,,坂井市春江町沖布目第３８号３番地,2026-06-30,105000000.0,69000000.0,0.5217391304347827,無形資産,無形固定資産の取得による支出,71389000000.0,0.0014708148314166048,1425.0,73684.21052631579
日本国土開発株式会社,1887,上場,建設業,東京都,港区虎ノ門四丁目３番１３号,2026-05-31,198000000.0,136000000.0,0.4558823529411764,無形資産,無形固定資産の取得による支出,135207000000.0,0.0014644212207947814,1104.0,179347.8260869565
中央魚類株式会社,8030,上場,卸売業,東京都,江東区豊洲６丁目６番２号,2026-03-31,231000000.0,355000000.0,-0.3492957746478873,無形資産,無形固定資産の取得による支出,158598000000.0,0.0014565126924677486,794.0,290931.98992443323
共英製鋼株式会社,5440,上場,鉄鋼,大阪府,大阪市北区堂島浜一丁目４番１６号,2026-03-31,454000000.0,271000000.0,0.6752767527675276,無形資産,無形固定資産の取得による支出,315106000000.0,0.001440785005680628,4068.0,111602.75319567355
株式会社京三製作所,6742,上場,電気機器,神奈川県,横浜市鶴見区平安町２丁目２９番地の１,2026-03-31,134000000.0,44000000.0,2.0454545454545454,無形資産,無形固定資産の取得による支出,93122000000.0,0.0014389725306587057,2073.0,64640.617462614566
三信電気株式会社,8150,上場,卸売業,東京都,港区芝四丁目４番１２号,2026-03-31,247000000.0,65000000.0,2.8,ソフトウェア,ソフトウエアの取得による支出,172366000000.0,0.0014329972268312776,642.0,384735.2024922118
株式会社ヤマナカ,8190,上場,小売業,愛知県,名古屋市中村区岩塚町字西枝１番地の１,2026-03-20,116000000.0,115000000.0,0.008695652173912993,無形資産,無形固定資産の取得による支出,80975000000.0,0.0014325409076875579,780.0,148717.94871794872
ＡＲＥホールディングス株式会社,5857,上場,非鉄金属,兵庫県,神戸市中央区加納町四丁目４番１７号,2026-03-31,814000000.0,299000000.0,1.7224080267558528,無形資産,無形資産の取得による支出,569992000000.0,0.0014280902188100887,998.0,815631.2625250501
アクシアル　リテイリング株式会社,8255,上場,小売業,,長岡市中之島１９９３番地１７,2026-03-31,421000000.0,500000000.0,-0.15800000000000003,無形資産,無形固定資産の取得による支出,295536000000.0,0.0014245303448649233,2576.0,163431.67701863355
株式会社ハイレックスコーポレーション,7279,上場,輸送用機器,,宝塚市栄町一丁目１２番２８号,2025-10-31,433000000.0,841000000.0,-0.4851367419738407,無形資産,無形固定資産の取得による支出,304123000000.0,0.0014237660420290475,12071.0,35871.09601524314
信越ポリマー株式会社,7970,上場,化学,東京都,千代田区大手町一丁目１番３号,2026-03-31,163000000.0,280000000.0,-0.4178571428571428,無形資産,無形固定資産の取得による支出,115116000000.0,0.001415963028597241,4123.0,39534.3196701431
株式会社フジシールインターナショナル,7864,上場,その他製品,大阪府,大阪市淀川区宮原４丁目１番９号,2026-03-31,305000000.0,270000000.0,0.12962962962962954,無形資産,無形固定資産の取得による支出,217752000000.0,0.001400675998383482,5670.0,53791.887125220455
荒川化学工業株式会社,4968,上場,化学,大阪府,大阪市中央区平野町一丁目３番７号,2026-03-31,114000000.0,110000000.0,0.036363636363636376,無形資産,無形固定資産の取得による支出,82135000000.0,0.0013879588482376575,1684.0,67695.96199524941
株式会社フェローテック,6890,上場,電気機器,東京都,中央区日本橋二丁目３番４号,2026-03-31,401000000.0,537000000.0,-0.25325884543761634,無形資産,無形固定資産の取得による支出,288933000000.0,0.0013878650067662745,16858.0,23786.926088503973
株式会社コスモスイニシア,8844,上場,不動産業,東京都,港区芝五丁目３４番６号,2026-03-31,207000000.0,416000000.0,-0.5024038461538461,無形資産,無形固定資産の取得による支出,149296000000.0,0.0013865073411209944,1295.0,159845.55984555985
ユニプレス株式会社,5949,上場,輸送用機器,神奈川県,横浜市港北区新横浜一丁目１９番２０号,2026-03-31,445000000.0,356000000.0,0.25,無形資産,無形固定資産の取得による支出,321943000000.0,0.0013822322585053876,6916.0,64343.55118565645
理研ビタミン株式会社,4526,上場,食料品,東京都,新宿区四谷一丁目６番１号,2026-03-31,133000000.0,134000000.0,-0.007462686567164201,無形資産,無形固定資産の取得による支出,96300000000.0,0.0013811007268951195,1887.0,70482.2469528352
株式会社ニッスイ,1332,上場,水産・農林業,東京都,港区西新橋一丁目３番１号,2026-03-31,1277000000.0,1154000000.0,0.10658578856152512,無形資産,無形固定資産の取得による支出,931265000000.0,0.0013712530804872941,11526.0,110792.98976227659
ＥＮＥＯＳホールディングス株式会社,5020,上場,石油・石炭製品,東京都,千代田区大手町一丁目１番２号,2026-03-31,15980000000.0,20551000000.0,-0.22242226655637198,無形資産,無形資産の取得による支出,11765470000000.0,0.00135821178414462,34099.0,468635.4438546585
ガリレイ株式会社,6420,上場,機械,大阪府,大阪市西淀川区竹島２丁目６番１８号,2026-03-31,187000000.0,240000000.0,-0.22083333333333333,無形資産,無形固定資産の取得による支出,138616000000.0,0.0013490506146476597,2964.0,63090.41835357625
株式会社トーハン,,非上場,卸売業,東京都,新宿区東五軒町６番２４号,2026-03-31,553000000.0,2103000000.0,-0.7370423204945316,無形資産,無形固定資産の取得による支出,410076000000.0,0.0013485305162945405,2066.0,267666.98935140367
澁谷工業株式会社,6340,上場,機械,,金沢市大豆田本町甲５８番地,2026-06-30,182000000.0,201000000.0,-0.09452736318407962,無形資産,無形固定資産の取得による支出,135613000000.0,0.0013420542278395138,3437.0,52953.15682281059
株式会社あさひ,3333,上場,小売業,大阪府,大阪市都島区高倉町３－１１－４,2026-02-20,108483000.0,190981000.0,-0.4319696723757861,無形資産,無形固定資産の取得による支出,81374883000.0,0.0013331263407162133,1826.0,59410.186199342825
株式会社日伝,9902,上場,卸売業,大阪府,大阪市中央区上本町西１丁目２番１６号,2026-03-31,188000000.0,279000000.0,-0.3261648745519713,無形資産,無形固定資産の取得による支出,141033000000.0,0.0013330213496132112,1050.0,179047.61904761905
オルバヘルスケアホールディングス株式会社,2689,上場,卸売業,岡山県,岡山市北区下石井一丁目１番３号,2025-06-30,163466000.0,125758000.0,0.29984573546016957,無形資産,無形固定資産の取得による支出,122702463000.0,0.0013322144967864255,1393.0,117348.16941852118
株式会社建設技術研究所,9621,上場,サービス業,東京都,中央区日本橋浜町三丁目２１番１号,2025-12-31,134000000.0,102000000.0,0.3137254901960784,無形資産,無形固定資産の取得による支出,101038000000.0,0.0013262336942536472,4087.0,32786.88524590164
芝浦機械株式会社,6104,上場,機械,東京都,千代田区内幸町二丁目２番２号,2026-03-31,175000000.0,219000000.0,-0.2009132420091324,無形資産,無形固定資産の取得による支出,132815000000.0,0.0013176222565222302,3175.0,55118.11023622047
ＳＲＳホールディングス株式会社,8163,上場,小売業,大阪府,大阪市中央区安土町二丁目３番１３号　大阪国際ビルディング３０階,2026-03-31,100103000.0,117179000.0,-0.14572576997584896,無形資産,無形固定資産の取得による支出,76421000000.0,0.0013098886431739966,1927.0,51947.586922677736
中央発條株式会社,5992,上場,金属製品,愛知県,名古屋市緑区鳴海町字上汐田６８番地,2026-03-31,143964000.0,120264000.0,0.19706645380163645,無形資産,無形固定資産の取得による支出,110868647000.0,0.0012985095777348127,3017.0,47717.600265164074
レーザーテック株式会社,6920,上場,電気機器,神奈川県,横浜市港北区新横浜２丁目１０番地１,2026-06-30,299000000.0,210000000.0,0.42380952380952386,無形資産,無形固定資産の取得による支出,230485000000.0,0.0012972644640649065,1335.0,223970.03745318353
ヤマエグループホールディングス株式会社,7130,上場,卸売業,福岡県,福岡市博多区博多駅東２丁目１３番３４号,2026-03-31,1407000000.0,2801000000.0,-0.4976794002142092,無形資産,無形固定資産の取得による支出,1085219000000.0,0.0012965125011633596,6414.0,219363.89148737138
ＫＨネオケム株式会社,4189,上場,化学,東京都,中央区日本橋室町二丁目３番１号,2025-12-31,149000000.0,192000000.0,-0.22395833333333337,無形資産,無形固定資産の取得による支出,115098000000.0,0.0012945489930320248,863.0,172653.53418308226
マクニカホールディングス株式会社,3132,上場,卸売業,神奈川県,横浜市港北区新横浜１－６－３,2026-03-31,1543000000.0,1948000000.0,-0.2079055441478439,無形資産,無形固定資産の取得による支出,1214196000000.0,0.0012707997720302158,5261.0,293290.24900209083
株式会社ティラド,7236,上場,輸送用機器,東京都,渋谷区代々木３丁目２５番３号,2026-03-31,206000000.0,239000000.0,-0.13807531380753135,無形資産,無形固定資産の取得による支出,162278000000.0,0.0012694265396418491,4087.0,50403.71910937117
株式会社　ジーエス・ユアサ　コーポレーション,6674,上場,電気機器,京都府,京都市南区吉祥院西ノ庄猪之馬場町１番地,2026-03-31,771000000.0,745000000.0,0.03489932885906044,無形資産,無形固定資産の取得による支出,608995000000.0,0.001266020246471646,12562.0,61375.577137398504
株式会社タクマ,6013,上場,機械,,尼崎市金楽寺町二丁目二番三十三号,2026-03-31,208000000.0,268000000.0,-0.22388059701492535,無形資産,無形固定資産の取得による支出,165620000000.0,0.0012558869701726845,4504.0,46181.17229129663
株式会社朝日工業社,1975,上場,建設業,東京都,港区浜松町一丁目２５番７号,2026-03-31,131000000.0,143000000.0,-0.08391608391608396,無形資産,無形固定資産の取得による支出,104823000000.0,0.0012497257281321847,1148.0,114111.49825783972
デンカ株式会社,4061,上場,化学,東京都,中央区日本橋室町二丁目１番１号,2026-03-31,480000000.0,1078000000.0,-0.5547309833024119,無形資産,無形固定資産の取得による支出,384247000000.0,0.0012491964803889165,6454.0,74372.48218159282
株式会社しまむら,8227,上場,小売業,埼玉県,さいたま市大宮区北袋町１丁目６０２番１号,2026-02-20,872000000.0,,,無形資産,無形固定資産の取得による支出,700034000000.0,0.0012456537825305627,3393.0,256999.70527556734
ケンコーマヨネーズ株式会社,2915,上場,食料品,兵庫県,神戸市灘区都通三丁目３番１６号,2026-03-31,114000000.0,298000000.0,-0.6174496644295302,無形資産,無形固定資産の取得による支出,92354000000.0,0.0012343807523225849,964.0,118257.26141078839
飯田グループホールディングス株式会社,3291,上場,不動産業,東京都,東京都武蔵野市西久保一丁目２番１１号,2026-03-31,1850000000.0,1878000000.0,-0.014909478168264156,無形資産,無形資産の取得による支出,1508864000000.0,0.0012260879708177808,14217.0,130125.9056059647
サンデン株式会社,6444,上場,機械,,伊勢崎市寿町２０番地,2025-12-31,234000000.0,479000000.0,-0.511482254697286,無形資産,無形固定資産の取得による支出,190875000000.0,0.0012259332023575639,4791.0,48841.57795867251
株式会社ＳＨＩＦＴ,3697,上場,情報・通信業,東京都,港区麻布台一丁目３番１号　麻布台ヒルズ　森ＪＰタワー,2025-08-31,155000000.0,59000000.0,1.6271186440677967,無形資産,無形固定資産の取得による支出,129819000000.0,0.00119397006601499,11688.0,13261.464750171115
テクノプロ・ホールディングス株式会社,6028,非上場,サービス業,東京都,港区六本木六丁目１０番１号,2025-06-30,281000000.0,179000000.0,0.5698324022346368,無形資産,無形資産の取得による支出,238966000000.0,0.0011758995003473298,30649.0,9168.325230839506
株式会社Ｏｌｙｍｐｉｃグループ,8289,非上場,小売業,,国分寺市本町四丁目１２番１号,2026-02-28,106000000.0,145000000.0,-0.2689655172413793,無形資産,無形固定資産の取得による支出,90809000000.0,0.0011672851809842637,1457.0,72752.2306108442
西華産業株式会社,8061,上場,卸売業,東京都,千代田区丸の内３－３－１,2026-03-31,126000000.0,100000000.0,0.26,無形資産,無形固定資産の取得による支出,108485000000.0,0.0011614508918283634,1558.0,80872.91399229782
株式会社バローホールディングス,9956,上場,小売業,,恵那市大井町１８０番地の１,2026-03-31,1067000000.0,1364000000.0,-0.217741935483871,無形資産,無形固定資産の取得による支出,924114000000.0,0.0011546194517126674,11227.0,95038.74588046673
加賀電子株式会社,8154,上場,卸売業,東京都,千代田区神田松永町２０番地,2026-03-31,758000000.0,425000000.0,0.7835294117647058,無形資産,無形固定資産の取得による支出,658941000000.0,0.0011503306062302999,9374.0,80861.95860891828
株式会社乃村工藝社,9716,上場,サービス業,東京都,港区台場２丁目３番４号,2026-02-28,186000000.0,230000000.0,-0.19130434782608696,無形資産,無形固定資産の取得による支出,162679000000.0,0.0011433559340787685,2154.0,86350.97493036212
ユニソルホールディングス株式会社,7128,上場,卸売業,大阪府,大阪市中央区南新町一丁目２番１０号,2025-12-31,181000000.0,462000000.0,-0.6082251082251082,無形資産,無形固定資産の取得による支出,159036000000.0,0.0011381070952488745,1966.0,92065.10681586979
フジ住宅株式会社,8860,上場,不動産業,,岸和田市土生町１丁目４番２３号,2026-03-31,156807000.0,148750000.0,0.05416470588235289,無形資産,無形固定資産の取得による支出,138332189000.0,0.0011335539553993467,931.0,168428.57142857142
静岡鉄道株式会社,,非上場,陸運業,静岡県,静岡市葵区鷹匠一丁目１番１号,2026-03-31,214000000.0,375000000.0,-0.42933333333333334,無形資産,無形固定資産の取得による支出,190225000000.0,0.001124983572085688,4413.0,48493.088601858144
株式会社スズケン,9987,上場,卸売業,愛知県,名古屋市東区東片端町８番地,2026-03-31,2784000000.0,4340000000.0,-0.3585253456221198,無形資産,無形固定資産の取得による支出,2486647000000.0,0.0011195799001627493,12717.0,218919.55649917433
キオクシアホールディングス株式会社,285A,上場,電気機器,東京都,港区芝浦三丁目１番２１号,2026-03-31,2612000000.0,1756000000.0,0.48747152619589973,無形資産,無形資産の取得による支出,2337628000000.0,0.0011173719685082485,15218.0,171638.84873176503
シンフォニアテクノロジー株式会社,6507,上場,電気機器,東京都,港区芝大門１－１－３０芝ＮＢＦタワー,2026-03-31,142000000.0,316000000.0,-0.5506329113924051,無形資産,無形固定資産の取得による支出,128197000000.0,0.001107670226292347,3729.0,38079.91418610888
株式会社高速,7504,上場,卸売業,宮城県,仙台市宮城野区扇町七丁目４番２０号,2026-03-31,136717000.0,110775000.0,0.23418641390205375,無形資産,無形固定資産の取得による支出,124191544000.0,0.0011008559487753853,1147.0,119195.2920662598
Ｕｍｉｏｓ株式会社,1333,上場,水産・農林業,東京都,港区高輪二丁目２１番２号,2026-03-31,1205000000.0,1316000000.0,-0.08434650455927051,無形資産,無形固定資産の取得による支出,1105890000000.0,0.001089620124967221,12479.0,96562.22453722253
メディアスホールディングス株式会社,3154,上場,卸売業,東京都,千代田区有楽町一丁目２番２号,2025-06-30,311174000.0,442255000.0,-0.2963923528281195,無形資産,無形固定資産の取得による支出,288689338000.0,0.0010778853218333959,2614.0,119041.31599081866
株式会社ハローズ,2742,上場,小売業,,福山市南蔵王町六丁目２６番７号（同所は登記上の本店所在地であり、実際の業務は「最寄りの連絡場所」で行っております。）,2026-02-28,241000000.0,264000000.0,-0.08712121212121215,無形資産,無形固定資産の取得による支出,225719000000.0,0.001067699218940364,1437.0,167710.50800278358
兼松株式会社,8020,上場,卸売業,兵庫県,神戸市中央区伊藤町１１９番地,2026-03-31,1139000000.0,861000000.0,0.3228803716608595,無形資産,無形資産の取得による支出,1067665000000.0,0.0010668140287449716,8604.0,132380.28823802882
河西工業株式会社,7256,上場,輸送用機器,,高座郡寒川町宮山３３１６番地,2026-03-31,208000000.0,78000000.0,1.6666666666666665,無形資産,無形固定資産の取得による支出,196189000000.0,0.0010602021520064835,7358.0,28268.551236749117
フタバ産業株式会社,7241,上場,輸送用機器,,岡崎市橋目町字御茶屋１番地,2026-03-31,717000000.0,699000000.0,0.025751072961373467,無形資産,無形固定資産の取得による支出,677919000000.0,0.0010576484801281569,10104.0,70961.99524940617
アルビス株式会社,7475,上場,小売業,,射水市流通センター水戸田三丁目４番地,2026-03-31,106000000.0,79000000.0,0.3417721518987342,無形資産,無形固定資産の取得による支出,100952000000.0,0.0010500039622791028,1026.0,103313.84015594542
文化シヤッター株式会社,5930,上場,金属製品,東京都,文京区西片１丁目１７番３号,2026-03-31,248000000.0,541000000.0,-0.5415896487985212,無形資産,無形固定資産の取得による支出,236282000000.0,0.0010495932826029913,5546.0,44716.913090515685
西川ゴム工業株式会社,5161,上場,ゴム製品,広島県,広島市西区三篠町２丁目２番８号,2026-03-31,128000000.0,225000000.0,-0.4311111111111111,無形資産,無形固定資産の取得による支出,122138000000.0,0.0010479948910249062,6294.0,20336.828725770574
株式会社カナモト,9678,上場,サービス業,北海道,札幌市中央区大通東三丁目１番地１９,2025-10-31,221000000.0,189000000.0,0.1693121693121693,無形資産,無形固定資産の取得による支出,213266000000.0,0.0010362645710052234,3933.0,56191.20264429189
株式会社紀文食品,2933,上場,食料品,東京都,中央区銀座５－１５－１,2026-03-31,114496000.0,60050000.0,0.9066777685262282,無形資産,無形固定資産の取得による支出,111037517000.0,0.0010311469771068459,2457.0,46599.9185999186
株式会社平和,6412,上場,機械,東京都,台東区東上野一丁目１６番１号,2026-03-31,264000000.0,98000000.0,1.693877551020408,無形資産,無形固定資産の取得による支出,258107000000.0,0.0010228316163451592,9512.0,27754.415475189235
株式会社カナデン,8081,上場,卸売業,東京都,中央区晴海１丁目８番１２号晴海トリトンスクエアＺ棟,2026-03-31,147000000.0,118000000.0,0.2457627118644068,無形資産,無形固定資産の取得による支出,145614000000.0,0.001009518315546582,904.0,162610.61946902654
株式会社ほくやく・竹山ホールディングス,3055,上場,卸売業,北海道,札幌市中央区北６条西１６丁目１番地５,2026-03-31,305000000.0,431000000.0,-0.29234338747099764,無形資産,無形固定資産の取得による支出,303667000000.0,0.0010043896768499704,1591.0,191703.33123821495
株式会社　りゅうせき,,非上場,小売業,,浦添市西洲二丁目２番地３,2026-03-31,105000000.0,211000000.0,-0.5023696682464456,無形資産,無形固定資産の取得による支出,108663000000.0,0.0009662902735981889,1208.0,86920.5298013245
株式会社イチケン,1847,上場,建設業,東京都,港区港南二丁目１５番１号,2026-03-31,102000000.0,85000000.0,0.19999999999999996,無形資産,無形固定資産の取得による支出,106176000000.0,0.0009606690777576853,722.0,141274.23822714682
株式会社サンドラッグ,9989,上場,小売業,,府中市若松町一丁目３８番地の１,2026-03-31,800000000.0,815000000.0,-0.018404907975460127,無形資産,無形固定資産の取得による支出,842512000000.0,0.000949541371517557,7457.0,107281.7486925037
株式会社名村造船所,7014,上場,輸送用機器,大阪府,大阪市西区立売堀二丁目１番９号,2026-03-31,151000000.0,239000000.0,-0.36820083682008364,無形資産,無形固定資産の取得による支出,159035000000.0,0.0009494765303235137,2436.0,61986.86371100164
ＯＣＨＩホールディングス株式会社,3166,上場,卸売業,福岡県,福岡市中央区那の津三丁目１２番２０号,2026-03-31,113000000.0,58000000.0,0.9482758620689655,無形資産,無形固定資産の取得による支出,120432000000.0,0.0009382888268898631,1742.0,64867.96785304248
アルコニックス株式会社,3036,上場,卸売業,東京都,千代田区永田町２－１１－１,2026-03-31,205000000.0,550000000.0,-0.6272727272727272,無形資産,無形固定資産の取得による支出,219720000000.0,0.0009330056435463317,3098.0,66171.72369270497
松田産業株式会社,7456,上場,卸売業,東京都,新宿区西新宿一丁目２６番２号,2026-03-31,638000000.0,473000000.0,0.34883720930232553,無形資産,無形固定資産の取得による支出,687843000000.0,0.0009275372432371922,1761.0,362294.15105053945
株式会社ワコム,6727,上場,電気機器,,加須市豊野台二丁目５１０番地１,2026-03-31,102000000.0,115000000.0,-0.11304347826086958,無形資産,無形固定資産の取得による支出,109995000000.0,0.0009273148779489977,930.0,109677.41935483871
株式会社髙松コンストラクショングループ,1762,上場,建設業,大阪府,大阪市淀川区新北野一丁目２番３号,2026-03-31,330000000.0,201000000.0,0.6417910447761195,無形資産,無形固定資産の取得による支出,357675000000.0,0.0009226252883204027,5119.0,64465.71596014847
三洋貿易株式会社,3176,上場,卸売業,東京都,千代田区神田錦町二丁目１１番地,2025-09-30,122034000.0,469646000.0,-0.7401574803149606,無形資産,無形固定資産の取得による支出,132703798000.0,0.0009195968905125082,747.0,163365.46184738955
信越化学工業株式会社,4063,上場,化学,東京都,千代田区丸の内一丁目４番１号,2026-03-31,2330000000.0,3364000000.0,-0.307372175980975,無形資産,無形固定資産の取得による支出,2573969000000.0,0.0009052168071954247,27342.0,85216.88245190549
明和産業株式会社,8103,上場,卸売業,東京都,千代田区丸の内三丁目３番１号,2026-03-31,149000000.0,20000000.0,6.45,無形資産,無形固定資産の取得による支出,164927000000.0,0.0009034300023646825,596.0,250000.0
杏林製薬株式会社,4569,上場,医薬品,東京都,千代田区大手町一丁目３番７号,2026-03-31,112000000.0,596000000.0,-0.8120805369127517,無形資産,無形固定資産の取得による支出,126257000000.0,0.0008870795282637794,1982.0,56508.577194752776
株式会社ハマキョウレックス,9037,上場,陸運業,静岡県,浜松市中央区寺脇町１７０１番地の１,2026-03-31,134000000.0,101000000.0,0.3267326732673268,無形資産,無形固定資産の取得による支出,155500000000.0,0.0008617363344051447,6010.0,22296.173044925126
リンナイ株式会社,5947,上場,金属製品,愛知県,名古屋市中川区福住町２番２６号,2026-03-31,402000000.0,558000000.0,-0.27956989247311825,無形資産,無形固定資産の取得による支出,470392000000.0,0.0008546063708566472,11328.0,35487.28813559322
日鉄鉱業株式会社,1515,上場,鉱業,東京都,千代田区大手町一丁目５番１号,2026-03-31,178000000.0,18000000.0,8.88888888888889,無形資産,無形固定資産の取得による支出,209717000000.0,0.0008487628566115289,2175.0,81839.08045977012
株式会社ネクステージ,3186,上場,小売業,愛知県,名古屋市中区新栄町一丁目１番地,2025-11-30,546000000.0,163000000.0,2.3496932515337425,無形資産,無形固定資産の取得による支出,652072000000.0,0.0008373308469003423,7537.0,72442.61642563355
株式会社タムラ製作所,6768,上場,電気機器,東京都,練馬区東大泉１－１９－４３,2026-03-31,102000000.0,69000000.0,0.4782608695652173,無形資産,無形固定資産の取得による支出,123559000000.0,0.0008255165548442444,4137.0,24655.547498187094
株式会社ベルーナ,9997,上場,小売業,,上尾市宮本町４番２号,2026-03-31,180000000.0,315000000.0,-0.4285714285714286,無形資産,無形固定資産の取得による支出,218098000000.0,0.0008253170593036158,3844.0,46826.22268470343
トピー工業株式会社,7231,上場,輸送用機器,東京都,品川区大崎一丁目２番２号,2026-03-31,244000000.0,474000000.0,-0.4852320675105485,無形資産,無形固定資産の取得による支出,297750000000.0,0.0008194794290512174,5290.0,46124.76370510397
株式会社エフテック,7212,上場,輸送用機器,,久喜市菖蒲町昭和沼１９番地,2026-03-31,239000000.0,54000000.0,3.4259259259259256,無形資産,無形固定資産の取得による支出,291866000000.0,0.0008188689330035017,7300.0,32739.72602739726
東鉄工業株式会社,1835,上場,建設業,東京都,新宿区信濃町３４番地,2026-03-31,132958000.0,181460000.0,-0.267287556486278,無形資産,無形固定資産の取得による支出,163018353000.0,0.0008156014188169353,1921.0,69212.90994273816
フォスター電機株式会社,6794,上場,電気機器,,昭島市つつじが丘１丁目１番１０９号,2026-03-31,110000000.0,192000000.0,-0.42708333333333337,無形資産,無形固定資産の取得による支出,134910000000.0,0.0008153583870728634,16260.0,6765.067650676507
三菱製鋼株式会社,5632,上場,鉄鋼,東京都,中央区月島四丁目１６番１３号,2026-03-31,125000000.0,166000000.0,-0.24698795180722888,無形資産,無形固定資産の取得による支出,154557000000.0,0.0008087631100500139,3864.0,32349.896480331263
株式会社メディパルホールディングス,7459,上場,卸売業,東京都,中央区京橋三丁目１番１号,2026-03-31,3068000000.0,3570000000.0,-0.14061624649859938,無形資産,無形固定資産の取得による支出,3817354000000.0,0.00080369805891725,13024.0,235565.11056511058
ホシデン株式会社,6804,上場,電気機器,,八尾市北久宝寺１丁目４番３３号,2026-03-31,354000000.0,255000000.0,0.388235294117647,無形資産,無形固定資産の取得による支出,448250000000.0,0.0007897378694924707,8465.0,41819.255759007676
ライト工業株式会社,1926,上場,建設業,東京都,千代田区九段北４－２－３５,2026-03-31,108000000.0,51000000.0,1.1176470588235294,無形資産,無形固定資産の取得による支出,139216000000.0,0.0007757728996667049,1399.0,77197.99857040744
ＤＯＷＡホールディングス株式会社,5714,上場,非鉄金属,東京都,千代田区外神田四丁目１４番１号,2026-03-31,572000000.0,1322000000.0,-0.56732223903177,無形資産,無形固定資産の取得による支出,745410000000.0,0.000767362927784709,8355.0,68461.99880311191
武蔵精密工業株式会社,7220,上場,輸送用機器,,豊橋市植田町字大膳３９番地の５,2026-03-31,261000000.0,201000000.0,0.29850746268656714,無形資産,無形固定資産の取得による支出,347200000000.0,0.0007517281105990783,12227.0,21346.201030506258
株式会社メイコー,6787,上場,電気機器,,綾瀬市大上五丁目１４番１５号,2026-03-31,178000000.0,175000000.0,0.017142857142857126,無形資産,無形固定資産の取得による支出,240574000000.0,0.0007398970794848986,14332.0,12419.759977672342
シークス株式会社,7613,上場,卸売業,大阪府,大阪市中央区備後町一丁目４番９号,2025-12-31,202000000.0,1251000000.0,-0.8385291766586731,無形資産,無形固定資産の取得による支出,289491000000.0,0.0006977764421000998,8712.0,23186.409550045915
株式会社ミツバ,7280,上場,電気機器,,桐生市広沢町一丁目２６８１番地,2026-03-31,239000000.0,69000000.0,2.463768115942029,無形資産,無形固定資産の取得による支出,348599000000.0,0.0006856015077495919,21202.0,11272.5214602396
株式会社ヤマダホールディングス,9831,上場,小売業,,高崎市栄町１－１,2026-03-31,1101000000.0,997000000.0,0.10431293881644943,無形資産,無形固定資産の取得による支出,1691808000000.0,0.000650783067582137,26747.0,41163.494971398664
カメイ株式会社,8037,上場,卸売業,宮城県,仙台市青葉区国分町３丁目１番１８号,2026-03-31,378000000.0,223000000.0,0.695067264573991,無形資産,無形固定資産の取得による支出,583078000000.0,0.0006482837630642899,5015.0,75373.87836490528
株式会社ヨロズ,7294,上場,輸送用機器,神奈川県,横浜市港北区樽町３丁目７番６０号,2026-03-31,112000000.0,57000000.0,0.9649122807017543,無形資産,無形固定資産の取得による支出,176330000000.0,0.0006351726875744343,5405.0,20721.554116558742
株式会社ハピネット,7552,上場,卸売業,東京都,台東区駒形二丁目４番５号,2026-03-31,278000000.0,412000000.0,-0.3252427184466019,無形資産,無形固定資産の取得による支出,439052000000.0,0.0006331824020844912,1113.0,249775.38185085356
シップヘルスケアホールディングス株式会社,3360,上場,卸売業,,吹田市春日３丁目２０番８号,2026-03-31,434000000.0,361000000.0,0.20221606648199453,無形資産,無形固定資産の取得による支出,718163000000.0,0.0006043196321726405,7819.0,55505.81915846016
株式会社ベルク,9974,上場,小売業,,鶴ヶ島市脚折１６４６番,2026-02-28,248000000.0,467000000.0,-0.4689507494646681,無形資産,無形固定資産の取得による支出,416514000000.0,0.0005954181612142689,2914.0,85106.3829787234
株式会社パルグループホールディングス,2726,上場,小売業,大阪府,大阪市中央区道修町三丁目６番１号,2026-02-28,137000000.0,475000000.0,-0.7115789473684211,無形資産,無形固定資産の取得による支出,234704000000.0,0.0005837139545981321,4441.0,30848.90790362531
イオン北海道株式会社,7512,上場,小売業,北海道,札幌市白石区本通２１丁目南１番１０号,2026-02-28,221000000.0,245000000.0,-0.09795918367346934,無形資産,無形固定資産の取得による支出,380063000000.0,0.0005814825436835472,3095.0,71405.49273021001
東京エレクトロンデバイス株式会社,2760,上場,卸売業,東京都,渋谷区桜丘町１番１号,2026-03-31,109000000.0,210000000.0,-0.4809523809523809,無形資産,無形固定資産の取得による支出,203748000000.0,0.0005349745764375601,1408.0,77414.77272727272
横浜ゴム株式会社,5101,上場,ゴム製品,,平塚市追分２番１号,2025-12-31,658000000.0,825000000.0,-0.2024242424242424,無形資産,無形資産の取得による支出,1234959000000.0,0.0005328112107365507,34471.0,19088.509181630936
東プレ株式会社,5975,上場,金属製品,東京都,中央区日本橋３丁目１２番２号,2026-03-31,196000000.0,209000000.0,-0.062200956937799035,無形資産,無形固定資産の取得による支出,378815000000.0,0.0005174029539484973,6860.0,28571.428571428572
わらべや日洋ホールディングス株式会社,2918,上場,食料品,東京都,新宿区富久町１３番１９号,2026-02-28,114000000.0,88000000.0,0.2954545454545454,無形資産,無形固定資産の取得による支出,233833000000.0,0.00048752742341756725,1960.0,58163.26530612245
株式会社サイゼリヤ,7581,上場,小売業,,吉川市旭２番地５,2025-08-31,125000000.0,317000000.0,-0.6056782334384858,無形資産,無形固定資産の取得による支出,256714000000.0,0.0004869231907881923,4868.0,25677.896466721446
株式会社神戸物産,3038,上場,卸売業,,加古川市加古川町平野１２５番１,2025-10-31,266000000.0,219000000.0,0.21461187214611877,無形資産,無形固定資産の取得による支出,551701000000.0,0.0004821452199651623,1674.0,158900.83632019116
株式会社ワールドホールディングス,2429,上場,サービス業,福岡県,北九州市小倉北区大手町１１番２号,2025-12-31,135000000.0,79000000.0,0.7088607594936709,無形資産,無形固定資産の取得による支出,284350000000.0,0.00047476701248461405,60880.0,2217.4770039421815
株式会社サンエー,2659,上場,小売業,,宜野湾市大山七丁目２番１０号,2026-02-28,105000000.0,133000000.0,-0.21052631578947367,無形資産,無形固定資産の取得による支出,225485000000.0,0.00046566290440605806,1825.0,57534.24657534246
株式会社レオパレス２１,8848,上場,不動産業,東京都,中野区本町二丁目５４番１１号,2026-03-31,188000000.0,147000000.0,0.2789115646258504,無形資産,無形固定資産の取得による支出,444820000000.0,0.00042264286677757293,4150.0,45301.20481927711
株式会社マルイチ産商,8228,上場,卸売業,,長野市市場３番地４８,2026-03-31,122000000.0,231000000.0,-0.47186147186147187,無形資産,無形固定資産の取得による支出,297086000000.0,0.00041065550042748564,1227.0,99429.50285248573
株式会社オープンハウスグループ,3288,上場,不動産業,東京都,千代田区丸の内２－７－２ＪＰタワー２０階,2025-09-30,538000000.0,503000000.0,0.06958250497017882,無形資産,無形固定資産の取得による支出,1336468000000.0,0.0004025535964946411,6620.0,81268.88217522658
株式会社カワチ薬品,2664,上場,小売業,,小山市大字卒島１２９３番地,2026-03-15,114000000.0,181000000.0,-0.37016574585635365,無形資産,無形固定資産の取得による支出,284492000000.0,0.0004007142555853943,2750.0,41454.545454545456
株式会社コジマ,7513,上場,小売業,,宇都宮市星が丘２丁目１番８号,2025-08-31,104000000.0,156000000.0,-0.33333333333333337,無形資産,無形固定資産の取得による支出,282790000000.0,0.0003677640652073977,2919.0,35628.63994518671
株式会社オプティマスグループ,9268,上場,卸売業,東京都,港区芝二丁目５番６号,2026-03-31,109000000.0,322000000.0,-0.6614906832298137,無形資産,無形資産の取得による支出,315507000000.0,0.00034547569467555393,2755.0,39564.42831215971
ＪＫホールディングス株式会社,9896,上場,卸売業,東京都,江東区新木場一丁目７番２２号,2026-03-31,126000000.0,88000000.0,0.4318181818181819,無形資産,無形固定資産の取得による支出,398820000000.0,0.00031593199939822475,3438.0,36649.214659685866
ＤＩＣ株式会社,4631,上場,化学,東京都,板橋区坂下３丁目３５番５８号,2025-12-31,309000000.0,4337000000.0,-0.9287525939589578,無形資産,無形固定資産の取得による支出,1052194000000.0,0.0002936720794834413,20884.0,14796.016088871864
株式会社クリエイトＳＤホールディングス,3148,上場,小売業,神奈川県,横浜市青葉区荏田西二丁目３番地２,2026-05-31,133000000.0,129000000.0,0.03100775193798455,無形資産,無形固定資産の取得による支出,497128000000.0,0.000267536730982765,5478.0,24278.933917488135
日本酒類販売株式会社,,非上場,卸売業,東京都,中央区新川一丁目２５番４号,2026-03-31,136000000.0,195000000.0,-0.3025641025641026,無形資産,無形固定資産の取得による支出,605922000000.0,0.0002244513320196329,1003.0,135593.22033898305
株式会社ＰＡＬＴＡＣ,8283,非上場,卸売業,大阪府,大阪市中央区本町橋２番４６号,2026-03-31,242000000.0,216000000.0,0.12037037037037046,無形資産,無形固定資産の取得による支出,1237846000000.0,0.00019550089429541315,2363.0,102412.18789674142
損害保険ジャパン株式会社,,非上場,保険業,東京都,新宿区西新宿一丁目２６番１号,2026-03-31,18817000000.0,27995000000.0,-0.32784425790319704,無形資産,無形資産の取得による支出,,,35424.0,531193.5411020777
新日本空調株式会社,1952,上場,建設業,東京都,中央区日本橋浜町二丁目３１番１号,2026-03-31,339000000.0,395000000.0,-0.14177215189873416,無形資産,無形固定資産の取得による支出,,,1698.0,199646.64310954063
株式会社かんぽ生命保険,7181,上場,保険業,東京都,千代田区大手町二丁目３番１号,2026-03-31,41131000000.0,45390000000.0,-0.09383124036131307,無形資産,無形固定資産の取得による支出,,,18487.0,2224860.7129334128
日本紙パルプ商事株式会社,8032,上場,卸売業,東京都,中央区勝どき三丁目１２番１号フォアフロントタワー,2026-03-31,557000000.0,857000000.0,-0.3500583430571762,無形資産,無形固定資産の取得による支出,,,4705.0,118384.69713071201
日本電設工業株式会社,1950,上場,建設業,東京都,台東区池之端一丁目２番２３号,2026-03-31,562000000.0,735000000.0,-0.23537414965986392,無形資産,無形固定資産の取得による支出,,,4645.0,120990.31216361679
東洋エンジニアリング株式会社,6330,上場,建設業,千葉県,千葉市美浜区中瀬１丁目１番地,2026-03-31,947000000.0,1489000000.0,-0.3640026863666891,無形資産,無形固定資産の取得による支出,,,4559.0,207720.99144549243
スカイマーク株式会社,9204,上場,空運業,東京都,大田区羽田空港三丁目５番１０号,2026-03-31,227000000.0,95000000.0,1.3894736842105262,無形資産,無形固定資産の取得による支出,,,2738.0,82907.23155588021
株式会社コメリ,8218,上場,小売業,新潟県,新潟市南区清水４５０１番地１,2026-03-31,1391000000.0,952000000.0,0.4611344537815125,無形資産,無形固定資産の取得による支出,,,3750.0,370933.3333333333
共栄火災海上保険株式会社,,非上場,保険業,東京都,港区新橋一丁目１８番６号,2026-03-31,3544000000.0,1069000000.0,2.315247895229186,無形資産,無形固定資産の取得による支出,,,2636.0,1344461.3050075872
